account_id,opp_id,company_name,account_tier,initial_deal_size,signup_date,subscription_id,plan,mrr,billing_frequency,contract_start_date,contract_end_date,status,churn_date,churn_probability,risk_tier,expansion_score,recommendation,recommended_action
A000000,O000001,"Henderson, Ramirez and Lewis",Mid-Market,33548,2024-08-29 02:32:10.291873,S000000,Growth,2818.63,Annual,2024-08-29 02:32:10.291873,2025-08-29 02:32:10.291873,Active,,0.00135883,Low,0.9967981,Pitch: additional seats,Route to expansion play
A000001,O000003,Dudley Group,Mid-Market,59712,2025-05-21 20:09:30.755158,S000001,Growth,5445.96,Annual,2025-05-21 20:09:30.755158,2026-05-21 20:09:30.755158,Active,,0.0019810777,Low,0.013936623,Pitch: additional seats,Healthy — no action needed
A000002,O000006,"Reid, Ferguson and Sanchez",Mid-Market,16272,2024-11-18 15:35:36.421448,S000002,Growth,1411.18,Monthly,2024-11-18 15:35:36.421448,,Active,,0.0012375808,Low,0.0017999619,Pitch: upgrade tier / deeper feature access,Healthy — no action needed
A000003,O000010,"Hoffman, Baker and Richards",Mid-Market,59278,2024-07-25 20:11:05.331064,S000003,Growth,5353.96,Annual,2024-07-25 20:11:05.331064,2025-07-25 20:11:05.331064,Active,,0.0024755746,Low,0.0061787143,Pitch: upgrade tier / deeper feature access,Healthy — no action needed
A000004,O000011,"Ross, Robinson and Bright",SMB,5258,2026-03-17 15:12:31.226309,S000004,Starter,471.53,Monthly,2026-03-17 15:12:31.226309,,Active,,0.0021907694,Low,0.0047529167,Pitch: additional seats,Healthy — no action needed
A000005,O000015,Allen-Allen,SMB,5572,2024-11-15 20:06:05.672950,S000005,Starter,431.08,Annual,2024-11-15 20:06:05.672950,2025-11-15 20:06:05.672950,Active,,0.0023938082,Low,0.9965318,Pitch: upgrade tier / deeper feature access,Route to expansion play
A000006,O000021,Gomez-Jenkins,Mid-Market,16776,2024-05-24 04:31:13.295294,S000006,Growth,1526.71,Monthly,2024-05-24 04:31:13.295294,,Active,,0.00067970785,Low,0.0048048687,Pitch: upgrade tier / deeper feature access,Healthy — no action needed
A000007,O000029,House-Glover,Mid-Market,17920,2025-09-07 05:09:24.856106,S000007,Growth,1668.13,Monthly,2025-09-07 05:09:24.856106,,Active,,0.0023504281,Low,0.99875724,Pitch: upgrade tier / deeper feature access,Route to expansion play
A000008,O000036,"Garcia, Humphrey and Baker",Mid-Market,23983,2024-10-14 18:12:48.045036,S000008,Growth,1850.91,Monthly,2024-10-14 18:12:48.045036,,Active,,0.00195883,Low,0.0021248509,Pitch: additional seats,Healthy — no action needed
A000009,O000046,"Rivera, Johnson and Wiley",Mid-Market,43963,2026-05-10 02:08:50.169417,S000009,Growth,3191.03,Annual,2026-05-10 02:08:50.169417,2027-05-10 02:08:50.169417,Churned,2026-08-08 02:08:50.169417,,,,,Already churned
A000010,O000049,Cortez LLC,SMB,14316,2024-06-12 01:34:41.840869,S000010,Starter,1204.14,Annual,2024-06-12 01:34:41.840869,2025-06-12 01:34:41.840869,Active,,0.0015192978,Low,0.99663985,Pitch: upgrade tier / deeper feature access,Route to expansion play
A000011,O000052,"Lewis, Kennedy and Santana",Mid-Market,23497,2026-06-29 01:48:48.444121,S000011,Growth,1945.13,Monthly,2026-06-29 01:48:48.444121,,Active,,0.36637932,Medium,0.0014791433,Pitch: upgrade tier / deeper feature access,Flag for CSM outreach
A000012,O000061,"Smith, Gilmore and Johnston",SMB,8786,2026-06-10 15:27:31.347248,S000012,Starter,751.27,Monthly,2026-06-10 15:27:31.347248,,Active,,0.0029235873,Low,0.0020487509,Pitch: additional seats,Healthy — no action needed
A000013,O000063,Meadows PLC,SMB,7240,2025-11-23 05:04:48.580482,S000013,Starter,620.63,Annual,2025-11-23 05:04:48.580482,2026-11-23 05:04:48.580482,Active,,0.1297411,Low,0.0018411244,Pitch: additional seats,Healthy — no action needed
A000014,O000065,Howell and Sons,SMB,11453,2024-05-21 00:35:16.436350,S000014,Starter,1081.58,Annual,2024-05-21 00:35:16.436350,2025-05-21 00:35:16.436350,Active,,0.0010411944,Low,0.0017999619,Pitch: upgrade tier / deeper feature access,Healthy — no action needed
A000015,O000066,"Higgins, Strickland and Martin",SMB,4485,2025-08-17 10:16:11.455850,S000015,Starter,329.89,Annual,2025-08-17 10:16:11.455850,2026-08-17 10:16:11.455850,Churned,2026-01-14 10:16:11.455850,,,,,Already churned
A000016,O000070,Reid-Poole,SMB,4598,2023-07-21 09:03:59.223845,S000016,Starter,424.82,Annual,2023-07-21 09:03:59.223845,2024-07-20 09:03:59.223845,Active,,0.0034224484,Low,0.9965318,Pitch: upgrade tier / deeper feature access,Route to expansion play
A000017,O000071,"Nelson, Morton and Medina",SMB,9806,2024-11-14 07:34:10.734696,S000017,Starter,925.95,Annual,2024-11-14 07:34:10.734696,2025-11-14 07:34:10.734696,Active,,0.0007909774,Low,0.0017999619,Pitch: upgrade tier / deeper feature access,Healthy — no action needed
A000018,O000072,Marshall-Petersen,SMB,4846,2025-11-11 00:27:43.312924,S000018,Starter,439.83,Monthly,2025-11-11 00:27:43.312924,,Active,,0.0011670259,Low,0.0019213832,Pitch: upgrade tier / deeper feature access,Healthy — no action needed
A000019,O000073,Christensen PLC,SMB,11549,2026-03-25 09:54:25.551973,S000019,Starter,1036.69,Monthly,2026-03-25 09:54:25.551973,,Active,,0.0024070744,Low,0.0062038847,Pitch: additional seats,Healthy — no action needed
A000020,O000076,"Wood, Tran and Cooper",Mid-Market,27104,2026-08-03 16:17:23.571948,S000020,Growth,2243.76,Monthly,2026-08-03 16:17:23.571948,,Active,,0.0016142497,Low,0.09697108,Pitch: upgrade tier / deeper feature access,Healthy — no action needed
A000021,O000080,Wilson-Jones,Mid-Market,34041,2024-08-05 21:58:04.474867,S000021,Growth,2592.58,Monthly,2024-08-05 21:58:04.474867,,Active,,0.002168318,Low,0.0031818408,Pitch: upgrade tier / deeper feature access,Healthy — no action needed
A000022,O000081,Jones-Soto,SMB,3795,2024-09-18 19:31:18.187388,S000022,Starter,279.31,Annual,2024-09-18 19:31:18.187388,2025-09-18 19:31:18.187388,Churned,2025-06-15 19:31:18.187388,,,,,Already churned
A000023,O000084,"Choi, Garcia and Farmer",Enterprise,92912,2025-08-01 02:08:50.987361,S000023,Enterprise,6644.57,Annual,2025-08-01 02:08:50.987361,2026-08-01 02:08:50.987361,Active,,0.0025907403,Low,0.9967981,Pitch: additional seats,Route to expansion play
A000024,O000086,"Walker, Hernandez and Baker",SMB,1000,2025-10-21 17:08:27.237817,S000024,Starter,200.0,Annual,2025-10-21 17:08:27.237817,2026-10-21 17:08:27.237817,Active,,0.0021243496,Low,0.0049924664,Pitch: upgrade tier / deeper feature access,Healthy — no action needed
A000025,O000087,Larson-Holloway,Mid-Market,31870,2024-05-23 23:40:37.840434,S000025,Growth,2616.18,Monthly,2024-05-23 23:40:37.840434,,Active,,0.0008102526,Low,0.0057806876,Pitch: upgrade tier / deeper feature access,Healthy — no action needed
A000026,O000088,Navarro-Munoz,SMB,3310,2024-10-24 10:48:39.591604,S000026,Starter,300.46,Annual,2024-10-24 10:48:39.591604,2025-10-24 10:48:39.591604,Active,,0.0017961381,Low,0.0017999619,Pitch: upgrade tier / deeper feature access,Healthy — no action needed
A000027,O000092,"Garcia, Martin and Jenkins",SMB,1197,2024-06-29 01:34:59.262721,S000027,Starter,200.0,Annual,2024-06-29 01:34:59.262721,2025-06-29 01:34:59.262721,Churned,2025-10-22 01:34:59.262721,,,,,Already churned
A000028,O000093,"Johnson, Miller and King",SMB,1060,2025-11-25 23:45:23.724817,S000028,Starter,200.0,Annual,2025-11-25 23:45:23.724817,2026-11-25 23:45:23.724817,Active,,0.0026298887,Low,0.006817378,Pitch: upgrade tier / deeper feature access,Healthy — no action needed
A000029,O000100,Tran Inc,SMB,2798,2023-11-16 17:45:08.174729,S000029,Starter,206.32,Annual,2023-11-16 17:45:08.174729,2024-11-15 17:45:08.174729,Active,,0.0037719521,Low,0.0050725257,Pitch: upgrade tier / deeper feature access,Healthy — no action needed
A000030,O000119,Jones LLC,SMB,2510,2024-06-23 23:52:52.533218,S000030,Starter,200.0,Annual,2024-06-23 23:52:52.533218,2025-06-23 23:52:52.533218,Churned,2025-02-18 23:52:52.533218,,,,,Already churned
A000031,O000122,Robinson-Lee,SMB,6529,2025-04-26 14:35:05.291074,S000031,Starter,594.47,Annual,2025-04-26 14:35:05.291074,2026-04-26 14:35:05.291074,Active,,0.001804419,Low,0.0019213832,Pitch: upgrade tier / deeper feature access,Healthy — no action needed
A000032,O000125,Coffey-Phillips,SMB,5544,2025-05-31 00:36:06.736712,S000032,Starter,428.92,Annual,2025-05-31 00:36:06.736712,2026-05-31 00:36:06.736712,Churned,2026-01-26 00:36:06.736712,,,,,Already churned
A000033,O000128,"Martinez, Richardson and Curry",SMB,5314,2024-03-22 15:06:28.475013,S000033,Starter,417.08,Annual,2024-03-22 15:06:28.475013,2025-03-22 15:06:28.475013,Active,,0.006732536,Low,0.0016670107,Pitch: upgrade tier / deeper feature access,Healthy — no action needed
A000034,O000133,Davis PLC,SMB,5724,2024-11-01 12:35:27.481746,S000034,Starter,479.6,Monthly,2024-11-01 12:35:27.481746,,Active,,0.0024764626,Low,0.0017999619,Pitch: upgrade tier / deeper feature access,Healthy — no action needed
A000035,O000135,Davis-Lewis,Mid-Market,50649,2024-11-28 03:12:17.870613,S000035,Growth,3919.93,Annual,2024-11-28 03:12:17.870613,2025-11-28 03:12:17.870613,Active,,0.0035362355,Low,0.008393183,Pitch: upgrade tier / deeper feature access,Healthy — no action needed
A000036,O000139,Fernandez and Sons,SMB,11566,2026-09-10 22:16:06.019381,S000036,Starter,955.75,Annual,2026-09-10 22:16:06.019381,2027-09-10 22:16:06.019381,Active,,0.0039340095,Low,0.0076449225,Pitch: upgrade tier / deeper feature access,Healthy — no action needed
A000037,O000143,"Wilson, Pena and Rich",SMB,6464,2025-03-02 06:00:14.196583,S000037,Starter,545.68,Annual,2025-03-02 06:00:14.196583,2026-03-02 06:00:14.196583,Active,,0.0010958236,Low,0.0018514073,Pitch: upgrade tier / deeper feature access,Healthy — no action needed
A000038,O000146,Davis Inc,Mid-Market,47925,2025-04-29 14:22:06.971223,S000038,Growth,4463.62,Annual,2025-04-29 14:22:06.971223,2026-04-29 14:22:06.971223,Active,,0.00090214063,Low,0.0048533417,Pitch: additional seats,Healthy — no action needed
A000039,O000154,Atkins PLC,Mid-Market,18429,2023-12-29 13:46:33.226987,S000039,Growth,1581.42,Monthly,2023-12-29 13:46:33.226987,,Churned,2024-03-28 13:46:33.226987,,,,,Already churned
A000040,O000160,Thompson Ltd,Mid-Market,29375,2024-07-24 04:27:41.933470,S000040,Growth,2235.94,Annual,2024-07-24 04:27:41.933470,2025-07-24 04:27:41.933470,Active,,0.00074038847,Low,0.9972796,Pitch: additional seats,Route to expansion play
A000041,O000161,"Downs, Morris and Maddox",SMB,14445,2023-12-09 11:35:08.470250,S000041,Starter,1221.78,Annual,2023-12-09 11:35:08.470250,2024-12-08 11:35:08.470250,Active,,0.0008118532,Low,0.0017999619,Pitch: additional seats,Healthy — no action needed
A000042,O000162,"Williams, Mccoy and Cook",Enterprise,127333,2024-08-08 22:40:48.839131,S000042,Enterprise,9023.51,Annual,2024-08-08 22:40:48.839131,2025-08-08 22:40:48.839131,Active,,0.0013657204,Low,0.9967981,Pitch: additional seats,Route to expansion play
A000043,O000167,"Henderson, Cox and Cox",Enterprise,88108,2024-02-18 01:22:35.295307,S000043,Enterprise,7948.27,Annual,2024-02-18 01:22:35.295307,2025-02-17 01:22:35.295307,Active,,0.0044530258,Low,0.013128231,Pitch: additional seats,Healthy — no action needed
A000044,O000170,Jones Inc,SMB,14862,2023-10-09 10:19:45.718293,S000044,Starter,1226.71,Monthly,2023-10-09 10:19:45.718293,,Active,,0.0016429948,Low,0.0018514073,Pitch: additional seats,Healthy — no action needed
A000045,O000175,Burch-Montoya,SMB,13743,2025-10-16 03:47:35.883086,S000045,Starter,1288.07,Annual,2025-10-16 03:47:35.883086,2026-10-16 03:47:35.883086,Active,,0.50588673,High,0.0017999619,Pitch: upgrade tier / deeper feature access,Flag for CSM outreach
A000046,O000179,Blake Group,Enterprise,100796,2024-12-08 06:08:57.154727,S000046,Enterprise,7295.41,Annual,2024-12-08 06:08:57.154727,2025-12-08 06:08:57.154727,Active,,0.0007130631,Low,0.0055300696,Pitch: additional seats,Healthy — no action needed
A000047,O000181,"Bentley, Lynch and Henderson",Mid-Market,16077,2024-05-12 21:59:22.574217,S000047,Growth,1253.2,Annual,2024-05-12 21:59:22.574217,2025-05-12 21:59:22.574217,Churned,2025-03-08 21:59:22.574217,,,,,Already churned
A000048,O000183,Carlson-Smith,SMB,13484,2023-08-31 09:39:01.508682,S000048,Starter,0.0,Monthly,2023-08-31 09:39:01.508682,,Active,,0.003596988,Low,0.001976292,Pitch: upgrade tier / deeper feature access,Healthy — no action needed
A000049,O000189,Blackwell LLC,Mid-Market,31933,2023-10-14 17:05:00.524589,S000049,Growth,2970.94,Annual,2023-10-14 17:05:00.524589,2024-10-13 17:05:00.524589,Active,,0.0007486794,Low,0.004223185,Pitch: upgrade tier / deeper feature access,Healthy — no action needed
A000050,O000193,"Carter, Garcia and Murphy",Mid-Market,16044,2026-09-12 04:57:42.041089,S000050,Growth,1304.39,Annual,2026-09-12 04:57:42.041089,2027-09-12 04:57:42.041089,Active,,0.0034785776,Low,0.0076449225,Pitch: upgrade tier / deeper feature access,Healthy — no action needed
A000051,O000196,Reyes-Bradley,Mid-Market,17354,2024-05-28 08:03:29.741135,S000051,Growth,1263.56,Annual,2024-05-28 08:03:29.741135,2025-05-28 08:03:29.741135,Active,,0.0010562586,Low,0.0018411244,Pitch: additional seats,Healthy — no action needed
A000052,O000198,Holmes-Mcintyre,Mid-Market,16360,2024-03-25 11:22:05.283164,S000052,Growth,1189.58,Monthly,2024-03-25 11:22:05.283164,,Active,,0.0009436718,Low,0.0017999619,Pitch: additional seats,Healthy — no action needed
A000053,O000203,"Mendoza, Jenkins and Ortiz",Mid-Market,32915,2023-10-22 13:08:08.451942,S000053,Growth,3055.83,Annual,2023-10-22 13:08:08.451942,2024-10-21 13:08:08.451942,Churned,2024-05-19 13:08:08.451942,,,,,Already churned
A000054,O000204,"Matthews, Saunders and Anderson",SMB,12740,2025-05-27 12:17:47.753400,S000054,Starter,1146.99,Monthly,2025-05-27 12:17:47.753400,,Active,,0.001852704,Low,0.0017999619,Pitch: additional seats,Healthy — no action needed
A000055,O000211,Evans-Jones,SMB,1283,2023-05-22 15:45:54.120726,S000055,Starter,200.0,Monthly,2023-05-22 15:45:54.120726,,Active,,0.0028256422,Low,0.0017146628,Pitch: upgrade tier / deeper feature access,Healthy — no action needed
A000056,O000223,Robles-Swanson,SMB,7993,2024-12-12 05:57:30.762702,S000056,Starter,728.93,Monthly,2024-12-12 05:57:30.762702,,Active,,0.0007623201,Low,0.0017999619,Pitch: upgrade tier / deeper feature access,Healthy — no action needed
A000057,O000228,Stevens PLC,Mid-Market,21070,2024-05-22 11:40:33.924888,S000057,Growth,1626.4,Monthly,2024-05-22 11:40:33.924888,,Active,,0.0007675242,Low,0.99703,Pitch: additional seats,Route to expansion play
A000058,O000232,Love-Garcia,Mid-Market,31896,2025-10-07 11:33:50.012233,S000058,Growth,2537.98,Annual,2025-10-07 11:33:50.012233,2026-10-07 11:33:50.012233,Active,,0.00094761816,Low,0.9967981,Pitch: additional seats,Route to expansion play
A000059,O000235,"Rodgers, Jefferson and Johnson",Mid-Market,31805,2025-09-15 07:41:31.123071,S000059,Growth,2683.25,Annual,2025-09-15 07:41:31.123071,2026-09-15 07:41:31.123071,Active,,0.0014071019,Low,0.0027932513,Pitch: upgrade tier / deeper feature access,Healthy — no action needed
A000060,O000236,Osborn Group,SMB,2216,2024-04-07 12:07:06.333458,S000060,Starter,200.0,Monthly,2024-04-07 12:07:06.333458,,Active,,0.0012020877,Low,0.9965318,Pitch: upgrade tier / deeper feature access,Route to expansion play
A000061,O000237,Lopez-Curry,Mid-Market,42884,2024-09-21 18:08:21.400692,S000061,Growth,3204.95,Annual,2024-09-21 18:08:21.400692,2025-09-21 18:08:21.400692,Active,,0.0012238823,Low,0.0094215525,Pitch: additional seats,Healthy — no action needed
A000062,O000241,Higgins-Smith,Mid-Market,21349,2026-05-30 08:23:26.475014,S000062,Growth,1581.69,Monthly,2026-05-30 08:23:26.475014,,Active,,0.0026959262,Low,0.99703,Pitch: additional seats,Route to expansion play
A000063,O000248,Andersen Group,SMB,12570,2025-04-28 22:00:11.832584,S000063,Starter,1055.69,Monthly,2025-04-28 22:00:11.832584,,Active,,0.0018436866,Low,0.0052462197,Pitch: upgrade tier / deeper feature access,Healthy — no action needed
A000064,O000249,Mitchell and Sons,Mid-Market,19833,2026-07-24 12:27:51.224129,S000064,Growth,1545.77,Annual,2026-07-24 12:27:51.224129,2027-07-24 12:27:51.224129,Active,,0.0016142497,Low,0.005750846,Pitch: upgrade tier / deeper feature access,Healthy — no action needed
A000065,O000252,"Gray, Hall and Murray",SMB,12754,2023-06-28 16:03:06.404359,S000065,Starter,1056.95,Monthly,2023-06-28 16:03:06.404359,,Active,,0.002183507,Low,0.001976292,Pitch: additional seats,Healthy — no action needed
A000066,O000258,"Thomas, Ford and Brown",Mid-Market,16376,2026-02-24 16:02:56.322628,S000066,Growth,1549.84,Annual,2026-02-24 16:02:56.322628,2027-02-24 16:02:56.322628,Active,,0.0016197028,Low,0.99738806,Pitch: upgrade tier / deeper feature access,Route to expansion play
A000067,O000262,Giles Ltd,SMB,9547,2024-07-21 07:53:56.042637,S000067,Starter,864.41,Annual,2024-07-21 07:53:56.042637,2025-07-21 07:53:56.042637,Active,,0.00083418953,Low,0.0047529167,Pitch: additional seats,Healthy — no action needed
A000068,O000265,"Morris, Campbell and Owens",SMB,10839,2026-08-08 12:53:49.821292,S000068,Starter,789.87,Monthly,2026-08-08 12:53:49.821292,,Active,,0.002011385,Low,0.079260215,Pitch: upgrade tier / deeper feature access,Healthy — no action needed
A000069,O000267,Owens-Lang,Mid-Market,38562,2023-12-13 07:41:24.044933,S000069,Growth,2882.27,Annual,2023-12-13 07:41:24.044933,2024-12-12 07:41:24.044933,Active,,0.00112777,Low,0.9967981,Pitch: additional seats,Route to expansion play
A000070,O000277,Adams-Sanders,Mid-Market,33402,2024-03-27 20:06:00.519496,S000070,Growth,2970.11,Annual,2024-03-27 20:06:00.519496,2025-03-27 20:06:00.519496,Active,,0.0008102526,Low,0.006148509,Pitch: upgrade tier / deeper feature access,Healthy — no action needed
A000071,O000287,Smith LLC,SMB,6522,2026-07-29 20:03:56.831453,S000071,Starter,549.6,Monthly,2026-07-29 20:03:56.831453,,Active,,0.0027869563,Low,0.051275387,Pitch: upgrade tier / deeper feature access,Healthy — no action needed
A000072,O000293,Taylor Inc,Mid-Market,29588,2026-07-05 02:59:15.468794,S000072,Growth,2544.78,Annual,2026-07-05 02:59:15.468794,2027-07-05 02:59:15.468794,Active,,0.0022983458,Low,0.86790365,Pitch: upgrade tier / deeper feature access,Route to expansion play
A000073,O000294,Ewing-Mendoza,SMB,2614,2026-03-06 00:45:10.151051,S000073,Starter,200.0,Monthly,2026-03-06 00:45:10.151051,,Churned,2026-08-03 00:45:10.151051,,,,,Already churned
A000074,O000297,"Burgess, Grant and Watts",Mid-Market,18621,2024-02-25 01:27:15.159709,S000074,Growth,1407.98,Annual,2024-02-25 01:27:15.159709,2025-02-24 01:27:15.159709,Churned,2025-01-20 01:27:15.159709,,,,,Already churned
A000075,O000303,"Marsh, Spears and Yang",Mid-Market,21412,2024-05-19 14:40:07.303765,S000075,Growth,1899.54,Monthly,2024-05-19 14:40:07.303765,,Active,,0.0021443397,Low,0.0054528993,Pitch: additional seats,Healthy — no action needed
A000076,O000308,Lopez-Reid,SMB,1363,2024-05-05 07:17:34.249889,S000076,Starter,200.0,Annual,2024-05-05 07:17:34.249889,2025-05-05 07:17:34.249889,Churned,2024-10-02 07:17:34.249889,,,,,Already churned
A000077,O000315,Martin-Taylor,Mid-Market,20565,2026-08-07 12:14:14.117790,S000077,Growth,1966.2,Monthly,2026-08-07 12:14:14.117790,,Active,,0.0016197028,Low,0.16708292,Pitch: upgrade tier / deeper feature access,Healthy — no action needed
A000078,O000318,Sellers-Riddle,Enterprise,107061,2023-07-26 03:23:15.830571,S000078,Enterprise,8862.93,Annual,2023-07-26 03:23:15.830571,2024-07-25 03:23:15.830571,Active,,0.0008196766,Low,0.9967981,Pitch: additional seats,Route to expansion play
A000079,O000319,"Morris, Wright and Bridges",SMB,4286,2025-01-27 12:06:12.273811,S000079,Starter,357.94,Annual,2025-01-27 12:06:12.273811,2026-01-27 12:06:12.273811,Churned,2025-05-27 12:06:12.273811,,,,,Already churned
A000080,O000329,Williams Ltd,SMB,5560,2026-07-02 11:05:43.374592,S000080,Starter,394.08,Monthly,2026-07-02 11:05:43.374592,,Active,,0.0028693324,Low,0.012863234,Pitch: additional seats,Healthy — no action needed
A000081,O000334,Bishop and Sons,Enterprise,69612,2024-08-01 16:19:20.695993,S000081,Enterprise,4954.1,Annual,2024-08-01 16:19:20.695993,2025-08-01 16:19:20.695993,Active,,0.0014673405,Low,0.0031818408,Pitch: upgrade tier / deeper feature access,Healthy — no action needed
A000082,O000336,"Hernandez, Jenkins and Parks",SMB,4864,2024-01-20 01:44:27.938909,S000082,Starter,415.31,Annual,2024-01-20 01:44:27.938909,2025-01-19 01:44:27.938909,Active,,0.0026966636,Low,0.0017999619,Pitch: additional seats,Healthy — no action needed
A000083,O000339,Wright Ltd,SMB,13917,2025-05-07 14:35:13.179311,S000083,Starter,1136.23,Annual,2025-05-07 14:35:13.179311,2026-05-07 14:35:13.179311,Active,,0.0023910531,Low,0.99663985,Pitch: upgrade tier / deeper feature access,Route to expansion play
A000084,O000343,Harris-Lawson,Mid-Market,19547,2025-09-01 10:32:48.694070,S000084,Growth,1648.44,Monthly,2025-09-01 10:32:48.694070,,Active,,0.0013657204,Low,0.0033303148,Pitch: upgrade tier / deeper feature access,Healthy — no action needed
A000085,O000347,Matthews Inc,SMB,9059,2025-11-30 10:02:26.307017,S000085,Starter,718.28,Annual,2025-11-30 10:02:26.307017,2026-11-30 10:02:26.307017,Active,,0.19115597,Low,0.0017999619,Pitch: upgrade tier / deeper feature access,Healthy — no action needed
A000086,O000350,"Yang, Wilson and Zimmerman",SMB,14436,2025-07-13 17:22:34.504442,S000086,Starter,1319.27,Annual,2025-07-13 17:22:34.504442,2026-07-13 17:22:34.504442,Active,,0.0028193642,Low,0.0019142821,Pitch: additional seats,Healthy — no action needed
A000087,O000354,Mora-White,SMB,10858,2024-01-01 23:12:29.115381,S000087,Starter,975.77,Annual,2024-01-01 23:12:29.115381,2024-12-31 23:12:29.115381,Active,,0.002011385,Low,0.9965318,Pitch: upgrade tier / deeper feature access,Route to expansion play
A000088,O000356,Shaw Inc,SMB,6129,2025-09-20 01:08:38.410883,S000088,Starter,436.19,Annual,2025-09-20 01:08:38.410883,2026-09-20 01:08:38.410883,Active,,0.0022117821,Low,0.0020433997,Pitch: upgrade tier / deeper feature access,Healthy — no action needed
A000089,O000363,Haynes-Watson,Mid-Market,58476,2024-02-29 12:45:51.014451,S000089,Growth,5131.19,Annual,2024-02-29 12:45:51.014451,2025-02-28 12:45:51.014451,Active,,0.002168318,Low,0.0056820507,Pitch: additional seats,Healthy — no action needed
A000090,O000369,Martinez Inc,SMB,5297,2026-06-24 00:42:23.654289,S000090,Starter,391.97,Monthly,2026-06-24 00:42:23.654289,,Active,,0.07705492,Low,0.0019213832,Pitch: additional seats,Healthy — no action needed
A000091,O000373,Underwood-Foster,SMB,12387,2024-05-31 07:36:01.066411,S000091,Starter,890.79,Annual,2024-05-31 07:36:01.066411,2025-05-31 07:36:01.066411,Active,,0.002359783,Low,0.99663985,Pitch: upgrade tier / deeper feature access,Route to expansion play
A000092,O000374,Castillo-Harrington,Mid-Market,22608,2025-09-19 04:44:12.583421,S000092,Growth,1789.46,Monthly,2025-09-19 04:44:12.583421,,Active,,0.0023504281,Low,0.006213358,Pitch: additional seats,Healthy — no action needed
A000093,O000381,Yu-Brooks,SMB,7015,2024-08-25 05:46:55.150742,S000093,Starter,650.75,Annual,2024-08-25 05:46:55.150742,2025-08-25 05:46:55.150742,Active,,0.0006729374,Low,0.9965318,Pitch: upgrade tier / deeper feature access,Route to expansion play
A000094,O000382,"Foster, Garcia and Turner",Mid-Market,35462,2023-11-08 09:27:30.479052,S000094,Growth,2605.72,Monthly,2023-11-08 09:27:30.479052,,Churned,2025-01-31 09:27:30.479052,,,,,Already churned
A000095,O000391,"Larsen, Hernandez and Ward",SMB,7416,2026-07-26 15:21:40.843183,S000095,Starter,708.4,Monthly,2026-07-26 15:21:40.843183,,Active,,0.0024421215,Low,0.0042520566,Pitch: upgrade tier / deeper feature access,Healthy — no action needed
A000096,O000393,Watson Group,Mid-Market,24883,2025-01-29 15:24:48.475557,S000096,Growth,1860.45,Annual,2025-01-29 15:24:48.475557,2026-01-29 15:24:48.475557,Active,,0.00063694775,Low,0.003437383,Pitch: upgrade tier / deeper feature access,Healthy — no action needed
A000097,O000394,Marshall-Perez,Mid-Market,25242,2025-07-01 05:55:02.017884,S000097,Growth,1980.97,Annual,2025-07-01 05:55:02.017884,2026-07-01 05:55:02.017884,Active,,0.0027426356,Low,0.0048020873,Pitch: upgrade tier / deeper feature access,Healthy — no action needed
A000098,O000396,Flowers LLC,Mid-Market,19929,2026-01-12 03:57:48.196638,S000098,Growth,1611.32,Monthly,2026-01-12 03:57:48.196638,,Churned,2026-05-12 03:57:48.196638,,,,,Already churned
A000099,O000400,Humphrey-Baker,Mid-Market,19111,2024-10-05 23:59:44.955274,S000099,Growth,1584.09,Annual,2024-10-05 23:59:44.955274,2025-10-05 23:59:44.955274,Active,,0.0016378243,Low,0.0016070565,Pitch: upgrade tier / deeper feature access,Healthy — no action needed
A000100,O000407,Hill Group,Mid-Market,32475,2024-08-30 02:19:10.681687,S000100,Growth,2334.36,Annual,2024-08-30 02:19:10.681687,2025-08-30 02:19:10.681687,Active,,0.0010702498,Low,0.002829657,Pitch: upgrade tier / deeper feature access,Healthy — no action needed
A000101,O000416,Guerrero-Becker,SMB,3800,2025-12-02 21:30:35.720165,S000101,Starter,329.45,Annual,2025-12-02 21:30:35.720165,2026-12-02 21:30:35.720165,Active,,0.0014499486,Low,0.9965318,Pitch: upgrade tier / deeper feature access,Route to expansion play
A000102,O000420,Fisher-Eaton,SMB,10173,2025-08-30 20:32:45.182182,S000102,Starter,974.43,Annual,2025-08-30 20:32:45.182182,2026-08-30 20:32:45.182182,Active,,0.0020569782,Low,0.9965318,Pitch: upgrade tier / deeper feature access,Route to expansion play
A000103,O000428,Wise-Dean,Mid-Market,17327,2025-04-01 01:12:00.561201,S000103,Growth,1338.35,Annual,2025-04-01 01:12:00.561201,2026-04-01 01:12:00.561201,Churned,2025-06-30 01:12:00.561201,,,,,Already churned
A000104,O000435,White-Morales,SMB,9016,2025-08-09 19:39:53.934213,S000104,Starter,852.97,Monthly,2025-08-09 19:39:53.934213,,Active,,0.00081378565,Low,0.0019142821,Pitch: upgrade tier / deeper feature access,Healthy — no action needed
A000105,O000439,Clay Group,SMB,5247,2023-11-19 07:54:24.631004,S000105,Starter,387.54,Monthly,2023-11-19 07:54:24.631004,,Churned,2024-02-17 07:54:24.631004,,,,,Already churned
A000106,O000440,"Marks, Stone and Watts",Mid-Market,25012,2023-11-07 06:34:48.034217,S000106,Growth,2235.32,Annual,2023-11-07 06:34:48.034217,2024-11-06 06:34:48.034217,Active,,0.0022174602,Low,0.0016764028,Pitch: upgrade tier / deeper feature access,Healthy — no action needed
A000107,O000441,Alvarado-Davidson,Mid-Market,35466,2026-06-21 17:33:50.159269,S000107,Growth,3063.61,Annual,2026-06-21 17:33:50.159269,2027-06-21 17:33:50.159269,Active,,0.0013657204,Low,0.9967981,Pitch: additional seats,Route to expansion play
A000108,O000446,Petersen PLC,Mid-Market,25584,2025-06-23 19:23:01.402988,S000108,Growth,2061.72,Monthly,2025-06-23 19:23:01.402988,,Churned,2026-07-18 19:23:01.402988,,,,,Already churned
A000109,O000455,"Valencia, Joseph and Walls",SMB,3131,2026-04-01 06:57:17.848363,S000109,Starter,248.51,Annual,2026-04-01 06:57:17.848363,2027-04-01 06:57:17.848363,Active,,0.99680376,High,0.0019213832,Pitch: upgrade tier / deeper feature access,Flag for CSM outreach
A000110,O000464,"Baker, Martin and Singleton",SMB,5368,2025-04-23 06:40:06.959104,S000110,Starter,418.98,Annual,2025-04-23 06:40:06.959104,2026-04-23 06:40:06.959104,Churned,2025-07-22 06:40:06.959104,,,,,Already churned
A000111,O000465,Bowers LLC,SMB,6618,2024-06-08 08:46:41.349069,S000111,Starter,581.74,Monthly,2024-06-08 08:46:41.349069,,Active,,0.001804419,Low,0.0019213832,Pitch: upgrade tier / deeper feature access,Healthy — no action needed
A000112,O000471,Russell-Hayes,Mid-Market,20413,2026-06-08 12:54:51.985333,S000112,Growth,1538.02,Annual,2026-06-08 12:54:51.985333,2027-06-08 12:54:51.985333,Active,,0.0022983458,Low,0.06844586,Pitch: upgrade tier / deeper feature access,Healthy — no action needed
A000113,O000472,"Wilson, Smith and Cortez",SMB,2547,2026-03-01 05:55:43.727663,S000113,Starter,205.21,Annual,2026-03-01 05:55:43.727663,2027-03-01 05:55:43.727663,Active,,0.0019117703,Low,0.0050725257,Pitch: upgrade tier / deeper feature access,Healthy — no action needed
A000114,O000473,Haynes Inc,Mid-Market,33654,2026-05-07 18:51:28.458037,S000114,Growth,2647.18,Monthly,2026-05-07 18:51:28.458037,,Active,,0.00076493795,Low,0.0032817351,Pitch: additional seats,Healthy — no action needed
A000115,O000476,Taylor Group,Mid-Market,40683,2025-02-01 11:44:52.802299,S000115,Growth,3608.16,Annual,2025-02-01 11:44:52.802299,2026-02-01 11:44:52.802299,Active,,0.0011770099,Low,0.004239141,Pitch: additional seats,Healthy — no action needed
A000116,O000482,Wilkinson and Sons,Mid-Market,25583,2025-05-03 05:28:37.276864,S000116,Growth,2126.43,Monthly,2025-05-03 05:28:37.276864,,Active,,0.0013657204,Low,0.9972796,Pitch: additional seats,Route to expansion play
A000117,O000484,Hammond-Lewis,SMB,3216,2026-06-10 20:03:03.323493,S000117,Starter,257.69,Annual,2026-06-10 20:03:03.323493,2027-06-10 20:03:03.323493,Active,,0.0021316512,Low,0.0020487509,Pitch: upgrade tier / deeper feature access,Healthy — no action needed
A000118,O000485,Arnold PLC,Mid-Market,46225,2026-02-11 06:38:44.218155,S000118,Growth,4171.8,Monthly,2026-02-11 06:38:44.218155,,Active,,0.004391767,Low,0.0055300696,Pitch: additional seats,Healthy — no action needed
A000119,O000488,Williams-Juarez,Mid-Market,20499,2026-09-08 13:39:03.482753,S000119,Growth,1742.19,Annual,2026-09-08 13:39:03.482753,2027-09-08 13:39:03.482753,Active,,0.0034785776,Low,0.0076449225,Pitch: upgrade tier / deeper feature access,Healthy — no action needed
A000120,O000489,Williams and Sons,Enterprise,67802,2023-12-30 16:27:25.294593,S000120,Enterprise,5438.27,Annual,2023-12-30 16:27:25.294593,2024-12-29 16:27:25.294593,Active,,0.0012375808,Low,0.003349075,Pitch: additional seats,Healthy — no action needed
A000121,O000493,Martin-Jones,SMB,4878,2025-07-02 07:02:06.445625,S000121,Starter,349.88,Annual,2025-07-02 07:02:06.445625,2026-07-02 07:02:06.445625,Active,,0.0023667216,Low,0.0017999619,Pitch: upgrade tier / deeper feature access,Healthy — no action needed
A000122,O000494,"Campbell, Hernandez and Moore",Mid-Market,34110,2026-07-21 15:24:21.049253,S000122,Growth,2715.05,Annual,2026-07-21 15:24:21.049253,2027-07-21 15:24:21.049253,Active,,0.0016197028,Low,0.52625686,Pitch: upgrade tier / deeper feature access,Route to expansion play
A000123,O000496,"Whitaker, Johnson and Williams",Mid-Market,29045,2023-11-21 09:37:14.459281,S000123,Growth,2322.66,Annual,2023-11-21 09:37:14.459281,2024-11-20 09:37:14.459281,Churned,2024-07-18 09:37:14.459281,,,,,Already churned
A000124,O000497,"Thomas, Jackson and Nielsen",SMB,5849,2024-08-12 13:22:47.633438,S000124,Starter,488.2,Annual,2024-08-12 13:22:47.633438,2025-08-12 13:22:47.633438,Churned,2025-06-08 13:22:47.633438,,,,,Already churned
A000125,O000502,Jackson-Jennings,SMB,6350,2023-10-30 22:00:56.892458,S000125,Starter,580.23,Monthly,2023-10-30 22:00:56.892458,,Active,,0.0030162411,Low,0.0017999619,Pitch: upgrade tier / deeper feature access,Healthy — no action needed
A000126,O000503,"Barnes, Hernandez and Davis",Mid-Market,15959,2024-02-03 07:33:02.020938,S000126,Growth,1396.87,Annual,2024-02-03 07:33:02.020938,2025-02-02 07:33:02.020938,Churned,2025-06-27 07:33:02.020938,,,,,Already churned
A000127,O000511,"Sanders, Harris and Arnold",Mid-Market,22515,2023-11-13 12:19:54.193650,S000127,Growth,1655.62,Monthly,2023-11-13 12:19:54.193650,,Churned,2024-09-08 12:19:54.193650,,,,,Already churned
A000128,O000524,"Melton, Henry and Joyce",Mid-Market,32109,2025-09-09 22:20:04.756238,S000128,Growth,0.0,Annual,2025-09-09 22:20:04.756238,2026-09-09 22:20:04.756238,Churned,2025-12-08 22:20:04.756238,,,,,Already churned
A000129,O000526,"Clark, Carpenter and Nguyen",Mid-Market,40799,2024-01-06 12:25:33.146064,S000129,Growth,2959.5,Monthly,2024-01-06 12:25:33.146064,,Active,,0.0019810777,Low,0.9967981,Pitch: additional seats,Route to expansion play
A000130,O000529,"Hernandez, Shaffer and Thompson",SMB,13069,2024-06-30 14:39:25.716446,S000130,Starter,0.0,Annual,2024-06-30 14:39:25.716446,2025-06-30 14:39:25.716446,Churned,2025-04-26 14:39:25.716446,,,,,Already churned
A000131,O000530,"Holmes, Le and Floyd",SMB,2438,2026-04-15 15:50:25.681560,S000131,Starter,213.16,Annual,2026-04-15 15:50:25.681560,2027-04-15 15:50:25.681560,Active,,0.7590941,High,0.0017999619,Pitch: additional seats,Flag for CSM outreach
A000132,O000534,Davidson LLC,SMB,5974,2025-05-16 12:01:53.419069,S000132,Starter,427.18,Annual,2025-05-16 12:01:53.419069,2026-05-16 12:01:53.419069,Active,,0.0019599034,Low,0.9965318,Pitch: upgrade tier / deeper feature access,Route to expansion play
A000133,O000543,Harper-Robles,SMB,8056,2023-10-02 01:29:19.039808,S000133,Starter,638.08,Monthly,2023-10-02 01:29:19.039808,,Active,,0.0019424916,Low,0.0019186629,Pitch: upgrade tier / deeper feature access,Healthy — no action needed
A000134,O000544,Wright-Espinoza,SMB,13518,2023-10-22 13:33:09.042431,S000134,Starter,1151.01,Annual,2023-10-22 13:33:09.042431,2024-10-21 13:33:09.042431,Churned,2025-01-14 13:33:09.042431,,,,,Already churned
A000135,O000548,"Patel, Adams and Lopez",Mid-Market,43682,2024-01-25 01:06:45.714545,S000135,Growth,3631.02,Monthly,2024-01-25 01:06:45.714545,,Churned,2024-12-20 01:06:45.714545,,,,,Already churned
A000136,O000551,Flores and Sons,SMB,12672,2023-10-20 17:24:03.222280,S000136,Starter,1049.19,Annual,2023-10-20 17:24:03.222280,2024-10-19 17:24:03.222280,Active,,0.001181229,Low,0.0018514073,Pitch: upgrade tier / deeper feature access,Healthy — no action needed
A000137,O000556,Huang LLC,SMB,10358,2024-07-23 08:16:24.002291,S000137,Starter,0.0,Monthly,2024-07-23 08:16:24.002291,,Active,,0.002634762,Low,0.0017999619,Pitch: upgrade tier / deeper feature access,Healthy — no action needed
A000138,O000558,"Wright, Wise and Ramos",Mid-Market,36453,2026-01-02 02:27:16.414084,S000138,Growth,3278.81,Monthly,2026-01-02 02:27:16.414084,,Active,,0.0016197028,Low,0.9967981,Pitch: additional seats,Route to expansion play
A000139,O000560,"Robinson, Rodriguez and Chen",SMB,11865,2025-03-25 13:09:09.044362,S000139,Starter,1065.08,Monthly,2025-03-25 13:09:09.044362,,Churned,2025-12-20 13:09:09.044362,,,,,Already churned
A000140,O000564,Washington Group,Mid-Market,43639,2025-07-03 14:51:20.335210,S000140,Growth,3353.5,Annual,2025-07-03 14:51:20.335210,2026-07-03 14:51:20.335210,Active,,0.0007486794,Low,0.0029810045,Pitch: upgrade tier / deeper feature access,Healthy — no action needed
A000141,O000568,Rodriguez-Mills,Mid-Market,20278,2023-10-01 11:37:30.729540,S000141,Growth,1660.89,Monthly,2023-10-01 11:37:30.729540,,Active,,0.00088175817,Low,0.0044545988,Pitch: additional seats,Healthy — no action needed
A000142,O000570,"Ray, Craig and Park",SMB,7886,2025-06-21 04:50:57.130175,S000142,Starter,731.7,Annual,2025-06-21 04:50:57.130175,2026-06-21 04:50:57.130175,Active,,0.0028857642,Low,0.0017999619,Pitch: additional seats,Healthy — no action needed
A000143,O000574,Foley Inc,Mid-Market,16660,2024-11-15 03:19:26.753401,S000143,Growth,1244.93,Annual,2024-11-15 03:19:26.753401,2025-11-15 03:19:26.753401,Active,,0.001852704,Low,0.0017999619,Pitch: additional seats,Healthy — no action needed
A000144,O000576,"Cunningham, Murphy and Wolfe",SMB,6360,2023-10-13 04:58:48.527124,S000144,Starter,473.9,Monthly,2023-10-13 04:58:48.527124,,Active,,0.0033466916,Low,0.0062038847,Pitch: upgrade tier / deeper feature access,Healthy — no action needed
A000145,O000581,Hanson-Alexander,Mid-Market,21611,2025-10-19 05:47:04.954915,S000145,Growth,1646.3,Monthly,2025-10-19 05:47:04.954915,,Active,,0.001925094,Low,0.99703,Pitch: additional seats,Route to expansion play
A000146,O000591,"Anderson, Delgado and Carpenter",SMB,4866,2026-09-14 03:31:25.204904,S000146,Starter,435.11,Monthly,2026-09-14 03:31:25.204904,,Active,,0.0048242062,Low,0.0076449225,Pitch: upgrade tier / deeper feature access,Healthy — no action needed
A000147,O000594,Stewart PLC,Mid-Market,20453,2026-01-19 16:58:12.332354,S000147,Growth,1908.41,Annual,2026-01-19 16:58:12.332354,2027-01-19 16:58:12.332354,Active,,0.0022983458,Low,0.004723798,Pitch: upgrade tier / deeper feature access,Healthy — no action needed
A000148,O000596,Shaw PLC,SMB,3147,2025-08-27 01:47:57.484024,S000148,Starter,297.29,Annual,2025-08-27 01:47:57.484024,2026-08-27 01:47:57.484024,Active,,0.0027740072,Low,0.9965318,Pitch: upgrade tier / deeper feature access,Route to expansion play
A000149,O000600,"Liu, Buchanan and Meyer",SMB,9316,2026-03-16 18:54:05.261459,S000149,Starter,756.48,Annual,2026-03-16 18:54:05.261459,2027-03-16 18:54:05.261459,Active,,0.0040018363,Low,0.0019192959,Pitch: additional seats,Healthy — no action needed
A000150,O000604,Gallegos-Hayes,Mid-Market,21222,2025-11-17 03:30:24.779961,S000150,Growth,1865.38,Monthly,2025-11-17 03:30:24.779961,,Active,,0.00074038847,Low,0.0059710564,Pitch: additional seats,Healthy — no action needed
A000151,O000605,Wilson Group,Mid-Market,28234,2024-10-19 17:46:28.808913,S000151,Growth,2553.75,Annual,2024-10-19 17:46:28.808913,2025-10-19 17:46:28.808913,Active,,0.0013810042,Low,0.007473422,Pitch: additional seats,Healthy — no action needed
A000152,O000607,Tate LLC,SMB,8842,2025-04-30 10:18:48.332557,S000152,Starter,673.56,Monthly,2025-04-30 10:18:48.332557,,Active,,0.0011713376,Low,0.0052462197,Pitch: upgrade tier / deeper feature access,Healthy — no action needed
A000153,O000610,Dean LLC,SMB,11434,2024-06-12 12:24:20.030943,S000153,Starter,1016.74,Annual,2024-06-12 12:24:20.030943,2025-06-12 12:24:20.030943,Churned,2025-06-07 12:24:20.030943,,,,,Already churned
A000154,O000614,Williams Group,Mid-Market,22989,2024-11-16 21:01:16.422500,S000154,Growth,2125.01,Annual,2024-11-16 21:01:16.422500,2025-11-16 21:01:16.422500,Active,,0.002168318,Low,0.0016298124,Pitch: upgrade tier / deeper feature access,Healthy — no action needed
A000155,O000623,Crawford and Sons,SMB,2649,2023-11-11 17:41:36.280859,S000155,Starter,245.7,Annual,2023-11-11 17:41:36.280859,2024-11-10 17:41:36.280859,Active,,0.0033840693,Low,0.0019213832,Pitch: additional seats,Healthy — no action needed
A000156,O000625,Warren and Sons,Mid-Market,17338,2023-03-09 06:48:38.993542,S000156,Growth,1605.69,Annual,2023-03-09 06:48:38.993542,2024-03-08 06:48:38.993542,Active,,0.0021443397,Low,0.99875724,Pitch: upgrade tier / deeper feature access,Route to expansion play
A000157,O000626,Brooks Inc,Mid-Market,26702,2025-04-01 04:19:15.459146,S000157,Growth,2241.64,Annual,2025-04-01 04:19:15.459146,2026-04-01 04:19:15.459146,Active,,0.0023405321,Low,0.0029468054,Pitch: additional seats,Healthy — no action needed
A000158,O000628,"Russo, Collins and Murphy",Mid-Market,16290,2026-06-01 21:54:35.892116,S000158,Growth,1366.94,Annual,2026-06-01 21:54:35.892116,2027-06-01 21:54:35.892116,Active,,0.1762016,Low,0.0017999619,Pitch: upgrade tier / deeper feature access,Healthy — no action needed
A000159,O000633,Hill-Flores,Mid-Market,19409,2025-12-27 04:19:30.660623,S000159,Growth,1447.4,Annual,2025-12-27 04:19:30.660623,2026-12-27 04:19:30.660623,Churned,2026-03-27 04:19:30.660623,,,,,Already churned
A000160,O000635,Hill Inc,SMB,7875,2023-05-05 02:39:54.027969,S000160,Starter,685.59,Annual,2023-05-05 02:39:54.027969,2024-05-04 02:39:54.027969,Active,,0.002092934,Low,0.0018653522,Pitch: upgrade tier / deeper feature access,Healthy — no action needed
A000161,O000638,Edwards-Roth,SMB,8133,2025-05-11 22:51:28.727660,S000161,Starter,634.58,Annual,2025-05-11 22:51:28.727660,2026-05-11 22:51:28.727660,Active,,0.0006923444,Low,0.0052462197,Pitch: upgrade tier / deeper feature access,Healthy — no action needed
A000162,O000641,Campbell LLC,SMB,12716,2024-10-28 19:22:38.874140,S000162,Starter,1122.43,Monthly,2024-10-28 19:22:38.874140,,Churned,2025-12-22 19:22:38.874140,,,,,Already churned
A000163,O000644,Patel-Morales,Mid-Market,35400,2023-05-11 22:34:04.006403,S000163,Growth,3157.03,Monthly,2023-05-11 22:34:04.006403,,Churned,2024-03-06 22:34:04.006403,,,,,Already churned
A000164,O000645,Peterson Ltd,SMB,3883,2026-02-25 03:55:51.711191,S000164,Starter,294.94,Annual,2026-02-25 03:55:51.711191,2027-02-25 03:55:51.711191,Active,,0.0022048098,Low,0.9965318,Pitch: upgrade tier / deeper feature access,Route to expansion play
A000165,O000649,"Brown, Robinson and Taylor",Mid-Market,25472,2025-07-01 14:31:37.012852,S000165,Growth,2341.26,Monthly,2025-07-01 14:31:37.012852,,Active,,0.003297026,Low,0.0017689249,Pitch: upgrade tier / deeper feature access,Healthy — no action needed
A000166,O000650,Hudson-Gentry,SMB,6126,2025-04-02 06:43:43.452586,S000166,Starter,443.52,Annual,2025-04-02 06:43:43.452586,2026-04-02 06:43:43.452586,Churned,2026-02-26 06:43:43.452586,,,,,Already churned
A000167,O000651,Young Ltd,Mid-Market,53015,2025-01-06 17:07:39.717123,S000167,Growth,4426.67,Monthly,2025-01-06 17:07:39.717123,,Active,,0.00195883,Low,0.0031818408,Pitch: upgrade tier / deeper feature access,Healthy — no action needed
A000168,O000654,May Group,Mid-Market,22514,2023-10-23 16:06:47.461942,S000168,Growth,2098.56,Annual,2023-10-23 16:06:47.461942,2024-10-22 16:06:47.461942,Active,,0.0023865474,Low,0.9982493,Pitch: additional seats,Route to expansion play
A000169,O000655,Lane Ltd,SMB,7515,2025-12-09 15:09:23.044899,S000169,Starter,613.13,Annual,2025-12-09 15:09:23.044899,2026-12-09 15:09:23.044899,Active,,0.001323369,Low,0.9965318,Pitch: upgrade tier / deeper feature access,Route to expansion play
A000170,O000658,"Simon, Terrell and Terrell",Mid-Market,15052,2023-10-20 21:13:46.434662,S000170,Growth,1360.25,Monthly,2023-10-20 21:13:46.434662,,Churned,2024-05-17 21:13:46.434662,,,,,Already churned
A000171,O000659,Marshall-Miller,SMB,7067,2024-07-12 00:04:19.333186,S000171,Starter,574.92,Annual,2024-07-12 00:04:19.333186,2025-07-12 00:04:19.333186,Active,,0.0023228982,Low,0.9965318,Pitch: upgrade tier / deeper feature access,Route to expansion play
A000172,O000660,"Davis, Kennedy and Harmon",SMB,6571,2024-10-21 15:34:55.575164,S000172,Starter,485.84,Monthly,2024-10-21 15:34:55.575164,,Churned,2025-06-18 15:34:55.575164,,,,,Already churned
A000173,O000661,"Osborne, Harrison and Hunt",SMB,6006,2026-03-21 16:34:03.150683,S000173,Starter,436.7,Annual,2026-03-21 16:34:03.150683,2027-03-21 16:34:03.150683,Active,,0.0023667216,Low,0.0025376724,Pitch: upgrade tier / deeper feature access,Healthy — no action needed
A000174,O000664,York LLC,Mid-Market,50415,2026-05-10 19:45:10.272973,S000174,Growth,4031.0,Monthly,2026-05-10 19:45:10.272973,,Active,,0.0022906133,Low,0.0039159413,Pitch: additional seats,Healthy — no action needed
A000175,O000665,Smith-Rodriguez,Mid-Market,33113,2023-07-21 16:04:10.670410,S000175,Growth,3130.03,Annual,2023-07-21 16:04:10.670410,2024-07-20 16:04:10.670410,Active,,0.0012342904,Low,0.0071481946,Pitch: upgrade tier / deeper feature access,Healthy — no action needed
A000176,O000666,Kent Ltd,SMB,12278,2026-04-01 06:23:29.049657,S000176,Starter,989.85,Annual,2026-04-01 06:23:29.049657,2027-04-01 06:23:29.049657,Churned,2026-08-29 06:23:29.049657,,,,,Already churned
A000177,O000669,May Inc,SMB,3408,2026-06-30 03:43:48.150905,S000177,Starter,321.56,Annual,2026-06-30 03:43:48.150905,2027-06-30 03:43:48.150905,Active,,0.0034647977,Low,0.0042520566,Pitch: upgrade tier / deeper feature access,Healthy — no action needed
A000178,O000670,Roberts Group,SMB,5288,2026-09-01 02:34:59.209573,S000178,Starter,381.07,Annual,2026-09-01 02:34:59.209573,2027-09-01 02:34:59.209573,Active,,0.0048242062,Low,0.0076449225,Pitch: upgrade tier / deeper feature access,Healthy — no action needed
A000179,O000672,"Garrison, Rogers and Adams",SMB,9577,2025-03-14 23:57:42.214893,S000179,Starter,811.04,Monthly,2025-03-14 23:57:42.214893,,Churned,2025-10-10 23:57:42.214893,,,,,Already churned
A000180,O000677,Decker Inc,Enterprise,62191,2025-10-15 10:49:36.882607,S000180,Enterprise,5375.86,Monthly,2025-10-15 10:49:36.882607,,Active,,0.00063694775,Low,0.012784204,Pitch: additional seats,Healthy — no action needed
A000181,O000682,Price-Ferrell,Mid-Market,18214,2025-05-12 07:02:23.500422,S000181,Growth,1304.29,Monthly,2025-05-12 07:02:23.500422,,Active,,0.0022983458,Low,0.9987035,Pitch: upgrade tier / deeper feature access,Route to expansion play
A000182,O000697,Butler-Aguirre,SMB,4591,2024-04-28 05:57:19.547331,S000182,Starter,414.21,Annual,2024-04-28 05:57:19.547331,2025-04-28 05:57:19.547331,Active,,0.0011059875,Low,0.0018707375,Pitch: additional seats,Healthy — no action needed
A000183,O000702,"Trujillo, Chang and Williams",SMB,10020,2025-10-11 02:17:55.529948,S000183,Starter,780.94,Monthly,2025-10-11 02:17:55.529948,,Active,,0.0009060191,Low,0.9965318,Pitch: upgrade tier / deeper feature access,Route to expansion play
A000184,O000708,Hood-Ramirez,Mid-Market,17083,2023-11-27 18:02:13.638939,S000184,Growth,1284.01,Monthly,2023-11-27 18:02:13.638939,,Active,,0.0008193253,Low,0.0017999619,Pitch: upgrade tier / deeper feature access,Healthy — no action needed
A000185,O000711,Baird-Williams,Enterprise,61857,2026-08-04 12:44:05.683137,S000185,Enterprise,5335.34,Monthly,2026-08-04 12:44:05.683137,,Active,,0.0016142497,Low,0.035150427,Pitch: upgrade tier / deeper feature access,Healthy — no action needed
A000186,O000716,"Silva, Bray and Ford",SMB,12321,2026-02-05 19:11:22.727810,S000186,Starter,993.75,Monthly,2026-02-05 19:11:22.727810,,Active,,0.0057420842,Low,0.0020487509,Pitch: upgrade tier / deeper feature access,Healthy — no action needed
A000187,O000717,Sawyer Group,Mid-Market,20603,2026-01-05 16:03:15.700163,S000187,Growth,1834.08,Monthly,2026-01-05 16:03:15.700163,,Active,,0.0007675242,Low,0.0069897217,Pitch: additional seats,Healthy — no action needed
A000188,O000719,"Marshall, Schultz and Dalton",Mid-Market,41781,2024-11-11 07:05:54.382636,S000188,Growth,3951.96,Annual,2024-11-11 07:05:54.382636,2025-11-11 07:05:54.382636,Active,,0.00063694775,Low,0.9967981,Pitch: additional seats,Route to expansion play
A000189,O000720,Schmidt-Phillips,Enterprise,100868,2023-06-23 04:51:52.583865,S000189,Enterprise,8152.43,Monthly,2023-06-23 04:51:52.583865,,Active,,0.0025380105,Low,0.0031913223,Pitch: upgrade tier / deeper feature access,Healthy — no action needed
A000190,O000721,"Norton, French and Miller",Mid-Market,35095,2023-12-27 16:54:05.364160,S000190,Growth,2954.78,Annual,2023-12-27 16:54:05.364160,2024-12-26 16:54:05.364160,Churned,2024-04-25 16:54:05.364160,,,,,Already churned
A000191,O000724,Castro and Sons,Mid-Market,57571,2025-12-02 07:33:09.052742,S000191,Growth,4772.48,Monthly,2025-12-02 07:33:09.052742,,Active,,0.0055201687,Low,0.02632997,Pitch: additional seats,Healthy — no action needed
A000192,O000731,Watson PLC,SMB,8708,2023-08-23 02:05:40.994137,S000192,Starter,0.0,Annual,2023-08-23 02:05:40.994137,2024-08-22 02:05:40.994137,Active,,0.001168409,Low,0.9965318,Pitch: upgrade tier / deeper feature access,Route to expansion play
A000193,O000735,"Wilson, Johnson and Williamson",Mid-Market,22937,2024-08-12 04:32:50.125773,S000193,Growth,2087.19,Annual,2024-08-12 04:32:50.125773,2025-08-12 04:32:50.125773,Active,,0.0008193253,Low,0.0017980969,Pitch: additional seats,Healthy — no action needed
A000194,O000741,Houston PLC,SMB,11122,2025-05-05 07:29:32.096188,S000194,Starter,912.53,Annual,2025-05-05 07:29:32.096188,2026-05-05 07:29:32.096188,Active,,0.002011385,Low,0.006846747,Pitch: upgrade tier / deeper feature access,Healthy — no action needed
A000195,O000745,"Kennedy, Valdez and Stafford",SMB,14210,2025-05-07 19:16:38.479940,S000195,Starter,1312.53,Monthly,2025-05-07 19:16:38.479940,,Active,,0.0008916308,Low,0.0017999619,Pitch: additional seats,Healthy — no action needed
A000196,O000746,White-Knox,SMB,5259,2023-12-09 14:55:51.078336,S000196,Starter,491.75,Monthly,2023-12-09 14:55:51.078336,,Active,,0.0026447223,Low,0.0017999619,Pitch: additional seats,Healthy — no action needed
A000197,O000748,"Quinn, Smith and Green",SMB,6110,2025-04-02 02:24:41.063275,S000197,Starter,519.15,Annual,2025-04-02 02:24:41.063275,2026-04-02 02:24:41.063275,Churned,2026-01-27 02:24:41.063275,,,,,Already churned
A000198,O000752,Smith PLC,Enterprise,173901,2026-03-22 13:00:16.455837,S000198,Enterprise,16077.04,Monthly,2026-03-22 13:00:16.455837,,Active,,0.029708086,Low,0.0061787143,Pitch: upgrade tier / deeper feature access,Healthy — no action needed
A000199,O000753,Pope PLC,Mid-Market,25806,2026-08-07 09:58:01.680808,S000199,Growth,1901.21,Annual,2026-08-07 09:58:01.680808,2027-08-07 09:58:01.680808,Active,,0.0016197028,Low,0.84072256,Pitch: upgrade tier / deeper feature access,Route to expansion play
A000200,O000760,Richardson-Lawrence,Mid-Market,23324,2025-06-22 14:24:22.696149,S000200,Growth,1882.45,Annual,2025-06-22 14:24:22.696149,2026-06-22 14:24:22.696149,Active,,0.0023084306,Low,0.003437383,Pitch: upgrade tier / deeper feature access,Healthy — no action needed
A000201,O000761,Zavala-Coleman,Mid-Market,25651,2023-06-11 07:31:06.932941,S000201,Growth,2371.12,Annual,2023-06-11 07:31:06.932941,2024-06-10 07:31:06.932941,Active,,0.0009123364,Low,0.0017689249,Pitch: upgrade tier / deeper feature access,Healthy — no action needed
A000202,O000764,Lopez-Jones,Mid-Market,19115,2025-08-06 11:05:31.163167,S000202,Growth,1475.84,Monthly,2025-08-06 11:05:31.163167,,Churned,2026-03-04 11:05:31.163167,,,,,Already churned
A000203,O000771,Tate Inc,Mid-Market,55680,2023-07-09 21:25:01.370402,S000203,Growth,4394.55,Annual,2023-07-09 21:25:01.370402,2024-07-08 21:25:01.370402,Active,,0.0008916308,Low,0.0036226353,Pitch: additional seats,Healthy — no action needed
A000204,O000776,Freeman-Rodriguez,Enterprise,134893,2024-06-04 18:43:51.001512,S000204,Enterprise,9574.99,Annual,2024-06-04 18:43:51.001512,2025-06-04 18:43:51.001512,Active,,0.0016378243,Low,0.0028625545,Pitch: upgrade tier / deeper feature access,Healthy — no action needed
A000205,O000777,Alvarez-Dickerson,SMB,4364,2025-01-04 17:06:53.072048,S000205,Starter,332.18,Annual,2025-01-04 17:06:53.072048,2026-01-04 17:06:53.072048,Active,,0.0022949446,Low,0.0047529167,Pitch: upgrade tier / deeper feature access,Healthy — no action needed
A000206,O000779,Flores-Johnson,Mid-Market,22069,2024-11-09 19:27:22.830403,S000206,Growth,2063.3,Monthly,2024-11-09 19:27:22.830403,,Active,,0.0021929396,Low,0.0036688559,Pitch: upgrade tier / deeper feature access,Healthy — no action needed
A000207,O000782,Watkins-Lozano,SMB,3670,2024-05-01 02:49:53.358535,S000207,Starter,263.27,Annual,2024-05-01 02:49:53.358535,2025-05-01 02:49:53.358535,Active,,0.0012712744,Low,0.9965318,Pitch: upgrade tier / deeper feature access,Route to expansion play
A000208,O000783,Melton Inc,SMB,6941,2025-08-21 17:02:41.341490,S000208,Starter,568.51,Annual,2025-08-21 17:02:41.341490,2026-08-21 17:02:41.341490,Active,,0.0016545965,Low,0.0019142821,Pitch: upgrade tier / deeper feature access,Healthy — no action needed
A000209,O000797,Murphy-Silva,Mid-Market,25474,2025-07-09 06:35:35.131764,S000209,Growth,2335.05,Annual,2025-07-09 06:35:35.131764,2026-07-09 06:35:35.131764,Active,,0.0006440811,Low,0.0026697628,Pitch: additional seats,Healthy — no action needed
A000210,O000809,Jackson-Bradley,Mid-Market,48553,2023-07-10 13:37:59.734617,S000210,Growth,4008.24,Monthly,2023-07-10 13:37:59.734617,,Active,,0.00088175817,Low,0.0081765065,Pitch: additional seats,Healthy — no action needed
A000211,O000810,"Lewis, Holloway and Acosta",Mid-Market,36611,2024-02-11 03:27:28.068559,S000211,Growth,3289.2,Annual,2024-02-11 03:27:28.068559,2025-02-10 03:27:28.068559,Churned,2024-06-10 03:27:28.068559,,,,,Already churned
A000212,O000811,Hawkins Inc,Enterprise,108568,2026-05-19 16:34:54.423711,S000212,Enterprise,8021.36,Monthly,2026-05-19 16:34:54.423711,,Active,,0.00076493795,Low,0.0059191636,Pitch: additional seats,Healthy — no action needed
A000213,O000812,"Harvey, Turner and Foster",Mid-Market,38457,2024-01-13 00:20:01.057262,S000213,Growth,3382.3,Annual,2024-01-13 00:20:01.057262,2025-01-12 00:20:01.057262,Active,,0.0017802836,Low,0.0041620424,Pitch: additional seats,Healthy — no action needed
A000214,O000813,Anderson-Mcclain,Mid-Market,53982,2026-02-17 11:49:36.244354,S000214,Growth,4448.42,Annual,2026-02-17 11:49:36.244354,2027-02-17 11:49:36.244354,Active,,0.017475547,Low,0.0029810045,Pitch: upgrade tier / deeper feature access,Healthy — no action needed
A000215,O000822,Oneill and Sons,Enterprise,92793,2024-05-04 00:28:45.543238,S000215,Enterprise,6945.14,Monthly,2024-05-04 00:28:45.543238,,Active,,0.0015309069,Low,0.007640167,Pitch: additional seats,Healthy — no action needed
A000216,O000825,Fox PLC,SMB,5710,2024-05-14 08:25:45.989529,S000216,Starter,523.89,Annual,2024-05-14 08:25:45.989529,2025-05-14 08:25:45.989529,Active,,0.0010448846,Low,0.0018196953,Pitch: upgrade tier / deeper feature access,Healthy — no action needed
A000217,O000827,Maldonado-Becker,Mid-Market,16593,2024-06-02 17:51:43.890827,S000217,Growth,1195.15,Annual,2024-06-02 17:51:43.890827,2025-06-02 17:51:43.890827,Churned,2024-09-30 17:51:43.890827,,,,,Already churned
A000218,O000830,"Smith, Booker and Douglas",Mid-Market,40379,2023-07-21 11:43:59.503060,S000218,Growth,3585.59,Annual,2023-07-21 11:43:59.503060,2024-07-20 11:43:59.503060,Churned,2024-09-13 11:43:59.503060,,,,,Already churned
A000219,O000832,Yates-Manning,Mid-Market,15690,2023-08-29 13:56:24.470790,S000219,Growth,1180.55,Annual,2023-08-29 13:56:24.470790,2024-08-28 13:56:24.470790,Active,,0.0010151351,Low,0.0017999619,Pitch: upgrade tier / deeper feature access,Healthy — no action needed
A000220,O000833,"Crane, James and Ross",Mid-Market,16385,2025-10-12 22:30:58.056318,S000220,Growth,1499.38,Annual,2025-10-12 22:30:58.056318,2026-10-12 22:30:58.056318,Churned,2026-07-09 22:30:58.056318,,,,,Already churned
A000221,O000840,"Miller, Mcdonald and Miller",SMB,12171,2024-01-15 17:30:38.660343,S000221,Starter,1134.28,Monthly,2024-01-15 17:30:38.660343,,Churned,2024-07-13 17:30:38.660343,,,,,Already churned
A000222,O000841,Carroll-Arnold,SMB,3711,2025-09-27 19:17:56.109895,S000222,Starter,287.61,Annual,2025-09-27 19:17:56.109895,2026-09-27 19:17:56.109895,Active,,0.0019330436,Low,0.9965318,Pitch: upgrade tier / deeper feature access,Route to expansion play
A000223,O000849,Clark Ltd,SMB,10336,2026-04-16 04:22:00.459120,S000223,Starter,862.09,Annual,2026-04-16 04:22:00.459120,2027-04-16 04:22:00.459120,Active,,0.17344284,Low,0.0019213832,Pitch: upgrade tier / deeper feature access,Healthy — no action needed
A000224,O000850,"Garrison, Ryan and Miller",Mid-Market,22410,2026-03-13 17:13:35.637261,S000224,Growth,1844.51,Annual,2026-03-13 17:13:35.637261,2027-03-13 17:13:35.637261,Active,,0.0016378243,Low,0.006147081,Pitch: additional seats,Healthy — no action needed
A000225,O000851,Martin and Sons,SMB,9223,2024-05-20 02:08:35.806523,S000225,Starter,741.34,Monthly,2024-05-20 02:08:35.806523,,Active,,0.002628233,Low,0.0019213832,Pitch: upgrade tier / deeper feature access,Healthy — no action needed
A000226,O000852,Richards-Harris,Mid-Market,19864,2026-06-28 04:58:32.703508,S000226,Growth,1760.63,Annual,2026-06-28 04:58:32.703508,2027-06-28 04:58:32.703508,Active,,0.10852739,Low,0.0017999619,Pitch: upgrade tier / deeper feature access,Healthy — no action needed
A000227,O000854,Henderson LLC,SMB,14737,2024-04-09 16:41:28.595361,S000227,Starter,1130.87,Annual,2024-04-09 16:41:28.595361,2025-04-09 16:41:28.595361,Active,,0.0015747885,Low,0.9975957,Pitch: upgrade tier / deeper feature access,Route to expansion play
A000228,O000856,"Reed, Terry and Smith",SMB,9290,2025-02-27 19:24:12.484463,S000228,Starter,699.36,Monthly,2025-02-27 19:24:12.484463,,Active,,0.0008047743,Low,0.0047529167,Pitch: additional seats,Healthy — no action needed
A000229,O000858,"Mcdonald, Ware and Sharp",SMB,11231,2025-05-29 22:04:59.583308,S000229,Starter,859.06,Annual,2025-05-29 22:04:59.583308,2026-05-29 22:04:59.583308,Active,,0.2155326,Medium,0.0017999619,Pitch: upgrade tier / deeper feature access,Flag for CSM outreach
A000230,O000863,Rhodes-Thompson,Mid-Market,55520,2024-04-09 01:52:21.759735,S000230,Growth,4271.16,Monthly,2024-04-09 01:52:21.759735,,Active,,0.0014436507,Low,0.006579921,Pitch: upgrade tier / deeper feature access,Healthy — no action needed
A000231,O000868,Sanchez Group,Mid-Market,32769,2026-06-19 19:29:05.214386,S000231,Growth,2945.92,Annual,2026-06-19 19:29:05.214386,2027-06-19 19:29:05.214386,Active,,0.0026429736,Low,0.009115893,Pitch: additional seats,Healthy — no action needed
A000232,O000872,"Norton, Cox and Johnson",SMB,12658,2024-02-02 01:23:20.808622,S000232,Starter,1072.7,Annual,2024-02-02 01:23:20.808622,2025-02-01 01:23:20.808622,Churned,2024-07-31 01:23:20.808622,,,,,Already churned
A000233,O000875,West PLC,SMB,6907,2024-02-10 10:30:42.043081,S000233,Starter,614.82,Monthly,2024-02-10 10:30:42.043081,,Churned,2025-07-04 10:30:42.043081,,,,,Already churned
A000234,O000876,"Smith, Morgan and Young",SMB,8768,2024-01-22 01:55:40.960114,S000234,Starter,704.8,Annual,2024-01-22 01:55:40.960114,2025-01-21 01:55:40.960114,Active,,0.0011723556,Low,0.0047529167,Pitch: additional seats,Healthy — no action needed
A000235,O000878,"Wade, Richard and Hall",Mid-Market,39029,2025-03-26 05:10:18.442707,S000235,Growth,3228.85,Monthly,2025-03-26 05:10:18.442707,,Active,,0.00093423686,Low,0.003066102,Pitch: upgrade tier / deeper feature access,Healthy — no action needed
A000236,O000887,"Nguyen, Marsh and Beck",SMB,5434,2026-08-09 21:59:05.608991,S000236,Starter,486.7,Annual,2026-08-09 21:59:05.608991,2027-08-09 21:59:05.608991,Active,,0.0013569231,Low,0.0042520566,Pitch: upgrade tier / deeper feature access,Healthy — no action needed
A000237,O000891,"Todd, Bernard and Boyd",SMB,13973,2024-05-12 17:31:58.689260,S000237,Starter,1292.54,Annual,2024-05-12 17:31:58.689260,2025-05-12 17:31:58.689260,Churned,2025-02-06 17:31:58.689260,,,,,Already churned
A000238,O000894,White Inc,SMB,3647,2025-01-01 14:29:07.738430,S000238,Starter,269.43,Monthly,2025-01-01 14:29:07.738430,,Active,,0.0012389508,Low,0.0017999619,Pitch: upgrade tier / deeper feature access,Healthy — no action needed
A000239,O000901,"Hayes, Smith and Marshall",Mid-Market,16171,2026-02-15 07:20:07.984363,S000239,Growth,1532.63,Monthly,2026-02-15 07:20:07.984363,,Active,,0.9961939,High,0.0018411244,Pitch: upgrade tier / deeper feature access,Flag for CSM outreach
A000240,O000902,Nelson-King,SMB,5135,2024-10-16 19:42:36.117162,S000240,Starter,411.11,Annual,2024-10-16 19:42:36.117162,2025-10-16 19:42:36.117162,Active,,0.0019599034,Low,0.9965318,Pitch: upgrade tier / deeper feature access,Route to expansion play
A000241,O000914,Lee-Velasquez,SMB,3245,2026-04-07 20:33:27.856012,S000241,Starter,298.34,Annual,2026-04-07 20:33:27.856012,2027-04-07 20:33:27.856012,Active,,0.002197391,Low,0.0017999619,Pitch: upgrade tier / deeper feature access,Healthy — no action needed
A000242,O000918,Ward-Blake,SMB,5147,2023-08-14 09:19:04.367412,S000242,Starter,0.0,Monthly,2023-08-14 09:19:04.367412,,Active,,0.004259185,Low,0.0050725257,Pitch: additional seats,Healthy — no action needed
A000243,O000919,Stewart-Myers,SMB,4052,2023-11-29 19:24:45.287758,S000243,Starter,303.86,Monthly,2023-11-29 19:24:45.287758,,Churned,2024-10-24 19:24:45.287758,,,,,Already churned
A000244,O000921,Mooney and Sons,Mid-Market,16987,2025-04-10 01:27:56.647170,S000244,Growth,1286.52,Annual,2025-04-10 01:27:56.647170,2026-04-10 01:27:56.647170,Active,,0.001925094,Low,0.99738806,Pitch: upgrade tier / deeper feature access,Route to expansion play
A000245,O000922,"Coleman, Jones and Wright",Mid-Market,34197,2025-06-23 02:48:13.350750,S000245,Growth,2769.47,Monthly,2025-06-23 02:48:13.350750,,Active,,0.0007525026,Low,0.0063509047,Pitch: upgrade tier / deeper feature access,Healthy — no action needed
A000246,O000925,Patton Inc,SMB,5679,2026-06-03 17:18:27.492243,S000246,Starter,468.98,Annual,2026-06-03 17:18:27.492243,2027-06-03 17:18:27.492243,Active,,0.002197391,Low,0.0019192959,Pitch: upgrade tier / deeper feature access,Healthy — no action needed
A000247,O000926,"Williams, Horn and Morales",SMB,14200,2026-05-09 02:45:49.571495,S000247,Starter,1286.44,Annual,2026-05-09 02:45:49.571495,2027-05-09 02:45:49.571495,Active,,0.0023059633,Low,0.019271584,Pitch: additional seats,Healthy — no action needed
A000248,O000927,Hobbs-Harvey,SMB,8357,2026-01-12 10:30:42.853729,S000248,Starter,633.57,Monthly,2026-01-12 10:30:42.853729,,Active,,0.001229701,Low,0.0018411244,Pitch: upgrade tier / deeper feature access,Healthy — no action needed
A000249,O000931,Davidson and Sons,Mid-Market,34048,2023-09-04 10:56:05.456084,S000249,Growth,2921.3,Annual,2023-09-04 10:56:05.456084,2024-09-03 10:56:05.456084,Active,,0.00088175817,Low,0.008877936,Pitch: additional seats,Healthy — no action needed
A000250,O000933,Steele Group,SMB,7748,2026-07-09 20:31:15.237022,S000250,Starter,670.98,Monthly,2026-07-09 20:31:15.237022,,Active,,0.0036414291,Low,0.0076449225,Pitch: upgrade tier / deeper feature access,Healthy — no action needed
A000251,O000936,"Wilson, Roberts and Lee",Mid-Market,26784,2024-07-24 12:19:16.199025,S000251,Growth,2043.16,Monthly,2024-07-24 12:19:16.199025,,Churned,2025-08-18 12:19:16.199025,,,,,Already churned
A000252,O000939,Decker and Sons,SMB,3386,2025-12-03 15:45:21.979164,S000252,Starter,269.33,Annual,2025-12-03 15:45:21.979164,2026-12-03 15:45:21.979164,Active,,0.19878292,Low,0.0019213832,Pitch: additional seats,Healthy — no action needed
A000253,O000944,"Brooks, Neal and Baldwin",SMB,8268,2023-04-21 20:00:49.959873,S000253,Starter,595.14,Monthly,2023-04-21 20:00:49.959873,,Churned,2024-04-15 20:00:49.959873,,,,,Already churned
A000254,O000950,"Daniels, Green and Carrillo",Enterprise,70094,2024-08-14 17:36:20.035116,S000254,Enterprise,5168.95,Monthly,2024-08-14 17:36:20.035116,,Active,,0.002003234,Low,0.0031818408,Pitch: upgrade tier / deeper feature access,Healthy — no action needed
A000255,O000952,Bautista-Underwood,Mid-Market,36494,2025-08-27 12:22:28.154466,S000255,Growth,3117.44,Annual,2025-08-27 12:22:28.154466,2026-08-27 12:22:28.154466,Active,,0.0007675242,Low,0.9967981,Pitch: additional seats,Route to expansion play
A000256,O000954,Carrillo-Wolfe,SMB,7419,2023-07-27 19:55:01.726952,S000256,Starter,659.29,Monthly,2023-07-27 19:55:01.726952,,Active,,0.0011723556,Low,0.0047529167,Pitch: additional seats,Healthy — no action needed
A000257,O000955,Gonzales PLC,Mid-Market,37671,2025-08-07 07:35:36.676286,S000257,Growth,3520.09,Monthly,2025-08-07 07:35:36.676286,,Active,,0.0016197028,Low,0.010477907,Pitch: additional seats,Healthy — no action needed
A000258,O000969,Brown-Ross,SMB,6553,2026-06-20 16:59:57.647220,S000258,Starter,522.27,Monthly,2026-06-20 16:59:57.647220,,Active,,0.0018700261,Low,0.0060802074,Pitch: additional seats,Healthy — no action needed
A000259,O000972,Hale-Williams,Mid-Market,52769,2023-11-11 20:32:52.124833,S000259,Growth,3820.89,Monthly,2023-11-11 20:32:52.124833,,Active,,0.0008916308,Low,0.004364516,Pitch: additional seats,Healthy — no action needed
A000260,O000976,Jackson Inc,SMB,4150,2025-02-05 09:24:39.499310,S000260,Starter,297.97,Monthly,2025-02-05 09:24:39.499310,,Active,,0.0022853198,Low,0.0047529167,Pitch: upgrade tier / deeper feature access,Healthy — no action needed
A000261,O000977,Howard-Robinson,SMB,1524,2026-04-20 08:49:31.281746,S000261,Starter,200.0,Monthly,2026-04-20 08:49:31.281746,,Active,,0.003172793,Low,0.0047529167,Pitch: additional seats,Healthy — no action needed
A000262,O000979,Ramos Inc,Mid-Market,53133,2026-08-18 23:53:06.994764,S000262,Growth,4976.71,Annual,2026-08-18 23:53:06.994764,2027-08-18 23:53:06.994764,Active,,0.0016142497,Low,0.032284785,Pitch: upgrade tier / deeper feature access,Healthy — no action needed
A000263,O000985,Smith-Lewis,Mid-Market,20042,2023-11-19 21:04:26.399543,S000263,Growth,1761.22,Annual,2023-11-19 21:04:26.399543,2024-11-18 21:04:26.399543,Active,,0.0011469251,Low,0.0016438147,Pitch: upgrade tier / deeper feature access,Healthy — no action needed
A000264,O000986,Turner-George,SMB,8714,2025-10-21 01:49:17.847300,S000264,Starter,659.42,Monthly,2025-10-21 01:49:17.847300,,Active,,0.0016968522,Low,0.001976292,Pitch: upgrade tier / deeper feature access,Healthy — no action needed
A000265,O000987,King Inc,Mid-Market,20800,2025-12-17 04:31:55.085208,S000265,Growth,1892.49,Monthly,2025-12-17 04:31:55.085208,,Active,,0.0014990489,Low,0.0017999619,Pitch: upgrade tier / deeper feature access,Healthy — no action needed
A000266,O000990,Smith-Barr,Mid-Market,18200,2025-06-05 12:18:42.377175,S000266,Growth,1574.06,Monthly,2025-06-05 12:18:42.377175,,Churned,2026-01-01 12:18:42.377175,,,,,Already churned
A000267,O000996,Thompson-Wright,SMB,2290,2026-01-17 22:23:27.059424,S000267,Starter,200.0,Annual,2026-01-17 22:23:27.059424,2027-01-17 22:23:27.059424,Active,,0.31151477,Medium,0.0017999619,Pitch: additional seats,Flag for CSM outreach
A000268,O000998,Gray-Ruiz,Mid-Market,26431,2026-07-13 23:37:18.998300,S000268,Growth,2521.43,Annual,2026-07-13 23:37:18.998300,2027-07-13 23:37:18.998300,Active,,0.0016197028,Low,0.41833988,Pitch: upgrade tier / deeper feature access,Healthy — no action needed
A000269,O001000,Blake LLC,SMB,14039,2024-12-13 11:06:07.968070,S000269,Starter,1092.98,Annual,2024-12-13 11:06:07.968070,2025-12-13 11:06:07.968070,Active,,0.0008118532,Low,0.0017999619,Pitch: upgrade tier / deeper feature access,Healthy — no action needed
A000270,O001001,"Medina, Tran and Thompson",SMB,10960,2025-10-06 06:15:18.471085,S000270,Starter,838.76,Monthly,2025-10-06 06:15:18.471085,,Active,,0.0020569782,Low,0.9965318,Pitch: upgrade tier / deeper feature access,Route to expansion play
A000271,O001005,Ortiz Inc,Mid-Market,25199,2026-03-16 16:18:48.068650,S000271,Growth,2147.61,Annual,2026-03-16 16:18:48.068650,2027-03-16 16:18:48.068650,Active,,0.0016422425,Low,0.0036032419,Pitch: additional seats,Healthy — no action needed
A000272,O001007,"Richardson, Brown and Cruz",Mid-Market,19109,2025-10-03 23:41:16.428124,S000272,Growth,1557.87,Monthly,2025-10-03 23:41:16.428124,,Active,,0.0032881706,Low,0.0015772412,Pitch: upgrade tier / deeper feature access,Healthy — no action needed
A000273,O001013,Woods Ltd,SMB,6597,2025-04-10 06:02:09.401001,S000273,Starter,525.97,Annual,2025-04-10 06:02:09.401001,2026-04-10 06:02:09.401001,Churned,2026-03-06 06:02:09.401001,,,,,Already churned
A000274,O001030,"Richardson, Castaneda and Finley",Mid-Market,19955,2026-05-11 21:57:20.298947,S000274,Growth,1451.69,Monthly,2026-05-11 21:57:20.298947,,Active,,0.002817441,Low,0.00204118,Pitch: additional seats,Healthy — no action needed
A000275,O001034,Hood-Porter,SMB,7746,2025-06-13 18:05:40.553378,S000275,Starter,623.31,Annual,2025-06-13 18:05:40.553378,2026-06-13 18:05:40.553378,Active,,0.0016592281,Low,0.0020433997,Pitch: upgrade tier / deeper feature access,Healthy — no action needed
A000276,O001037,Ritter PLC,Mid-Market,38583,2025-09-27 11:55:41.455442,S000276,Growth,3441.81,Monthly,2025-09-27 11:55:41.455442,,Active,,0.0022983458,Low,0.017071165,Pitch: additional seats,Healthy — no action needed
A000277,O001038,"Acosta, Campbell and Leblanc",Mid-Market,25723,2025-04-06 19:56:02.777163,S000277,Growth,1966.65,Annual,2025-04-06 19:56:02.777163,2026-04-06 19:56:02.777163,Active,,0.0013847307,Low,0.0019476172,Pitch: upgrade tier / deeper feature access,Healthy — no action needed
A000278,O001039,Ellis-Martin,SMB,5112,2023-08-22 05:10:13.123059,S000278,Starter,375.26,Monthly,2023-08-22 05:10:13.123059,,Active,,0.002871583,Low,0.001946192,Pitch: upgrade tier / deeper feature access,Healthy — no action needed
A000279,O001048,"Lopez, Hess and Smith",SMB,6768,2023-08-31 22:43:03.419936,S000279,Starter,601.04,Monthly,2023-08-31 22:43:03.419936,,Churned,2025-01-22 22:43:03.419936,,,,,Already churned
A000280,O001049,Stone PLC,Mid-Market,21025,2026-06-10 11:23:02.760304,S000280,Growth,1672.62,Monthly,2026-06-10 11:23:02.760304,,Active,,0.0022906133,Low,0.0017378854,Pitch: upgrade tier / deeper feature access,Healthy — no action needed
A000281,O001051,Sheppard Inc,Mid-Market,18922,2026-05-21 03:58:21.919510,S000281,Growth,1623.74,Monthly,2026-05-21 03:58:21.919510,,Active,,0.0016197028,Low,0.99875724,Pitch: upgrade tier / deeper feature access,Route to expansion play
A000282,O001056,Turner PLC,Mid-Market,16858,2026-05-17 06:06:02.413006,S000282,Growth,1234.29,Annual,2026-05-17 06:06:02.413006,2027-05-17 06:06:02.413006,Churned,2026-08-15 06:06:02.413006,,,,,Already churned
A000283,O001071,"Faulkner, Schmidt and Wheeler",Mid-Market,59507,2026-08-30 10:18:04.861587,S000283,Growth,4337.08,Annual,2026-08-30 10:18:04.861587,2027-08-30 10:18:04.861587,Active,,0.0016142497,Low,0.035150427,Pitch: upgrade tier / deeper feature access,Healthy — no action needed
A000284,O001093,Jordan-Harper,Mid-Market,50709,2024-12-18 01:12:28.491866,S000284,Growth,4409.2,Annual,2024-12-18 01:12:28.491866,2025-12-18 01:12:28.491866,Active,,0.0014316229,Low,0.010929644,Pitch: additional seats,Healthy — no action needed
A000285,O001102,Wright-Jacobson,Mid-Market,42200,2024-12-04 20:23:02.057202,S000285,Growth,3103.39,Annual,2024-12-04 20:23:02.057202,2025-12-04 20:23:02.057202,Churned,2026-02-27 20:23:02.057202,,,,,Already churned
A000286,O001122,Adams-Perkins,SMB,2384,2023-11-29 11:05:02.199267,S000286,Starter,205.02,Annual,2023-11-29 11:05:02.199267,2024-11-28 11:05:02.199267,Churned,2024-04-27 11:05:02.199267,,,,,Already churned
A000287,O001123,Roth Ltd,Mid-Market,56711,2026-05-06 12:44:54.956477,S000287,Growth,5104.97,Monthly,2026-05-06 12:44:54.956477,,Active,,0.003546512,Low,0.012501256,Pitch: additional seats,Healthy — no action needed
A000288,O001124,Ramsey and Sons,Mid-Market,21581,2023-05-20 19:41:52.995505,S000288,Growth,1908.74,Annual,2023-05-20 19:41:52.995505,2024-05-19 19:41:52.995505,Active,,0.0021443397,Low,0.99703,Pitch: additional seats,Route to expansion play
A000289,O001127,Daniels LLC,SMB,6471,2025-07-28 10:21:41.320081,S000289,Starter,564.11,Annual,2025-07-28 10:21:41.320081,2026-07-28 10:21:41.320081,Active,,0.001954664,Low,0.0018514073,Pitch: upgrade tier / deeper feature access,Healthy — no action needed
A000290,O001128,Ochoa-Parker,SMB,5006,2024-04-19 04:14:34.338618,S000290,Starter,437.39,Annual,2024-04-19 04:14:34.338618,2025-04-19 04:14:34.338618,Active,,0.0028734377,Low,0.0019342031,Pitch: upgrade tier / deeper feature access,Healthy — no action needed
A000291,O001133,Jones-Cook,SMB,2730,2024-11-15 13:57:45.491399,S000291,Starter,246.14,Monthly,2024-11-15 13:57:45.491399,,Active,,0.0026423878,Low,0.0047529167,Pitch: additional seats,Healthy — no action needed
A000292,O001135,Moreno-Greene,SMB,9723,2024-05-24 22:54:39.154021,S000292,Starter,697.95,Monthly,2024-05-24 22:54:39.154021,,Active,,0.0012060847,Low,0.9965318,Pitch: upgrade tier / deeper feature access,Route to expansion play
A000293,O001139,Reyes PLC,SMB,10754,2025-08-06 19:43:34.854113,S000293,Starter,904.29,Annual,2025-08-06 19:43:34.854113,2026-08-06 19:43:34.854113,Active,,0.0008993813,Low,0.0019142821,Pitch: upgrade tier / deeper feature access,Healthy — no action needed
A000294,O001145,Johnson LLC,Mid-Market,44619,2023-08-19 08:20:32.870369,S000294,Growth,4055.0,Annual,2023-08-19 08:20:32.870369,2024-08-18 08:20:32.870369,Active,,0.0018089726,Low,0.006309125,Pitch: upgrade tier / deeper feature access,Healthy — no action needed
A000295,O001154,Morrison-Bradford,SMB,14340,2024-05-13 06:50:45.602672,S000295,Starter,1023.14,Monthly,2024-05-13 06:50:45.602672,,Active,,0.001180788,Low,0.9975957,Pitch: upgrade tier / deeper feature access,Route to expansion play
A000296,O001159,Benjamin-Porter,Mid-Market,42283,2024-09-19 07:24:30.474016,S000296,Growth,3668.78,Annual,2024-09-19 07:24:30.474016,2025-09-19 07:24:30.474016,Active,,0.0027268804,Low,0.002898853,Pitch: upgrade tier / deeper feature access,Healthy — no action needed
A000297,O001164,"Black, Chandler and Curtis",SMB,9913,2024-09-27 01:54:19.301480,S000297,Starter,914.02,Annual,2024-09-27 01:54:19.301480,2025-09-27 01:54:19.301480,Active,,0.0013682833,Low,0.0018653522,Pitch: upgrade tier / deeper feature access,Healthy — no action needed
A000298,O001174,Gonzalez-Murphy,Mid-Market,39277,2025-11-14 07:59:55.667031,S000298,Growth,2858.63,Annual,2025-11-14 07:59:55.667031,2026-11-14 07:59:55.667031,Active,,0.0016378243,Low,0.0028625545,Pitch: upgrade tier / deeper feature access,Healthy — no action needed
A000299,O001187,Harding-Mathews,Mid-Market,50074,2023-10-16 10:59:05.470511,S000299,Growth,4325.61,Monthly,2023-10-16 10:59:05.470511,,Active,,0.001937164,Low,0.9967981,Pitch: additional seats,Route to expansion play
A000300,O001192,Banks PLC,SMB,8127,2024-03-03 12:30:22.938793,S000300,Starter,642.44,Monthly,2024-03-03 12:30:22.938793,,Active,,0.00243848,Low,0.0019969237,Pitch: additional seats,Healthy — no action needed
A000301,O001205,Barber Group,Mid-Market,19713,2025-12-03 14:57:03.809388,S000301,Growth,1464.23,Monthly,2025-12-03 14:57:03.809388,,Active,,0.0023504281,Low,0.9987035,Pitch: additional seats,Route to expansion play
A000302,O001208,Schultz-Hayes,SMB,9515,2024-02-14 19:49:25.267728,S000302,Starter,837.9,Monthly,2024-02-14 19:49:25.267728,,Active,,0.0022673556,Low,0.9965318,Pitch: upgrade tier / deeper feature access,Route to expansion play
A000303,O001209,White Inc,SMB,8692,2026-02-21 15:21:24.036395,S000303,Starter,803.99,Annual,2026-02-21 15:21:24.036395,2027-02-21 15:21:24.036395,Active,,0.00203388,Low,0.0019213832,Pitch: additional seats,Healthy — no action needed
A000304,O001210,"Bond, Wilson and Cooper",SMB,13537,2026-07-05 20:36:37.396110,S000304,Starter,1262.73,Monthly,2026-07-05 20:36:37.396110,,Active,,0.0018260421,Low,0.0076449225,Pitch: upgrade tier / deeper feature access,Healthy — no action needed
A000305,O001218,"Murphy, Marshall and Pope",Mid-Market,22880,2024-01-22 09:29:52.859825,S000305,Growth,2152.54,Annual,2024-01-22 09:29:52.859825,2025-01-21 09:29:52.859825,Active,,0.0022174602,Low,0.0016298124,Pitch: upgrade tier / deeper feature access,Healthy — no action needed
A000306,O001225,"Travis, Buck and Mitchell",SMB,10117,2026-01-27 16:25:12.504725,S000306,Starter,968.13,Annual,2026-01-27 16:25:12.504725,2027-01-27 16:25:12.504725,Active,,0.000861925,Low,0.0047529167,Pitch: additional seats,Healthy — no action needed
A000307,O001238,"Snyder, Hamilton and Maldonado",SMB,9545,2023-08-04 21:39:47.998958,S000307,Starter,755.09,Monthly,2023-08-04 21:39:47.998958,,Active,,0.0014611885,Low,0.0018514073,Pitch: upgrade tier / deeper feature access,Healthy — no action needed
A000308,O001239,"Wright, Rodriguez and Wilson",Mid-Market,45211,2026-06-25 02:38:12.700742,S000308,Growth,4084.2,Monthly,2026-06-25 02:38:12.700742,,Active,,0.002648617,Low,0.0053725145,Pitch: upgrade tier / deeper feature access,Healthy — no action needed
A000309,O001240,Johnston and Sons,Mid-Market,15626,2026-05-17 20:28:54.230694,S000309,Growth,1370.54,Annual,2026-05-17 20:28:54.230694,2027-05-17 20:28:54.230694,Active,,0.00076493795,Low,0.0017623259,Pitch: additional seats,Healthy — no action needed
A000310,O001247,Carey LLC,SMB,2100,2023-12-28 20:20:12.563343,S000310,Starter,200.0,Annual,2023-12-28 20:20:12.563343,2024-12-27 20:20:12.563343,Active,,0.0038025826,Low,0.0019213832,Pitch: additional seats,Healthy — no action needed
A000311,O001248,"Smith, Irwin and Chase",SMB,5160,2024-10-30 23:57:56.898325,S000311,Starter,396.85,Monthly,2024-10-30 23:57:56.898325,,Active,,0.0010448846,Low,0.0018196953,Pitch: upgrade tier / deeper feature access,Healthy — no action needed
A000312,O001255,"Moore, Miller and Nelson",Mid-Market,26270,2024-07-16 11:33:31.480933,S000312,Growth,1918.75,Annual,2024-07-16 11:33:31.480933,2025-07-16 11:33:31.480933,Active,,0.001411781,Low,0.0020085617,Pitch: upgrade tier / deeper feature access,Healthy — no action needed
A000313,O001261,Martinez-Daniels,Mid-Market,34401,2025-08-29 06:53:07.764550,S000313,Growth,3018.34,Monthly,2025-08-29 06:53:07.764550,,Active,,0.0017409298,Low,0.9967981,Pitch: additional seats,Route to expansion play
A000314,O001265,Shaffer PLC,Mid-Market,27340,2024-07-10 01:52:16.460051,S000314,Growth,2120.49,Monthly,2024-07-10 01:52:16.460051,,Active,,0.0022479563,Low,0.005064598,Pitch: upgrade tier / deeper feature access,Healthy — no action needed
A000315,O001272,"White, Erickson and Hunter",Enterprise,157175,2024-09-13 19:01:22.219931,S000315,Enterprise,13404.8,Monthly,2024-09-13 19:01:22.219931,,Churned,2025-06-10 19:01:22.219931,,,,,Already churned
A000316,O001273,"Bailey, Williamson and Powell",Mid-Market,28351,2026-01-18 02:32:11.287035,S000316,Growth,2319.3,Annual,2026-01-18 02:32:11.287035,2027-01-18 02:32:11.287035,Active,,0.0011461781,Low,0.00930105,Pitch: additional seats,Healthy — no action needed
A000317,O001275,Johnson Ltd,Mid-Market,32968,2025-09-08 09:01:57.998095,S000317,Growth,2635.61,Annual,2025-09-08 09:01:57.998095,2026-09-08 09:01:57.998095,Active,,0.0023865474,Low,0.007497051,Pitch: upgrade tier / deeper feature access,Healthy — no action needed
A000318,O001276,Cervantes-Stokes,Mid-Market,43661,2025-09-03 17:28:59.270233,S000318,Growth,4090.47,Annual,2025-09-03 17:28:59.270233,2026-09-03 17:28:59.270233,Active,,0.0021353136,Low,0.9967981,Pitch: additional seats,Route to expansion play
A000319,O001284,Taylor PLC,Mid-Market,32246,2024-12-25 23:30:08.427563,S000319,Growth,2565.79,Annual,2024-12-25 23:30:08.427563,2025-12-25 23:30:08.427563,Active,,0.003297026,Low,0.0026220318,Pitch: upgrade tier / deeper feature access,Healthy — no action needed
A000320,O001286,George-Salazar,SMB,11414,2024-02-29 12:51:16.706660,S000320,Starter,908.44,Annual,2024-02-29 12:51:16.706660,2025-02-28 12:51:16.706660,Active,,0.0014889621,Low,0.0018411244,Pitch: upgrade tier / deeper feature access,Healthy — no action needed
A000321,O001287,Johnson PLC,SMB,3761,2026-06-17 21:06:55.709198,S000321,Starter,267.18,Annual,2026-06-17 21:06:55.709198,2027-06-17 21:06:55.709198,Active,,0.9295655,High,0.0019213832,Pitch: upgrade tier / deeper feature access,Flag for CSM outreach
A000322,O001295,"Sanchez, Orozco and Flores",SMB,7210,2026-08-05 18:26:49.275841,S000322,Starter,646.57,Annual,2026-08-05 18:26:49.275841,2027-08-05 18:26:49.275841,Active,,0.0016575718,Low,0.0076449225,Pitch: upgrade tier / deeper feature access,Healthy — no action needed
A000323,O001300,Johnson and Sons,Mid-Market,32099,2024-03-27 04:50:10.909400,S000323,Growth,2762.84,Monthly,2024-03-27 04:50:10.909400,,Churned,2024-10-23 04:50:10.909400,,,,,Already churned
A000324,O001304,Livingston-Solomon,Mid-Market,36858,2023-06-14 05:45:26.990948,S000324,Growth,3114.73,Annual,2023-06-14 05:45:26.990948,2024-06-13 05:45:26.990948,Active,,0.002363631,Low,0.006865335,Pitch: upgrade tier / deeper feature access,Healthy — no action needed
A000325,O001305,"Robinson, Johnson and Swanson",Mid-Market,40662,2025-04-28 00:02:07.398818,S000325,Growth,3756.47,Annual,2025-04-28 00:02:07.398818,2026-04-28 00:02:07.398818,Active,,0.0022081272,Low,0.0055300696,Pitch: additional seats,Healthy — no action needed
A000326,O001306,Marsh-Tapia,SMB,3882,2025-11-03 19:42:18.184777,S000326,Starter,279.58,Annual,2025-11-03 19:42:18.184777,2026-11-03 19:42:18.184777,Active,,0.0021627655,Low,0.001976292,Pitch: upgrade tier / deeper feature access,Healthy — no action needed
A000327,O001310,"Edwards, Brown and White",SMB,6503,2025-07-01 05:29:40.326934,S000327,Starter,538.28,Annual,2025-07-01 05:29:40.326934,2026-07-01 05:29:40.326934,Active,,0.0013615082,Low,0.9965318,Pitch: upgrade tier / deeper feature access,Route to expansion play
A000328,O001318,Benjamin and Sons,Mid-Market,30151,2026-06-22 21:47:40.982032,S000328,Growth,2706.23,Annual,2026-06-22 21:47:40.982032,2027-06-22 21:47:40.982032,Active,,0.0016142497,Low,0.011125621,Pitch: additional seats,Healthy — no action needed
A000329,O001322,Newton-Martinez,Mid-Market,34540,2023-09-27 18:52:38.846093,S000329,Growth,2722.09,Monthly,2023-09-27 18:52:38.846093,,Active,,0.001162117,Low,0.0027311137,Pitch: upgrade tier / deeper feature access,Healthy — no action needed
A000330,O001323,Bass Inc,Mid-Market,44650,2026-07-11 19:31:18.297216,S000330,Growth,3800.11,Annual,2026-07-11 19:31:18.297216,2027-07-11 19:31:18.297216,Active,,0.0016197028,Low,0.16968851,Pitch: upgrade tier / deeper feature access,Healthy — no action needed
A000331,O001324,"Jackson, Jones and Robertson",SMB,10048,2025-11-28 16:46:12.130187,S000331,Starter,894.85,Monthly,2025-11-28 16:46:12.130187,,Active,,0.0012028579,Low,0.0019873912,Pitch: upgrade tier / deeper feature access,Healthy — no action needed
A000332,O001328,"Banks, Gray and Gonzales",SMB,6700,2025-06-14 03:34:08.851583,S000332,Starter,533.9,Monthly,2025-06-14 03:34:08.851583,,Active,,0.001804419,Low,0.0020433997,Pitch: upgrade tier / deeper feature access,Healthy — no action needed
A000333,O001331,Davis PLC,SMB,5652,2023-09-09 14:43:27.808925,S000333,Starter,485.99,Monthly,2023-09-09 14:43:27.808925,,Active,,0.003832926,Low,0.0019213832,Pitch: upgrade tier / deeper feature access,Healthy — no action needed
A000334,O001336,Hamilton Ltd,Mid-Market,35185,2023-09-01 16:40:29.430653,S000334,Growth,3155.24,Annual,2023-09-01 16:40:29.430653,2024-08-31 16:40:29.430653,Active,,0.0012302025,Low,0.9967981,Pitch: additional seats,Route to expansion play
A000335,O001340,Henry PLC,SMB,8411,2025-10-06 11:40:46.930084,S000335,Starter,652.77,Monthly,2025-10-06 11:40:46.930084,,Churned,2026-03-05 11:40:46.930084,,,,,Already churned
A000336,O001345,"Wilson, Terry and Bush",SMB,11518,2025-11-17 13:45:26.655073,S000336,Starter,1075.09,Annual,2025-11-17 13:45:26.655073,2026-11-17 13:45:26.655073,Churned,2026-04-16 13:45:26.655073,,,,,Already churned
A000337,O001355,"Warner, Oconnor and Smith",SMB,10424,2025-12-07 06:06:59.751687,S000337,Starter,789.8,Annual,2025-12-07 06:06:59.751687,2026-12-07 06:06:59.751687,Active,,0.002584432,Low,0.0019213832,Pitch: upgrade tier / deeper feature access,Healthy — no action needed
A000338,O001360,Hoffman-Webb,Mid-Market,34397,2025-08-27 22:04:54.122865,S000338,Growth,2604.1,Annual,2025-08-27 22:04:54.122865,2026-08-27 22:04:54.122865,Active,,0.0032331776,Low,0.0047455626,Pitch: additional seats,Healthy — no action needed
A000339,O001363,"Klein, Chavez and Lane",Enterprise,69212,2025-10-25 03:41:33.427293,S000339,Enterprise,6249.88,Monthly,2025-10-25 03:41:33.427293,,Active,,0.0016378243,Low,0.003649283,Pitch: additional seats,Healthy — no action needed
A000340,O001376,Hernandez Inc,SMB,9252,2025-01-06 09:49:22.429417,S000340,Starter,693.24,Annual,2025-01-06 09:49:22.429417,2026-01-06 09:49:22.429417,Active,,0.0012900549,Low,0.0017999619,Pitch: additional seats,Healthy — no action needed
A000341,O001384,"Stewart, Miller and Jacobs",SMB,8514,2025-09-02 01:54:37.043099,S000341,Starter,766.41,Monthly,2025-09-02 01:54:37.043099,,Active,,0.002042305,Low,0.0062038847,Pitch: upgrade tier / deeper feature access,Healthy — no action needed
A000342,O001394,Wang Inc,Mid-Market,27781,2024-03-14 03:26:31.410064,S000342,Growth,2592.21,Monthly,2024-03-14 03:26:31.410064,,Active,,0.00063694775,Low,0.9972796,Pitch: additional seats,Route to expansion play
A000343,O001410,"Morales, Johnson and Hunt",Mid-Market,17539,2026-03-11 09:33:17.094044,S000343,Growth,1349.97,Annual,2026-03-11 09:33:17.094044,2027-03-11 09:33:17.094044,Active,,0.0022983458,Low,0.9987035,Pitch: upgrade tier / deeper feature access,Route to expansion play
A000344,O001418,"Flowers, Marshall and Miller",SMB,11626,2023-09-12 19:00:13.025530,S000344,Starter,984.08,Monthly,2023-09-12 19:00:13.025530,,Active,,0.0022329926,Low,0.0019213832,Pitch: upgrade tier / deeper feature access,Healthy — no action needed
A000345,O001420,"Hunter, Parks and Smith",Mid-Market,56461,2024-07-24 22:07:40.292710,S000345,Growth,4345.22,Monthly,2024-07-24 22:07:40.292710,,Churned,2025-02-19 22:07:40.292710,,,,,Already churned
A000346,O001421,"Choi, Morales and Wise",SMB,8481,2025-02-16 20:35:11.180501,S000346,Starter,700.36,Monthly,2025-02-16 20:35:11.180501,,Churned,2025-06-16 20:35:11.180501,,,,,Already churned
A000347,O001424,"Miller, Smith and Vaughan",SMB,4636,2025-02-12 09:14:51.921177,S000347,Starter,361.74,Annual,2025-02-12 09:14:51.921177,2026-02-12 09:14:51.921177,Churned,2026-02-07 09:14:51.921177,,,,,Already churned
A000348,O001425,"Brennan, Graham and Marshall",SMB,9173,2023-11-06 14:08:35.820766,S000348,Starter,741.43,Monthly,2023-11-06 14:08:35.820766,,Active,,0.002599182,Low,0.0065960614,Pitch: upgrade tier / deeper feature access,Healthy — no action needed
A000349,O001427,Evans-Johnson,SMB,9462,2025-08-21 10:23:15.492341,S000349,Starter,825.45,Annual,2025-08-21 10:23:15.492341,2026-08-21 10:23:15.492341,Active,,0.0020569782,Low,0.9965318,Pitch: upgrade tier / deeper feature access,Route to expansion play
A000350,O001429,Morales-White,SMB,12407,2024-07-19 21:48:29.692046,S000350,Starter,964.47,Annual,2024-07-19 21:48:29.692046,2025-07-19 21:48:29.692046,Churned,2025-04-15 21:48:29.692046,,,,,Already churned
A000351,O001432,Sandoval-Hill,Mid-Market,54143,2026-03-21 05:49:24.956840,S000351,Growth,4673.02,Annual,2026-03-21 05:49:24.956840,2027-03-21 05:49:24.956840,Active,,0.0025333466,Low,0.9967981,Pitch: additional seats,Route to expansion play
A000352,O001436,"Faulkner, Welch and Hoffman",SMB,5664,2023-07-05 11:17:09.680446,S000352,Starter,511.3,Monthly,2023-07-05 11:17:09.680446,,Churned,2024-05-30 11:17:09.680446,,,,,Already churned
A000353,O001439,"Mcdonald, Moore and Richards",Mid-Market,19142,2025-01-18 23:02:12.979700,S000353,Growth,1452.88,Monthly,2025-01-18 23:02:12.979700,,Active,,0.0035757225,Low,0.0021855617,Pitch: additional seats,Healthy — no action needed
A000354,O001442,Foster and Sons,SMB,3434,2026-09-10 02:57:06.530805,S000354,Starter,279.89,Annual,2026-09-10 02:57:06.530805,2027-09-10 02:57:06.530805,Active,,0.0048242062,Low,0.0076449225,Pitch: upgrade tier / deeper feature access,Healthy — no action needed
A000355,O001443,Duncan and Sons,SMB,4656,2026-06-18 06:23:33.310374,S000355,Starter,369.47,Monthly,2026-06-18 06:23:33.310374,,Active,,0.0025474739,Low,0.027612654,Pitch: additional seats,Healthy — no action needed
A000356,O001448,Bradshaw and Sons,Mid-Market,24102,2025-08-28 00:45:03.306014,S000356,Growth,1783.57,Annual,2025-08-28 00:45:03.306014,2026-08-28 00:45:03.306014,Active,,0.001162117,Low,0.008312044,Pitch: additional seats,Healthy — no action needed
A000357,O001452,Ellis Ltd,Mid-Market,59160,2023-09-02 15:06:22.543536,S000357,Growth,4992.42,Monthly,2023-09-02 15:06:22.543536,,Active,,0.0022174602,Low,0.003502761,Pitch: upgrade tier / deeper feature access,Healthy — no action needed
A000358,O001454,Kline and Sons,SMB,12532,2025-06-06 22:40:21.422068,S000358,Starter,1091.54,Annual,2025-06-06 22:40:21.422068,2026-06-06 22:40:21.422068,Churned,2025-10-04 22:40:21.422068,,,,,Already churned
A000359,O001458,Ware-Medina,Mid-Market,17899,2024-04-15 03:19:50.626620,S000359,Growth,1345.83,Monthly,2024-04-15 03:19:50.626620,,Active,,0.0008916308,Low,0.0018707375,Pitch: upgrade tier / deeper feature access,Healthy — no action needed
A000360,O001459,"Mack, Cox and Moran",Mid-Market,24633,2025-02-27 10:21:31.320096,S000360,Growth,2044.31,Monthly,2025-02-27 10:21:31.320096,,Active,,0.0016624002,Low,0.0052855588,Pitch: upgrade tier / deeper feature access,Healthy — no action needed
A000361,O001460,Thomas LLC,Mid-Market,25344,2024-05-31 10:35:37.276726,S000361,Growth,2186.34,Monthly,2024-05-31 10:35:37.276726,,Active,,0.0023504281,Low,0.9972796,Pitch: additional seats,Route to expansion play
A000362,O001463,Ellis Ltd,SMB,2730,2025-10-29 22:13:57.653023,S000362,Starter,208.41,Annual,2025-10-29 22:13:57.653023,2026-10-29 22:13:57.653023,Active,,0.9871889,High,0.0019213832,Pitch: additional seats,Flag for CSM outreach
A000363,O001466,"Cox, Carter and Duffy",Enterprise,71723,2025-08-27 23:42:19.119285,S000363,Enterprise,6685.28,Annual,2025-08-27 23:42:19.119285,2026-08-27 23:42:19.119285,Active,,0.0015132683,Low,0.004175426,Pitch: additional seats,Healthy — no action needed
A000364,O001485,"Larson, Butler and Barber",SMB,11735,2023-10-09 07:36:12.627463,S000364,Starter,961.63,Annual,2023-10-09 07:36:12.627463,2024-10-08 07:36:12.627463,Active,,0.002159361,Low,0.0062038847,Pitch: upgrade tier / deeper feature access,Healthy — no action needed
A000365,O001490,"Willis, Brown and Brown",SMB,13449,2023-09-11 17:44:51.325884,S000365,Starter,1206.17,Annual,2023-09-11 17:44:51.325884,2024-09-10 17:44:51.325884,Active,,0.0012152768,Low,0.0017999619,Pitch: additional seats,Healthy — no action needed
A000366,O001491,Rodriguez-Taylor,Mid-Market,46357,2023-11-17 18:57:38.292183,S000366,Growth,4042.41,Annual,2023-11-17 18:57:38.292183,2024-11-16 18:57:38.292183,Active,,0.0025099542,Low,0.0068401196,Pitch: upgrade tier / deeper feature access,Healthy — no action needed
A000367,O001494,Simmons-Shaffer,SMB,4906,2024-05-24 02:43:36.175362,S000367,Starter,453.21,Annual,2024-05-24 02:43:36.175362,2025-05-24 02:43:36.175362,Churned,2024-10-21 02:43:36.175362,,,,,Already churned
A000368,O001495,"Brooks, Knight and Forbes",SMB,10315,2025-05-13 12:06:09.618924,S000368,Starter,892.87,Annual,2025-05-13 12:06:09.618924,2026-05-13 12:06:09.618924,Active,,0.000861925,Low,0.0052462197,Pitch: upgrade tier / deeper feature access,Healthy — no action needed
A000369,O001497,"Jones, Davis and Grant",Mid-Market,36597,2025-09-15 17:03:19.293985,S000369,Growth,2889.54,Annual,2025-09-15 17:03:19.293985,2026-09-15 17:03:19.293985,Active,,0.0027892417,Low,0.0052848873,Pitch: additional seats,Healthy — no action needed
A000370,O001498,"Santos, Lee and Jones",Mid-Market,27851,2023-08-01 20:14:59.007459,S000370,Growth,2357.13,Annual,2023-08-01 20:14:59.007459,2024-07-31 20:14:59.007459,Active,,0.00094761816,Low,0.9972796,Pitch: additional seats,Route to expansion play
A000371,O001505,"Ramsey, Martinez and Sherman",Mid-Market,20263,2026-03-03 21:04:12.532059,S000371,Growth,1451.32,Monthly,2026-03-03 21:04:12.532059,,Active,,0.0026518926,Low,0.0036177335,Pitch: upgrade tier / deeper feature access,Healthy — no action needed
A000372,O001511,"Schneider, Price and Ruiz",Mid-Market,22251,2024-09-07 10:34:43.825824,S000372,Growth,1857.63,Monthly,2024-09-07 10:34:43.825824,,Active,,0.0012206081,Low,0.0015267885,Pitch: upgrade tier / deeper feature access,Healthy — no action needed
A000373,O001517,Johnson and Sons,Mid-Market,32163,2023-08-14 20:00:58.695614,S000373,Growth,2592.39,Monthly,2023-08-14 20:00:58.695614,,Active,,0.0008916308,Low,0.0028085248,Pitch: upgrade tier / deeper feature access,Healthy — no action needed
A000374,O001520,Rodriguez Group,Mid-Market,39125,2024-07-04 18:51:39.316565,S000374,Growth,3095.59,Monthly,2024-07-04 18:51:39.316565,,Churned,2025-06-29 18:51:39.316565,,,,,Already churned
A000375,O001528,Sanders Inc,Mid-Market,34830,2026-03-10 16:55:16.721676,S000375,Growth,3048.85,Annual,2026-03-10 16:55:16.721676,2027-03-10 16:55:16.721676,Active,,0.0007675242,Low,0.9967981,Pitch: additional seats,Route to expansion play
A000376,O001530,Rogers-Stafford,SMB,5905,2025-06-28 12:50:17.762631,S000376,Starter,441.77,Monthly,2025-06-28 12:50:17.762631,,Churned,2026-04-24 12:50:17.762631,,,,,Already churned
A000377,O001531,Peterson-Wiggins,Mid-Market,29074,2025-11-07 15:21:43.712303,S000377,Growth,2477.41,Annual,2025-11-07 15:21:43.712303,2026-11-07 15:21:43.712303,Active,,0.0013657204,Low,0.9972796,Pitch: additional seats,Route to expansion play
A000378,O001532,Oconnell and Sons,SMB,5927,2025-07-16 12:35:00.190559,S000378,Starter,557.08,Monthly,2025-07-16 12:35:00.190559,,Active,,0.0021627655,Low,0.013670588,Pitch: upgrade tier / deeper feature access,Healthy — no action needed
A000379,O001541,Griffith LLC,SMB,12412,2026-07-06 04:32:10.649802,S000379,Starter,1013.21,Annual,2026-07-06 04:32:10.649802,2027-07-06 04:32:10.649802,Active,,0.0024616146,Low,0.054551866,Pitch: upgrade tier / deeper feature access,Healthy — no action needed
A000380,O001551,"Huff, Bird and Miller",SMB,3188,2025-07-29 04:09:59.421125,S000380,Starter,267.62,Monthly,2025-07-29 04:09:59.421125,,Churned,2025-10-27 04:09:59.421125,,,,,Already churned
A000381,O001552,"Hamilton, Baker and Osborn",SMB,4173,2024-07-09 05:19:34.807911,S000381,Starter,338.95,Annual,2024-07-09 05:19:34.807911,2025-07-09 05:19:34.807911,Active,,0.0011648113,Low,0.9965318,Pitch: upgrade tier / deeper feature access,Route to expansion play
A000382,O001554,"White, Mccoy and Murphy",Mid-Market,53183,2023-06-29 15:34:46.529813,S000382,Growth,4005.39,Annual,2023-06-29 15:34:46.529813,2024-06-28 15:34:46.529813,Active,,0.0021929396,Low,0.008602154,Pitch: additional seats,Healthy — no action needed
A000383,O001555,"Bryant, Macdonald and Howard",SMB,9944,2025-01-05 12:51:27.458638,S000383,Starter,905.2,Annual,2025-01-05 12:51:27.458638,2026-01-05 12:51:27.458638,Active,,0.0029045674,Low,0.0019213832,Pitch: additional seats,Healthy — no action needed
A000384,O001556,"Cooper, Beltran and Wright",SMB,3572,2024-02-27 11:08:13.358699,S000384,Starter,317.44,Monthly,2024-02-27 11:08:13.358699,,Active,,0.0037155699,Low,0.0018653522,Pitch: additional seats,Healthy — no action needed
A000385,O001557,Hansen PLC,SMB,12062,2026-08-31 14:44:10.112290,S000385,Starter,953.4,Annual,2026-08-31 14:44:10.112290,2027-08-31 14:44:10.112290,Active,,0.0039340095,Low,0.0076449225,Pitch: upgrade tier / deeper feature access,Healthy — no action needed
A000386,O001563,"Melendez, Alvarado and Phelps",SMB,7255,2024-11-13 09:44:06.884110,S000386,Starter,685.7,Monthly,2024-11-13 09:44:06.884110,,Churned,2025-03-13 09:44:06.884110,,,,,Already churned
A000387,O001566,Mathews Group,Mid-Market,23365,2024-07-24 06:17:50.827341,S000387,Growth,1807.87,Monthly,2024-07-24 06:17:50.827341,,Active,,0.0022174602,Low,0.0021346686,Pitch: additional seats,Healthy — no action needed
A000388,O001568,Rubio and Sons,Mid-Market,17564,2024-07-15 07:21:15.952279,S000388,Growth,1314.8,Annual,2024-07-15 07:21:15.952279,2025-07-15 07:21:15.952279,Active,,0.002003234,Low,0.0019213832,Pitch: additional seats,Healthy — no action needed
A000389,O001581,"Smith, Murphy and Torres",Mid-Market,36208,2024-11-19 13:32:05.391303,S000389,Growth,3027.88,Monthly,2024-11-19 13:32:05.391303,,Active,,0.0009582274,Low,0.0039379294,Pitch: additional seats,Healthy — no action needed
A000390,O001582,Fields Group,SMB,13913,2024-01-21 03:51:45.792369,S000390,Starter,1279.83,Annual,2024-01-21 03:51:45.792369,2025-01-20 03:51:45.792369,Active,,0.0017399141,Low,0.0019213832,Pitch: upgrade tier / deeper feature access,Healthy — no action needed
A000391,O001584,Wiggins and Sons,SMB,7179,2026-05-16 22:54:24.815982,S000391,Starter,522.25,Monthly,2026-05-16 22:54:24.815982,,Active,,0.70550764,High,0.0017999619,Pitch: upgrade tier / deeper feature access,Flag for CSM outreach
A000392,O001594,"Adkins, Duncan and Thompson",SMB,11424,2025-04-22 20:33:25.972152,S000392,Starter,1086.67,Annual,2025-04-22 20:33:25.972152,2026-04-22 20:33:25.972152,Churned,2026-01-17 20:33:25.972152,,,,,Already churned
A000393,O001595,Rasmussen Group,Mid-Market,42059,2023-06-10 16:37:36.257747,S000393,Growth,3308.74,Annual,2023-06-10 16:37:36.257747,2024-06-09 16:37:36.257747,Active,,0.0021929396,Low,0.006865335,Pitch: upgrade tier / deeper feature access,Healthy — no action needed
A000394,O001598,Hicks Ltd,SMB,7119,2026-05-16 03:09:26.646359,S000394,Starter,505.54,Annual,2026-05-16 03:09:26.646359,2027-05-16 03:09:26.646359,Active,,0.0027432642,Low,0.0020487509,Pitch: additional seats,Healthy — no action needed
A000395,O001601,Joyce-Benitez,SMB,4677,2023-05-17 20:20:40.521093,S000395,Starter,420.67,Annual,2023-05-17 20:20:40.521093,2024-05-16 20:20:40.521093,Active,,0.002666858,Low,0.0047529167,Pitch: upgrade tier / deeper feature access,Healthy — no action needed
A000396,O001604,Becker-Mckinney,Mid-Market,31493,2025-01-04 07:53:19.605250,S000396,Growth,2904.67,Annual,2025-01-04 07:53:19.605250,2026-01-04 07:53:19.605250,Churned,2025-05-04 07:53:19.605250,,,,,Already churned
A000397,O001613,Peterson LLC,SMB,4652,2023-04-30 11:22:40.937644,S000397,Starter,0.0,Annual,2023-04-30 11:22:40.937644,2024-04-29 11:22:40.937644,Active,,0.0029140383,Low,0.9965318,Pitch: upgrade tier / deeper feature access,Route to expansion play
A000398,O001621,Thomas-Rodriguez,Mid-Market,22121,2026-08-21 17:08:39.014009,S000398,Growth,1655.52,Annual,2026-08-21 17:08:39.014009,2027-08-21 17:08:39.014009,Active,,0.0016142497,Low,0.0076449225,Pitch: upgrade tier / deeper feature access,Healthy — no action needed
A000399,O001622,"Chavez, Conway and Sosa",SMB,4415,2024-01-23 06:14:29.313286,S000399,Starter,380.3,Monthly,2024-01-23 06:14:29.313286,,Active,,0.0026966636,Low,0.0017999619,Pitch: upgrade tier / deeper feature access,Healthy — no action needed
A000400,O001629,Nixon LLC,Mid-Market,31252,2025-05-07 06:22:33.687845,S000400,Growth,2925.08,Annual,2025-05-07 06:22:33.687845,2026-05-07 06:22:33.687845,Active,,0.0009582274,Low,0.002829657,Pitch: upgrade tier / deeper feature access,Healthy — no action needed
A000401,O001631,Lee-Ramirez,Mid-Market,20144,2025-02-04 22:12:34.474151,S000401,Growth,1892.84,Annual,2025-02-04 22:12:34.474151,2026-02-04 22:12:34.474151,Churned,2025-05-05 22:12:34.474151,,,,,Already churned
A000402,O001633,Navarro Inc,SMB,5195,2025-03-14 05:08:56.129871,S000402,Starter,-50.0,Annual,2025-03-14 05:08:56.129871,2026-03-14 05:08:56.129871,Active,,0.0024500322,Low,0.0019741452,Pitch: upgrade tier / deeper feature access,Healthy — no action needed
A000403,O001634,Terry-Rogers,SMB,10256,2024-06-05 13:06:51.136484,S000403,Starter,948.46,Annual,2024-06-05 13:06:51.136484,2025-06-05 13:06:51.136484,Active,,0.001465131,Low,0.0017999619,Pitch: additional seats,Healthy — no action needed
A000404,O001639,"Marks, Hartman and Rodriguez",Mid-Market,19011,2026-04-13 20:08:53.831013,S000404,Growth,1382.07,Annual,2026-04-13 20:08:53.831013,2027-04-13 20:08:53.831013,Active,,0.0026305427,Low,0.0035546029,Pitch: additional seats,Healthy — no action needed
A000405,O001641,"Lee, Roth and Erickson",SMB,9169,2024-05-11 08:18:03.941291,S000405,Starter,839.19,Monthly,2024-05-11 08:18:03.941291,,Active,,0.0008165509,Low,0.0050538373,Pitch: upgrade tier / deeper feature access,Healthy — no action needed
A000406,O001643,Lopez LLC,SMB,6554,2024-08-30 22:58:27.768821,S000406,Starter,513.51,Monthly,2024-08-30 22:58:27.768821,,Churned,2025-09-24 22:58:27.768821,,,,,Already churned
A000407,O001645,"Phillips, Gutierrez and Davidson",SMB,8630,2024-12-19 21:02:10.397444,S000407,Starter,771.04,Annual,2024-12-19 21:02:10.397444,2025-12-19 21:02:10.397444,Active,,0.0010005687,Low,0.0017999619,Pitch: upgrade tier / deeper feature access,Healthy — no action needed
A000408,O001646,"Allen, Smith and Zamora",SMB,2172,2025-08-19 22:37:56.742664,S000408,Starter,200.0,Monthly,2025-08-19 22:37:56.742664,,Active,,0.002630594,Low,0.0062038847,Pitch: upgrade tier / deeper feature access,Healthy — no action needed
A000409,O001647,"King, Webster and Brown",SMB,6437,2026-02-08 21:19:46.022460,S000409,Starter,483.51,Monthly,2026-02-08 21:19:46.022460,,Active,,0.003010013,Low,0.0062038847,Pitch: upgrade tier / deeper feature access,Healthy — no action needed
A000410,O001651,Barnes-Johnson,SMB,6947,2024-01-18 10:01:37.585535,S000410,Starter,660.82,Monthly,2024-01-18 10:01:37.585535,,Active,,0.0014443245,Low,0.0017999619,Pitch: additional seats,Healthy — no action needed
A000411,O001653,Gallegos-Nash,Mid-Market,26368,2026-01-22 09:02:29.169172,S000411,Growth,2201.41,Monthly,2026-01-22 09:02:29.169172,,Active,,0.0016197028,Low,0.9972796,Pitch: additional seats,Route to expansion play
A000412,O001657,Wood Group,Mid-Market,23582,2025-05-14 16:26:42.689779,S000412,Growth,1914.5,Monthly,2025-05-14 16:26:42.689779,,Active,,0.0022983458,Low,0.998398,Pitch: additional seats,Route to expansion play
A000413,O001662,Dixon-Davis,SMB,6849,2025-12-26 19:38:11.090122,S000413,Starter,535.39,Annual,2025-12-26 19:38:11.090122,2026-12-26 19:38:11.090122,Active,,0.004353244,Low,0.0017999619,Pitch: additional seats,Healthy — no action needed
A000414,O001663,"Adams, Cole and Waters",SMB,4800,2025-08-15 07:17:19.987888,S000414,Starter,362.32,Monthly,2025-08-15 07:17:19.987888,,Active,,0.0021388482,Low,0.9965318,Pitch: upgrade tier / deeper feature access,Route to expansion play
A000415,O001666,"Woods, Thomas and Decker",Mid-Market,21645,2024-08-25 13:51:24.883938,S000415,Growth,1652.14,Monthly,2024-08-25 13:51:24.883938,,Active,,0.00063694775,Low,0.998398,Pitch: upgrade tier / deeper feature access,Route to expansion play
A000416,O001671,Taylor Inc,SMB,3747,2025-01-29 07:17:02.100596,S000416,Starter,326.75,Monthly,2025-01-29 07:17:02.100596,,Active,,0.0017448945,Low,0.9965318,Pitch: upgrade tier / deeper feature access,Route to expansion play
A000417,O001673,Compton-Morgan,SMB,4709,2024-05-16 20:16:04.272448,S000417,Starter,389.84,Monthly,2024-05-16 20:16:04.272448,,Active,,0.0026966636,Low,0.0017999619,Pitch: additional seats,Healthy — no action needed
A000418,O001676,Allen Ltd,Mid-Market,40455,2026-01-22 04:07:38.949416,S000418,Growth,2936.17,Annual,2026-01-22 04:07:38.949416,2027-01-22 04:07:38.949416,Active,,0.02783871,Low,0.0031818408,Pitch: upgrade tier / deeper feature access,Healthy — no action needed
A000419,O001679,"Johnson, Perez and Henry",Mid-Market,18246,2024-04-07 14:31:57.317492,S000419,Growth,1722.13,Annual,2024-04-07 14:31:57.317492,2025-04-07 14:31:57.317492,Active,,0.00095147215,Low,0.0019566119,Pitch: additional seats,Healthy — no action needed
A000420,O001687,Turner Group,Mid-Market,20232,2024-10-30 15:13:55.659760,S000420,Growth,1840.32,Monthly,2024-10-30 15:13:55.659760,,Active,,0.00074038847,Low,0.9987035,Pitch: additional seats,Route to expansion play
A000421,O001688,"Carroll, Moore and Brown",SMB,2928,2026-09-03 17:15:41.293039,S000421,Starter,241.41,Annual,2026-09-03 17:15:41.293039,2027-09-03 17:15:41.293039,Active,,0.0048242062,Low,0.0076449225,Pitch: upgrade tier / deeper feature access,Healthy — no action needed
A000422,O001689,Martinez Ltd,SMB,4467,2023-12-21 15:25:47.125286,S000422,Starter,330.66,Annual,2023-12-21 15:25:47.125286,2024-12-20 15:25:47.125286,Active,,0.0024294818,Low,0.0017999619,Pitch: additional seats,Healthy — no action needed
A000423,O001690,Thompson-Rodriguez,SMB,3037,2025-08-19 11:07:16.620298,S000423,Starter,220.14,Annual,2025-08-19 11:07:16.620298,2026-08-19 11:07:16.620298,Active,,0.0013615082,Low,0.9965318,Pitch: upgrade tier / deeper feature access,Route to expansion play
A000424,O001694,Brown Ltd,Mid-Market,15849,2023-06-29 04:17:47.737255,S000424,Growth,1251.59,Monthly,2023-06-29 04:17:47.737255,,Churned,2023-12-26 04:17:47.737255,,,,,Already churned
A000425,O001695,Johnson-Jimenez,Mid-Market,24980,2026-05-17 15:43:07.022200,S000425,Growth,1933.12,Annual,2026-05-17 15:43:07.022200,2027-05-17 15:43:07.022200,Active,,0.0016142497,Low,0.014394292,Pitch: additional seats,Healthy — no action needed
A000426,O001698,"Nelson, Wiggins and Young",SMB,2511,2024-07-17 13:23:10.401553,S000426,Starter,236.08,Monthly,2024-07-17 13:23:10.401553,,Active,,0.0026814446,Low,0.0017999619,Pitch: upgrade tier / deeper feature access,Healthy — no action needed
A000427,O001702,"King, Taylor and Middleton",Mid-Market,28472,2026-01-14 07:40:13.539851,S000427,Growth,2491.18,Annual,2026-01-14 07:40:13.539851,2027-01-14 07:40:13.539851,Churned,2026-07-13 07:40:13.539851,,,,,Already churned
A000428,O001720,"Gould, Wilson and Martin",Mid-Market,20528,2026-04-30 16:02:51.435050,S000428,Growth,1530.17,Annual,2026-04-30 16:02:51.435050,2027-04-30 16:02:51.435050,Active,,0.012639026,Low,0.005293937,Pitch: upgrade tier / deeper feature access,Healthy — no action needed
A000429,O001735,Holt LLC,SMB,3717,2023-04-22 01:34:14.813344,S000429,Starter,309.02,Annual,2023-04-22 01:34:14.813344,2024-04-21 01:34:14.813344,Active,,0.0034606694,Low,0.0019213832,Pitch: upgrade tier / deeper feature access,Healthy — no action needed
A000430,O001741,Scott Inc,SMB,6179,2026-05-11 13:11:05.345103,S000430,Starter,455.1,Annual,2026-05-11 13:11:05.345103,2027-05-11 13:11:05.345103,Active,,0.18896091,Low,0.0017999619,Pitch: upgrade tier / deeper feature access,Healthy — no action needed
A000431,O001744,Edwards-Taylor,Mid-Market,43586,2026-06-28 15:03:37.299939,S000431,Growth,3394.8,Annual,2026-06-28 15:03:37.299939,2027-06-28 15:03:37.299939,Active,,0.0022983458,Low,0.9967981,Pitch: additional seats,Route to expansion play
A000432,O001746,Dunn LLC,Mid-Market,32419,2023-05-05 16:53:12.534833,S000432,Growth,2507.37,Monthly,2023-05-05 16:53:12.534833,,Active,,0.0008916308,Low,0.0033971143,Pitch: additional seats,Healthy — no action needed
A000433,O001748,Smith LLC,SMB,13589,2025-12-08 21:16:21.373659,S000433,Starter,1299.48,Monthly,2025-12-08 21:16:21.373659,,Active,,0.0022983458,Low,0.99663985,Pitch: upgrade tier / deeper feature access,Route to expansion play
A000434,O001752,Sanchez Group,SMB,4504,2024-09-03 06:27:17.943815,S000434,Starter,337.42,Monthly,2024-09-03 06:27:17.943815,,Active,,0.0015704287,Low,0.0017999619,Pitch: additional seats,Healthy — no action needed
A000435,O001753,Rodriguez-Allen,Mid-Market,26094,2024-07-28 14:36:28.989045,S000435,Growth,2319.62,Annual,2024-07-28 14:36:28.989045,2025-07-28 14:36:28.989045,Active,,0.0006440811,Low,0.0023414565,Pitch: additional seats,Healthy — no action needed
A000436,O001754,Hernandez-Beasley,SMB,4351,2026-05-01 16:50:37.816954,S000436,Starter,351.21,Annual,2026-05-01 16:50:37.816954,2027-05-01 16:50:37.816954,Active,,0.0013569231,Low,0.0017999619,Pitch: upgrade tier / deeper feature access,Healthy — no action needed
A000437,O001758,Edwards Group,Mid-Market,16731,2025-07-13 05:49:45.934541,S000437,Growth,1442.25,Annual,2025-07-13 05:49:45.934541,2026-07-13 05:49:45.934541,Active,,0.0013593878,Low,0.0018514073,Pitch: upgrade tier / deeper feature access,Healthy — no action needed
A000438,O001763,"Newman, George and Patrick",Mid-Market,15927,2024-04-24 17:50:23.529608,S000438,Growth,1211.91,Annual,2024-04-24 17:50:23.529608,2025-04-24 17:50:23.529608,Churned,2024-12-20 17:50:23.529608,,,,,Already churned
A000439,O001764,Hodges Inc,Mid-Market,32582,2024-01-26 02:31:07.409545,S000439,Growth,2713.83,Monthly,2024-01-26 02:31:07.409545,,Active,,0.0008916308,Low,0.0027305565,Pitch: upgrade tier / deeper feature access,Healthy — no action needed
A000440,O001772,Foley-Miranda,Mid-Market,21734,2026-05-01 01:48:11.728874,S000440,Growth,1550.04,Monthly,2026-05-01 01:48:11.728874,,Active,,0.31573832,Medium,0.0018921179,Pitch: upgrade tier / deeper feature access,Flag for CSM outreach
A000441,O001773,Bradford and Sons,Mid-Market,52922,2024-07-23 06:55:27.373886,S000441,Growth,4532.83,Annual,2024-07-23 06:55:27.373886,2025-07-23 06:55:27.373886,Active,,0.00088175817,Low,0.006309125,Pitch: upgrade tier / deeper feature access,Healthy — no action needed
A000442,O001774,Gibson Ltd,Mid-Market,28157,2024-01-22 04:44:27.482120,S000442,Growth,2008.71,Monthly,2024-01-22 04:44:27.482120,,Active,,0.0011469251,Low,0.0057450854,Pitch: additional seats,Healthy — no action needed
A000443,O001775,Reeves and Sons,SMB,4476,2023-11-27 04:13:34.192741,S000443,Starter,334.1,Annual,2023-11-27 04:13:34.192741,2024-11-26 04:13:34.192741,Active,,0.002651807,Low,0.0047529167,Pitch: additional seats,Healthy — no action needed
A000444,O001782,Weeks-Martin,Mid-Market,29778,2026-01-05 16:54:11.878225,S000444,Growth,2260.66,Monthly,2026-01-05 16:54:11.878225,,Churned,2026-07-04 16:54:11.878225,,,,,Already churned
A000445,O001783,Solis PLC,Enterprise,97219,2024-03-16 05:55:24.361741,S000445,Enterprise,8500.36,Annual,2024-03-16 05:55:24.361741,2025-03-16 05:55:24.361741,Active,,0.0021929396,Low,0.011899565,Pitch: additional seats,Healthy — no action needed
A000446,O001784,"Chandler, Knight and Jones",SMB,5122,2026-03-11 03:50:02.412211,S000446,Starter,420.91,Annual,2026-03-11 03:50:02.412211,2027-03-11 03:50:02.412211,Active,,0.18250073,Low,0.0017999619,Pitch: additional seats,Healthy — no action needed
A000447,O001796,Good-Cook,Enterprise,84229,2025-07-20 02:27:05.953551,S000447,Enterprise,5988.93,Annual,2025-07-20 02:27:05.953551,2026-07-20 02:27:05.953551,Active,,0.0022983458,Low,0.9967981,Pitch: additional seats,Route to expansion play
A000448,O001805,"Martin, Kennedy and Chavez",Enterprise,65372,2025-06-23 15:13:18.757849,S000448,Enterprise,-50.0,Monthly,2025-06-23 15:13:18.757849,,Active,,0.0030618939,Low,0.0032817351,Pitch: upgrade tier / deeper feature access,Healthy — no action needed
A000449,O001806,Randall LLC,SMB,8477,2026-01-17 08:00:39.894467,S000449,Starter,653.03,Annual,2026-01-17 08:00:39.894467,2027-01-17 08:00:39.894467,Churned,2026-04-17 08:00:39.894467,,,,,Already churned
A000450,O001809,"Parrish, White and Booth",Enterprise,89841,2026-04-25 06:14:37.805626,S000450,Enterprise,7755.23,Annual,2026-04-25 06:14:37.805626,2027-04-25 06:14:37.805626,Active,,0.023724232,Low,0.006150861,Pitch: upgrade tier / deeper feature access,Healthy — no action needed
A000451,O001816,Walker Group,Mid-Market,46641,2023-12-23 08:00:35.492154,S000451,Growth,4153.61,Annual,2023-12-23 08:00:35.492154,2024-12-22 08:00:35.492154,Active,,0.0011492529,Low,0.9967981,Pitch: additional seats,Route to expansion play
A000452,O001822,Martin-Simmons,Mid-Market,31535,2024-08-22 17:44:14.406576,S000452,Growth,2333.85,Monthly,2024-08-22 17:44:14.406576,,Active,,0.001344343,Low,0.006551497,Pitch: additional seats,Healthy — no action needed
A000453,O001826,Garcia-Hunt,Mid-Market,18856,2025-11-11 03:22:38.887137,S000453,Growth,1486.76,Annual,2025-11-11 03:22:38.887137,2026-11-11 03:22:38.887137,Active,,0.0016197028,Low,0.9987035,Pitch: additional seats,Route to expansion play
A000454,O001830,Duncan Inc,Mid-Market,27914,2024-09-11 09:37:26.843865,S000454,Growth,2128.93,Annual,2024-09-11 09:37:26.843865,2025-09-11 09:37:26.843865,Churned,2025-10-06 09:37:26.843865,,,,,Already churned
A000455,O001833,Snyder-Ferrell,SMB,2604,2026-06-28 00:19:32.298665,S000455,Starter,200.0,Monthly,2026-06-28 00:19:32.298665,,Active,,0.002422946,Low,0.9965318,Pitch: upgrade tier / deeper feature access,Route to expansion play
A000456,O001838,White and Sons,Mid-Market,19074,2025-12-09 10:02:59.182824,S000456,Growth,1641.74,Monthly,2025-12-09 10:02:59.182824,,Active,,0.00077611883,Low,0.0032740717,Pitch: additional seats,Healthy — no action needed
A000457,O001840,Woodard Inc,SMB,4849,2023-09-03 11:28:31.113104,S000457,Starter,359.64,Monthly,2023-09-03 11:28:31.113104,,Churned,2024-07-29 11:28:31.113104,,,,,Already churned
A000458,O001847,Ford-Brown,Mid-Market,18558,2023-06-27 18:00:54.305359,S000458,Growth,1435.64,Annual,2023-06-27 18:00:54.305359,2024-06-26 18:00:54.305359,Active,,0.0019810777,Low,0.9987035,Pitch: upgrade tier / deeper feature access,Route to expansion play
A000459,O001855,"Jones, Becker and Daugherty",SMB,6143,2026-02-05 21:43:22.396258,S000459,Starter,577.44,Monthly,2026-02-05 21:43:22.396258,,Active,,0.001954664,Low,0.0017999619,Pitch: additional seats,Healthy — no action needed
A000460,,Martinez-Ramirez,SMB,9295,2025-05-16 00:00:00.000000,S000460,Starter,734.34,Monthly,2025-05-16 00:00:00.000000,,Active,,0.0018704667,Low,0.0019213832,Pitch: upgrade tier / deeper feature access,Healthy — no action needed
A000461,,"Wu, Orozco and Davis",SMB,2972,2025-02-02 00:00:00.000000,S000461,Starter,239.65,Annual,2025-02-02 00:00:00.000000,2026-02-02 00:00:00.000000,Active,,0.0043197037,Low,0.001976292,Pitch: upgrade tier / deeper feature access,Healthy — no action needed
A000462,,Carr Inc,SMB,8001,2023-06-05 00:00:00.000000,S000462,Starter,750.51,Monthly,2023-06-05 00:00:00.000000,,Churned,2024-01-01 00:00:00.000000,,,,,Already churned
A000463,,Moody-Herrera,Mid-Market,34099,2024-07-27 00:00:00.000000,S000463,Growth,2853.18,Annual,2024-07-27 00:00:00.000000,2025-07-27 00:00:00.000000,Active,,0.00195883,Low,0.0037809487,Pitch: additional seats,Healthy — no action needed
A000464,,"Mays, Allen and Alvarez",SMB,1978,2025-05-05 00:00:00.000000,S000464,Starter,200.0,Annual,2025-05-05 00:00:00.000000,2026-05-05 00:00:00.000000,Active,,0.0017068157,Low,0.0047529167,Pitch: upgrade tier / deeper feature access,Healthy — no action needed
A000465,,Weaver-Sandoval,Mid-Market,15533,2026-08-31 00:00:00.000000,S000465,Growth,1399.29,Monthly,2026-08-31 00:00:00.000000,,Active,,0.0016142497,Low,0.005750846,Pitch: upgrade tier / deeper feature access,Healthy — no action needed
A000466,,"Chandler, Howe and Burns",Mid-Market,15351,2023-02-15 00:00:00.000000,S000466,Growth,1376.35,Monthly,2023-02-15 00:00:00.000000,,Active,,0.00088175817,Low,0.0047529167,Pitch: upgrade tier / deeper feature access,Healthy — no action needed
A000467,,Flynn LLC,SMB,5837,2024-09-01 00:00:00.000000,S000467,Starter,420.3,Monthly,2024-09-01 00:00:00.000000,,Active,,0.0012982349,Low,0.9965318,Pitch: upgrade tier / deeper feature access,Route to expansion play
A000468,,Davis PLC,SMB,1611,2023-03-13 00:00:00.000000,S000468,Starter,200.0,Annual,2023-03-13 00:00:00.000000,2024-03-12 00:00:00.000000,Active,,0.0038025826,Low,0.0019213832,Pitch: upgrade tier / deeper feature access,Healthy — no action needed
A000469,,Buckley LLC,SMB,10653,2023-09-03 00:00:00.000000,S000469,Starter,900.26,Annual,2023-09-03 00:00:00.000000,2024-09-02 00:00:00.000000,Active,,0.0017750324,Low,0.9965318,Pitch: upgrade tier / deeper feature access,Route to expansion play
A000470,,Simmons LLC,SMB,8143,2024-09-10 00:00:00.000000,S000470,Starter,707.56,Monthly,2024-09-10 00:00:00.000000,,Active,,0.0023844515,Low,0.0019213832,Pitch: upgrade tier / deeper feature access,Healthy — no action needed
A000471,,Mullins-Hawkins,Mid-Market,28358,2023-10-18 00:00:00.000000,S000471,Growth,2470.47,Annual,2023-10-18 00:00:00.000000,2024-10-17 00:00:00.000000,Active,,0.001344343,Low,0.9972796,Pitch: additional seats,Route to expansion play
A000472,,Johnson Inc,SMB,7120,2024-06-22 00:00:00.000000,S000472,Starter,576.37,Monthly,2024-06-22 00:00:00.000000,,Active,,0.0026966636,Low,0.0017999619,Pitch: additional seats,Healthy — no action needed
