lead_id,company_name,industry,company_size,lead_source,created_date,pricing_page_visits,demo_requested,content_downloads,email_opens,converted,converted_date
L000000,"Rodriguez, Figueroa and Sanchez",Fintech,163.0,Organic Search,2024-07-17,3,True,0,3,False,
L000001,Doyle Ltd,Retail,51.0,Paid Search,2023-10-13,2,False,2,2,False,
L000002,"Mcclain, Miller and Henderson",Fintech,522.0,Partner,2026-01-21,2,False,0,2,False,
L000003,Davis and Sons,FinTech,,Event/Webinar,2025-05-14,3,False,0,3,False,
L000004,"Guzman, Hoffman and Baldwin",SaaS,18.0,Organic Search,2023-07-11,7,True,0,2,False,
L000005,"Gardner, Robinson and Lawrence",Retail,17.0,Paid Search,2025-10-31,2,False,0,3,False,
L000006,Blake and Sons,Consulting,310.0,Organic Search,2026-02-23,2,False,0,3,True,2026-03-20
L000007,"Henderson, Ramirez and Lewis",Real Estate,370.0,Outbound SDR,2024-03-27,4,False,3,2,True,2024-05-23
L000008,Garcia-James,Consulting,99.0,Referral,2023-01-14,5,False,1,1,True,2023-02-03
L000009,Abbott-Munoz,Logistics,270.0,Referral,2024-07-23,4,False,3,4,False,
L000010,Blair PLC,healthcare,16.0,Paid Search,2024-11-20,1,False,2,5,False,
L000011,Dudley Group,Fintech,96.0,Organic Search,2025-02-17,1,True,1,3,True,2025-03-01
L000012,Arnold Ltd,Education,,Referral,2026-05-21,5,False,0,3,False,
L000013,"Mcclure, Ward and Lee",Manufacturing,14.0,Organic Search,2025-07-29,2,False,2,1,False,
L000014,Williams and Sons,Real Estate,58.0,Organic Search,2025-02-14,5,True,3,6,True,2025-02-24
L000015,Galloway-Wyatt,Real Estate,,Referral,2026-07-11,2,True,1,3,True,2026-08-19
L000016,James Group,Education,27.0,Event/Webinar,2024-01-29,4,False,1,2,False,
L000017,"Flowers, Martin and Kelly",,,Organic Search,2024-04-11,5,True,1,0,False,
L000018,"Adams, Zuniga and Wong",Manufacturing,,Organic Search,2024-04-21,5,False,1,4,False,
L000019,"Reid, Ferguson and Sanchez",,,Outbound SDR,2024-07-23,4,False,5,6,True,2024-09-19
L000020,Gray-Mayo,Education,50.0,Paid Search,2025-01-28,3,False,0,0,False,
L000021,"Watts, Robinson and Nguyen",Education,30.0,Paid Search,2024-06-30,3,False,0,1,False,
L000022,Perez Inc,Fintech,462.0,Event/Webinar,2026-07-24,4,True,1,0,False,
L000023,Morales-Jones,Healthcare,165.0,Event/Webinar,2024-05-16,2,True,1,6,True,2024-06-05
L000024,"Walter, Edwards and Rios",Media,,Outbound SDR,2024-07-06,2,True,0,0,False,
L000025,Wilkerson-Day,Real Estate,67.0,Paid Search,2024-10-26,1,False,1,4,True,2024-11-02
L000026,Baker and Sons,Retail,96.0,Organic Search,2024-10-08,3,True,1,5,True,2024-11-28
L000027,"Hoffman, Baker and Richards",Manufacturing,75.0,Organic Search,2024-03-08,4,True,0,2,True,2024-05-19
L000028,"Ross, Robinson and Bright",Education,,Paid Search,2025-10-19,1,False,4,4,True,2025-12-08
L000029,"Snyder, Campos and Callahan",Media,40.0,Paid Search,2024-06-26,6,False,2,2,False,
L000030,Burton Ltd,Health Care,,Paid Search,2026-02-23,6,False,4,1,False,
L000031,Carlson-Cruz,Real Estate,290.0,Referral,2026-04-12,3,True,2,2,False,
L000032,"Ferrell, Rice and Maddox",Logistics,51.0,Event/Webinar,2025-03-28,1,False,1,5,False,
L000033,Frazier Inc,Education,7.0,Paid Search,2023-10-11,2,False,0,1,True,2023-12-15
L000034,"Dyer, Potter and Mack",Media,132.0,Organic Search,2023-04-07,5,False,1,0,False,
L000035,Rodriguez-Graham,financial tech,117.0,Paid Search,2026-07-09,1,False,3,4,True,2026-07-19
L000036,Smith-Bowen,Logistics,1246.0,Event/Webinar,2023-05-11,2,False,1,4,False,
L000037,"Baker, Mason and White",Logistics,,Outbound SDR,2026-05-05,3,False,2,2,True,2026-07-03
L000038,Harrell LLC,Real Estate,370.0,Referral,2026-02-07,4,False,4,1,False,
L000039,"Romero, Gonzalez and Brooks",SaaS,90.0,Partner,2023-08-23,5,True,2,3,False,
L000040,Ryan PLC,Real Estate,579.0,Referral,2026-08-05,6,False,0,0,False,
L000041,George Group,Education,537.0,Organic Search,2024-08-24,2,True,1,4,False,
L000042,Rodriguez LLC,Logistics,635.0,Paid Search,2025-07-18,3,False,1,4,False,
L000043,Allen-Allen,SaaS,,Partner,2024-06-23,2,False,2,1,True,2024-08-26
L000044,"Arroyo, Miller and Tucker",Healthcare,33.0,Event/Webinar,2023-08-06,1,True,1,3,False,
L000045,Spence PLC,Manufacturing,38.0,Partner,2025-11-05,3,True,2,2,False,
L000046,Anderson Group,Consulting,42.0,Paid Search,2023-11-10,2,True,3,1,False,
L000047,"Martin, Rose and Obrien",Education,34.0,Paid Search,2026-01-09,2,False,0,1,False,
L000048,Hickman Ltd,Real Estate,681.0,Organic Search,2026-05-11,3,False,2,1,True,2026-06-21
L000049,"Harris, Collins and Carney",,273.0,Organic Search,2023-08-18,4,True,0,1,True,2023-10-03
L000050,"Brooks, Lam and Hayes",Manufacturing,33.0,Paid Search,2023-04-29,2,False,2,5,False,
L000051,Walker LLC,Retail,101.0,Event/Webinar,2023-06-11,3,True,1,2,False,
L000052,Chapman and Sons,Fintech,193.0,Partner,2025-09-22,2,False,0,1,True,2025-09-30
L000053,"Robinson, Jones and Welch",Real Estate,43.0,Paid Search,2023-09-20,5,False,3,3,False,
L000054,Jones Inc,Media,365.0,Event/Webinar,2023-12-05,2,True,0,3,True,2024-01-07
L000055,Jones-Young,Real Estate,65.0,Event/Webinar,2025-05-16,3,False,2,3,False,
L000056,"Washington, Ryan and Cummings",Retail,31.0,Event/Webinar,2024-02-16,4,False,4,3,False,
L000057,"Johnston, Sanchez and Kennedy",Manufacturing,159.0,Outbound SDR,2026-08-23,3,False,0,2,True,2026-08-28
L000058,Lee-Davis,Media,286.0,Event/Webinar,2025-07-13,4,False,0,5,False,
L000059,Gomez-Jenkins,,1694.0,Paid Search,2024-04-05,1,False,5,6,True,2024-04-13
L000060,"Brown, Valdez and Lucas",,96.0,Organic Search,2026-04-19,3,False,1,4,True,2026-06-28
L000061,Powell LLC,Retail,60.0,Event/Webinar,2024-03-27,2,True,0,4,True,2024-03-27
L000062,Wright and Sons,Fintech,65.0,Partner,2026-07-16,1,False,2,3,False,
L000063,"West, Henderson and Ramirez",SaaS,86.0,Paid Search,2023-05-19,2,False,2,2,True,2023-05-23
L000064,Baxter Inc,Education,16.0,Organic Search,2025-11-18,3,True,2,2,True,2025-12-18
L000065,Morton-Chase,Manufacturing,101.0,Partner,2025-09-21,2,True,0,4,False,
L000066,Williams PLC,Retail,40.0,Event/Webinar,2023-09-28,2,True,0,0,True,2023-12-10
L000067,Novak and Sons,Consulting,,Outbound SDR,2024-05-12,4,False,1,4,False,
L000068,Russell Group,Media,46.0,Outbound SDR,2024-01-25,5,True,1,2,False,
L000069,Hancock Inc,Fintech,92.0,Organic Search,2025-06-01,2,True,1,4,True,2025-07-16
L000070,Gray Group,Logistics,,Outbound SDR,2025-08-14,2,False,1,1,True,2025-08-20
L000071,House-Glover,Fintech,59.0,Organic Search,2025-04-04,3,False,2,5,True,2025-05-17
L000072,Henderson-Bernard,Fintech,186.0,Paid Search,2024-01-28,1,False,1,2,False,
L000073,"Stanley, Tucker and Lee",Retail,962.0,Event/Webinar,2025-07-07,2,False,2,2,False,
L000074,Novak PLC,,18.0,Outbound SDR,2024-01-11,6,False,1,3,False,
L000075,"Daniels, Adkins and Brown",Manufacturing,,Outbound SDR,2024-05-26,1,False,4,4,False,
L000076,"Woods, Calhoun and Schmidt",Fintech,53.0,Outbound SDR,2026-02-01,1,False,2,3,False,
L000077,Yu Inc,Fintech,124.0,Organic Search,2026-08-28,2,False,0,7,False,
L000078,Jones Inc,Real Estate,271.0,Organic Search,2023-07-11,4,False,1,2,True,2023-08-10
L000079,"Hensley, Powell and David",Healthcare,86.0,Outbound SDR,2025-09-21,3,False,1,5,False,
L000080,"Sanchez, Wheeler and Harvey",Media,365.0,Paid Search,2025-04-01,2,True,0,3,False,
L000081,Sandoval-Cunningham,,495.0,Paid Search,2025-02-15,2,False,1,3,False,
L000082,Donovan-Harris,SaaS,43.0,Outbound SDR,2024-06-27,7,False,1,2,True,2024-08-24
L000083,"Edwards, Baker and Anderson",Manufacturing,48.0,Outbound SDR,2026-02-12,4,False,2,8,False,
L000084,"Evans, Stewart and Walton",Media,472.0,Paid Search,2024-01-24,3,True,1,2,False,
L000085,Smith PLC,Manufacturing,93.0,Paid Search,2023-04-30,1,False,3,3,False,
L000086,"Ferrell, Jones and Lewis",Consulting,171.0,Partner,2026-01-15,4,False,1,2,False,
L000087,Anderson-Bailey,SaaS,377.0,Partner,2024-10-04,1,False,3,1,True,2024-10-11
L000088,Suarez LLC,Software,76.0,Event/Webinar,2025-09-03,4,False,1,3,True,2025-11-06
L000089,Moore-Bass,Real Estate,,Paid Search,2023-04-27,3,False,3,4,True,2023-07-01
L000090,"Turner, Riggs and Roman",financial tech,98.0,Paid Search,2023-05-21,5,False,5,0,False,
L000091,"Smith, Montoya and Evans",Consulting,403.0,Organic Search,2024-04-26,2,True,2,1,True,2024-06-16
L000092,"Garcia, Humphrey and Baker",Fintech,246.0,Event/Webinar,2024-05-19,3,True,1,5,True,2024-08-01
L000093,Newton and Sons,Consulting,65.0,Organic Search,2026-06-22,3,False,2,2,False,
L000094,Campbell-Clark,Fintech,27.0,Outbound SDR,2026-04-10,4,True,0,2,False,
L000095,Harris-Walters,Consulting,96.0,Event/Webinar,2024-10-09,5,False,0,6,True,2024-11-11
L000096,Wagner-King,Retail,26.0,Partner,2024-10-05,5,True,3,1,True,2024-11-04
L000097,Davis Group,,66.0,Outbound SDR,2023-09-26,5,False,1,7,False,
L000098,Williams-Cook,Manufacturing,235.0,Outbound SDR,2024-10-09,2,False,1,3,False,
L000099,Walsh LLC,Fintech,132.0,organic-search,2025-07-27,2,False,2,2,False,
L000100,Figueroa PLC,Consulting,237.0,Event/Webinar,2023-07-24,3,False,1,1,False,
L000101,"Patterson, Smith and Jones",Fintech,297.0,Event/Webinar,2024-03-12,2,False,1,1,False,
L000102,"Mckee, Gardner and Davenport",Real Estate,61.0,Referral,2023-09-29,6,True,1,2,True,2023-11-12
L000103,"Tran, Jordan and Williams",Fintech,216.0,Paid Search,2025-01-26,3,True,2,6,True,2025-03-03
L000104,Nolan-Flynn,Healthcare,29.0,Outbound SDR,2026-01-17,3,False,2,8,False,
L000105,Nolan and Sons,Manufacturing,,Event/Webinar,2026-09-01,3,False,0,2,False,
L000106,"Wright, Garcia and Deleon",Real Estate,300.0,Organic Search,2026-02-09,5,False,4,3,True,2026-03-19
L000107,Dickson-Brady,financial tech,19.0,Paid Search,2024-06-25,3,True,1,1,False,
L000108,Hancock and Sons,Fintech,,Organic Search,2026-02-07,4,True,1,5,True,2026-02-26
L000109,Johnson-Doyle,Manufacturing,223.0,Referral,2026-05-23,4,False,1,2,True,2026-06-18
L000110,Patton-Jenkins,Education,111.0,Paid Search,2026-07-22,4,False,0,2,False,
L000111,"Shields, Cochran and Adams",Manufacturing,43.0,Event/Webinar,2025-09-27,4,False,1,6,False,
L000112,"Rodriguez, Brennan and Garrison",,357.0,Organic Search,2023-07-09,3,False,2,2,False,
L000113,Gonzalez Group,Logistics,21.0,Referral,2023-04-01,5,True,2,3,False,
L000114,Torres-Pope,SaaS,148.0,Referral,2023-09-25,4,False,1,2,True,2023-12-15
L000115,Walker Ltd,Manufacturing,24.0,Paid Search,2025-06-23,2,False,0,5,False,
L000116,Ross LLC,Real Estate,392.0,Partner,2025-05-25,5,True,2,3,True,2025-08-04
L000117,Rasmussen LLC,SaaS,37.0,organic-search,2023-06-04,4,False,0,6,False,
L000118,May-Ross,Healthcare,,Event/Webinar,2023-03-15,3,False,1,2,False,
L000119,"Rivera, Johnson and Wiley",Education,23.0,Event/Webinar,2026-02-05,6,True,1,6,True,2026-02-23
L000120,White-Estes,Logistics,21.0,Paid Search,2023-03-27,5,True,4,2,True,2023-05-05
L000121,Johnson-Carlson,,43.0,Organic Search,2025-01-02,1,True,3,3,False,
L000122,Chandler-Edwards,Retail,172.0,Partner,2024-05-26,2,True,2,2,False,
L000123,"Joyce, Wilson and Lam",financial tech,45.0,Referral,2026-02-20,2,True,0,1,False,
L000124,Scott Ltd,Logistics,,Event/Webinar,2023-11-13,4,False,1,5,False,
L000125,Smith-Frost,Retail,56.0,Paid Search,2023-12-29,3,False,0,0,False,
L000126,"Mcdaniel, Bentley and Mclaughlin",Logistics,88.0,Organic Search,2024-01-03,1,False,2,2,False,
L000127,Diaz Inc,Education,5.0,Outbound SDR,2024-05-23,4,False,2,3,False,
L000128,"Mccall, Hanson and Alvarado",Manufacturing,1198.0,Paid Search,2023-08-10,5,False,0,3,True,2023-09-27
L000129,Cortez LLC,SaaS,58.0,Outbound SDR,2024-03-31,1,True,3,3,True,2024-04-25
L000130,"Parker, Ortiz and Powell",Media,,Referral,2024-09-17,4,True,2,2,True,2024-10-16
L000131,Spencer-Lee,Retail,443.0,Organic Search,2024-01-31,3,False,3,4,True,2024-03-22
L000132,"Bentley, Byrd and Orr",Education,25.0,Referral,2023-05-23,5,True,0,7,False,
L000133,"Carroll, Sullivan and Bass",Manufacturing,386.0,Referral,2026-08-06,5,False,2,1,False,
L000134,Mitchell-Jordan,Real Estate,47.0,Outbound SDR,2026-01-03,5,False,1,4,False,
L000135,"Lawson, Morris and Ramos",Education,70.0,Organic Search,2023-08-25,3,False,1,3,False,
L000136,"Lewis, Kennedy and Santana",Manufacturing,15.0,Paid Search,2026-04-04,2,False,2,5,True,2026-05-07
L000137,"Jackson, Miller and Robertson",SaaS,14.0,Organic Search,2026-05-06,2,False,2,6,False,
L000138,"Harvey, Davis and Crane",Logistics,,Referral,2024-10-04,2,True,4,1,True,2024-11-28
L000139,Chambers and Sons,Consulting,81.0,Event/Webinar,2023-08-25,6,False,1,4,True,2023-10-13
L000140,Hernandez Inc,Consulting,16.0,Paid Search,2024-06-05,1,True,2,3,False,
L000141,Riggs PLC,SaaS,57.0,Partner,2025-06-12,4,True,2,4,False,
L000142,Gibson Ltd,SaaS,,Event/Webinar,2026-01-07,1,True,1,3,False,
L000143,"Lee, Horton and Snyder",Retail,539.0,Referral,2025-06-02,2,False,0,2,False,
L000144,Hernandez Ltd,Fintech,10.0,Partner,2024-11-07,2,False,3,4,False,
L000145,Stafford Inc,Consulting,128.0,Referral,2023-09-13,5,True,0,2,False,
L000146,Robinson-Brock,Manufacturing,26.0,Event/Webinar,2024-09-25,3,False,1,2,False,
L000147,"Holmes, Williams and Wright",Logistics,151.0,Referral,2025-04-04,4,False,0,3,False,
L000148,Bryant Group,Manufacturing,41.0,Event/Webinar,2023-09-18,2,False,1,7,True,2023-10-12
L000149,"Schmidt, Hansen and Stewart",Logistics,259.0,Partner,2025-02-15,3,False,4,4,False,
L000150,Salazar-Ball,healthcare,225.0,Event/Webinar,2026-03-11,2,False,2,3,True,2026-04-18
L000151,"Simmons, Meadows and Griffin",Logistics,,Event/Webinar,2023-01-01,3,False,3,5,True,2023-02-08
L000152,Manning Group,Manufacturing,93.0,Paid Search,2025-05-30,4,False,0,5,False,
L000153,Green-Wright,Consulting,7.0,Event/Webinar,2024-10-21,4,False,1,1,False,
L000154,"Ramirez, Strickland and Washington",Media,625.0,Outbound SDR,2025-06-24,4,False,2,3,True,2025-09-18
L000155,Hill Inc,Retail,55.0,Event/Webinar,2025-08-27,4,False,1,0,True,2025-09-17
L000156,"Mitchell, Nelson and Flores",FinTech,166.0,Referral,2025-11-21,6,False,2,4,False,
L000157,"Miller, Hernandez and Reyes",Consulting,,Referral,2023-07-11,2,False,2,4,False,
L000158,Mccarthy Inc,,29.0,Partner,2024-09-27,4,False,1,1,False,
L000159,Russell-Daniels,Retail,235.0,Paid Search,2023-10-29,2,False,0,6,False,
L000160,Brown-Wall,SaaS,97.0,Organic Search,2024-05-16,1,False,1,3,False,
L000161,Stein-Silva,Media,197.0,Event/Webinar,2023-05-30,3,False,3,4,True,2023-07-27
L000162,"Smith, Gilmore and Johnston",Logistics,66.0,Partner,2026-03-24,6,True,1,1,True,2026-04-17
L000163,Smith-Bell,Logistics,69.0,Outbound SDR,2025-03-29,2,False,0,1,False,
L000164,Castaneda-Ashley,Retail,62.0,Paid Search,2023-01-12,4,False,1,2,False,
L000165,Medina-Navarro,Fintech,,Outbound SDR,2024-03-24,3,False,1,5,False,
L000166,"Hurst, Freeman and Nelson",Healthcare,50.0,Partner,2025-11-26,2,False,1,3,False,
L000167,Johnson-Rogers,,76.0,Organic Search,2026-02-15,1,False,3,1,False,
L000168,"Yates, Ramsey and Pittman",Retail,115.0,Organic Search,2025-07-23,3,False,0,2,False,
L000169,Hooper PLC,,77.0,Outbound SDR,2025-12-23,2,True,1,6,True,2026-03-04
L000170,Meadows PLC,Consulting,65.0,Referral,2025-06-25,7,False,1,3,True,2025-09-11
L000171,"Alvarado, Miller and Patterson",Real Estate,28.0,Outbound SDR,2026-01-27,1,False,1,1,False,
L000172,White-Green,Media,286.0,Paid Search,2025-08-30,2,False,2,1,False,
L000173,Lewis-Murphy,Media,79.0,Referral,2024-05-21,2,True,1,0,False,
L000174,Ramirez-Bean,Manufacturing,10.0,Event/Webinar,2025-09-19,2,False,2,5,False,
L000175,King-Miller,Retail,21.0,Referral,2025-06-19,6,True,1,1,True,2025-06-28
L000176,Curry Inc,Manufacturing,96.0,Paid Search,2024-07-10,3,False,2,5,False,
L000177,Walker-Jones,Education,,Referral,2026-01-11,3,False,4,3,False,
L000178,"Williams, Johnson and Wright",financial tech,141.0,Paid Search,2023-11-05,4,False,0,4,False,
L000179,Howell and Sons,Retail,84.0,Outbound SDR,2023-11-09,5,True,4,5,True,2024-02-07
L000180,Wells Inc,Retail,346.0,organic-search,2025-04-29,2,False,2,2,False,
L000181,"Gould, Marshall and Scott",Logistics,282.0,Referral,2026-01-16,3,False,2,6,False,
L000182,Jackson-Lawson,,74.0,Outbound SDR,2023-05-08,2,False,0,4,False,
L000183,"Higgins, Strickland and Martin",Retail,,Outbound SDR,2025-03-08,3,True,1,3,True,2025-05-21
L000184,Rodriguez-Johnson,SAAS,64.0,Event/Webinar,2025-02-18,2,False,2,3,False,
L000185,Johnston-Odonnell,Media,781.0,Organic Search,2024-12-21,1,False,1,4,False,
L000186,Sanders-Espinoza,Manufacturing,87.0,Outbound SDR,2025-05-08,2,False,0,2,False,
L000187,Vargas Ltd,Real Estate,,Partner,2026-01-23,2,True,2,3,False,
L000188,Garcia LLC,Consulting,74.0,Paid Search,2025-09-26,4,False,1,2,True,2025-10-24
L000189,"Burke, Martinez and Riggs",Manufacturing,,Outbound SDR,2025-09-21,6,False,1,4,True,2025-09-24
L000190,Reed Group,Logistics,,Referral,2025-04-08,2,False,3,4,False,
L000191,"Wood, Hunter and Peterson",Healthcare,36.0,Outbound SDR,2023-09-19,4,False,1,3,True,2023-12-07
L000192,Short-Garcia,Real Estate,11.0,Organic Search,2025-03-17,2,False,1,2,False,
L000193,Reid-Poole,Consulting,1628.0,Event/Webinar,2023-02-25,1,False,3,4,True,2023-03-07
L000194,"Hernandez, Thompson and Boyd",Logistics,,Paid Search,2025-08-03,1,False,0,3,False,
L000195,"Nelson, Morton and Medina",Healthcare,109.0,Organic Search,2024-06-16,2,False,3,1,True,2024-08-03
L000196,Marshall-Petersen,Education,,Paid Search,2025-07-20,3,False,5,2,True,2025-08-30
L000197,"Adams, Christian and Rivas",Education,419.0,Outbound SDR,2024-07-23,2,False,2,3,False,
L000198,Ramirez Group,,133.0,Referral,2023-06-17,2,True,0,2,False,
L000199,Christensen PLC,Media,13.0,organic-search,2026-01-09,3,True,2,1,True,2026-01-15
L000200,"Barnett, Rogers and Snyder",Education,16.0,Paid Search,2026-08-24,1,False,3,7,False,
L000201,White-Lewis,FinTech,38.0,Partner,2023-03-24,3,False,6,4,True,2023-03-27
L000202,Peterson-Beard,Retail,534.0,Paid Search,2023-02-11,2,True,2,2,False,
L000203,"Beard, Peters and Black",Consulting,51.0,Paid Search,2024-05-03,2,False,1,4,False,
L000204,Miller Ltd,Healthcare,17.0,Outbound SDR,2023-08-23,6,False,1,2,False,
L000205,Freeman-Chang,Consulting,91.0,Paid Search,2025-08-10,2,True,0,5,False,
L000206,"Alvarez, Joseph and West",Manufacturing,34.0,Referral,2023-12-10,6,False,2,2,False,
L000207,Davis and Sons,Consulting,3.0,Event/Webinar,2023-08-23,5,False,0,4,True,2023-09-12
L000208,Holt-Torres,Manufacturing,206.0,Organic Search,2026-03-31,1,False,1,2,False,
L000209,"Wood, Tran and Cooper",SaaS,387.0,Referral,2026-03-25,4,True,2,6,True,2026-06-19
L000210,"Pierce, Bell and Chavez",Logistics,,Outbound SDR,2024-02-11,2,False,2,2,False,
L000211,King-Martinez,financial tech,56.0,Event/Webinar,2026-07-08,3,False,3,6,True,2026-07-23
L000212,Stewart Ltd,Fintech,152.0,Partner,2024-09-09,5,True,2,0,False,
L000213,"Tapia, Vaughn and Lee",Consulting,83.0,Organic Search,2026-03-05,4,False,0,4,False,
L000214,"Washington, Hardy and Bray",SAAS,27.0,Referral,2025-12-27,4,True,3,4,False,
L000215,"Carlson, Hooper and Wall",,97.0,Partner,2025-01-28,2,False,1,2,False,
L000216,Perez-White,Fintech,47.0,Event/Webinar,2026-08-19,3,False,4,2,False,
L000217,Erickson and Sons,Education,48.0,Organic Search ,2025-05-10,2,False,0,2,False,
L000218,Williams-Brown,Media,41.0,Organic Search,2025-06-06,3,True,1,4,True,2025-07-22
L000219,Terry-Martinez,Media,81.0,Partner,2023-11-10,1,False,2,0,False,
L000220,Garcia-Smith,Logistics,238.0,Paid Search,2025-12-04,3,False,3,4,False,
L000221,Harrison-Alexander,Manufacturing,,Event/Webinar,2026-01-07,2,False,1,4,False,
L000222,Sheppard LLC,Media,31.0,Outbound SDR,2025-06-11,4,False,1,4,True,2025-08-25
L000223,Wilson-Jones,Manufacturing,,Referral,2024-05-17,3,True,0,2,True,2024-05-28
L000224,Jones-Soto,Manufacturing,204.0,Outbound SDR,2024-05-14,2,False,5,4,True,2024-07-12
L000225,Hernandez PLC,,108.0,Event/Webinar,2025-02-15,3,False,3,3,False,
L000226,Miller-Wright,Education,46.0,Organic Search,2025-10-09,2,False,1,2,False,
L000227,"Duran, Obrien and Gibbs",Education,734.0,Paid Search,2025-09-25,2,True,0,5,True,2025-10-22
L000228,Rowe Group,Education,24.0,Referral,2024-11-28,4,False,2,5,False,
L000229,Kerr-Evans,Manufacturing,68.0,Event/Webinar,2024-07-19,3,False,4,3,False,
L000230,"Branch, Torres and Oliver",Real Estate,54.0,Organic Search,2025-11-24,2,False,2,1,True,2025-12-18
L000231,"Choi, Garcia and Farmer",Fintech,64.0,Paid Search,2025-04-12,2,True,2,1,True,2025-06-13
L000232,"Clark, Guerrero and Moore",Real Estate,306.0,Paid Search,2025-09-02,3,False,1,5,False,
L000233,Arnold and Sons,Media,60.0,Outbound SDR,2023-02-05,2,True,2,2,False,
L000234,Ortiz Ltd,Fintech,85.0,Referral,2024-03-29,5,True,5,3,False,
L000235,"Harrison, Johnson and Roberts",Logistics,80.0,Partner,2024-05-13,1,False,2,2,False,
L000236,Warner-Gibson,Manufacturing,,Partner,2026-04-06,3,False,1,2,True,2026-05-23
L000237,"Hall, Baker and Moody",Media,43.0,Event/Webinar,2025-12-23,4,True,2,3,False,
L000238,"Guerrero, Peck and Coleman",Education,481.0,Outbound SDR,2026-02-01,4,False,2,6,False,
L000239,"Walker, Hernandez and Baker",Education,843.0,Referral,2025-07-18,3,False,1,2,True,2025-08-21
L000240,Jones and Sons,Manufacturing,91.0,Referral,2024-04-17,3,False,2,3,False,
L000241,Larson-Holloway,Fintech,16.0,Partner,2024-01-30,2,False,0,6,True,2024-03-10
L000242,Gonzales-Harrison,Fintech,,Partner,2026-01-02,2,True,0,3,False,
L000243,Lyons-Bender,Healthcare,203.0,Paid Search,2024-03-19,7,False,0,2,False,
L000244,"Fernandez, Kim and George",Media,140.0,Referral,2026-04-22,4,False,0,0,False,
L000245,Navarro-Munoz,Real Estate,134.0,Event/Webinar,2024-08-02,3,True,3,8,True,2024-08-14
L000246,Davis Ltd,,33.0,Referral,2024-04-10,4,False,1,6,True,2024-05-26
L000247,"Matthews, Smith and Hubbard",Healthcare,,Referral,2023-01-29,5,False,3,3,False,
L000248,Johnston-Hines,Real Estate,,Paid Search,2024-07-15,3,False,5,2,False,
L000249,Ruiz Ltd,SaaS,143.0,Organic Search,2026-02-07,3,True,0,1,False,
L000250,Moon-White,Manufacturing,23.0,Partner,2023-09-16,4,True,2,5,True,2023-12-06
L000251,"Graham, Olsen and Costa",Media,135.0,Organic Search,2023-01-26,2,False,0,1,False,
L000252,Bailey-Cook,Consulting,49.0,Referral,2025-08-19,3,False,3,3,True,2025-10-19
L000253,"Garcia, Martin and Jenkins",Media,,Referral,2024-01-13,3,True,1,2,True,2024-01-19
L000254,Roberts-Landry,Manufacturing,9.0,Outbound SDR,2023-08-22,3,False,1,3,False,
L000255,"Johnson, Miller and King",Fintech,270.0,Outbound SDR,2025-10-04,1,False,2,8,True,2025-10-13
L000256,Cordova Group,Consulting,694.0,Partner,2023-04-20,4,False,1,2,True,2023-05-09
L000257,"Bryan, Smith and Booth",Healthcare,884.0,Event/Webinar,2024-09-14,3,False,2,2,True,2024-09-24
L000258,Gutierrez-Lopez,Retail,,Organic Search,2026-02-16,5,False,2,4,True,2026-04-10
L000259,Dean-Jimenez,Consulting,146.0,Event/Webinar,2026-06-20,2,True,4,2,True,2026-07-18
L000260,Wolf-Harris,Real Estate,29.0,Outbound SDR,2025-07-11,3,False,1,5,False,
L000261,"Anderson, Roberts and Gilmore",Media,43.0,Referral,2026-04-20,6,True,0,3,True,2026-06-13
L000262,Martinez-Dudley,,13.0,Event/Webinar,2026-06-25,1,False,0,2,False,
L000263,"Lloyd, Mckinney and Collins",SaaS,52.0,Event/Webinar,2023-07-23,2,False,1,3,True,2023-08-18
L000264,Tran Inc,Retail,101.0,Referral,2023-06-16,4,True,3,7,True,2023-07-06
L000265,Gay Inc,Retail,295.0,Paid Search,2026-02-04,4,True,1,4,False,
L000266,Valentine-Holland,Fintech,132.0,Paid Search,2023-01-06,3,False,1,7,True,2023-02-27
L000267,Jimenez Ltd,Media,192.0,Partner,2026-05-01,4,False,1,2,False,
L000268,Hicks-Hill,Media,390.0,Referral,2023-03-08,2,False,1,3,True,2023-04-06
L000269,Baird-Sanchez,Manufacturing,104.0,Partner,2024-08-02,6,False,3,0,False,
L000270,"Thomas, Lee and Greene",Media,77.0,Organic Search ,2024-04-23,3,False,0,1,False,
L000271,"Suarez, Shields and Hill",Manufacturing,98.0,Partner,2026-04-22,2,True,1,6,True,2026-07-15
L000272,Morgan-French,Retail,105.0,Outbound SDR,2023-08-24,2,False,1,4,False,
L000273,Hoover-Campbell,Real Estate,44.0,Paid Search,2026-08-19,2,False,2,4,True,2026-08-21
L000274,Monroe-Carpenter,Manufacturing,113.0,Paid Search,2023-05-27,2,False,1,4,False,
L000275,"Burns, Hernandez and Ryan",SaaS,123.0,Paid Search,2024-09-21,3,False,1,4,True,2024-12-06
L000276,Cook-Hines,Consulting,24.0,Referral,2025-06-18,4,False,0,2,False,
L000277,Gibson-Morris,Fintech,,Outbound SDR,2024-09-14,4,False,4,6,False,
L000278,Pollard and Sons,Logistics,380.0,Referral,2025-10-21,5,False,2,2,True,2025-12-29
L000279,"Reyes, Chase and Jenkins",Media,80.0,Outbound SDR,2023-06-14,5,False,1,1,False,
L000280,Garner-Thornton,Consulting,419.0,Organic Search,2025-06-03,1,False,0,2,False,
L000281,Hughes-Alvarado,,22.0,Event/Webinar,2024-05-27,2,False,1,1,True,2024-05-30
L000282,"Pollard, Simpson and Johnson",Fintech,,Paid Search,2026-03-24,2,True,2,4,True,2026-06-07
L000283,"Sanford, Rivera and Garcia",SaaS,,Partner,2024-07-05,1,False,0,2,False,
L000284,Garcia-Lozano,,136.0,Organic Search,2023-12-25,3,True,2,1,False,
L000285,Bowen Group,,44.0,Event/Webinar,2026-08-27,4,False,2,2,False,
L000286,"Booker, Jones and Harrington",Media,8.0,Referral,2024-01-07,4,False,2,1,False,
L000287,Morgan-Schwartz,Consulting,690.0,Outbound SDR,2026-07-24,1,True,2,4,True,2026-08-24
L000288,"Miller, Murphy and Craig",Fintech,15.0,Outbound SDR,2024-12-13,5,True,2,1,False,
L000289,"James, Stewart and Higgins",,262.0,Referral,2024-10-19,4,False,1,3,False,
L000290,Brennan-Johnson,Fintech,274.0,Paid Search,2024-11-06,3,False,0,4,True,2024-12-28
L000291,Young Ltd,Media,265.0,Referral,2025-03-31,4,False,2,2,False,
L000292,Bright-Francis,Real Estate,189.0,Organic Search,2025-07-20,3,True,2,4,False,
L000293,Good-Hodges,FinTech,24.0,Referral,2024-05-31,3,True,2,4,True,2024-07-11
L000294,"Brennan, Wallace and Benson",financial tech,12.0,Outbound SDR,2025-11-19,3,False,1,7,True,2025-11-19
L000295,Williams Inc,,196.0,Outbound SDR,2025-04-26,3,False,1,2,True,2025-05-02
L000296,Howard-Jordan,Retail,36.0,Event/Webinar,2025-01-10,4,True,2,0,True,2025-03-30
L000297,Schmidt PLC,Media,,Partner,2025-06-24,1,False,2,1,True,2025-06-30
L000298,"Sparks, Jackson and Miller",Retail,86.0,Referral,2026-01-29,7,True,2,1,True,2026-02-14
L000299,Harvey-Allen,Manufacturing,116.0,Outbound SDR,2025-09-19,6,False,0,0,False,
L000300,"Thomas, Murray and King",Fintech,1100.0,Organic Search,2026-07-14,3,False,0,3,True,2026-08-21
L000301,Estrada-Nolan,Retail,113.0,Partner,2023-11-21,2,False,1,3,False,
L000302,Santana-Byrd,Manufacturing,606.0,Event/Webinar,2023-01-29,3,True,2,1,True,2023-04-09
L000303,Jones LLC,,26.0,Organic Search,2024-04-05,4,False,2,3,True,2024-04-19
L000304,"Evans, Hayden and Vaughn",Media,20.0,Organic Search,2026-08-19,4,False,0,4,False,
L000305,Bruce-Gonzalez,Healthcare,110.0,Outbound SDR,2024-08-20,3,False,2,1,True,2024-10-24
L000306,Castaneda-Rodriguez,Manufacturing,32.0,Outbound SDR,2025-09-15,1,False,3,2,False,
L000307,Armstrong-Andrews,Media,70.0,Paid Search,2025-07-24,2,True,2,4,True,2025-10-02
L000308,"Phillips, Spence and Barrett",Healthcare,335.0,Outbound SDR,2024-01-26,4,False,1,1,False,
L000309,Smith-Grimes,Consulting,2122.0,Event/Webinar,2023-10-07,6,False,0,2,False,
L000310,"Beltran, Lozano and Mcgee",Fintech,19.0,Referral,2025-04-29,2,False,2,1,False,
L000311,Parsons-Hall,Education,133.0,Event/Webinar,2024-07-01,4,False,2,4,False,
L000312,Robinson-Lee,SaaS,483.0,Referral,2024-09-03,3,False,0,2,True,2024-11-17
L000313,Byrd-Le,Consulting,47.0,Partner,2025-09-29,3,False,1,1,True,2025-10-18
L000314,"Becker, Taylor and Davis",Media,688.0,Event/Webinar,2025-09-18,4,True,0,3,False,
L000315,"Lucas, Parker and Alexander",Education,,Referral,2026-02-04,2,True,0,2,True,2026-04-14
L000316,"Diaz, Anderson and Browning",Logistics,291.0,Outbound SDR,2024-10-21,1,True,2,2,False,
L000317,Burgess-Thompson,Retail,102.0,Partner,2024-05-04,3,True,0,4,False,
L000318,Buchanan LLC,Consulting,72.0,Outbound SDR,2024-04-23,4,False,1,3,False,
L000319,"Shaw, Nelson and Martin",Logistics,389.0,Organic Search,2024-10-13,6,False,0,3,False,
L000320,Coffey-Phillips,Media,145.0,Partner,2025-02-19,2,True,4,3,True,2025-04-09
L000321,Brock-Mcdonald,Healthcare,542.0,Outbound SDR,2023-03-17,2,False,1,1,True,2023-04-02
L000322,Taylor and Sons,Real Estate,133.0,Event/Webinar,2024-11-10,3,False,2,1,True,2024-11-22
L000323,"Ramsey, Whitney and Coffey",,136.0,Organic Search,2025-12-13,2,False,1,0,False,
L000324,"Diaz, Gibbs and Smith",Media,30.0,Organic search,2023-10-23,4,False,0,0,False,
L000325,"Martinez, Richardson and Curry",Logistics,276.0,Partner,2023-11-13,6,True,1,2,True,2023-11-22
L000326,Richards-Carson,Media,901.0,Referral,2024-11-24,2,True,0,2,True,2025-02-11
L000327,Rodriguez-Hall,Logistics,447.0,Partner,2023-06-14,3,True,3,6,True,2023-07-26
L000328,Harvey PLC,Real Estate,64.0,Outbound SDR,2024-10-10,2,False,2,4,False,
L000329,Herman-Walker,Media,176.0,Event/Webinar,2023-03-15,4,False,1,4,True,2023-06-02
L000330,Reid Group,financial tech,877.0,Paid Search,2026-07-16,3,False,0,6,False,
L000331,"Turner, Ortiz and Taylor",,14.0,Paid Search,2023-07-05,1,False,0,4,False,
L000332,Torres Group,Logistics,146.0,Organic Search,2026-07-21,2,False,2,2,True,2026-07-27
L000333,Davis PLC,Media,140.0,Paid Search,2024-09-05,2,False,4,4,True,2024-09-08
L000334,Price LLC,SaaS,,Referral,2023-04-25,2,False,2,3,False,
L000335,"Avery, Horton and Fernandez",Manufacturing,,Referral,2025-02-06,6,False,2,3,False,
L000336,"Newton, Moore and Perry",Logistics,323.0,Paid Search,2024-05-15,2,False,2,1,False,
L000337,Bass PLC,Real Estate,83.0,Outbound SDR,2026-03-05,2,False,2,3,True,2026-05-31
L000338,Crosby-Ramirez,Healthcare,,Paid Search,2023-12-25,4,False,2,3,False,
L000339,"Wood, Ramos and Sampson",Fintech,89.0,Event/Webinar,2025-02-22,3,True,1,0,False,
L000340,Garcia-Jennings,Consulting,159.0,Partner,2024-05-08,2,True,3,3,False,
L000341,"Winters, Newman and Brown",Media,79.0,Event/Webinar,2023-10-21,3,False,3,6,False,
L000342,Lopez-Martinez,Retail,127.0,Outbound SDR,2026-07-30,2,False,1,2,False,
L000343,Davis-Lewis,Manufacturing,35.0,Outbound SDR,2024-06-06,1,True,1,5,True,2024-08-30
L000344,"Harper, Smith and Buchanan",,25.0,Outbound SDR,2024-08-12,2,False,0,2,False,
L000345,Zhang PLC,Real Estate,,Paid Search,2023-06-01,2,False,1,2,False,
L000346,Jones PLC,Media,73.0,Referral,2026-04-18,3,False,1,2,True,2026-05-26
L000347,Willis and Sons,Logistics,510.0,Partner,2024-05-27,3,False,0,2,True,2024-07-24
L000348,Schroeder-Kramer,Manufacturing,56.0,Paid Search,2025-02-26,2,False,0,3,False,
L000349,"Smith, Garrison and Thomas",Media,378.0,Organic Search,2024-04-30,2,False,4,3,True,2024-06-17
L000350,Fernandez and Sons,Consulting,397.0,Referral,2026-03-23,3,True,1,5,True,2026-04-29
L000351,Guerrero Inc,Manufacturing,,Organic Search,2025-03-21,1,False,2,2,False,
L000352,Smith and Sons,Manufacturing,43.0,Organic Search,2026-03-05,1,True,1,1,False,
L000353,"Morris, Thompson and Williams",SaaS,57.0,Event/Webinar,2025-10-14,4,False,3,1,False,
L000354,"Fisher, Wilson and Brown",Manufacturing,24.0,Paid Search,2026-05-28,5,False,0,2,False,
L000355,Strickland-Palmer,Education,75.0,Paid Search,2026-07-27,4,False,4,6,False,
L000356,Hayes and Sons,Retail,60.0,Event/Webinar,2024-05-28,1,False,3,3,True,2024-08-22
L000357,"Williams, Logan and Camacho",,302.0,Partner,2023-07-18,2,False,3,4,True,2023-10-06
L000358,"Turner, Schneider and Johnson",SAAS,,Referral,2025-06-21,4,False,4,2,False,
L000359,Boone-Simmons,SaaS,59.0,Event/Webinar,2025-01-17,4,False,2,4,False,
L000360,Henry Group,Healthcare,1237.0,Organic Search,2024-08-27,2,True,1,7,True,2024-10-07
L000361,Lam LLC,Logistics,43.0,Paid Search,2024-02-16,3,False,0,7,False,
L000362,"Hernandez, Martinez and Weber",healthcare,461.0,Event/Webinar,2025-01-19,3,False,0,2,False,
L000363,"Kelley, Nguyen and Vang",Real Estate,36.0,Event/Webinar,2024-07-12,3,False,2,1,False,
L000364,"Phillips, Wagner and Jordan",Health Care,184.0,Referral,2025-09-13,2,False,2,4,False,
L000365,"Wilson, Pena and Rich",Manufacturing,50.0,Partner,2024-11-24,2,False,0,2,True,2024-12-08
L000366,"Le, Lewis and Hayes",Media,81.0,Organic Search,2023-10-16,3,True,2,2,True,2023-11-13
L000367,Gutierrez Group,Logistics,116.0,Event/Webinar,2025-01-19,6,False,1,4,False,
L000368,Perry-Davis,Fintech,,Outbound SDR,2023-01-29,3,False,2,0,False,
L000369,Edwards-Scott,Manufacturing,465.0,Event/Webinar,2023-09-11,1,False,2,7,False,
L000370,Mcdaniel Group,Media,225.0,Referral,2024-06-20,3,False,1,1,True,2024-09-02
L000371,Davis Inc,,22.0,Partner,2025-01-30,3,True,2,0,True,2025-02-12
L000372,Reynolds Ltd,,434.0,Outbound SDR,2023-02-21,2,False,3,6,False,
L000373,"Watson, Anderson and Brown",Consulting,305.0,Event/Webinar,2024-11-02,4,True,1,6,True,2025-01-19
L000374,"Hoffman, Santiago and Jenkins",Retail,70.0,Partner,2023-05-10,3,False,2,2,True,2023-07-30
L000375,"Pugh, Henderson and Moon",Media,19.0,Partner,2024-09-10,3,False,1,4,False,
L000376,Schmitt PLC,Logistics,,Organic Search,2023-10-14,4,False,4,4,False,
L000377,Bell-Lane,SaaS,35.0,Organic Search,2024-09-15,4,False,1,5,True,2024-11-17
L000378,Moore Group,Fintech,,Organic Search,2024-04-25,3,True,2,4,False,
L000379,Boone LLC,Real Estate,125.0,Paid Search,2025-03-06,2,True,0,2,False,
L000380,"Richardson, Farmer and Andrews",Media,54.0,Referral,2026-01-11,3,False,2,4,False,
L000381,Bruce-Villegas,Logistics,2.0,Event/Webinar,2023-11-13,3,False,1,2,False,
L000382,"Austin, Day and Johnson",Logistics,162.0,Partner,2023-07-22,2,True,3,2,False,
L000383,"Gallegos, Adams and White",Media,61.0,Event/Webinar,2025-04-15,2,False,2,3,False,
L000384,"Farmer, Dorsey and Bell",Manufacturing,89.0,Organic Search,2025-01-28,3,False,3,3,True,2025-02-24
L000385,Kane PLC,Media,81.0,Outbound SDR,2024-04-28,4,False,1,1,False,
L000386,"Morales, Thomas and Schultz",Education,,Organic Search,2025-01-22,4,False,3,1,False,
L000387,Davis PLC,Real Estate,56.0,Partner,2025-01-04,4,False,2,4,True,2025-01-11
L000388,Bennett Group,Logistics,13.0,Referral,2024-01-24,4,True,2,4,False,
L000389,Moore-Collins,Fintech,35.0,Outbound SDR,2023-07-07,2,False,1,1,False,
L000390,Frank-Bradley,Retail,,Partner,2026-08-02,1,False,0,2,False,
L000391,Ware and Sons,Consulting,,Organic Search,2023-04-14,2,False,1,5,True,2023-05-26
L000392,Webster Inc,Retail,22.0,Paid Search,2026-03-02,5,False,1,1,False,
L000393,"Miller, Ramos and Coleman",,389.0,Organic Search,2026-02-09,4,False,3,4,False,
L000394,"Ramos, Nelson and Fischer",Retail,70.0,Event/Webinar,2024-03-18,4,False,1,2,False,
L000395,Reed Inc,Retail,7.0,Referral,2023-10-30,3,True,3,4,False,
L000396,Gregory-Watkins,Consulting,837.0,Organic Search,2024-07-21,3,False,0,3,False,
L000397,"Estrada, Williams and Foster",Health Care,49.0,Paid Search,2026-01-11,1,True,2,4,True,2026-02-12
L000398,"Brown, Harris and Dougherty",,43.0,Organic Search,2023-02-22,2,False,3,3,False,
L000399,Duran LLC,Healthcare,30.0,Organic Search,2025-01-03,2,False,4,3,False,
L000400,Wilson-Jimenez,Retail,47.0,Event/Webinar,2024-10-25,4,True,1,4,False,
L000401,Thompson-James,SAAS,59.0,Paid Search,2024-06-27,4,False,1,1,False,
L000402,"Hall, Hansen and Barnett",SaaS,10.0,Paid Search,2025-05-12,1,False,1,4,False,
L000403,Jones-Hensley,Real Estate,174.0,Organic Search,2023-05-11,1,False,1,2,False,
L000404,Graham Group,Media,49.0,Outbound SDR,2025-01-11,2,False,1,0,False,
L000405,Atkins PLC,Real Estate,47.0,Event/Webinar,2023-08-12,3,True,3,2,True,2023-10-08
L000406,Berry-Mckinney,Real Estate,142.0,Paid Search,2026-06-13,4,True,4,1,False,
L000407,Roberts-Sullivan,SaaS,51.0,Partner,2025-12-03,4,False,0,2,False,
L000408,Jackson-Meza,Manufacturing,149.0,Outbound SDR,2026-08-10,3,False,1,4,False,
L000409,Collier-Gillespie,SAAS,28.0,Organic Search,2025-09-07,3,True,1,4,False,
L000410,Kim Inc,Logistics,21.0,Outbound SDR,2023-08-10,2,True,0,1,False,
L000411,Graham Group,Media,22.0,Partner,2025-06-27,1,True,3,4,True,2025-07-06
L000412,"Miller, Harrell and Reese",Fintech,289.0,Referral,2026-05-30,5,False,4,4,False,
L000413,Cook and Sons,,11.0,Organic Search,2023-09-16,5,False,1,1,False,
L000414,Dixon Inc,Manufacturing,479.0,Event/Webinar,2026-07-20,3,False,1,4,True,2026-08-26
L000415,"Hicks, Bullock and Bailey",Real Estate,232.0,Partner,2024-10-27,3,False,4,3,True,2024-12-14
L000416,"Mullen, Brewer and Hernandez",Consulting,237.0,Event/Webinar,2024-08-26,2,False,3,3,True,2024-10-23
L000417,Thomas and Sons,Real Estate,115.0,Event/Webinar,2025-05-31,5,False,0,2,False,
L000418,Morrison Ltd,Fintech,106.0,Partner,2023-08-23,4,False,2,2,True,2023-11-14
L000419,Thompson Ltd,Real Estate,37.0,Partner,2024-03-16,3,True,4,1,True,2024-05-10
L000420,Marshall-Elliott,Media,22.0,Paid Search,2025-04-27,2,False,3,3,False,
L000421,"Cole, Glass and Cunningham",Education,62.0,Outbound SDR,2025-03-27,4,False,0,5,False,
L000422,"Downs, Morris and Maddox",Logistics,68.0,Partner,2023-07-14,4,False,2,4,True,2023-08-23
L000423,Hernandez-Jones,Logistics,120.0,Referral,2024-06-06,4,True,3,1,False,
L000424,Welch-Hogan,Education,20.0,Paid Search,2025-08-29,2,False,0,5,False,
L000425,"Brown, Romero and Collins",Fintech,68.0,Organic search,2023-06-24,3,False,1,2,False,
L000426,Johnson-Wood,Fintech,81.0,Outbound SDR,2023-07-17,2,False,1,3,False,
L000427,Jones-Lin,Education,27.0,Paid Search,2026-02-13,5,False,3,6,False,
L000428,Gilbert PLC,,1581.0,Event/Webinar,2026-02-24,2,False,0,1,False,
L000429,Ford-Spencer,Real Estate,,Referral,2023-09-08,3,False,2,4,False,
L000430,"Huang, Cole and Pacheco",Logistics,105.0,Referral,2025-05-16,3,False,1,6,False,
L000431,"Lopez, Jacobs and Mason",SaaS,106.0,Referral,2026-05-14,3,False,2,1,False,
L000432,Hayes LLC,Manufacturing,144.0,Referral,2023-08-01,2,False,2,4,False,
L000433,"Miller, Lucas and Williams",Consulting,27.0,Event/Webinar,2024-03-11,2,False,1,6,False,
L000434,"Kim, Gonzales and Mills",Health Care,1.0,Partner,2025-09-14,5,False,1,3,False,
L000435,Cox LLC,Retail,78.0,Organic Search,2024-12-18,2,False,0,3,False,
L000436,Ortiz-Morgan,Real Estate,79.0,Referral,2023-08-24,3,False,1,1,False,
L000437,"Williams, Mccoy and Cook",Manufacturing,40.0,Event/Webinar,2024-04-08,2,False,0,4,True,2024-06-01
L000438,Davis-Gregory,Real Estate,86.0,Event/Webinar,2026-06-10,1,True,4,4,False,
L000439,King-York,Real Estate,182.0,Organic Search ,2026-06-01,3,True,2,1,True,2026-08-24
L000440,"Marks, Cook and Aguilar",Manufacturing,204.0,Organic Search,2024-01-05,4,True,2,5,True,2024-02-08
L000441,Rangel LLC,Manufacturing,,Referral,2024-12-19,3,True,1,4,True,2024-12-19
L000442,"Hale, Myers and Larson",Healthcare,107.0,Paid Search,2026-03-05,1,False,2,1,False,
L000443,Collins Group,Logistics,18.0,Organic Search,2023-10-18,1,False,0,3,True,2024-01-07
L000444,"Conner, Li and Santiago",SaaS,296.0,Organic Search,2025-12-22,4,True,1,2,False,
L000445,"Osborn, Gaines and Davis",Retail,39.0,Outbound SDR,2025-05-09,3,False,0,2,False,
L000446,"Henderson, Cox and Cox",,201.0,Referral,2023-11-19,3,False,0,3,True,2024-01-05
L000447,Bean LLC,Manufacturing,30.0,Partner,2024-10-26,6,True,2,4,True,2025-01-06
L000448,Lee-Cooke,Consulting,254.0,Organic Search,2023-04-18,2,False,1,2,True,2023-05-07
L000449,Jones Inc,healthcare,335.0,Event/Webinar,2023-04-12,4,True,1,4,True,2023-07-07
L000450,"Wise, Conley and Stephenson",FinTech,16.0,Referral,2025-06-26,3,False,2,3,False,
L000451,Stanley PLC,Logistics,232.0,Outbound SDR,2026-05-28,2,False,2,3,False,
L000452,Harper and Sons,Media,,Outbound SDR,2024-07-13,1,False,2,4,False,
L000453,White Ltd,Retail,470.0,Event/Webinar,2023-08-22,3,True,2,2,False,
L000454,"Lamb, Martin and Kim",Education,3353.0,Outbound SDR,2023-08-16,2,True,2,1,False,
L000455,Diaz-Ball,Manufacturing,211.0,Partner,2026-04-29,3,True,1,4,True,2026-06-30
L000456,Bishop-Goodwin,Real Estate,612.0,Partner,2024-09-23,1,False,0,7,False,
L000457,Young-Allen,SaaS,72.0,Paid Search,2025-03-20,3,True,3,3,False,
L000458,Mckee-Lee,Consulting,118.0,Organic Search,2023-01-16,2,True,2,3,True,2023-02-11
L000459,"Valentine, Joyce and Murray",,243.0,Paid Search,2023-10-09,4,False,3,2,True,2023-11-10
L000460,Strickland-Shaw,Manufacturing,105.0,Referral,2023-09-03,3,False,2,6,True,2023-09-03
L000461,Burch-Montoya,Media,53.0,Partner,2025-05-31,3,True,4,3,True,2025-06-22
L000462,"Taylor, Wright and Davidson",Healthcare,11.0,Outbound SDR,2025-12-26,1,False,0,4,False,
L000463,Spencer-Garcia,Retail,10.0,Event/Webinar,2026-02-18,3,False,0,4,False,
L000464,"Rosales, Mitchell and Hines",Education,96.0,Organic Search,2025-03-24,1,False,5,3,True,2025-03-29
L000465,Cole-Palmer,Logistics,50.0,Organic Search,2025-07-30,2,True,2,4,True,2025-08-08
L000466,Davis-Lozano,,66.0,Event/Webinar,2025-05-29,3,True,1,3,False,
L000467,Wilkerson-Arias,Consulting,60.0,Outbound SDR,2026-08-04,5,False,2,1,False,
L000468,Brown-Shaw,,54.0,Referral,2023-08-24,6,True,1,3,False,
L000469,Hughes Inc,Logistics,31.0,Organic Search,2024-10-27,3,False,1,1,False,
L000470,Walker-Flores,,31.0,Event/Webinar,2025-07-31,1,False,2,2,True,2025-10-27
L000471,Combs Ltd,Education,174.0,Organic Search,2025-06-13,3,True,0,2,False,
L000472,Moody-Taylor,Fintech,,Paid Search,2025-06-11,5,False,1,0,False,
L000473,Lowery-Kennedy,Consulting,68.0,Outbound SDR,2025-12-09,2,False,1,1,False,
L000474,Blake Group,Fintech,298.0,Outbound SDR,2024-09-27,4,True,0,5,True,2024-11-09
L000475,Gilbert-Bullock,Retail,127.0,Referral,2023-12-11,3,False,1,4,False,
L000476,Scott and Sons,Fintech,170.0,Event/Webinar,2026-07-20,3,False,2,2,True,2026-07-27
L000477,"Bentley, Lynch and Henderson",Real Estate,221.0,Event/Webinar,2024-02-02,3,False,4,2,True,2024-03-17
L000478,Young-Martinez,,14.0,Partner,2026-08-14,2,True,2,5,True,2026-08-18
L000479,Barnes PLC,Retail,,Organic Search,2023-10-27,2,True,2,3,False,
L000480,Brown-Copeland,Manufacturing,342.0,Paid Search,2023-12-22,1,False,1,2,False,
L000481,Carlson-Smith,Consulting,125.0,Paid Search,2023-06-04,5,False,2,6,True,2023-06-26
L000482,"Andrews, Higgins and Carter",Media,252.0,Outbound SDR,2026-02-28,3,False,1,2,False,
L000483,Mendez and Sons,Consulting,34.0,Outbound SDR,2026-03-02,2,False,2,3,False,
L000484,"Butler, Beck and Miller",Consulting,111.0,Referral,2026-07-08,6,False,1,2,True,2026-07-28
L000485,Jones-Fox,Healthcare,,Outbound SDR,2023-05-20,4,True,0,4,False,
L000486,"Hartman, Romero and Smith",,36.0,Outbound SDR,2026-07-17,3,False,1,2,False,
L000487,Williams-Hughes,Manufacturing,,Referral,2026-04-26,7,False,2,2,False,
L000488,King-Smith,saas ,42.0,Referral,2025-11-05,3,True,0,5,True,2025-11-14
L000489,Cooper Ltd,Manufacturing,24.0,Outbound SDR,2025-07-14,4,False,3,2,False,
L000490,"Fuller, Ingram and Moss",Software,205.0,Organic Search,2025-01-25,1,False,2,2,False,
L000491,Anderson-Bell,Manufacturing,18.0,Organic Search,2026-08-13,2,True,3,4,True,2026-08-15
L000492,Li-Thompson,Consulting,97.0,Event/Webinar,2025-11-04,2,True,3,4,True,2025-12-23
L000493,"Marshall, Dominguez and Welch",Media,35.0,Event/Webinar,2026-02-09,3,False,2,2,False,
L000494,Brown Group,SaaS,73.0,Outbound SDR,2026-03-16,3,False,1,1,False,
L000495,Carter Inc,Retail,205.0,Referral,2026-05-24,6,True,1,5,True,2026-07-23
L000496,Blackwell LLC,Real Estate,991.0,Paid Search,2023-05-07,1,False,3,1,True,2023-07-03
L000497,Robertson-Hays,Fintech,86.0,Referral,2023-06-22,4,True,3,3,False,
L000498,"Kennedy, Johnson and Lucas",Real Estate,3.0,Partner,2023-12-20,1,False,1,7,True,2023-12-25
L000499,Kelly-Norman,Retail,54.0,Partner,2025-06-15,3,False,0,5,True,2025-08-10
L000500,"Rivera, Martinez and Richardson",Real Estate,109.0,Event/Webinar,2026-06-02,5,False,0,0,False,
L000501,Paul-Kline,,35.0,Referral,2025-02-02,2,False,3,1,True,2025-03-10
L000502,Morgan-Lopez,Logistics,164.0,Outbound SDR,2024-11-23,2,False,0,2,False,
L000503,"Jimenez, Glass and Stone",Consulting,32.0,Organic search,2026-07-16,3,True,2,5,False,
L000504,Acosta Inc,Education,25.0,Organic search,2024-11-06,3,False,2,4,False,
L000505,Morrison-Short,Fintech,513.0,Event/Webinar,2025-03-02,1,True,3,2,False,
L000506,"Carter, Garcia and Murphy",Manufacturing,145.0,Referral,2026-05-19,7,False,0,2,True,2026-06-07
L000507,Parker-Morrison,Education,963.0,Organic Search,2026-04-08,1,False,0,5,False,
L000508,Jackson-Wallace,Healthcare,1244.0,Referral,2024-09-27,2,False,1,1,False,
L000509,Williams-Berg,Logistics,36.0,Paid Search,2026-05-03,4,True,1,3,True,2026-08-01
L000510,Mendez-Graham,Fintech,69.0,Referral,2026-02-18,5,False,2,3,False,
L000511,"Whitney, Gould and Jones",Logistics,68.0,Partner,2024-11-03,2,True,2,3,False,
L000512,"Sullivan, Palmer and Brady",Healthcare,133.0,Partner,2025-12-14,2,False,0,5,False,
L000513,Cisneros and Sons,FinTech,445.0,Partner,2025-05-17,1,False,2,3,False,
L000514,"Gregory, Kim and Martinez",Real Estate,755.0,Referral,2023-02-07,4,False,1,3,False,
L000515,Osborne LLC,Education,84.0,Referral,2024-01-05,5,True,3,5,True,2024-02-01
L000516,Reyes-Bradley,Education,18.0,Outbound SDR,2024-01-29,3,False,3,3,True,2024-02-26
L000517,"Hernandez, Cole and Watson",Healthcare,11.0,Paid Search,2023-06-08,3,False,1,6,True,2023-07-15
L000518,Hines-Berry,FinTech,191.0,Event/Webinar,2026-01-10,3,False,1,1,False,
L000519,"Richardson, Edwards and Ramirez",Real Estate,59.0,Organic Search,2024-11-20,5,False,0,2,False,
L000520,Johnson and Sons,,76.0,Paid Search,2026-05-08,6,False,0,0,False,
L000521,Holmes-Mcintyre,Logistics,12.0,Paid Search,2023-11-29,2,True,1,2,True,2023-12-22
L000522,Green LLC,Consulting,105.0,Paid Search,2025-06-15,2,False,2,3,True,2025-06-20
L000523,"Griffin, Davies and Mitchell",Logistics,20.0,Referral,2024-05-01,4,False,2,2,False,
L000524,Gonzalez-Taylor,Media,85.0,Event/Webinar,2024-08-06,3,False,2,4,False,
L000525,Hayes Ltd,Media,9.0,Paid Search,2025-12-29,2,False,0,4,False,
L000526,Osborn-Cochran,Retail,,Referral,2025-08-18,3,False,0,5,True,2025-09-11
L000527,Contreras-Mckinney,Education,155.0,Partner,2026-03-14,4,False,1,4,True,2026-05-09
L000528,"Daniels, Vance and York",,19.0,Referral,2025-02-21,6,False,2,4,False,
L000529,"Mckinney, Graves and Thompson",Real Estate,338.0,Event/Webinar,2025-05-07,1,False,0,1,False,
L000530,Hicks-Martinez,Healthcare,33.0,Paid Search,2026-05-23,2,False,2,2,False,
L000531,Conner and Sons,Healthcare,78.0,Referral,2023-04-17,4,True,0,3,False,
L000532,Johnson-Spencer,Media,9.0,Referral,2026-02-09,3,False,1,3,False,
L000533,Mcdonald-Bird,Fintech,3019.0,Partner,2025-11-22,2,True,1,4,True,2025-12-07
L000534,Salazar Inc,Manufacturing,,Organic Search,2023-11-25,3,True,0,0,False,
L000535,Parker Ltd,Manufacturing,40.0,Outbound SDR,2025-11-17,2,False,0,2,False,
L000536,"Mendoza, Jenkins and Ortiz",Healthcare,12.0,Outbound SDR,2023-07-07,2,False,1,5,True,2023-08-04
L000537,"Jones, Compton and Day",Media,5.0,Referral,2023-02-24,4,False,3,1,False,
L000538,Owens-Holmes,Logistics,4.0,Organic Search,2025-03-22,3,False,1,2,False,
L000539,Humphrey PLC,Real Estate,35.0,Referral,2024-04-27,5,False,1,2,False,
L000540,"Matthews, Saunders and Anderson",Logistics,195.0,Organic Search,2025-02-06,3,True,2,5,True,2025-03-06
L000541,"Bartlett, Brown and Martinez",saas ,371.0,Referral,2023-07-22,3,False,0,4,False,
L000542,Torres and Sons,Education,400.0,Paid Search,2023-10-09,3,True,1,5,True,2023-10-13
L000543,Donovan-Perez,Manufacturing,105.0,Outbound SDR,2023-10-12,3,False,1,6,True,2024-01-10
L000544,"Jacobson, Singleton and King",Media,4394.0,Outbound SDR,2026-06-14,4,False,3,1,True,2026-06-14
L000545,"Huber, Hill and Weber",Fintech,22.0,Organic Search,2024-06-08,2,True,4,1,True,2024-07-05
L000546,"Ferguson, Shaw and Jackson",Healthcare,982.0,Event/Webinar,2026-05-31,4,True,3,2,False,
L000547,"Moore, Hopkins and Le",Real Estate,277.0,Outbound SDR,2023-08-16,2,False,1,2,False,
L000548,"Morgan, Bradshaw and Williams",Manufacturing,29.0,Paid Search,2024-09-08,3,False,3,4,False,
L000549,Miller Ltd,Fintech,75.0,Organic Search,2024-05-03,5,False,1,2,True,2024-06-25
L000550,"Baker, Clark and Armstrong",Consulting,8.0,Outbound SDR,2023-05-09,2,True,2,2,True,2023-05-23
L000551,"Fowler, Jimenez and Burton",Media,240.0,Event/Webinar,2026-01-02,5,False,2,4,False,
L000552,May-Turner,,297.0,Partner,2025-11-21,4,False,0,2,False,
L000553,Ballard Ltd,Consulting,30.0,Paid Search,2023-10-22,4,False,0,5,False,
L000554,Evans-Jones,Manufacturing,19.0,Outbound SDR,2023-01-04,5,True,3,0,True,2023-03-23
L000555,Moore Group,Education,62.0,Paid Search,2026-03-14,1,False,1,4,False,
L000556,Marshall-Peterson,,74.0,Paid Search,2023-06-25,4,True,1,4,False,
L000557,Edwards Ltd,Real Estate,165.0,Referral,2023-05-19,4,True,2,2,True,2023-07-25
L000558,Gross-Valencia,Real Estate,,Event/Webinar,2025-11-05,4,False,0,4,False,
L000559,Anderson-Wood,,129.0,Organic Search,2025-03-10,3,False,1,5,False,
L000560,"Rodriguez, Allen and Martinez",,6.0,Organic Search,2026-07-25,2,False,1,3,False,
L000561,Wright-Davis,Logistics,50.0,Referral,2024-06-03,3,True,2,3,True,2024-06-05
L000562,Dougherty-Lin,Education,,Organic Search ,2024-12-07,2,True,3,4,False,
L000563,Wright-Grimes,Retail,211.0,Partner,2026-07-10,1,True,1,3,False,
L000564,Li PLC,Fintech,286.0,Event/Webinar,2024-11-11,3,False,3,1,False,
L000565,"Edwards, Hines and Jimenez",Healthcare,292.0,Organic Search,2024-12-22,3,False,1,1,True,2025-03-01
L000566,"Owens, Koch and Jimenez",Education,46.0,Partner,2023-12-25,2,False,0,6,True,2024-03-21
L000567,Landry PLC,Media,,Partner,2025-09-07,3,False,0,3,False,
L000568,Levy-Lewis,Healthcare,65.0,Paid Search,2023-05-10,5,False,1,2,False,
L000569,Williams-Campbell,,127.0,Organic Search,2024-08-23,4,False,0,0,False,
L000570,"Khan, Pena and Ruiz",Retail,36.0,Organic Search,2024-02-13,1,False,2,2,False,
L000571,"Smith, Rodriguez and Anderson",SaaS,140.0,Referral,2024-09-27,4,False,1,2,True,2024-12-01
L000572,Luna-Gallagher,Logistics,6.0,Event/Webinar,2025-08-27,3,False,0,5,False,
L000573,Williams-Williams,Manufacturing,1034.0,Organic Search,2026-08-17,2,True,2,2,True,2026-08-23
L000574,"Lee, Tran and Jones",Manufacturing,,Referral,2023-04-08,5,False,1,5,False,
L000575,"Cole, Pierce and Bryan",Education,,Referral,2023-09-12,7,True,1,1,True,2023-10-29
L000576,"Becker, Wilson and Hester",Logistics,259.0,Outbound SDR,2025-06-19,1,False,1,4,False,
L000577,Brooks-Hatfield,Logistics,1084.0,Referral,2024-01-18,4,False,3,4,False,
L000578,"Mcmillan, Fischer and Gonzalez",Media,106.0,Partner,2025-10-15,4,True,1,5,True,2025-12-01
L000579,"Morales, Williams and Williams",Real Estate,53.0,Referral,2023-06-19,2,False,0,2,True,2023-08-12
L000580,"Cook, Wells and Bryant",Fintech,93.0,Outbound SDR,2026-05-18,3,True,2,2,False,
L000581,"Barry, Taylor and Velazquez",Healthcare,,Event/Webinar,2024-08-24,3,False,2,4,False,
L000582,Martin-Ewing,Education,33.0,Organic Search,2023-06-13,2,False,3,7,True,2023-07-24
L000583,"Kirby, Wheeler and Romero",Manufacturing,1063.0,Referral,2025-07-02,5,False,1,4,False,
L000584,"Patel, Erickson and Evans",Consulting,28.0,Partner,2025-05-22,3,True,1,2,True,2025-06-12
L000585,Richardson Ltd,Media,218.0,Referral,2025-07-04,6,False,2,3,False,
L000586,Whitney PLC,SaaS,68.0,Partner,2024-12-23,2,False,0,4,False,
L000587,Robles-Swanson,Consulting,69.0,Outbound SDR,2024-07-16,3,True,2,5,True,2024-10-05
L000588,"Soto, Carlson and Baker",SAAS,53.0,Organic Search,2026-07-29,5,False,0,3,False,
L000589,"Patton, Parsons and Lane",Logistics,198.0,Referral,2025-11-16,4,True,0,1,True,2026-02-10
L000590,"Williams, Castillo and Warren",Healthcare,7.0,Organic Search,2023-10-20,3,False,2,2,False,
L000591,"Harvey, Randall and Hernandez",Consulting,31.0,Partner,2025-06-16,3,False,2,4,False,
L000592,"Allen, Armstrong and Graves",,11.0,Paid Search,2023-05-18,3,False,3,5,False,
L000593,Smith LLC,Retail,20.0,Partner,2025-01-20,4,True,3,2,True,2025-03-07
L000594,Hernandez-Vaughn,Logistics,263.0,Event/Webinar,2023-03-08,3,True,3,4,True,2023-05-24
L000595,Shaw-Carr,Healthcare,160.0,Partner,2025-07-10,3,True,0,2,True,2025-08-26
L000596,Salas-Fitzgerald,,,Outbound SDR,2023-06-07,1,False,1,4,False,
L000597,Thornton PLC,Consulting,64.0,Paid Search,2025-12-20,1,False,0,7,False,
L000598,Hoffman Ltd,Education,87.0,Outbound SDR,2024-10-05,5,False,3,3,False,
L000599,Fox-Edwards,Manufacturing,17.0,Paid Search,2023-08-21,2,False,0,2,False,
L000600,Stevens PLC,SaaS,316.0,Partner,2024-01-17,5,True,1,3,True,2024-03-20
L000601,Payne-Lowe,Real Estate,10.0,Outbound SDR,2026-02-24,2,False,1,4,False,
L000602,"Becker, Lara and Baker",Fintech,270.0,Referral,2024-06-17,7,False,2,1,True,2024-09-15
L000603,Lee-Wright,,5.0,Paid Search,2026-06-07,4,True,0,4,True,2026-07-13
L000604,"Evans, David and Hendrix",Media,56.0,Paid Search,2023-09-09,1,False,1,2,False,
L000605,Bush-Vaughn,Healthcare,,Organic Search,2025-07-14,3,True,2,3,False,
L000606,Stewart-Bailey,Healthcare,36.0,Partner,2025-06-30,4,False,2,5,False,
L000607,"Hill, Martinez and Rhodes",,9.0,Partner,2024-10-16,1,True,1,3,False,
L000608,Huang-Foster,Education,140.0,Partner,2023-05-13,1,True,4,2,False,
L000609,Blevins-Ballard,Real Estate,80.0,Event/Webinar,2024-08-17,5,True,1,3,False,
L000610,Williams-Moses,Manufacturing,67.0,Paid Search,2026-07-30,2,False,1,5,False,
L000611,Reed Group,Healthcare,66.0,Referral,2025-11-07,3,False,4,4,False,
L000612,"Scott, Mendoza and Harris",Retail,316.0,Organic Search,2024-02-16,5,False,2,2,False,
L000613,"Nelson, Hoffman and Nelson",Health Care,,Paid Search,2025-10-08,2,False,2,8,False,
L000614,Gilbert PLC,SaaS,,Referral,2026-02-08,4,False,0,1,False,
L000615,Sanchez Ltd,Consulting,147.0,Referral,2025-08-15,3,False,4,0,True,2025-10-24
L000616,"Perez, Hall and Garcia",Healthcare,120.0,Event/Webinar,2023-06-26,3,False,2,3,False,
L000617,Love-Garcia,Fintech,215.0,Referral,2025-03-26,6,True,2,0,True,2025-05-26
L000618,Smith PLC,Real Estate,380.0,Outbound SDR,2025-04-18,1,False,2,3,False,
L000619,Russell Group,Consulting,,Organic Search,2023-09-14,4,False,1,3,True,2023-10-24
L000620,Santos-Avila,Fintech,30.0,Outbound SDR,2025-08-12,2,True,1,2,True,2025-11-07
L000621,Morris-Brewer,,73.0,Referral,2023-09-20,3,False,2,1,False,
L000622,Pearson and Sons,Real Estate,14.0,Partner,2026-04-18,1,False,0,3,False,
L000623,"Rodgers, Jefferson and Johnson",Healthcare,143.0,Paid Search,2025-06-05,3,True,0,3,True,2025-08-08
L000624,Butler and Sons,SAAS,1684.0,Organic Search,2025-11-27,6,False,1,3,False,
L000625,Osborn Group,Health Care,42.0,Referral,2023-12-04,6,False,2,4,True,2023-12-24
L000626,Lopez-Curry,Education,43.0,Partner,2024-04-06,2,False,1,3,True,2024-05-20
L000627,Mcdowell-Smith,Real Estate,685.0,Referral,2023-06-11,4,False,1,1,True,2023-07-13
L000628,"Morrison, Hebert and Rogers",Retail,20.0,Partner,2026-02-02,2,False,1,2,True,2026-03-09
L000629,Hays-Daniels,Healthcare,125.0,Partner,2024-09-12,3,False,0,2,True,2024-11-29
L000630,Small-Anderson,Real Estate,7.0,Organic Search,2025-10-26,2,False,1,1,False,
L000631,"Mcdonald, Lee and Rodriguez",healthcare,324.0,Event/Webinar,2026-04-04,3,False,0,2,False,
L000632,Simon Ltd,healthcare,49.0,Paid Search,2026-07-02,2,False,0,3,False,
L000633,Higgins-Smith,Consulting,258.0,Referral,2026-02-28,4,True,0,5,True,2026-03-05
L000634,Gibbs-Bradley,SaaS,9.0,Organic Search,2023-04-04,1,False,0,2,False,
L000635,Thompson Ltd,Consulting,26.0,Referral,2026-08-26,3,False,3,3,False,
L000636,Wilcox-Robertson,Retail,53.0,Event/Webinar,2025-05-03,2,False,3,2,False,
L000637,Morales Inc,Consulting,25.0,Partner,2023-03-04,2,False,3,1,False,
L000638,Holden Group,Media,585.0,Partner,2026-01-22,4,False,0,2,False,
L000639,Boyle-Smith,,19.0,Partner,2024-09-10,3,False,4,1,False,
L000640,Young-Molina,Media,,Paid Search,2025-04-11,1,True,1,2,False,
L000641,Turner-Sharp,Manufacturing,210.0,Outbound SDR,2023-05-30,5,False,3,1,False,
L000642,Green LLC,SaaS,69.0,Paid Search,2025-06-19,3,False,1,3,False,
L000643,"Young, Contreras and Marshall",Logistics,17.0,Outbound SDR,2025-08-09,2,False,1,4,False,
L000644,Sullivan PLC,Retail,70.0,Referral,2026-05-27,6,True,1,3,False,
L000645,"Carrillo, Vaughn and Fowler",Healthcare,317.0,Referral,2024-10-15,4,True,2,2,True,2024-11-28
L000646,Richardson-Walker,Logistics,13.0,Paid Search,2025-01-28,1,False,1,5,False,
L000647,Mendoza Group,,,Event/Webinar,2023-08-06,3,True,1,2,False,
L000648,"Zhang, Brooks and Miles",Education,95.0,Paid Search,2025-08-13,4,False,2,2,True,2025-08-28
L000649,Todd-Pham,,69.0,Outbound SDR,2024-05-22,1,False,0,4,False,
L000650,Gill Ltd,Health Care,335.0,Organic Search,2023-04-14,1,False,1,5,False,
L000651,"Marks, Miller and Griffin",Manufacturing,32.0,Outbound SDR,2026-06-14,2,False,1,0,False,
L000652,"Cox, Stark and Rodriguez",Logistics,,Paid Search,2023-11-24,4,False,3,1,False,
L000653,"Leach, Harris and Herrera",Education,147.0,Event/Webinar,2024-10-02,3,True,1,3,True,2024-10-26
L000654,Murphy PLC,,463.0,Outbound SDR,2025-11-20,4,False,1,2,False,
L000655,Wilson-Harris,,21.0,Outbound SDR,2024-09-23,1,False,3,2,False,
L000656,"Burns, Nolan and Griffin",Media,41.0,organic-search,2023-07-04,2,False,0,5,False,
L000657,Chavez PLC,Logistics,64.0,Event/Webinar,2025-07-25,7,False,2,5,False,
L000658,Bryant-Brown,Retail,126.0,Paid Search,2026-04-09,3,False,1,5,True,2026-05-24
L000659,Chambers-Parker,SaaS,1024.0,Organic Search,2024-07-30,2,False,0,3,True,2024-10-01
L000660,Foster Inc,Consulting,120.0,Partner,2025-08-21,6,True,1,1,True,2025-09-26
L000661,"Robinson, Jones and Henderson",Real Estate,32.0,Organic Search,2023-08-09,3,True,1,3,False,
L000662,"Brown, Mcknight and Michael",Logistics,152.0,Paid Search,2024-06-25,1,False,4,3,False,
L000663,Andersen Group,Education,305.0,Outbound SDR,2025-01-19,4,False,0,4,True,2025-01-24
L000664,Mitchell and Sons,Logistics,256.0,Organic Search,2026-03-13,4,False,2,3,True,2026-05-23
L000665,Cannon Ltd,Retail,953.0,Referral,2026-02-07,5,False,2,2,False,
L000666,"Stuart, Brooks and Vance",Manufacturing,33.0,Organic Search,2025-03-02,3,True,1,5,True,2025-05-05
L000667,Kane-Knox,Media,37.0,Event/Webinar,2024-07-26,2,False,2,3,True,2024-10-13
L000668,Miller-Brandt,,192.0,Organic Search,2023-09-21,2,False,3,3,False,
L000669,"Anderson, Dalton and Wilson",Fintech,120.0,Outbound SDR,2025-02-03,2,False,2,2,False,
L000670,"Long, Anderson and Irwin",Education,52.0,Event/Webinar,2025-01-18,2,False,1,2,False,
L000671,Avila LLC,Healthcare,31.0,Paid Search,2026-05-18,4,False,1,5,False,
L000672,Nunez-Stephens,Real Estate,176.0,Outbound SDR,2025-10-21,4,False,2,5,False,
L000673,"Gray, Hall and Murray",SaaS,66.0,Organic Search,2023-03-21,1,False,1,5,True,2023-04-07
L000674,Hill Ltd,Education,4590.0,Outbound SDR,2025-11-29,5,True,1,4,True,2026-01-26
L000675,Johnson Ltd,Healthcare,201.0,Event/Webinar,2025-11-21,5,False,3,2,True,2025-12-08
L000676,Mendez-Mayer,Education,30.0,Event/Webinar,2024-10-14,1,False,1,2,False,
L000677,Allen Inc,Healthcare,16.0,Outbound SDR,2026-06-16,2,False,1,1,False,
L000678,Wheeler Group,Manufacturing,,Event/Webinar,2024-11-19,5,False,1,4,False,
L000679,"Powers, Brennan and Sanchez",Real Estate,26.0,Event/Webinar,2025-12-26,3,True,1,1,True,2026-02-26
L000680,Morales and Sons,Consulting,43.0,Referral,2025-08-30,5,False,1,2,False,
L000681,"Robinson, Shields and Brown",,140.0,Referral,2024-11-09,4,False,5,4,False,
L000682,"Holder, Young and Hendricks",Fintech,58.0,Outbound SDR,2026-04-10,1,True,1,3,True,2026-05-19
L000683,"Flores, Harper and Chambers",SaaS,65.0,Event/Webinar,2025-08-29,2,False,0,5,False,
L000684,Young-Walter,Manufacturing,,Partner,2026-03-30,4,False,1,2,False,
L000685,"Boyd, Gutierrez and Hill",,21.0,Paid Search,2023-04-16,4,False,3,2,False,
L000686,"Fry, Hobbs and Buck",Consulting,72.0,Outbound SDR,2023-12-16,4,False,0,2,False,
L000687,"Shelton, Peters and Williams",Real Estate,7.0,Partner,2026-06-23,1,True,0,3,False,
L000688,David-Powers,Logistics,477.0,Paid Search,2024-05-11,2,False,3,3,False,
L000689,"Flores, Butler and Hernandez",SaaS,88.0,Event/Webinar,2023-08-14,3,True,0,4,True,2023-09-07
L000690,White-Medina,,139.0,Outbound SDR,2024-10-04,2,False,1,4,False,
L000691,Atkinson LLC,Logistics,15.0,Paid Search,2025-04-25,3,True,1,2,False,
L000692,"Thomas, Ford and Brown",Retail,194.0,Outbound SDR,2025-10-24,2,False,1,6,True,2026-01-10
L000693,Faulkner-Grant,Media,36.0,Partner,2023-05-08,3,False,2,2,True,2023-08-06
L000694,Price LLC,,20.0,Event/Webinar,2024-02-29,3,False,0,3,False,
L000695,Rivera Inc,Real Estate,335.0,Referral,2025-09-06,4,True,0,2,True,2025-11-12
L000696,Boone-Davis,Logistics,,Referral,2023-12-21,4,True,2,4,True,2024-02-17
L000697,"Calderon, Williams and Bennett",Real Estate,60.0,Referral,2026-01-23,4,False,1,0,False,
L000698,"Morrison, Russo and Lopez",Education,117.0,Partner,2026-08-10,2,True,3,4,False,
L000699,"Ramsey, Hansen and Mendoza",Manufacturing,467.0,Event/Webinar,2025-09-18,3,False,1,0,False,
L000700,Turner-Stout,Retail,221.0,Paid Search,2024-07-25,3,True,2,1,False,
L000701,Giles Ltd,Real Estate,69.0,Referral,2024-04-05,4,False,1,1,True,2024-05-13
L000702,Burgess Group,Manufacturing,70.0,Partner,2024-02-29,5,True,1,0,False,
L000703,Dominguez Ltd,Media,23.0,Referral,2025-09-09,5,False,1,3,True,2025-10-23
L000704,Sanders and Sons,Real Estate,222.0,Partner,2024-07-14,3,False,0,5,True,2024-08-19
L000705,"Morris, Campbell and Owens",Fintech,461.0,Event/Webinar,2026-01-17,4,False,1,4,True,2026-03-06
L000706,"Howard, Green and Hunt",Logistics,55.0,Referral,2023-10-27,3,True,1,6,True,2023-12-03
L000707,Owens-Lang,,194.0,Referral,2023-06-11,7,False,1,5,True,2023-07-25
L000708,"Harrison, Franco and Rocha",Media,,Partner,2024-06-09,2,False,2,3,False,
L000709,Edwards-Williams,Media,63.0,Paid Search,2024-02-18,6,True,2,4,True,2024-04-26
L000710,Figueroa Inc,Manufacturing,83.0,Event/Webinar,2024-07-10,1,False,1,5,False,
L000711,Tran-Silva,healthcare,,Organic Search,2026-06-14,3,False,0,1,False,
L000712,"Butler, Hernandez and Rivera",Consulting,7.0,Paid Search,2024-05-11,4,False,2,2,False,
L000713,Hudson-Sanchez,SaaS,290.0,Partner,2025-12-23,1,False,2,0,False,
L000714,"Pena, Cohen and Scott",Retail,113.0,Partner,2024-04-21,4,True,0,2,False,
L000715,Levy-May,saas ,209.0,Organic Search,2025-04-26,1,True,0,4,False,
L000716,Murray-Oconnor,Education,78.0,Partner,2025-08-25,5,True,0,1,True,2025-09-06
L000717,Jackson-Cortez,Healthcare,230.0,Organic Search,2026-02-01,3,True,1,2,True,2026-02-21
L000718,White-Preston,Logistics,182.0,Partner,2025-09-01,3,True,2,4,False,
L000719,"Bernard, Warren and Combs",Media,2667.0,Partner,2024-02-13,2,False,0,3,False,
L000720,Landry Ltd,Manufacturing,83.0,Referral,2024-08-07,6,True,3,1,False,
L000721,Duran Group,SaaS,8.0,Organic Search,2026-08-28,3,False,3,2,False,
L000722,Kirby and Sons,Consulting,342.0,Paid Search,2025-12-31,1,False,5,1,True,2026-01-04
L000723,Mann Inc,Healthcare,57.0,Outbound SDR,2023-12-27,2,True,1,5,True,2023-12-31
L000724,Wagner LLC,Logistics,128.0,Outbound SDR,2024-01-17,3,False,0,2,False,
L000725,Williamson Ltd,Manufacturing,186.0,Organic Search,2023-01-19,2,False,4,4,True,2023-02-26
L000726,"Durham, Hopkins and Smith",Consulting,15.0,Event/Webinar,2023-08-08,2,False,5,3,False,
L000727,"Arnold, Smith and Moreno",Education,455.0,Referral,2025-07-19,4,False,3,1,True,2025-10-09
L000728,Nichols-Mitchell,,128.0,Event/Webinar,2025-10-08,4,True,3,2,True,2025-10-25
L000729,"Li, Craig and Drake",Real Estate,29.0,Outbound SDR,2024-07-12,2,False,1,1,False,
L000730,Rodriguez Inc,Retail,117.0,Organic Search,2024-11-08,1,True,2,6,False,
L000731,"Hernandez, Lee and Fox",Health Care,46.0,Partner,2025-07-28,1,True,2,0,True,2025-10-18
L000732,Adams-Sanders,Manufacturing,73.0,Partner,2024-01-17,6,False,1,1,True,2024-01-18
L000733,Chung-Stevens,Education,37.0,Referral,2026-03-08,6,False,1,3,False,
L000734,Branch and Sons,,94.0,Paid Search,2026-06-05,2,True,2,4,False,
L000735,Sutton-Abbott,,379.0,Outbound SDR,2025-11-21,3,False,1,5,True,2026-01-01
L000736,"Frey, Santos and Johnson",Fintech,,Outbound SDR,2023-07-15,2,True,0,2,False,
L000737,Gray-Tran,,112.0,Paid Search,2025-09-04,5,True,3,0,False,
L000738,Walsh Ltd,Education,280.0,Paid Search,2023-01-14,2,False,2,5,False,
L000739,Miller Group,Manufacturing,77.0,Outbound SDR,2024-04-27,2,False,0,2,False,
L000740,"Mueller, Knight and Hodge",Media,198.0,Referral,2024-11-06,2,False,2,5,False,
L000741,Jacobson Inc,Manufacturing,,Event/Webinar,2026-03-19,3,False,0,5,False,
L000742,Lewis Ltd,SaaS,199.0,Referral,2026-08-31,3,True,1,2,True,2026-09-01
L000743,"Alvarez, Williams and Jones",Retail,353.0,Organic Search,2023-08-31,5,False,2,4,False,
L000744,Lam-Elliott,Media,101.0,Referral,2023-11-24,4,False,0,3,True,2024-01-14
L000745,White LLC,Real Estate,49.0,Partner,2024-09-28,2,False,2,3,False,
L000746,Ali PLC,,273.0,Partner,2024-08-27,1,False,0,6,False,
L000747,Goodwin Ltd,Education,40.0,Event/Webinar,2024-03-28,3,False,1,5,False,
L000748,Hickman-Evans,Retail,51.0,Paid Search,2025-09-06,3,False,3,4,False,
L000749,"Allen, Davenport and Price",Health Care,185.0,Outbound SDR,2026-05-25,3,False,5,1,False,
L000750,"Rivera, Campos and Taylor",Education,,Outbound SDR,2026-01-29,2,False,0,2,True,2026-03-30
L000751,"Ramsey, Mason and Mccann",Real Estate,717.0,Partner,2024-03-23,2,False,1,3,True,2024-04-23
L000752,Davis and Sons,,18.0,Organic Search,2025-12-12,3,False,3,2,False,
L000753,Peterson PLC,Media,263.0,Event/Webinar,2025-01-10,2,False,1,6,False,
L000754,"Sanders, Ayala and Johnson",Fintech,116.0,Event/Webinar,2023-08-18,7,False,0,5,False,
L000755,Bowers-Hayes,SaaS,9.0,Event/Webinar,2025-11-01,6,False,1,1,False,
L000756,Kelly Group,Retail,245.0,Event/Webinar,2026-01-04,3,False,0,3,True,2026-01-23
L000757,Lopez-Willis,Healthcare,47.0,Referral,2025-12-01,3,False,1,0,True,2026-01-26
L000758,Miller-Montgomery,FinTech,308.0,Partner,2024-02-25,3,False,1,4,False,
L000759,Marquez Inc,Consulting,665.0,Outbound SDR,2023-07-06,5,False,2,1,False,
L000760,Moore-Dawson,Real Estate,,Outbound SDR,2023-04-24,3,False,1,7,True,2023-06-21
L000761,"Moore, Price and Ward",Health Care,8.0,Event/Webinar,2025-04-30,4,True,3,2,True,2025-06-27
L000762,Smith LLC,Consulting,231.0,Organic Search,2026-02-18,5,False,5,5,True,2026-04-18
L000763,Ward-Nelson,Manufacturing,57.0,Partner,2023-02-14,4,False,3,2,False,
L000764,Miller Group,Logistics,71.0,Referral,2023-01-07,3,False,4,5,True,2023-02-03
L000765,Hawkins-Hunt,Consulting,17.0,Organic Search,2023-04-03,7,False,2,4,False,
L000766,Johnson LLC,Logistics,,Referral,2023-05-11,5,True,7,4,True,2023-07-19
L000767,"Davis, George and Nguyen",SaaS,,organic-search,2025-08-24,4,True,1,2,True,2025-08-28
L000768,Smith-Gutierrez,Manufacturing,154.0,Outbound SDR,2024-01-04,2,False,2,3,True,2024-01-21
L000769,Hardy PLC,Logistics,41.0,Referral,2025-02-22,3,False,0,6,False,
L000770,Armstrong and Sons,Media,112.0,Outbound SDR,2025-02-08,4,False,2,1,False,
L000771,"James, Taylor and Turner",financial tech,229.0,Partner,2026-01-09,2,False,2,3,False,
L000772,Thomas-Jackson,Health Care,185.0,Partner,2024-12-13,2,False,1,1,False,
L000773,Fisher-Washington,Fintech,108.0,Paid Search,2026-01-05,5,True,2,3,False,
L000774,Ward and Sons,Logistics,411.0,Event/Webinar,2023-09-18,1,False,1,5,False,
L000775,"Weber, Wheeler and Gonzalez",Retail,44.0,Organic Search,2023-02-16,2,True,2,5,True,2023-03-26
L000776,Taylor Inc,Media,29.0,Partner,2026-01-20,4,True,1,2,True,2026-03-15
L000777,Cook-Oliver,Real Estate,66.0,Outbound SDR,2024-04-15,4,False,0,5,False,
L000778,Alexander-Jordan,Retail,,Outbound SDR,2024-12-09,2,False,1,4,False,
L000779,"Mccann, Taylor and Flores",Healthcare,95.0,Referral,2024-01-22,7,False,2,4,False,
L000780,"Harris, Edwards and Oconnell",Fintech,509.0,Organic Search,2025-05-08,3,False,0,4,False,
L000781,Carter-Neal,Consulting,6.0,Organic Search,2024-05-07,1,False,1,4,False,
L000782,Faulkner-Casey,,,Organic Search,2023-07-26,3,False,0,2,False,
L000783,Bennett-Velasquez,Consulting,414.0,Organic Search,2025-07-03,2,True,0,4,False,
L000784,Diaz-Frederick,Consulting,37.0,Partner,2023-04-10,3,True,1,3,False,
L000785,Vargas PLC,Retail,14.0,Partner,2023-04-01,4,False,0,6,False,
L000786,Maldonado PLC,Logistics,,Outbound SDR,2024-04-24,3,True,2,3,False,
L000787,Benton Group,Real Estate,165.0,Paid Search,2023-04-26,2,False,3,4,False,
L000788,"Clark, Salinas and Guerra",Healthcare,65.0,Event/Webinar,2024-08-15,3,False,2,6,False,
L000789,Fuentes Group,Retail,60.0,Partner,2026-03-25,2,True,0,7,False,
L000790,"Porter, Schultz and Allen",Education,25.0,Event/Webinar,2026-05-09,3,False,1,6,False,
L000791,"Moore, Henderson and Bennett",Education,174.0,Paid Search,2024-09-10,7,False,1,2,False,
L000792,Ewing-Mendoza,Healthcare,249.0,Partner,2025-12-03,5,False,3,1,True,2025-12-31
L000793,Ferguson-Mclean,Logistics,22.0,Referral,2024-07-17,2,True,3,5,False,
L000794,"Barnes, Johnson and Schmitt",SaaS,103.0,Event/Webinar,2026-04-26,3,False,0,3,False,
L000795,"Woodard, Herrera and Little",Health Care,24.0,Partner,2025-05-24,5,False,3,2,False,
L000796,Rodriguez and Sons,Real Estate,,Outbound SDR,2023-04-07,5,False,0,5,True,2023-05-21
L000797,"Ortega, Jackson and Salazar",Logistics,836.0,Event/Webinar,2024-10-14,6,True,2,6,True,2025-01-11
L000798,"Terrell, Byrd and Ross",Logistics,197.0,Outbound SDR,2023-11-02,2,False,4,1,False,
L000799,Sheppard-Jordan,Manufacturing,,Outbound SDR,2024-01-12,3,False,1,3,False,
L000800,Garcia and Sons,Real Estate,,Outbound SDR,2024-05-08,4,False,0,2,False,
L000801,"Burgess, Grant and Watts",Retail,113.0,Referral,2023-10-23,8,False,5,4,True,2023-12-21
L000802,Griffin Group,SaaS,29.0,Event/Webinar,2025-04-25,3,False,1,6,True,2025-06-17
L000803,Barton-Chapman,Real Estate,26.0,Event/Webinar,2023-10-02,3,False,1,3,False,
L000804,"Hernandez, Cuevas and Webb",,115.0,Paid Search,2024-06-06,3,False,1,3,True,2024-07-02
L000805,Perry-Nixon,Education,3942.0,Partner,2023-06-11,3,True,1,3,True,2023-08-07
L000806,Guerra Ltd,Education,292.0,Organic Search,2026-01-01,5,False,0,3,False,
L000807,Bailey LLC,Retail,23.0,Organic Search,2024-07-03,4,False,1,2,True,2024-08-20
L000808,Mueller-Boyd,Consulting,24.0,Event/Webinar,2023-03-22,4,True,1,4,False,
L000809,Alvarez-Kim,Fintech,,Paid Search,2026-04-18,3,True,1,3,True,2026-07-12
L000810,"Chavez, Jones and Williams",Real Estate,152.0,Paid Search,2025-09-08,1,True,3,5,False,
L000811,"Wilson, Sweeney and Wong",Retail,75.0,Referral,2024-09-12,3,False,0,4,False,
L000812,"Marsh, Spears and Yang",SAAS,29.0,Paid Search,2024-01-25,4,False,4,3,True,2024-02-09
L000813,"Thompson, Moore and Castro",Media,424.0,Paid Search,2026-05-22,1,True,4,4,False,
L000814,Hall-Sullivan,Retail,190.0,Outbound SDR,2024-05-05,4,False,2,1,False,
L000815,Lopez Ltd,Real Estate,,Referral,2024-08-02,4,True,3,4,True,2024-09-19
L000816,Foster-Mclaughlin,Media,23.0,Event/Webinar,2026-08-21,2,False,3,3,True,2026-08-26
L000817,Cole Group,Manufacturing,37.0,Referral,2025-01-06,2,False,2,5,False,
L000818,Smith-Lewis,,35.0,Outbound SDR,2025-08-12,2,False,0,7,False,
L000819,Goodwin-Stokes,Fintech,146.0,Partner,2025-08-19,2,False,3,3,False,
L000820,Ray PLC,Education,,Paid Search,2025-01-29,4,False,2,2,False,
L000821,Diaz and Sons,Education,30.0,Outbound SDR,2023-04-04,4,False,1,2,False,
L000822,Wilson-Lambert,,498.0,Paid Search,2023-10-26,3,False,3,3,False,
L000823,Rose-Fowler,SaaS,22.0,Referral,2026-02-07,5,False,1,5,True,2026-04-22
L000824,"Price, Long and Wilson",Consulting,223.0,Partner,2025-05-05,2,True,0,2,False,
L000825,Bruce-Williamson,Manufacturing,826.0,Paid Search,2024-02-06,2,False,0,7,False,
L000826,"Mccarthy, Evans and Mendez",Education,,Paid Search,2025-02-16,4,False,0,7,False,
L000827,Powers LLC,Consulting,14.0,Paid Search,2025-10-19,4,True,1,3,True,2025-12-28
L000828,Allen Inc,Education,48.0,Referral,2025-09-27,6,True,4,0,False,
L000829,Brooks and Sons,Media,62.0,Outbound SDR,2023-12-11,3,False,2,3,False,
L000830,"Price, Carlson and Andrews",Education,50.0,Paid Search,2023-10-14,3,True,2,2,False,
L000831,Lopez-Reid,,73.0,Outbound SDR,2024-01-12,2,False,1,1,True,2024-03-21
L000832,"Ellison, Arias and Thompson",SaaS,80.0,Event/Webinar,2023-03-11,3,False,2,4,False,
L000833,Burns and Sons,Fintech,66.0,Partner,2023-04-10,3,False,1,3,True,2023-04-10
L000834,Edwards Group,Logistics,121.0,Paid Search,2026-07-15,4,False,4,3,True,2026-07-29
L000835,"Brown, Howard and Smith",,54.0,Partner,2023-11-06,2,True,1,2,True,2023-11-07
L000836,Lee Group,Retail,10.0,Event/Webinar,2025-07-22,3,False,1,4,False,
L000837,"Wagner, Simpson and Cohen",Education,230.0,Organic Search,2026-06-19,2,True,1,2,False,
L000838,Mckinney-Wallace,Consulting,320.0,Outbound SDR,2025-09-26,1,False,1,1,False,
L000839,Miller Inc,SaaS,33.0,Organic Search,2025-12-25,1,False,2,3,True,2026-03-05
L000840,Carter LLC,Logistics,29.0,organic-search,2023-02-04,3,False,3,2,False,
L000841,Medina and Sons,Real Estate,,Partner,2024-07-16,1,True,1,4,True,2024-09-22
L000842,Cunningham-Barton,Manufacturing,150.0,organic-search,2025-10-25,4,False,1,2,True,2026-01-22
L000843,Dunn-Wilson,Logistics,,Paid Search,2023-08-08,3,True,3,7,False,
L000844,Adams PLC,FinTech,328.0,Event/Webinar,2023-11-01,2,True,1,4,False,
L000845,Weaver-Sherman,Retail,50.0,Paid Search,2026-06-23,3,False,2,4,False,
L000846,"Alexander, Robinson and Coleman",Real Estate,478.0,Referral,2024-12-26,5,False,1,1,False,
L000847,"Greer, Potter and Evans",Manufacturing,133.0,Outbound SDR,2023-06-11,2,False,3,4,False,
L000848,Cole LLC,Education,369.0,Outbound SDR,2025-07-29,3,False,2,1,False,
L000849,Gonzales Inc,Consulting,12.0,Paid Search,2024-04-07,6,False,1,1,False,
L000850,Clark Ltd,Manufacturing,63.0,Partner,2023-06-15,3,False,0,2,False,
L000851,"Norris, Callahan and Bishop",SaaS,37.0,Organic Search,2025-04-10,1,False,2,4,False,
L000852,Martin-Taylor,Logistics,19.0,Outbound SDR,2026-02-05,8,True,0,3,True,2026-04-06
L000853,Li Inc,SaaS,13.0,Partner,2023-01-20,3,True,1,2,True,2023-04-19
L000854,"Bell, Campbell and Ryan",Healthcare,175.0,Organic Search,2025-10-20,4,False,2,0,False,
L000855,Werner-Carter,Logistics,127.0,Partner,2024-11-09,7,True,2,1,False,
L000856,"Adams, Hodge and Duke",,64.0,Organic Search,2025-12-17,3,False,2,1,True,2025-12-22
L000857,"Ochoa, Taylor and Brady",Retail,28.0,Paid Search,2026-03-06,3,True,2,2,False,
L000858,Sellers-Riddle,Media,141.0,Referral,2023-04-06,4,True,3,7,True,2023-04-15
L000859,"Martinez, Cline and Wright",Manufacturing,502.0,Event/Webinar,2026-02-28,4,False,2,5,False,
L000860,"Morris, Wright and Bridges",SaaS,112.0,Paid Search,2024-10-06,2,False,3,4,True,2024-10-08
L000861,Burns-Ray,Retail,399.0,Event/Webinar,2023-10-23,5,False,5,4,True,2023-12-12
L000862,Burton-Brooks,Fintech,291.0,Referral,2023-11-29,3,True,3,1,True,2024-02-09
L000863,Schultz Inc,Retail,309.0,Event/Webinar,2025-03-07,3,True,0,3,False,
L000864,Robertson-Ramirez,Real Estate,237.0,Referral,2025-02-25,3,False,2,3,True,2025-03-14
L000865,Gibson-Freeman,Fintech,28.0,Event/Webinar,2024-12-09,3,False,3,5,False,
L000866,"Smith, Schroeder and Oconnor",,53.0,Organic Search,2025-06-14,3,True,0,3,False,
L000867,"Stanton, Reid and Terry",Retail,158.0,Organic Search,2024-11-28,2,False,1,0,True,2025-02-13
L000868,Flynn Group,Consulting,52.0,Event/Webinar,2025-03-23,2,False,1,0,False,
L000869,Donaldson and Sons,Education,24.0,Organic Search,2026-07-22,3,True,1,4,False,
L000870,Adams-Clayton,Manufacturing,404.0,Outbound SDR,2025-10-01,1,False,1,4,False,
L000871,Kelley-Anderson,Retail,251.0,Referral,2026-02-06,4,True,2,3,True,2026-03-26
L000872,Kramer-Shannon,Logistics,308.0,Paid Search,2026-04-14,1,False,0,0,False,
L000873,Williams Ltd,Logistics,10.0,organic-search,2026-06-20,3,False,3,2,True,2026-07-27
L000874,Smith-Noble,Retail,,Partner,2023-05-31,3,False,1,2,False,
L000875,Alexander Inc,,63.0,Referral,2023-11-12,3,True,2,1,True,2023-12-30
L000876,Harris-Barker,Health Care,346.0,Partner,2025-03-08,5,False,3,3,True,2025-04-17
L000877,Khan LLC,Education,421.0,Organic Search,2023-07-07,1,False,0,5,False,
L000878,Baxter LLC,saas ,65.0,Referral,2025-06-29,4,True,2,1,False,
L000879,Pena LLC,Education,109.0,Referral,2023-07-29,3,False,2,4,False,
L000880,Watson Ltd,Healthcare,94.0,Organic Search,2024-01-19,3,False,2,3,True,2024-03-14
L000881,Williams Ltd,Media,83.0,Event/Webinar,2026-02-10,3,True,2,6,True,2026-04-16
L000882,Barber-Fischer,,90.0,Organic Search,2023-02-23,2,False,1,3,False,
L000883,Rios-Padilla,FinTech,272.0,Referral,2026-02-09,3,False,0,3,False,
L000884,Lewis Inc,Fintech,370.0,Event/Webinar,2026-05-09,1,False,0,4,False,
L000885,Wheeler PLC,Education,16.0,Outbound SDR,2023-01-26,3,False,2,4,False,
L000886,"Wallace, Smith and Cooper",Manufacturing,177.0,Outbound SDR,2025-03-05,4,False,2,2,False,
L000887,Mcneil Group,Fintech,4.0,Partner,2026-02-19,3,True,0,6,True,2026-03-22
L000888,"Anderson, Jones and Reyes",Consulting,111.0,Event/Webinar,2023-12-14,4,True,3,4,False,
L000889,"Shaffer, Garcia and Richardson",Logistics,13.0,Paid Search,2023-10-12,4,True,3,1,True,2023-11-15
L000890,Taylor-Ayala,Manufacturing,216.0,Referral,2025-10-06,3,False,1,2,True,2025-10-24
L000891,May Ltd,Fintech,,Paid Search,2025-06-09,4,True,0,4,True,2025-07-14
L000892,Jones PLC,Logistics,23.0,Referral,2025-09-18,3,True,0,3,False,
L000893,Bishop and Sons,financial tech,50.0,Referral,2024-05-30,2,True,2,1,True,2024-06-30
L000894,Bell-Lewis,Media,582.0,Event/Webinar,2026-06-16,3,True,3,5,True,2026-07-11
L000895,"Hernandez, Jenkins and Parks",Media,61.0,Organic Search,2023-10-05,4,True,2,0,True,2023-11-12
L000896,Miller Inc,,21.0,Outbound SDR,2024-11-11,2,True,1,4,True,2025-01-29
L000897,Goodwin PLC,Logistics,191.0,Referral,2025-06-20,3,True,4,1,False,
L000898,"Cruz, Richmond and Edwards",Education,193.0,Outbound SDR,2026-08-26,6,False,3,1,True,2026-08-30
L000899,Wright Ltd,Healthcare,11.0,Referral,2024-10-18,2,False,1,5,True,2025-01-03
L000900,Wright PLC,Retail,191.0,Outbound SDR,2024-10-05,3,True,0,4,True,2024-10-27
L000901,"Griffith, Mitchell and Pugh",Logistics,5.0,Referral,2024-08-19,8,True,1,2,True,2024-11-15
L000902,Abbott Ltd,Media,144.0,Event/Webinar,2024-05-11,4,False,1,4,True,2024-06-21
L000903,Harris-Lawson,Logistics,757.0,Referral,2025-03-15,4,False,2,4,True,2025-04-30
L000904,Adkins LLC,FinTech,169.0,Event/Webinar,2024-02-14,2,False,1,2,False,
L000905,"Brown, Hurst and Blevins",Consulting,40.0,Event/Webinar,2024-01-04,4,False,2,1,True,2024-03-31
L000906,Cruz-Allen,Real Estate,43.0,Organic Search,2025-08-03,3,False,1,3,False,
L000907,"Wheeler, Rice and Levine",Retail,116.0,Outbound SDR,2024-08-19,2,False,3,5,False,
L000908,Peck-Anderson,Fintech,,Outbound SDR,2025-10-19,2,False,0,3,False,
L000909,"Fisher, Payne and Thompson",,189.0,Partner,2024-09-12,1,True,0,2,True,2024-10-12
L000910,Best-Townsend,Manufacturing,125.0,Partner,2023-11-12,5,True,1,1,True,2024-01-05
L000911,Matthews Inc,Logistics,159.0,Organic Search,2025-07-08,5,True,1,2,True,2025-09-22
L000912,Lewis-Livingston,Media,294.0,Event/Webinar,2025-03-31,3,False,0,5,False,
L000913,Hunter-Fuller,Real Estate,28.0,Event/Webinar,2025-05-06,3,False,1,4,False,
L000914,"Wang, Henderson and Morales",Real Estate,55.0,Organic Search,2025-01-06,3,False,1,2,False,
L000915,"Herrera, Jensen and Ramirez",Real Estate,176.0,Event/Webinar,2026-07-30,4,False,0,1,False,
L000916,Miller-Mccall,Fintech,,Organic Search,2024-05-23,3,True,1,1,True,2024-08-15
L000917,Herrera Group,Education,158.0,Paid Search,2026-08-18,2,True,2,1,False,
L000918,"Walters, Davenport and Becker",Consulting,62.0,Organic Search,2026-02-27,2,False,1,3,False,
L000919,Collins Group,Logistics,16.0,Referral,2025-05-31,3,True,2,2,False,
L000920,"Ashley, Allen and Sanchez",Fintech,7.0,Organic Search,2023-07-21,3,False,0,4,False,
L000921,Wilson-Salazar,Manufacturing,26.0,Paid Search,2025-11-11,5,True,3,4,True,2026-01-16
L000922,Parker Ltd,Real Estate,,Event/Webinar,2026-03-24,5,False,1,3,False,
L000923,"Yang, Wilson and Zimmerman",Retail,515.0,Outbound SDR,2025-02-05,7,False,1,1,True,2025-03-27
L000924,"Smith, Crawford and Reed",Media,61.0,Partner,2026-04-20,4,False,3,5,True,2026-07-17
L000925,"Logan, Le and Jackson",Real Estate,47.0,Paid Search,2024-12-07,3,False,1,3,False,
L000926,Brady LLC,SaaS,136.0,Outbound SDR,2023-08-03,2,False,4,0,False,
L000927,"Tanner, Wise and Johnson",Manufacturing,54.0,Outbound SDR,2023-06-25,3,False,4,1,False,
L000928,Nelson-Brown,financial tech,34.0,Partner,2023-10-18,2,False,3,1,False,
L000929,"Proctor, Burton and Crawford",Education,34.0,Referral,2024-12-03,2,False,3,0,False,
L000930,"Ward, Porter and Bradley",Media,123.0,Paid Search,2025-12-03,3,False,3,6,True,2026-02-02
L000931,Moore-Ayala,Education,46.0,Outbound SDR,2023-07-19,2,False,1,0,False,
L000932,"Craig, Wilson and Yang",Media,5.0,Partner,2025-07-15,6,False,1,7,False,
L000933,Williams Inc,Education,,Organic Search,2024-09-06,3,False,1,6,False,
L000934,Williams LLC,Software,106.0,Partner,2023-08-24,5,True,2,0,True,2023-08-26
L000935,Mora-White,Education,19.0,Partner,2023-08-12,2,True,2,1,True,2023-11-06
L000936,Tran Ltd,Healthcare,41.0,Partner,2024-05-14,3,False,3,2,False,
L000937,"Rios, Walker and Wright",Real Estate,,Paid Search,2026-02-04,4,False,0,1,True,2026-02-24
L000938,"Flores, Mckenzie and Duncan",Education,,Event/Webinar,2025-05-23,2,True,2,2,False,
L000939,Shaw Inc,Media,,Paid Search,2025-04-09,1,True,5,0,True,2025-06-28
L000940,Walker PLC,Healthcare,20.0,Paid Search,2026-08-04,1,True,0,3,False,
L000941,Finley Inc,Logistics,63.0,Outbound SDR,2023-03-01,1,False,0,4,False,
L000942,Cline-Ayala,Consulting,,Paid Search,2025-07-09,3,False,0,0,True,2025-09-22
L000943,Murphy-Tran,Logistics,,Outbound SDR,2023-01-10,7,True,4,2,False,
L000944,Wood LLC,Retail,,Paid Search,2024-07-24,5,False,1,2,False,
L000945,"Mueller, Stevenson and Sanchez",Fintech,339.0,Event/Webinar,2023-07-28,3,False,3,2,False,
L000946,Vargas-Snyder,,81.0,Paid Search,2025-01-19,2,False,1,4,True,2025-03-01
L000947,Oconnor PLC,Retail,319.0,Outbound SDR,2023-08-22,3,False,2,2,True,2023-09-24
L000948,Hernandez Group,Media,65.0,Event/Webinar,2026-08-01,1,True,2,3,False,
L000949,Hall LLC,Education,49.0,Event/Webinar,2025-03-06,2,False,1,4,False,
L000950,"Franco, Wiley and Tapia",Consulting,,Outbound SDR,2026-04-17,4,True,1,1,True,2026-05-01
L000951,Blake Group,Education,32.0,Referral,2025-07-26,2,False,0,7,True,2025-10-13
L000952,"Acosta, Garcia and Moreno",Healthcare,17.0,Partner,2024-09-01,3,True,3,4,True,2024-11-18
L000953,Barnes Inc,Consulting,26.0,organic-search,2023-10-02,3,False,4,3,False,
L000954,Dawson Inc,Education,201.0,organic-search,2024-05-03,3,False,2,2,False,
L000955,Morse PLC,Manufacturing,56.0,Organic Search,2024-01-10,2,False,1,4,False,
L000956,Haynes-Watson,Education,35.0,Partner,2023-10-17,6,True,2,2,True,2023-12-21
L000957,"Miller, Davis and Anderson",Logistics,22.0,Outbound SDR,2026-05-06,2,True,2,0,False,
L000958,Jones-Bradley,Healthcare,21.0,Event/Webinar,2025-02-24,2,False,2,2,True,2025-04-19
L000959,Bates-Anderson,Healthcare,,Outbound SDR,2026-07-25,5,False,3,3,False,
L000960,Green-Edwards,Real Estate,,Partner,2026-08-14,3,False,2,5,False,
L000961,Haynes-Moss,Healthcare,54.0,Event/Webinar,2023-12-08,4,False,1,2,False,
L000962,Chavez-Hall,Media,50.0,Referral,2023-10-15,6,True,1,3,True,2023-11-07
L000963,Taylor PLC,Education,125.0,Outbound SDR,2026-06-22,4,False,0,5,False,
L000964,Moore and Sons,SaaS,48.0,Referral,2023-01-20,4,False,0,3,True,2023-03-23
L000965,Owens-Russell,Healthcare,100.0,Paid Search,2025-02-25,4,False,2,4,False,
L000966,"Howard, Townsend and Hayes",,47.0,Event/Webinar,2026-08-30,5,False,0,3,False,
L000967,Baker-Wilson,,39.0,Outbound SDR,2025-10-04,4,False,0,4,False,
L000968,Aguirre LLC,Logistics,63.0,Partner,2025-06-28,3,False,1,2,True,2025-08-29
L000969,"Terry, Williams and Huff",healthcare,369.0,Organic Search,2026-03-03,3,True,3,0,False,
L000970,Hernandez-Dawson,SaaS,1849.0,Paid Search,2024-08-21,3,False,1,1,False,
L000971,Foster-Williams,Software,53.0,Referral,2024-04-05,6,True,0,2,False,
L000972,Green-Ewing,Real Estate,56.0,Referral,2023-12-11,3,False,1,3,False,
L000973,Crane Group,Media,50.0,Event/Webinar,2025-10-11,2,True,1,4,True,2025-12-20
L000974,"Adkins, Wright and Murray",Real Estate,75.0,organic-search,2026-03-18,2,False,3,5,False,
L000975,Martinez Inc,Fintech,258.0,Referral,2026-01-17,5,True,3,2,True,2026-03-04
L000976,Anderson Group,,189.0,Organic Search,2025-06-22,4,True,2,0,True,2025-08-30
L000977,Parks-Pace,Retail,7.0,Outbound SDR,2023-07-29,3,False,4,5,False,
L000978,Aguilar LLC,Retail,150.0,Referral,2023-03-08,2,False,1,4,False,
L000979,Johnson Inc,Media,107.0,Referral,2024-12-14,5,True,1,1,False,
L000980,Orr Group,,40.0,Outbound SDR,2023-08-29,1,False,1,5,True,2023-09-28
L000981,Davis LLC,Retail,19.0,Partner,2026-04-19,4,False,1,2,False,
L000982,Williams Group,Education,38.0,Partner,2026-06-03,5,True,1,1,True,2026-08-22
L000983,Jackson PLC,Logistics,,Paid Search,2026-06-15,2,True,1,3,False,
L000984,Underwood-Foster,Healthcare,38.0,Paid Search,2024-02-28,7,False,3,2,True,2024-03-06
L000985,Reyes Group,Consulting,50.0,Referral,2025-12-26,4,True,5,3,False,
L000986,Gomez and Sons,Manufacturing,498.0,Event/Webinar,2026-01-08,1,False,1,2,False,
L000987,Ramirez-Stephenson,Healthcare,133.0,Referral,2024-08-22,3,False,1,1,False,
L000988,Mendez PLC,Manufacturing,580.0,Event/Webinar,2024-07-01,2,True,0,2,False,
L000989,Holland Group,,144.0,Partner,2023-07-15,4,False,1,2,False,
L000990,Andrade-Mendoza,Healthcare,22.0,Outbound SDR,2023-05-02,2,False,0,2,False,
L000991,Ramirez and Sons,Manufacturing,4.0,Partner,2023-09-17,2,True,4,4,False,
L000992,Gonzalez-Wilkerson,,40.0,Paid Search,2023-10-27,3,False,2,1,False,
L000993,"Wright, Mcknight and Stephens",Education,192.0,Paid Search,2025-03-15,5,False,1,2,False,
L000994,Mayo Ltd,Media,332.0,Paid Search,2026-03-28,4,False,1,3,False,
L000995,Castillo-Harrington,Manufacturing,190.0,Partner,2025-04-28,3,True,1,2,True,2025-06-15
L000996,Durham-Shaw,Media,132.0,Organic Search,2026-07-21,3,False,1,4,True,2026-07-26
L000997,Nelson-Johnson,Logistics,84.0,Event/Webinar,2024-07-23,3,False,7,1,False,
L000998,"Robinson, Huang and Osborne",Education,18.0,Outbound SDR,2025-09-26,3,False,5,5,False,
L000999,Stokes Group,Education,31.0,Event/Webinar,2023-01-06,3,False,0,1,False,
L001000,"Howard, Silva and Hall",Fintech,49.0,Partner,2025-07-27,5,False,0,2,False,
L001001,Garcia Ltd,Education,70.0,Organic Search,2025-12-30,6,False,1,1,False,
L001002,Adams Ltd,Logistics,130.0,Paid Search,2025-05-29,2,True,1,1,True,2025-06-25
L001003,Gallagher and Sons,Media,72.0,Referral,2024-10-23,5,False,1,2,True,2024-11-28
L001004,"Bradford, Salinas and Kelly",Education,41.0,Event/Webinar,2026-03-29,2,True,0,1,False,
L001005,Thompson PLC,,583.0,Event/Webinar,2025-09-20,2,False,2,8,False,
L001006,Drake-Wolfe,Education,118.0,Partner,2023-04-10,2,False,0,2,False,
L001007,"Johnson, Haynes and Meza",Software,18.0,organic-search,2026-07-06,4,False,1,0,False,
L001008,"Thomas, Vaughan and Copeland",Media,78.0,Organic Search,2023-09-12,5,False,4,3,True,2023-10-02
L001009,Weaver-Thompson,Media,139.0,Outbound SDR,2023-01-02,2,False,1,2,False,
L001010,Davis and Sons,Logistics,,Paid Search,2023-09-28,4,True,1,0,False,
L001011,"Robinson, Fox and Smith",Manufacturing,20.0,Paid Search,2024-07-15,3,True,2,5,True,2024-07-26
L001012,"Harris, Anderson and Love",Education,79.0,Referral,2023-06-18,5,False,4,1,False,
L001013,Brown-Hernandez,Education,89.0,Partner,2026-08-21,3,True,2,6,True,2026-08-23
L001014,"Stark, Schroeder and Mathis",saas ,64.0,Outbound SDR,2026-07-05,4,False,2,1,False,
L001015,Yu-Brooks,Manufacturing,230.0,Partner,2024-04-24,6,False,3,1,True,2024-06-17
L001016,"Foster, Garcia and Turner",Fintech,63.0,Partner,2023-07-14,1,True,0,4,True,2023-07-14
L001017,Daugherty Ltd,Retail,2339.0,Outbound SDR,2023-06-09,2,True,0,2,False,
L001018,Conner-Yu,Health Care,80.0,Event/Webinar,2024-04-08,2,False,4,0,False,
L001019,"Stewart, Mann and Hoffman",Real Estate,426.0,Partner,2025-06-30,5,True,2,4,False,
L001020,"Buchanan, Walker and Chapman",SaaS,90.0,Organic Search,2024-12-04,2,False,0,1,False,
L001021,Gray Ltd,Fintech,131.0,Outbound SDR,2023-09-28,5,False,0,4,True,2023-11-28
L001022,"Phillips, Thompson and Smith",Fintech,211.0,Paid Search,2025-02-23,1,False,1,2,False,
L001023,"Fry, Myers and Gamble",Fintech,29.0,Partner,2023-07-29,2,True,1,4,True,2023-08-11
L001024,"Johnson, Guzman and Mccall",Education,369.0,Referral,2024-09-04,5,True,0,1,True,2024-09-21
L001025,"Walker, Cunningham and Zuniga",Logistics,34.0,Paid Search,2026-08-06,5,False,0,3,True,2026-08-27
L001026,Rivera Inc,Healthcare,19.0,Organic Search,2025-12-22,2,False,1,1,False,
L001027,Reed LLC,,233.0,Organic Search,2026-06-03,6,False,7,5,False,
L001028,Fields Inc,Healthcare,12.0,Outbound SDR,2024-12-20,2,False,2,1,False,
L001029,"Santiago, Daniel and Rogers",Retail,118.0,Partner,2023-11-07,4,False,0,0,False,
L001030,Baker and Sons,Logistics,50.0,Event/Webinar,2025-06-25,1,False,2,4,False,
L001031,"Jones, Scott and Rodriguez",Retail,,Organic Search,2023-07-25,3,False,0,3,False,
L001032,Williams Group,healthcare,,Organic Search,2026-04-22,3,False,1,5,False,
L001033,"Barnes, Jackson and Gutierrez",Logistics,159.0,Referral,2025-05-29,4,True,4,0,False,
L001034,Bell-Bennett,Education,19.0,Paid Search,2024-05-22,3,False,1,5,False,
L001035,Kramer-Lane,Manufacturing,103.0,Partner,2023-06-22,1,False,0,1,False,
L001036,"Perez, Hayes and Lloyd",Retail,41.0,Event/Webinar,2026-05-15,4,False,2,4,False,
L001037,Phillips LLC,Consulting,86.0,Partner,2026-05-29,6,True,1,2,False,
L001038,Lynn-Jones,Manufacturing,,Partner,2023-02-24,4,False,1,4,False,
L001039,Barron and Sons,,46.0,Paid Search,2025-11-26,3,False,1,2,False,
L001040,"Jones, Mcmahon and Spence",,1684.0,Event/Webinar,2024-01-22,3,True,2,4,False,
L001041,Wheeler-Austin,Logistics,84.0,Referral,2026-08-16,4,False,3,4,False,
L001042,Bush-Reynolds,SAAS,22.0,Paid Search,2025-10-10,2,True,1,3,False,
L001043,"Martin, Preston and Moore",Logistics,119.0,Organic search,2024-05-08,8,False,0,1,True,2024-07-10
L001044,Rivera and Sons,Consulting,174.0,Organic Search,2025-12-17,5,False,4,4,True,2025-12-18
L001045,Terry-Bowen,Education,80.0,Referral,2023-09-28,4,False,0,5,True,2023-11-16
L001046,"Fernandez, Guerrero and Evans",Consulting,654.0,Outbound SDR,2025-01-18,5,False,2,4,False,
L001047,Williams PLC,Real Estate,404.0,Partner,2023-12-20,3,False,2,2,True,2024-02-18
L001048,"Larsen, Hernandez and Ward",Fintech,1019.0,Organic Search,2026-04-17,4,False,0,0,True,2026-04-25
L001049,Miller-Colon,SaaS,48.0,Referral,2024-03-17,4,False,0,2,False,
L001050,"Greene, Gonzalez and Johnson",saas ,,Organic Search,2025-03-26,3,False,0,1,False,
L001051,Little Inc,Real Estate,177.0,Referral,2026-07-11,3,False,3,2,False,
L001052,Anthony-Parker,Real Estate,,Outbound SDR,2025-05-17,3,False,1,2,False,
L001053,Ruiz-Jacobson,Logistics,129.0,Organic Search,2026-08-04,7,True,2,2,True,2026-08-21
L001054,Davis-Stephens,Real Estate,116.0,Event/Webinar,2023-11-09,3,False,2,2,False,
L001055,Watson Group,Manufacturing,5.0,Organic Search,2024-09-26,5,False,1,5,True,2024-10-06
L001056,Lopez-Williams,Real Estate,550.0,Paid Search,2023-11-15,4,False,5,3,False,
L001057,Marshall-Perez,Real Estate,7.0,Referral,2025-03-11,4,False,1,5,True,2025-05-25
L001058,Elliott-Hernandez,Fintech,10.0,Referral,2025-06-14,6,False,1,3,False,
L001059,"Contreras, Miller and Cooper",Retail,23.0,Organic search,2024-05-15,2,False,3,5,False,
L001060,"Gutierrez, Avila and Perez",Fintech,49.0,Outbound SDR,2023-08-26,2,True,3,6,False,
L001061,Randall PLC,Media,91.0,Event/Webinar,2026-05-31,4,False,0,2,False,
L001062,Sheppard-Mcdaniel,SaaS,,Referral,2023-12-26,3,False,2,1,False,
L001063,Armstrong-Young,Fintech,49.0,Organic Search,2023-10-09,3,False,1,4,False,
L001064,Miller-Orr,saas ,20.0,Paid Search,2025-10-13,1,False,0,1,False,
L001065,"Johnson, Duncan and Black",Education,256.0,Event/Webinar,2025-11-25,3,True,1,3,False,
L001066,"Byrd, Oliver and Martinez",Manufacturing,,Paid Search,2025-01-31,6,False,2,2,False,
L001067,Thompson-Joyce,Healthcare,46.0,Partner,2024-07-04,6,True,0,1,False,
L001068,Stokes and Sons,Fintech,81.0,Organic Search,2024-11-17,3,True,2,6,False,
L001069,Henderson Ltd,Logistics,67.0,Referral,2025-12-08,4,False,3,1,False,
L001070,Harris-Carson,Fintech,16.0,Referral,2026-03-26,4,False,3,6,True,2026-06-14
L001071,Flowers LLC,Fintech,214.0,Outbound SDR,2025-07-21,2,False,1,2,True,2025-09-24
L001072,Bartlett-Sloan,Education,38.0,Organic Search ,2025-10-20,3,True,0,6,False,
L001073,Miller PLC,Consulting,226.0,Paid Search,2025-01-23,1,False,0,4,False,
L001074,Arnold-Gates,Healthcare,113.0,Referral,2023-07-30,5,False,1,3,True,2023-10-11
L001075,"Ellis, Marks and Buchanan",FinTech,7.0,Paid Search,2025-11-08,4,False,2,3,True,2025-11-08
L001076,"Matthews, Harrington and Rodriguez",,71.0,Organic Search,2024-05-15,1,False,0,4,False,
L001077,Hernandez PLC,SaaS,44.0,Outbound SDR,2025-01-15,2,False,2,1,True,2025-03-05
L001078,"Chang, Ayers and Buckley",Healthcare,60.0,Paid Search,2023-03-14,3,False,1,3,False,
L001079,"Chan, Floyd and Dillon",Real Estate,86.0,Partner,2025-05-08,1,True,3,2,False,
L001080,Humphrey-Baker,Retail,147.0,Referral,2024-05-23,2,True,3,2,True,2024-07-15
L001081,"Washington, Lynch and Johnson",Education,20.0,Referral,2023-06-09,4,False,1,2,False,
L001082,Powell-Montgomery,Consulting,29.0,Referral,2023-09-02,7,False,3,5,True,2023-11-05
L001083,"Steele, Williams and Preston",,,Paid Search,2024-04-02,3,False,1,1,True,2024-06-07
L001084,Vaughn-Williams,SaaS,474.0,Outbound SDR,2023-05-22,2,False,2,2,True,2023-07-20
L001085,Mccall-Prince,Manufacturing,98.0,Referral,2024-11-01,2,False,1,3,True,2024-11-12
L001086,Morgan LLC,Real Estate,34.0,Outbound SDR,2023-01-17,4,False,2,2,False,
L001087,Ramirez-Vasquez,Education,,Paid Search,2024-08-20,1,False,2,3,True,2024-10-31
L001088,"Cohen, Compton and Perez",Manufacturing,,Partner,2026-06-29,4,True,0,3,False,
L001089,Mccann-Ramos,Retail,82.0,Outbound SDR,2025-01-24,1,False,1,1,False,
L001090,Adams-Butler,Consulting,13.0,Outbound SDR,2024-02-05,3,False,1,1,False,
L001091,"Davis, Alexander and Mcintyre",Real Estate,189.0,Paid Search,2023-11-05,4,False,3,3,False,
L001092,Figueroa-Malone,SaaS,77.0,Outbound SDR,2023-02-18,1,False,2,3,False,
L001093,Nicholson-Robertson,Retail,80.0,Event/Webinar,2024-12-10,7,False,2,4,False,
L001094,Jones Ltd,SAAS,13.0,Referral,2023-01-03,4,False,2,3,True,2023-03-28
L001095,"Powell, Deleon and Warren",Logistics,,Partner,2024-09-21,4,False,1,4,False,
L001096,"Johnson, Lee and Whitaker",Fintech,672.0,Paid Search,2025-12-21,3,False,1,3,False,
L001097,Wright Group,Retail,58.0,Outbound SDR,2025-10-04,2,False,0,6,False,
L001098,Hull Ltd,SaaS,213.0,Paid Search,2024-07-27,1,True,0,1,False,
L001099,Hill Group,,78.0,Organic Search,2024-04-19,2,False,2,6,True,2024-06-24
L001100,"Sanders, Leblanc and Maldonado",Logistics,21.0,Partner,2025-02-01,2,False,0,5,False,
L001101,Watson PLC,Media,945.0,Partner,2023-06-23,2,False,0,3,True,2023-09-05
L001102,Thompson-Harrell,Fintech,332.0,Event/Webinar,2023-10-01,4,False,0,3,False,
L001103,"Arnold, Cooper and Monroe",,208.0,Organic Search,2026-04-27,4,False,1,4,False,
L001104,Curry-Barker,Consulting,95.0,Organic Search,2025-06-09,3,False,1,2,False,
L001105,Johnson-Williams,Healthcare,16.0,Paid Search,2024-08-20,3,False,1,4,False,
L001106,"Chan, Lewis and Walker",Manufacturing,464.0,Referral,2025-03-15,3,False,1,1,False,
L001107,Byrd LLC,Education,185.0,Referral,2025-07-16,3,True,4,1,False,
L001108,"Ortiz, Smith and Deleon",Manufacturing,17.0,Paid Search,2023-06-02,3,False,1,1,False,
L001109,"Smith, Buck and Holland",Retail,26.0,Paid Search,2026-04-12,6,True,2,2,True,2026-04-25
L001110,"Owen, Walker and Franklin",Healthcare,41.0,Organic Search,2023-12-03,2,False,2,3,False,
L001111,Marquez-Fletcher,Media,121.0,Outbound SDR,2024-10-05,2,False,2,3,True,2024-11-26
L001112,Coleman-Bennett,,,Event/Webinar,2025-01-03,3,True,2,1,True,2025-01-29
L001113,Stevens-Robinson,Media,96.0,Referral,2025-08-06,4,True,1,1,True,2025-09-08
L001114,Byrd-Holloway,financial tech,113.0,Organic Search,2023-11-19,3,False,3,3,True,2024-02-14
L001115,Silva-Smith,Manufacturing,29.0,Partner,2026-05-20,2,True,3,1,True,2026-05-25
L001116,"Levy, Franco and Hoffman",Retail,159.0,Referral,2023-10-31,3,False,2,4,False,
L001117,"Lynch, Evans and Rodriguez",Fintech,30.0,Partner,2024-05-23,3,False,3,5,False,
L001118,Rogers LLC,Education,21.0,Outbound SDR,2025-11-17,4,False,0,5,False,
L001119,"Nguyen, Hill and Douglas",SAAS,50.0,Partner,2024-09-04,2,True,1,4,True,2024-10-07
L001120,"Evans, Hernandez and Cannon",Healthcare,41.0,Organic Search,2025-04-08,3,False,1,1,False,
L001121,Trujillo PLC,,27.0,Event/Webinar,2026-01-31,5,False,2,0,False,
L001122,Guerrero-Becker,Retail,218.0,Organic Search,2025-08-04,2,True,1,2,True,2025-08-17
L001123,"Johnson, Jimenez and Phillips",Healthcare,370.0,organic-search,2023-01-25,4,True,1,2,True,2023-02-01
L001124,Sullivan-Doyle,Retail,393.0,Paid Search,2024-02-10,1,False,0,1,False,
L001125,"Erickson, Armstrong and Lee",Logistics,447.0,Referral,2026-07-14,3,False,0,1,False,
L001126,"Reeves, Parks and Little",Fintech,37.0,Event/Webinar,2026-04-15,3,False,1,3,False,
L001127,Knox-Powers,Manufacturing,606.0,organic-search,2023-02-14,6,True,0,3,False,
L001128,"Evans, Jackson and Sandoval",Fintech,158.0,Paid Search,2026-08-15,2,True,0,2,True,2026-08-29
L001129,"White, Davis and Anderson",Health Care,157.0,Organic Search,2024-11-10,3,False,0,6,False,
L001130,Hardy-Hansen,Fintech,128.0,Organic Search,2025-08-02,2,False,1,4,True,2025-08-08
L001131,Arroyo LLC,healthcare,54.0,Event/Webinar,2025-06-06,2,False,0,2,False,
L001132,"Davis, Kelly and Garner",Logistics,6.0,Outbound SDR,2023-03-02,1,True,2,1,False,
L001133,Fisher-Eaton,Logistics,32.0,Partner,2025-05-23,4,True,0,3,True,2025-06-14
L001134,Green-Carter,Education,170.0,Paid Search,2024-01-19,2,False,1,4,False,
L001135,Ruiz Ltd,Manufacturing,111.0,Referral,2025-07-02,4,True,3,3,False,
L001136,"Carpenter, Oliver and Kennedy",Health Care,36.0,Organic Search,2026-06-11,3,False,0,4,False,
L001137,Mason Ltd,,19.0,Event/Webinar,2024-05-18,1,False,2,1,True,2024-08-08
L001138,Moreno-Gutierrez,Manufacturing,8.0,Outbound SDR,2025-04-23,3,False,1,1,False,
L001139,Taylor and Sons,Real Estate,124.0,Outbound SDR,2023-05-05,2,False,1,1,True,2023-05-16
L001140,Ortiz-Hudson,Manufacturing,,Outbound SDR,2023-10-09,2,False,0,2,False,
L001141,Thomas-Huffman,Logistics,68.0,Paid Search,2026-08-09,3,False,4,1,False,
L001142,Maxwell Group,Real Estate,90.0,Paid Search,2026-07-15,2,True,2,1,True,2026-08-18
L001143,Welch-Thompson,,47.0,Outbound SDR,2025-01-05,3,False,0,2,False,
L001144,"Brown, Hayes and Clark",Media,584.0,Event/Webinar,2025-09-19,2,False,1,4,False,
L001145,Johnston and Sons,Education,137.0,Event/Webinar,2025-10-25,3,False,1,2,False,
L001146,Glover-Chan,Education,886.0,Outbound SDR,2024-07-07,4,True,4,4,True,2024-07-30
L001147,Mendez Ltd,SaaS,149.0,Referral,2026-05-07,4,False,3,0,False,
L001148,Powell-Sanford,Retail,75.0,Organic Search,2024-07-29,1,False,1,3,False,
L001149,Smith-Ferguson,SaaS,911.0,Outbound SDR,2025-12-20,1,False,3,3,False,
L001150,"Watson, Smith and Morris",Education,558.0,Event/Webinar,2024-04-21,4,False,0,1,False,
L001151,"Lee, Rhodes and Sims",Healthcare,460.0,Organic search,2024-05-22,3,False,3,5,False,
L001152,Perez LLC,Retail,76.0,Referral,2025-12-28,3,True,0,1,False,
L001153,Anderson-Reyes,SaaS,78.0,Paid Search,2026-03-25,2,False,0,2,False,
L001154,"Torres, Brown and Williams",Logistics,195.0,Referral,2023-12-22,6,False,4,4,False,
L001155,Bryant-Meyer,Healthcare,60.0,Paid Search,2026-04-28,2,True,1,6,True,2026-06-07
L001156,"Morgan, Barron and Cowan",Education,166.0,Event/Webinar,2023-02-27,2,False,2,5,True,2023-05-28
L001157,Ferrell-Henry,Education,3.0,Event/Webinar,2026-02-28,3,False,0,3,False,
L001158,Martin Group,Healthcare,27.0,Event/Webinar,2024-01-21,5,False,1,1,True,2024-03-24
L001159,Perez Ltd,,1378.0,Referral,2023-12-26,4,False,2,1,False,
L001160,Clark Inc,Media,16.0,Organic Search,2023-07-04,2,False,2,2,False,
L001161,"Wagner, Martinez and Dawson",SaaS,362.0,Paid Search,2026-05-17,2,False,4,7,False,
L001162,Brooks Ltd,Retail,301.0,Organic Search,2025-12-14,3,False,1,4,False,
L001163,Wise-Dean,Media,16.0,Organic Search,2024-11-10,2,False,0,3,True,2025-01-27
L001164,"Vang, Stanley and Valdez",Retail,27.0,Paid Search,2024-11-28,3,False,2,2,False,
L001165,Williams Inc,,7.0,Referral,2023-05-02,4,False,1,1,False,
L001166,Wallace-Martinez,SaaS,56.0,Paid Search,2026-04-16,1,False,3,5,False,
L001167,Wells-Hernandez,Healthcare,125.0,Organic search,2025-12-13,3,True,1,5,False,
L001168,"Jennings, Smith and Fisher",Education,26.0,organic-search,2025-02-04,4,True,3,4,True,2025-05-05
L001169,Bates LLC,,57.0,Event/Webinar,2023-07-26,4,True,0,3,False,
L001170,"Obrien, Taylor and Rivas",Education,71.0,Referral,2024-10-22,3,False,1,6,False,
L001171,Hunt PLC,Healthcare,267.0,Paid Search,2025-06-13,3,False,0,2,False,
L001172,Campbell Inc,Media,140.0,Partner,2024-10-11,1,False,2,3,False,
L001173,Gonzalez-Gonzalez,,20.0,Partner,2026-02-24,2,False,2,1,True,2026-05-23
L001174,Decker-Dudley,,2505.0,Referral,2024-04-02,3,False,3,0,False,
L001175,Warner-Phillips,Consulting,33.0,Paid Search,2025-02-13,2,False,1,1,False,
L001176,Kelley and Sons,Manufacturing,453.0,Partner,2024-08-26,5,True,2,6,False,
L001177,"Fitzpatrick, Rivera and Smith",Healthcare,429.0,Paid Search,2023-01-04,2,False,2,3,False,
L001178,"Davis, Rodriguez and Andrews",Consulting,42.0,Outbound SDR,2026-03-08,4,False,1,1,False,
L001179,Hernandez-Davis,Software,123.0,Paid Search,2026-05-18,4,True,1,5,False,
L001180,"Jones, Cummings and Conway",Education,168.0,Event/Webinar,2024-03-28,2,False,0,3,False,
L001181,"Hall, Hinton and Phillips",Consulting,364.0,Organic Search,2025-10-13,2,False,2,1,False,
L001182,Williams-Li,Healthcare,,Referral,2023-06-09,6,True,1,1,True,2023-07-09
L001183,Phelps LLC,Education,,Referral,2023-12-10,5,False,1,2,True,2024-02-29
L001184,"Edwards, Rodgers and Davis",,74.0,Partner,2026-08-01,5,False,1,4,False,
L001185,Smith and Sons,Education,841.0,Outbound SDR,2023-01-24,1,False,2,2,False,
L001186,"Holland, Murphy and Kline",Manufacturing,525.0,Paid Search,2024-05-26,2,False,3,2,True,2024-08-22
L001187,"Adams, Quinn and Watson",,57.0,Referral,2024-06-09,5,False,3,8,True,2024-06-22
L001188,White-Morales,saas ,51.0,Organic Search,2025-03-01,4,False,3,3,True,2025-04-26
L001189,Nelson-Cruz,Logistics,,Paid Search,2025-04-27,5,True,3,5,False,
L001190,Marsh-Banks,Media,,Outbound SDR,2024-12-20,3,True,1,2,False,
L001191,Wilson Ltd,Real Estate,413.0,Outbound SDR,2023-07-27,4,False,2,2,True,2023-09-26
L001192,"Brown, Dunlap and Moore",Consulting,136.0,Partner,2024-04-06,2,False,2,6,False,
L001193,Pruitt-Webb,Healthcare,187.0,Outbound SDR,2023-05-31,4,True,0,4,True,2023-06-04
L001194,"Gregory, White and James",Manufacturing,232.0,Organic Search,2024-10-14,4,False,2,2,False,
L001195,Carr-Huffman,Manufacturing,112.0,Organic Search,2023-06-01,1,False,1,3,False,
L001196,"Mcpherson, Anderson and Knapp",Education,319.0,Paid Search,2025-02-07,3,False,2,1,True,2025-02-27
L001197,Clay Group,financial tech,598.0,Event/Webinar,2023-07-10,1,False,3,5,True,2023-08-22
L001198,Brown Ltd,Consulting,48.0,Event/Webinar,2025-09-15,2,False,3,0,False,
L001199,Smith-Oneill,SaaS,1708.0,Outbound SDR,2026-08-31,1,False,4,6,False,
L001200,"Saunders, Ray and Cunningham",Healthcare,46.0,Event/Webinar,2025-06-08,3,False,2,3,False,
L001201,"Marks, Stone and Watts",Healthcare,103.0,Organic Search,2023-07-27,3,True,4,5,True,2023-09-07
L001202,"Davis, Stanley and Wright",Retail,22.0,Paid Search,2025-04-18,1,False,2,4,False,
L001203,Alvarado-Davidson,Real Estate,,Partner,2026-01-11,2,True,0,10,True,2026-02-13
L001204,Combs PLC,Manufacturing,187.0,Referral,2024-05-01,4,True,0,3,True,2024-05-13
L001205,"Brown, Schneider and Moore",SaaS,93.0,Outbound SDR,2026-03-16,1,False,0,2,True,2026-05-25
L001206,Christian-Booth,Media,372.0,Paid Search,2023-04-22,2,False,1,9,False,
L001207,Walton LLC,Education,108.0,Organic Search,2025-05-25,4,False,1,2,False,
L001208,Rivera LLC,financial tech,354.0,Referral,2026-07-04,3,False,2,3,False,
L001209,Hunter PLC,Consulting,36.0,Outbound SDR,2024-02-13,5,False,2,3,False,
L001210,"Gray, Montoya and Miller",FinTech,300.0,Organic Search,2024-02-28,1,False,3,4,True,2024-03-20
L001211,Solis-West,Manufacturing,105.0,Organic Search,2025-08-27,3,False,1,5,False,
L001212,West-Wilson,Fintech,72.0,Referral,2025-03-25,5,True,0,2,False,
L001213,Mcgee-Smith,Media,743.0,Outbound SDR,2024-06-26,1,False,1,3,False,
L001214,Gutierrez-Hawkins,Fintech,116.0,Partner,2026-01-19,3,True,5,5,True,2026-03-09
L001215,Petersen PLC,Healthcare,190.0,Referral,2025-02-20,4,True,1,5,True,2025-04-08
L001216,"Walsh, Wu and Hart",,25.0,Outbound SDR,2023-04-02,3,False,1,3,False,
L001217,"Powers, Clements and Cox",Manufacturing,124.0,Outbound SDR,2025-08-10,6,False,5,3,False,
L001218,Velasquez Group,Manufacturing,30.0,Paid Search,2024-07-04,3,False,2,3,True,2024-09-14
L001219,Castro-Harvey,SaaS,84.0,Paid Search,2023-07-18,2,True,3,2,True,2023-07-28
L001220,Moran-Cox,Education,241.0,Event/Webinar,2025-04-27,2,False,0,1,False,
L001221,Wilson-Malone,Consulting,83.0,Paid Search,2026-02-07,3,True,2,7,False,
L001222,Smith LLC,,212.0,Outbound SDR,2025-12-06,2,False,3,3,False,
L001223,"Brandt, Carter and Boyd",Logistics,114.0,Event/Webinar,2025-08-30,2,False,4,2,False,
L001224,"Rodriguez, Prince and Vasquez",Consulting,142.0,Paid Search,2025-09-02,2,False,5,4,True,2025-10-10
L001225,"Newton, Ortiz and King",Fintech,11.0,Outbound SDR,2023-03-13,2,True,2,1,True,2023-05-16
L001226,Lopez Group,Consulting,182.0,Event/Webinar,2026-03-16,3,False,4,7,True,2026-06-10
L001227,Bryant and Sons,Consulting,92.0,Paid Search,2023-09-04,5,False,2,9,False,
L001228,"Morgan, Sherman and Williams",Media,45.0,Paid Search,2023-12-09,5,False,1,3,True,2024-01-05
L001229,"Monroe, Chapman and Barton",Retail,184.0,Paid Search,2023-03-29,3,False,0,2,False,
L001230,Ellis-Lawrence,Logistics,,Organic Search,2025-06-10,2,False,2,4,False,
L001231,"Taylor, Porter and Moreno",Retail,28.0,Partner,2023-10-30,4,False,3,3,False,
L001232,Tran Group,Consulting,529.0,Referral,2024-10-16,5,False,2,2,False,
L001233,"Webb, Romero and Morse",Fintech,,Organic Search,2025-03-05,3,False,1,1,False,
L001234,Holt and Sons,Real Estate,184.0,Outbound SDR,2026-02-04,4,False,0,3,False,
L001235,"Ochoa, Garcia and Sandoval",Education,98.0,Referral,2025-11-30,3,False,2,2,True,2026-01-27
L001236,"Andrade, Gordon and Cruz",SaaS,42.0,Partner,2026-06-30,3,False,2,6,False,
L001237,"Moon, Farmer and Hill",Consulting,,Event/Webinar,2025-05-09,1,True,1,2,False,
L001238,Waller-Chavez,,740.0,Outbound SDR,2023-11-03,5,False,2,0,False,
L001239,Taylor PLC,Healthcare,90.0,Event/Webinar,2026-04-19,3,False,1,3,False,
L001240,"Tanner, Hunt and Cameron",Consulting,267.0,organic-search,2023-08-05,3,False,2,3,True,2023-10-16
L001241,"Valencia, Joseph and Walls",financial tech,39.0,Referral,2026-01-01,3,False,2,7,True,2026-02-14
L001242,"Robinson, Clark and Klein",Logistics,22.0,Referral,2025-02-23,6,False,1,4,False,
L001243,"Reed, Chambers and Zavala",Media,,Event/Webinar,2026-06-01,6,False,0,3,False,
L001244,"Hester, Thompson and Daniels",Media,208.0,Organic Search,2023-12-19,3,False,1,1,True,2024-01-23
L001245,"Morris, Wilson and Bell",Logistics,,Paid Search,2026-06-20,3,False,0,3,True,2026-08-10
L001246,Aguilar-Bender,SaaS,141.0,Outbound SDR,2024-11-09,3,True,1,6,True,2025-02-05
L001247,"Butler, Adkins and Skinner",Retail,7.0,Organic Search ,2025-08-31,3,False,0,4,False,
L001248,Rich-Henderson,Manufacturing,54.0,Referral,2023-02-11,3,False,2,4,False,
L001249,Mills Inc,Education,240.0,Referral,2024-09-28,3,False,2,5,False,
L001250,Thomas-Santiago,Manufacturing,3.0,Outbound SDR,2023-07-21,4,False,1,4,False,
L001251,Adams and Sons,,,Paid Search,2024-09-07,1,False,5,4,False,
L001252,Vega-Thomas,Media,163.0,Referral,2024-07-05,5,False,3,7,False,
L001253,Vaughn LLC,Logistics,86.0,Event/Webinar,2026-08-15,4,False,2,2,False,
L001254,Molina Inc,Fintech,,Paid Search,2025-06-23,2,False,4,4,False,
L001255,Cervantes-Garcia,,105.0,Outbound SDR,2025-09-19,3,False,1,4,False,
L001256,"Stevenson, Hancock and Newton",Real Estate,44.0,Referral,2023-04-26,4,True,2,2,True,2023-06-30
L001257,"Price, Dixon and Robles",Healthcare,38.0,Organic Search,2024-09-29,3,True,2,5,True,2024-12-28
L001258,"Roberts, Beck and House",Real Estate,173.0,Outbound SDR,2023-10-05,5,False,3,3,True,2023-12-11
L001259,Butler-French,Consulting,439.0,Organic Search,2023-12-22,3,True,2,4,True,2024-01-15
L001260,"Edwards, Arnold and Smith",Retail,54.0,Organic Search,2024-05-25,2,False,0,6,False,
L001261,Harris-Melton,SAAS,523.0,Outbound SDR,2023-04-14,2,False,1,3,False,
L001262,Greer-Pruitt,Education,,Partner,2024-02-12,3,False,1,4,False,
L001263,"Mckinney, Richardson and Chapman",Manufacturing,46.0,Referral,2025-08-08,3,False,3,5,False,
L001264,"Morrison, Parsons and Brandt",Real Estate,,Outbound SDR,2026-07-25,3,False,1,3,False,
L001265,Cole-Lucero,,113.0,Partner,2023-03-04,2,False,2,3,False,
L001266,Lopez and Sons,Retail,8.0,Referral,2025-09-28,3,True,2,0,False,
L001267,"Palmer, Bennett and Patterson",Consulting,,Outbound SDR,2023-12-30,3,False,1,3,True,2024-02-28
L001268,"Baker, Martin and Singleton",,344.0,Event/Webinar,2024-12-17,3,False,0,5,True,2025-01-30
L001269,Rivera Ltd,Healthcare,425.0,Referral,2023-07-05,2,False,1,2,False,
L001270,Williams LLC,Manufacturing,34.0,Organic search,2025-03-02,4,False,0,6,False,
L001271,"Williams, Randolph and Gilbert",SaaS,84.0,Paid Search,2026-03-17,3,False,1,1,False,
L001272,"Turner, Tyler and Pierce",Retail,81.0,Paid Search,2026-08-18,3,False,1,1,False,
L001273,Bowers LLC,Retail,44.0,Partner,2024-02-28,3,True,0,2,True,2024-04-02
L001274,"Robinson, White and Jones",Logistics,484.0,Event/Webinar,2023-02-11,3,False,2,4,False,
L001275,"Moore, Daniels and Powell",SaaS,37.0,Outbound SDR,2023-09-28,1,False,2,3,True,2023-12-19
L001276,Walker-Lewis,,67.0,Event/Webinar,2023-01-18,3,False,2,2,False,
L001277,Rivera-Carter,Retail,12.0,Referral,2026-05-30,5,False,1,6,False,
L001278,"Moreno, Barajas and Colon",Manufacturing,5.0,Partner,2026-08-09,1,False,1,4,False,
L001279,"Smith, Caldwell and Griffin",Manufacturing,214.0,Outbound SDR,2025-02-10,1,True,2,1,False,
L001280,"Austin, Oliver and Haley",Education,923.0,Outbound SDR,2024-05-31,3,True,3,3,False,
L001281,"Blackwell, James and Hogan",Retail,170.0,Outbound SDR,2024-09-10,4,False,1,3,False,
L001282,Cruz PLC,Real Estate,36.0,Event/Webinar,2025-03-24,4,False,0,2,False,
L001283,"Campbell, Pruitt and Short",Consulting,183.0,Organic Search,2023-01-16,4,True,0,1,False,
L001284,Robertson-Hicks,,16.0,Partner,2025-02-05,2,False,2,3,False,
L001285,Williams-Villanueva,Real Estate,156.0,Partner,2026-05-01,1,True,1,8,True,2026-07-17
L001286,Flores Inc,Manufacturing,,Referral,2023-08-10,3,False,1,6,False,
L001287,Jackson PLC,Media,51.0,Organic Search,2024-11-19,2,False,4,5,False,
L001288,"Smith, Jones and Santiago",Manufacturing,84.0,Partner,2024-10-27,6,True,3,0,False,
L001289,Hancock Group,Manufacturing,134.0,Referral,2026-08-27,4,False,2,1,False,
L001290,Harris Ltd,Manufacturing,549.0,Paid Search,2023-11-04,2,False,5,3,False,
L001291,"Rowe, Lucas and Case",Real Estate,57.0,Paid Search,2023-04-27,5,True,1,3,False,
L001292,"Parks, Johnson and Love",Consulting,,Outbound SDR,2024-10-16,3,True,1,0,True,2025-01-11
L001293,Miller Inc,Healthcare,31.0,Partner,2023-02-22,2,True,1,0,True,2023-05-16
L001294,Bauer PLC,Media,57.0,Referral,2024-06-15,9,False,0,5,True,2024-08-07
L001295,Andrews and Sons,Logistics,5.0,Outbound SDR,2023-03-14,4,False,1,2,False,
L001296,Russell-Hayes,Consulting,29.0,Partner,2026-03-17,5,True,1,1,True,2026-04-10
L001297,Hamilton-Smith,Education,202.0,Partner,2024-03-31,7,True,1,2,False,
L001298,"Wilson, Smith and Cortez",,68.0,Partner,2025-09-01,3,False,0,0,True,2025-11-25
L001299,Avila PLC,Education,43.0,Event/Webinar,2024-09-06,1,False,0,4,False,
L001300,Haynes Inc,Health Care,548.0,Partner,2026-02-17,5,False,1,5,True,2026-03-12
L001301,Reilly-Rodriguez,Manufacturing,101.0,Organic Search,2025-08-22,4,True,2,4,False,
L001302,"Turner, Miller and Hubbard",Healthcare,40.0,Partner,2024-06-13,2,False,1,2,True,2024-08-23
L001303,James-Short,Healthcare,246.0,Partner,2024-11-18,2,True,1,2,True,2025-02-09
L001304,Wells PLC,Fintech,53.0,Paid Search,2024-12-28,2,True,2,2,False,
L001305,Taylor Group,Retail,510.0,Partner,2024-09-20,3,False,0,5,True,2024-11-12
L001306,"Phillips, Walters and Evans",,84.0,Referral,2024-06-17,4,False,1,5,True,2024-08-30
L001307,"Wong, Bernard and Smith",Manufacturing,217.0,Outbound SDR,2023-08-30,2,False,2,3,False,
L001308,"Thomas, Williams and Armstrong",Media,15.0,Organic Search,2026-07-23,3,False,1,3,True,2026-08-29
L001309,Medina-Arroyo,Consulting,243.0,Event/Webinar,2023-05-26,2,False,2,4,False,
L001310,Clark-Figueroa,,1289.0,Paid Search,2025-10-21,5,False,2,4,False,
L001311,"Cooper, Gutierrez and Brewer",Fintech,,Partner,2025-02-20,2,True,2,3,True,2025-04-28
L001312,"Thomas, White and Jensen",Manufacturing,151.0,Outbound SDR,2023-04-21,4,False,3,1,False,
L001313,Lee-White,Healthcare,,Paid Search,2024-02-15,3,False,1,3,False,
L001314,"Phelps, York and Randolph",Education,15.0,Outbound SDR,2026-03-12,2,False,3,1,False,
L001315,"Murray, Dunn and Roberts",Media,372.0,Paid Search,2024-10-09,7,False,3,3,False,
L001316,King and Sons,healthcare,16.0,Organic Search,2025-09-25,1,False,1,2,False,
L001317,"Carpenter, Lynn and Howard",Education,27.0,Partner,2023-12-29,3,False,1,1,True,2024-02-07
L001318,"Rios, Garcia and Harvey",Software,69.0,Organic Search,2025-07-14,2,False,0,2,False,
L001319,Stewart Group,Manufacturing,83.0,Paid Search,2023-12-12,1,False,1,3,False,
L001320,Jensen-Torres,,102.0,Paid Search,2025-09-29,5,False,1,6,False,
L001321,"Hernandez, Knight and Aguirre",Fintech,309.0,Paid Search,2026-06-12,3,False,4,1,False,
L001322,Jackson-Edwards,Logistics,480.0,Partner,2025-05-29,4,False,0,6,False,
L001323,Joseph Ltd,Logistics,17.0,Outbound SDR,2025-09-04,2,False,2,2,False,
L001324,Hill-Ward,Logistics,62.0,Organic Search,2023-03-19,2,False,2,6,False,
L001325,"Quinn, Humphrey and Ford",Real Estate,55.0,Paid Search,2025-02-03,3,False,2,2,False,
L001326,Hampton-Tucker,SaaS,154.0,Referral,2025-12-23,4,False,0,5,True,2026-01-16
L001327,Thompson PLC,SaaS,148.0,Partner,2023-01-09,2,False,1,3,False,
L001328,Wilkinson and Sons,Retail,39.0,Paid Search,2024-12-06,4,True,1,3,True,2025-01-14
L001329,"Gonzalez, Gross and Sims",Healthcare,24.0,Organic Search,2025-02-24,3,False,1,5,False,
L001330,"Jones, Smith and Hunter",Real Estate,477.0,Event/Webinar,2024-09-18,4,True,2,3,True,2024-10-09
L001331,Hess PLC,Fintech,66.0,Organic Search,2024-09-02,4,False,5,3,False,
L001332,Hammond-Lewis,Manufacturing,150.0,Outbound SDR,2025-12-01,2,False,5,4,True,2026-02-15
L001333,Arnold PLC,Real Estate,,Referral,2025-06-07,8,True,5,2,True,2025-09-02
L001334,"Kennedy, Rowe and Diaz",Health Care,131.0,Referral,2025-09-30,3,False,3,4,False,
L001335,Vance PLC,Education,298.0,Paid Search,2023-12-04,3,False,3,4,False,
L001336,"Vincent, Anderson and Mason",Logistics,59.0,organic-search,2024-04-12,7,False,0,1,False,
L001337,Sanders PLC,Retail,200.0,Partner,2023-09-26,4,False,1,3,False,
L001338,Bates PLC,,,Partner,2023-02-14,1,False,1,2,False,
L001339,"Martin, Palmer and Griffin",Consulting,751.0,Event/Webinar,2023-12-13,1,True,1,7,False,
L001340,Knight PLC,,10.0,Referral,2026-08-25,4,False,2,3,True,2026-08-25
L001341,"Brennan, Thomas and Dennis",Logistics,967.0,Partner,2024-06-07,4,False,6,4,True,2024-08-14
L001342,Williams-Juarez,Consulting,153.0,Organic Search,2026-05-01,3,False,0,1,True,2026-05-07
L001343,Brown LLC,financial tech,53.0,Partner,2023-02-10,7,False,1,3,False,
L001344,Williams and Sons,Software,109.0,Partner,2023-08-26,8,True,1,3,True,2023-10-18
L001345,"Velez, Ward and Harrison",Media,178.0,Outbound SDR,2023-09-11,1,True,1,2,False,
L001346,Keith-Williams,Real Estate,46.0,Referral,2025-08-29,4,False,1,0,False,
L001347,"Nguyen, Padilla and Boyd",Healthcare,15.0,Paid Search,2026-07-14,6,False,2,4,False,
L001348,Davenport-Baker,saas ,76.0,Referral,2025-05-11,4,False,3,6,False,
L001349,"Hudson, Bennett and Gray",Fintech,115.0,Partner,2025-12-01,2,False,0,3,True,2026-01-04
L001350,"Valdez, Houston and Black",Consulting,18.0,Event/Webinar,2023-10-08,4,False,2,2,True,2023-11-30
L001351,Kaufman-Walker,Fintech,80.0,Event/Webinar,2026-06-19,2,False,3,6,False,
L001352,Gomez-Parrish,Fintech,28.0,Referral,2023-08-22,3,False,0,0,True,2023-09-04
L001353,Sparks-Eaton,Media,16.0,Paid Search,2026-06-01,2,False,2,3,False,
L001354,Shaw and Sons,Retail,76.0,Referral,2025-12-07,6,False,0,1,False,
L001355,Martin-Jones,Retail,373.0,Referral,2025-04-19,2,True,1,3,True,2025-05-26
L001356,"Campbell, Hernandez and Moore",Healthcare,60.0,Organic Search,2026-01-27,3,True,2,1,True,2026-03-31
L001357,"Love, Wilson and Hall",Retail,27.0,Partner,2025-09-11,1,False,2,3,True,2025-10-23
L001358,Cortez-Olson,Retail,100.0,Organic Search,2023-01-27,3,False,3,2,False,
L001359,Mendoza-Garza,Fintech,23.0,Organic Search,2026-03-21,2,False,1,0,False,
L001360,"Whitaker, Johnson and Williams",Media,87.0,Paid Search,2023-07-04,3,True,4,0,True,2023-09-07
L001361,"Vargas, Taylor and Hunt",financial tech,28.0,Partner,2023-07-27,2,False,1,3,False,
L001362,"Thomas, Jackson and Nielsen",Manufacturing,603.0,Partner,2024-04-18,4,True,3,2,True,2024-06-15
L001363,"Mullen, Greene and Elliott",Manufacturing,249.0,Referral,2025-08-08,3,False,1,3,False,
L001364,Johns Ltd,Software,91.0,Organic Search,2023-12-24,3,False,1,3,True,2023-12-29
L001365,"Nicholson, Valentine and Robinson",Manufacturing,136.0,Referral,2024-10-02,5,True,2,3,False,
L001366,"Haney, Dillon and Jackson",,,Partner,2023-08-26,2,True,2,3,True,2023-09-07
L001367,Burke-Norton,,29.0,Organic Search,2023-10-11,1,True,2,3,True,2024-01-03
L001368,Hanson PLC,,,Referral,2025-01-02,3,True,1,1,True,2025-02-27
L001369,Jackson-Jennings,Consulting,47.0,Referral,2023-07-10,8,False,3,3,True,2023-08-26
L001370,Carlson-Jones,Education,253.0,Paid Search,2023-08-22,1,False,5,4,False,
L001371,Cruz-Rodriguez,Logistics,431.0,Outbound SDR,2025-07-23,2,False,2,2,False,
L001372,Mills PLC,Manufacturing,34.0,Outbound SDR,2025-09-06,2,False,2,4,False,
L001373,"Barnes, Hernandez and Davis",Logistics,401.0,Partner,2023-12-08,2,False,0,2,True,2023-12-22
L001374,Valenzuela-Greene,,66.0,Partner,2023-05-01,3,False,1,5,True,2023-05-21
L001375,"Gordon, Wilson and Olson",Fintech,25.0,Outbound SDR,2026-04-24,3,False,3,6,False,
L001376,Winters PLC,Media,162.0,Event/Webinar,2025-06-16,3,False,2,5,True,2025-07-09
L001377,Prince Ltd,,116.0,Outbound SDR,2025-01-04,3,False,2,6,True,2025-03-23
L001378,"Reynolds, Fisher and Golden",SaaS,34.0,Partner,2023-09-25,2,False,4,7,False,
L001379,"Moreno, Perez and Lang",Media,139.0,Outbound SDR,2023-08-20,3,True,0,6,True,2023-10-11
L001380,Bell-Ballard,Media,155.0,Organic Search,2023-05-10,3,False,0,2,False,
L001381,"Johnston, Coleman and Scott",Manufacturing,,Partner,2024-10-05,5,False,1,6,False,
L001382,Kent Inc,SaaS,111.0,Partner,2025-12-10,1,False,4,5,True,2026-02-21
L001383,George-Stephens,Consulting,52.0,Paid Search,2024-11-23,3,True,1,4,False,
L001384,Lopez-Fletcher,Real Estate,98.0,Event/Webinar,2026-06-20,2,False,1,4,True,2026-07-02
L001385,Lane Inc,,11.0,Partner,2024-05-24,3,False,3,2,False,
L001386,"Smith, Pena and Watts",Media,17.0,Referral,2026-08-06,3,False,1,2,True,2026-08-18
L001387,Ortiz-Rodriguez,Healthcare,58.0,Event/Webinar,2026-06-09,4,False,2,2,False,
L001388,Pearson-King,,56.0,Organic Search,2026-08-10,2,True,0,3,False,
L001389,"Henderson, Diaz and Hill",,95.0,Event/Webinar,2025-08-19,5,False,1,3,False,
L001390,"Sanders, Harris and Arnold",Media,17.0,Paid Search,2023-06-03,2,False,4,5,True,2023-08-04
L001391,"Olson, Wood and Peters",Education,214.0,Paid Search,2024-11-08,3,False,2,4,False,
L001392,Hinton-Lane,Manufacturing,91.0,organic-search,2025-11-04,3,True,2,2,False,
L001393,"Sanders, Taylor and Shields",Retail,283.0,Event/Webinar,2026-08-10,3,False,2,1,False,
L001394,Adkins Group,Logistics,20.0,Outbound SDR,2024-04-26,1,True,0,4,False,
L001395,"Avery, Garcia and Romero",Fintech,149.0,Outbound SDR,2025-06-28,4,False,0,3,False,
L001396,Owen-Mendez,Consulting,31.0,Outbound SDR,2023-06-30,7,True,0,4,False,
L001397,"Mann, Martin and Oconnell",Media,816.0,Outbound SDR,2024-10-09,4,False,1,1,False,
L001398,Brock and Sons,Fintech,38.0,Outbound SDR,2026-08-31,4,False,1,2,True,2026-08-31
L001399,Frost-Graham,,379.0,Outbound SDR,2025-04-24,3,False,1,2,False,
L001400,Baker LLC,SaaS,37.0,Event/Webinar,2026-01-29,6,False,1,3,False,
L001401,Lynch Ltd,SaaS,48.0,Organic Search,2026-05-22,5,True,2,2,False,
L001402,Arias-Morales,Consulting,143.0,Partner,2024-09-15,3,False,2,5,False,
L001403,"Meyer, Dawson and Harper",Real Estate,5.0,Event/Webinar,2024-02-28,3,True,0,3,False,
L001404,Bowman Group,Media,186.0,Referral,2025-01-14,4,False,2,1,False,
L001405,Harris Ltd,SAAS,35.0,Paid Search,2025-07-19,2,False,0,0,False,
L001406,"Mitchell, Johnson and Greene",Education,10.0,Event/Webinar,2026-06-23,3,False,0,1,False,
L001407,"Hale, Gilbert and Craig",Consulting,1.0,Outbound SDR,2025-01-14,3,False,3,3,False,
L001408,Allen-Smith,Media,188.0,Organic search,2023-07-19,5,True,3,6,True,2023-10-11
L001409,Miller LLC,Retail,18.0,organic-search,2024-11-30,1,False,3,5,False,
L001410,Gomez-Foster,Education,118.0,Partner,2024-08-20,2,False,2,3,False,
L001411,"Gonzalez, Smith and Padilla",Real Estate,107.0,Event/Webinar,2025-02-04,3,False,2,4,True,2025-05-04
L001412,Dunn Ltd,financial tech,71.0,Organic Search,2023-12-03,4,False,3,5,False,
L001413,"Herman, Bailey and Richmond",Media,32.0,Paid Search,2025-04-18,5,False,1,2,False,
L001414,Perez-Mccarty,Fintech,92.0,Referral,2026-06-05,5,True,0,0,True,2026-06-30
L001415,Spears-Andrews,Retail,16.0,Organic Search,2025-03-15,1,False,1,0,False,
L001416,Thompson-Hunter,Retail,116.0,Outbound SDR,2024-01-26,4,False,2,2,False,
L001417,"Jones, Phillips and Arroyo",Education,37.0,Organic Search,2025-04-28,2,False,0,5,False,
L001418,"Frye, Walter and Li",SaaS,159.0,Partner,2026-04-20,2,True,1,2,True,2026-05-05
L001419,"Wright, Ramos and Bennett",Media,67.0,Outbound SDR,2026-04-21,2,True,0,1,True,2026-06-24
L001420,Carrillo-Todd,Healthcare,210.0,Outbound SDR,2023-01-09,3,False,1,4,False,
L001421,Maldonado-Mosley,,302.0,Partner,2023-04-10,2,False,3,2,False,
L001422,Olson LLC,Real Estate,41.0,Outbound SDR,2026-04-13,4,True,3,2,True,2026-06-13
L001423,Reyes and Sons,Real Estate,626.0,Paid Search,2026-03-30,4,False,3,4,True,2026-04-21
L001424,"Haynes, Mcbride and Gutierrez",Healthcare,30.0,Organic Search,2025-03-04,4,False,3,1,False,
L001425,Black-Smith,Consulting,81.0,Event/Webinar,2024-10-21,3,False,2,3,False,
L001426,Wright-Davis,Real Estate,80.0,Outbound SDR,2025-05-07,2,False,0,5,False,
L001427,"Goodman, Peterson and Spencer",Consulting,52.0,Partner,2024-05-23,1,True,1,5,True,2024-06-27
L001428,Woods LLC,Logistics,376.0,Referral,2024-08-25,4,True,0,2,False,
L001429,Shannon LLC,Media,39.0,Paid Search,2023-10-10,3,False,0,3,True,2023-12-01
L001430,Valentine Ltd,Consulting,,Partner,2025-11-15,2,False,0,5,True,2025-12-23
L001431,Porter and Sons,Real Estate,122.0,Referral,2026-02-07,6,False,1,3,False,
L001432,Moss LLC,Retail,294.0,Paid Search,2024-03-05,2,False,3,2,False,
L001433,Perez and Sons,Consulting,,Partner,2024-08-18,5,False,3,1,True,2024-11-13
L001434,"Kelly, Maxwell and Wilson",Education,253.0,Partner,2023-09-29,1,False,4,4,False,
L001435,Lowe Ltd,Healthcare,69.0,Event/Webinar,2026-01-16,6,False,0,3,False,
L001436,Austin-Duran,Education,,Partner,2023-08-25,1,True,0,3,False,
L001437,"Rubio, Charles and Watson",Education,325.0,Event/Webinar,2025-09-10,3,False,1,1,False,
L001438,Vasquez-Galloway,Consulting,35.0,Event/Webinar,2025-05-04,3,False,4,3,False,
L001439,"Melton, Henry and Joyce",Real Estate,28.0,Referral,2025-05-15,3,True,0,6,True,2025-05-16
L001440,"Ramirez, Walker and Ray",Real Estate,105.0,Organic Search,2023-02-21,4,False,0,2,False,
L001441,Fox Group,Logistics,21.0,Paid Search,2023-04-19,4,False,0,1,False,
L001442,Ayers-Johnson,,,Paid Search,2024-06-30,3,False,2,4,True,2024-07-20
L001443,Long-Parks,Manufacturing,122.0,Partner,2024-05-28,5,True,0,4,False,
L001444,Bryant Inc,Healthcare,165.0,Organic Search,2024-08-27,2,True,3,4,False,
L001445,"Holmes, Stewart and Smith",Retail,,Event/Webinar,2023-03-08,5,True,1,4,False,
L001446,"Clark, Carpenter and Nguyen",Education,39.0,Outbound SDR,2023-07-29,2,False,0,3,True,2023-10-15
L001447,"Hensley, Lopez and Baker",Real Estate,49.0,Paid Search,2026-08-18,6,True,3,3,False,
L001448,Ruiz-Austin,Real Estate,,Outbound SDR,2024-05-01,2,False,1,3,False,
L001449,White-Coleman,,37.0,Partner,2024-08-12,4,False,1,3,True,2024-11-08
L001450,Haynes-Watson,SaaS,389.0,Outbound SDR,2025-03-04,3,False,0,5,False,
L001451,Ramirez-White,Logistics,8.0,Partner,2024-10-02,1,False,1,4,False,
L001452,Krause Ltd,Real Estate,63.0,Organic Search,2023-01-27,3,False,1,3,True,2023-02-28
L001453,Olsen Ltd,Retail,70.0,Event/Webinar,2025-06-26,4,False,2,3,False,
L001454,Brock-Peters,Retail,97.0,Partner,2026-08-19,3,False,0,2,False,
L001455,Gonzalez-Marsh,Education,69.0,Event/Webinar,2026-01-24,4,False,2,4,False,
L001456,"Hernandez, Shaffer and Thompson",Consulting,93.0,Paid Search,2024-02-01,2,False,3,6,True,2024-03-09
L001457,Taylor-Barry,Media,33.0,Paid Search,2023-06-02,4,False,0,1,False,
L001458,"Holmes, Le and Floyd",Healthcare,281.0,Paid Search,2025-11-18,3,True,5,3,True,2025-12-03
L001459,King-Garrison,Logistics,335.0,Organic Search,2025-05-27,1,False,0,2,False,
L001460,Ross Ltd,,23.0,Event/Webinar,2024-06-25,2,True,0,4,True,2024-07-11
L001461,Brown LLC,Healthcare,84.0,Event/Webinar,2024-06-06,3,False,1,2,False,
L001462,Combs-Davis,SaaS,58.0,Referral,2025-08-13,4,False,0,4,True,2025-11-11
L001463,"Cook, Ward and Castro",Healthcare,37.0,Organic Search ,2023-11-11,5,False,3,4,False,
L001464,Cooper-Jenkins,Education,12.0,Event/Webinar,2023-04-15,3,False,1,1,False,
L001465,Dillon-Mccarty,Consulting,46.0,Partner,2024-09-08,2,False,2,4,False,
L001466,Ray Ltd,Media,490.0,Event/Webinar,2026-01-31,3,True,0,0,False,
L001467,"Ryan, Krause and Mitchell",Education,160.0,Organic search,2024-10-12,3,False,2,0,False,
L001468,Nunez-Freeman,Real Estate,107.0,Paid Search,2024-01-12,6,False,1,5,False,
L001469,"Griffin, Miller and Austin",Real Estate,,Organic search,2025-10-31,1,True,1,7,True,2025-11-20
L001470,Welch-Thomas,Logistics,121.0,Event/Webinar,2026-01-04,3,False,2,4,False,
L001471,Davidson LLC,Logistics,612.0,Organic Search,2024-12-16,2,False,7,4,True,2025-01-13
L001472,Welch-Duncan,Retail,52.0,Partner,2024-11-10,1,True,1,1,False,
L001473,Miller LLC,Education,558.0,Referral,2024-08-24,3,False,1,2,False,
L001474,Edwards Ltd,,,Event/Webinar,2025-12-22,5,False,1,4,False,
L001475,Page-Jacobs,Media,66.0,Event/Webinar,2026-08-22,1,True,1,3,True,2026-08-22
L001476,Nelson-Wallace,Fintech,110.0,Partner,2024-12-09,6,True,4,7,True,2025-02-04
L001477,Adkins-Meyer,Retail,54.0,Partner,2026-06-10,2,False,0,4,False,
L001478,Gutierrez-White,Consulting,139.0,Paid Search,2023-03-23,3,False,2,3,True,2023-06-18
L001479,Martinez and Sons,Education,148.0,Outbound SDR,2023-08-21,6,True,1,5,False,
L001480,"King, Manning and Brady",Logistics,10.0,Referral,2026-01-11,2,False,2,4,True,2026-02-16
L001481,Jackson Inc,SaaS,,Event/Webinar,2025-02-06,5,False,1,3,False,
L001482,Brown Group,Real Estate,,Event/Webinar,2025-07-01,2,False,1,6,False,
L001483,"Brown, Wise and Warren",Media,18.0,Organic Search,2024-08-30,5,False,0,2,False,
L001484,Garcia PLC,Retail,62.0,Referral,2025-11-18,4,False,2,8,False,
L001485,Miller Group,Fintech,,Organic Search,2023-12-09,3,False,4,2,False,
L001486,Perez-Rojas,Real Estate,51.0,Event/Webinar,2023-01-16,5,False,1,3,True,2023-04-06
L001487,Sims-Anderson,Fintech,93.0,Paid Search,2026-07-13,3,False,0,4,True,2026-08-31
L001488,Johnson Ltd,Retail,438.0,Partner,2025-05-18,3,False,0,4,False,
L001489,Dalton-Nguyen,Fintech,34.0,Paid Search,2026-01-06,2,True,2,7,False,
L001490,Mcdonald-Pitts,Logistics,89.0,Partner,2023-05-28,5,False,1,4,True,2023-08-23
L001491,Dunn-Taylor,Healthcare,249.0,Organic Search,2025-07-29,4,True,1,1,False,
L001492,"Ryan, Garza and Bryant",Education,212.0,Organic Search,2023-06-29,3,False,0,4,False,
L001493,"Fields, Elliott and Mills",Fintech,161.0,Organic Search,2023-12-31,4,False,0,6,False,
L001494,"Ferguson, Stout and Olson",Manufacturing,137.0,Event/Webinar,2023-05-25,2,True,2,5,False,
L001495,Ballard Group,Consulting,956.0,Paid Search,2024-06-13,3,False,0,3,False,
L001496,Diaz-Green,Logistics,522.0,Outbound SDR,2025-07-12,3,True,2,0,True,2025-09-30
L001497,Smith-Mills,Logistics,21.0,Outbound SDR,2024-10-09,2,True,1,3,False,
L001498,Cooper Group,SaaS,14.0,Outbound SDR,2023-08-31,5,False,2,0,False,
L001499,"Smith, Weeks and Arroyo",Real Estate,,Organic Search,2026-08-06,3,False,5,2,False,
L001500,Evans-Cannon,Consulting,128.0,Organic Search,2026-04-14,5,False,1,3,False,
L001501,Harper-Robles,SaaS,16.0,Partner,2023-05-29,3,True,0,1,True,2023-07-13
L001502,"Brooks, Jenkins and Castro",Real Estate,220.0,Organic Search,2024-08-16,1,False,2,2,False,
L001503,Wright-Espinoza,Manufacturing,79.0,Event/Webinar,2023-06-27,3,True,2,1,True,2023-08-02
L001504,"Price, Gray and Baker",Media,488.0,Outbound SDR,2025-03-20,1,False,1,2,True,2025-06-12
L001505,Garrett-Black,SaaS,254.0,Outbound SDR,2023-11-17,1,False,0,0,True,2024-01-24
L001506,"Aguirre, Cohen and Mitchell",Retail,444.0,Paid Search,2025-03-11,3,True,4,4,True,2025-05-19
L001507,"Patel, Adams and Lopez",Manufacturing,451.0,Partner,2023-10-23,3,True,0,2,True,2023-11-30
L001508,White LLC,Education,623.0,Organic Search,2026-02-07,4,False,3,4,True,2026-04-19
L001509,Walsh PLC,Health Care,109.0,Organic Search,2023-03-27,2,False,1,4,True,2023-03-27
L001510,Nelson-Dean,Consulting,99.0,Event/Webinar,2025-03-18,2,True,1,2,False,
L001511,Flores and Sons,Real Estate,71.0,Event/Webinar,2023-06-24,3,False,0,3,True,2023-08-02
L001512,Booker Inc,,312.0,Partner,2024-12-05,2,True,2,0,True,2025-01-01
L001513,Compton LLC,Logistics,669.0,Partner,2025-11-15,3,False,4,5,True,2025-12-03
L001514,Martinez-Gonzales,Healthcare,,Paid Search,2024-03-28,1,False,2,1,True,2024-06-14
L001515,Hall and Sons,,354.0,Paid Search,2023-08-23,2,False,3,1,False,
L001516,Snyder LLC,Health Care,12.0,Partner,2026-03-07,1,False,1,2,False,
L001517,Collins-Lloyd,SaaS,65.0,Event/Webinar,2025-08-02,2,False,3,3,False,
L001518,Ford-Moody,,,Organic Search,2024-08-18,2,False,2,3,True,2024-11-11
L001519,Miller-Christensen,Fintech,,Referral,2023-07-21,3,False,1,3,False,
L001520,Brown Group,Retail,164.0,Partner,2026-04-04,1,False,0,4,False,
L001521,Daniels and Sons,Media,566.0,Referral,2025-01-01,4,False,1,4,False,
L001522,Huang LLC,Healthcare,93.0,Partner,2024-04-25,3,True,2,1,True,2024-05-07
L001523,Clayton-Martinez,Manufacturing,17.0,Event/Webinar,2023-05-23,4,False,4,3,True,2023-06-16
L001524,"Wright, Wise and Ramos",,43.0,Outbound SDR,2025-07-11,1,False,1,2,True,2025-08-22
L001525,"Vang, Gonzalez and Moss",Consulting,551.0,Partner,2024-09-18,3,False,0,1,False,
L001526,Boyd and Sons,Consulting,204.0,Paid Search,2026-03-04,3,False,0,4,False,
L001527,Price-Ali,Consulting,209.0,Referral,2024-10-09,2,False,2,1,False,
L001528,Moore-Chandler,Logistics,121.0,Paid Search,2023-01-10,2,False,3,6,True,2023-02-19
L001529,"Pineda, Meyer and King",Retail,103.0,Paid Search,2026-08-05,3,False,0,2,False,
L001530,"Evans, Ward and Williams",Logistics,,Referral,2025-01-06,5,True,2,2,False,
L001531,"Robinson, Rodriguez and Chen",Healthcare,38.0,Partner,2024-11-10,3,False,3,2,True,2025-01-10
L001532,Smith-Bauer,Media,496.0,Outbound SDR,2025-01-04,6,False,0,3,True,2025-02-12
L001533,"Wilson, Mccormick and Smith",Media,128.0,Event/Webinar,2023-08-11,3,True,0,2,True,2023-09-02
L001534,Perkins Ltd,Consulting,177.0,Organic Search,2024-07-28,3,False,0,6,False,
L001535,Barker-Moore,Health Care,35.0,Event/Webinar,2024-02-07,2,False,2,2,False,
L001536,Wright Group,Manufacturing,53.0,Partner,2026-07-07,3,True,0,1,False,
L001537,Parks LLC,Fintech,71.0,Partner,2023-06-04,2,False,1,3,False,
L001538,"Brown, Kelly and Moore",SaaS,,Event/Webinar,2026-07-17,4,False,0,7,False,
L001539,"Moody, Martinez and Hall",SaaS,55.0,Event/Webinar,2026-03-31,2,False,3,1,False,
L001540,"Kramer, Sherman and Trujillo",Logistics,509.0,Event/Webinar,2024-03-11,2,False,0,0,False,
L001541,Quinn-Smith,SaaS,42.0,Event/Webinar,2024-06-17,3,False,1,2,False,
L001542,Howard-Taylor,Real Estate,305.0,Event/Webinar,2025-08-24,2,True,2,8,True,2025-11-15
L001543,Washington Group,Healthcare,,Referral,2025-03-14,4,False,1,4,True,2025-04-11
L001544,"Phillips, Terry and Lopez",Consulting,29.0,Partner,2024-08-18,3,False,0,7,True,2024-09-04
L001545,Stephens LLC,Media,,Event/Webinar,2025-11-11,2,False,1,3,False,
L001546,"Mcdonald, Dillon and George",,209.0,Outbound SDR,2025-01-15,1,False,0,3,False,
L001547,"Martin, Schmidt and Cole",Real Estate,24.0,Organic Search,2024-05-04,3,False,1,2,False,
L001548,Weaver-Gibson,Consulting,107.0,Partner,2023-12-06,3,True,1,5,True,2024-02-09
L001549,"Hunter, Gross and Andrade",,,Outbound SDR,2023-11-23,3,False,3,5,False,
L001550,"Vincent, Parsons and Allen",Healthcare,40.0,Event/Webinar,2026-03-04,3,False,1,6,False,
L001551,"Brown, Coffey and Fuentes",healthcare,88.0,Partner,2025-09-17,4,False,1,0,True,2025-11-01
L001552,Warren Group,SaaS,,Paid Search,2025-09-25,3,False,0,1,False,
L001553,"Moore, Campbell and Ortiz",Retail,,Organic Search,2024-06-25,2,False,1,4,False,
L001554,Rodriguez-Mills,Education,50.0,Paid Search,2023-03-29,4,False,0,3,True,2023-06-22
L001555,Williams and Sons,Retail,198.0,Event/Webinar,2025-01-09,6,False,2,4,False,
L001556,Russo and Sons,Logistics,38.0,Outbound SDR,2025-07-20,3,False,0,1,True,2025-07-25
L001557,Washington Inc,Software,55.0,Partner,2024-10-25,1,True,1,2,False,
L001558,Duncan Group,Fintech,46.0,Partner,2025-12-03,2,False,2,2,False,
L001559,"Burns, Hanson and Garza",Manufacturing,34.0,Partner,2024-06-23,3,False,1,4,False,
L001560,Diaz PLC,Consulting,14.0,Event/Webinar,2026-03-13,3,False,1,7,False,
L001561,"Jones, Conrad and Clark",Healthcare,140.0,Outbound SDR,2026-08-31,3,False,0,4,False,
L001562,Hebert-Collier,Logistics,114.0,Referral,2026-04-18,3,False,2,3,False,
L001563,Owen-Brown,Fintech,64.0,Event/Webinar,2024-05-30,1,True,0,3,False,
L001564,"Paul, Zamora and Short",Logistics,18.0,Paid Search,2025-11-23,2,False,1,1,False,
L001565,"Brown, Jensen and Rice",Logistics,660.0,Referral,2024-12-07,5,False,1,2,False,
L001566,"Jones, Torres and Blackburn",Media,10.0,Outbound SDR,2026-05-22,3,False,1,1,False,
L001567,"Davis, Hardy and Schmidt",SAAS,175.0,Event/Webinar,2023-10-12,3,False,3,4,False,
L001568,Lee Ltd,Media,362.0,Paid Search,2024-04-16,2,False,1,6,False,
L001569,Hudson and Sons,Fintech,241.0,Event/Webinar,2026-08-10,2,False,0,2,False,
L001570,"Curry, Perry and Garcia",Manufacturing,154.0,Paid Search,2023-11-04,4,False,1,2,False,
L001571,"Ray, Craig and Park",Healthcare,244.0,Paid Search,2025-01-11,3,False,3,6,True,2025-03-29
L001572,Andrade-Jackson,Fintech,469.0,Partner,2024-04-16,3,False,1,2,False,
L001573,Pierce PLC,Logistics,500.0,Referral,2023-08-21,3,False,5,5,False,
L001574,Sandoval-Ferguson,Media,71.0,Partner,2025-09-07,3,False,1,3,False,
L001575,"Ramos, Gomez and Edwards",Media,846.0,Paid Search,2026-04-24,3,False,1,4,False,
L001576,Kirk-Gutierrez,Healthcare,57.0,Partner,2025-04-21,4,False,2,4,False,
L001577,"Jordan, Swanson and Franklin",SaaS,465.0,Paid Search,2023-03-30,2,False,2,2,False,
L001578,"Gardner, Brooks and Pierce",Healthcare,143.0,Event/Webinar,2026-04-28,1,False,0,3,False,
L001579,"King, Nixon and West",,464.0,Paid Search,2026-07-13,8,False,2,3,False,
L001580,Smith-Johnson,,73.0,Organic Search,2026-03-18,2,False,0,4,True,2026-04-05
L001581,Larson-Holmes,,18.0,Paid Search,2024-06-12,4,False,1,6,True,2024-07-05
L001582,Smith-Joyce,Real Estate,3699.0,Outbound SDR,2026-05-12,3,False,0,3,True,2026-07-23
L001583,Foley Inc,saas ,188.0,Partner,2024-08-03,2,False,0,5,True,2024-08-13
L001584,"Short, Ellison and Dixon",Retail,229.0,Outbound SDR,2026-05-27,3,True,1,2,False,
L001585,"Howe, Moore and Johnson",,59.0,Outbound SDR,2023-12-16,1,True,2,3,False,
L001586,Moore-Baker,Retail,34.0,Outbound SDR,2026-05-15,4,False,2,1,False,
L001587,"Wright, Scott and Evans",Healthcare,388.0,Event/Webinar,2024-01-08,4,False,1,6,False,
L001588,"Ross, Hardin and Navarro",Consulting,141.0,Partner,2025-11-12,3,False,2,1,False,
L001589,"Nguyen, Olson and Freeman",Manufacturing,41.0,Paid Search,2024-12-02,1,False,1,4,False,
L001590,"Warner, Weiss and Davis",Media,1030.0,Event/Webinar,2026-04-24,3,False,4,4,True,2026-05-02
L001591,"Evans, Cross and Johnston",Retail,85.0,Outbound SDR,2025-02-28,7,False,1,1,False,
L001592,Deleon LLC,Healthcare,29.0,Organic Search,2023-02-03,4,False,1,1,False,
L001593,Hobbs-Hamilton,Retail,31.0,Event/Webinar,2025-10-29,2,False,2,3,False,
L001594,Kane and Sons,Logistics,167.0,Paid Search,2026-05-25,4,True,2,5,False,
L001595,"Delgado, Guzman and Smith",Fintech,63.0,Paid Search,2025-09-01,3,True,0,2,False,
L001596,"Reyes, Torres and Williams",Consulting,,Event/Webinar,2023-03-21,2,False,1,6,False,
L001597,"Cunningham, Murphy and Wolfe",Real Estate,45.0,Event/Webinar,2023-08-29,6,True,3,2,True,2023-09-09
L001598,Williams Ltd,,21.0,Partner,2023-09-24,2,True,2,3,False,
L001599,Maddox-Mullins,Consulting,26.0,Event/Webinar,2023-01-03,1,False,1,3,False,
L001600,"Wagner, Walker and Roberts",Logistics,112.0,Event/Webinar,2025-05-11,4,False,1,3,True,2025-06-27
L001601,Hernandez-Rogers,,577.0,Partner,2025-12-21,3,False,0,1,False,
L001602,Duncan-Williams,Logistics,209.0,Paid Search,2025-09-14,3,False,1,4,False,
L001603,Baker-Ross,Logistics,313.0,Referral,2026-04-21,4,False,5,1,False,
L001604,Ayala-Anderson,Consulting,81.0,Organic Search,2025-05-21,6,False,1,3,False,
L001605,Castillo and Sons,Healthcare,99.0,Referral,2025-09-04,8,False,3,4,True,2025-10-03
L001606,Foster-Duncan,Fintech,62.0,Referral,2026-05-10,5,True,1,6,False,
L001607,"Gilbert, Fitzgerald and Sanchez",Real Estate,28.0,Outbound SDR,2024-06-11,2,False,0,4,False,
L001608,Adams Group,Retail,107.0,Organic Search,2023-01-15,4,False,0,7,False,
L001609,Cohen-Johnston,Consulting,13.0,Event/Webinar,2023-08-30,4,False,0,6,False,
L001610,Powers Group,Real Estate,14.0,Organic Search ,2025-02-07,4,False,2,3,False,
L001611,Bailey-Flores,,870.0,Partner,2024-10-08,2,True,4,1,False,
L001612,"Rios, Carrillo and Jackson",Logistics,179.0,Referral,2023-08-07,5,False,5,3,True,2023-08-26
L001613,Jensen-Branch,Logistics,159.0,Partner,2026-04-13,2,True,2,1,True,2026-05-15
L001614,Hanson-Alexander,Manufacturing,17.0,Event/Webinar,2025-05-17,2,False,4,2,True,2025-07-28
L001615,Gonzalez LLC,Education,1156.0,Event/Webinar,2024-07-18,2,False,0,4,False,
L001616,Todd Inc,Logistics,365.0,Paid Search,2025-04-26,2,True,1,6,False,
L001617,Singh and Sons,Real Estate,114.0,Event/Webinar,2025-09-15,3,False,1,4,False,
L001618,"Mcintosh, Melton and Wilkins",Healthcare,51.0,Referral,2026-02-19,4,True,5,3,False,
L001619,Cooper Inc,Real Estate,114.0,Outbound SDR,2024-06-03,5,False,0,2,False,
L001620,Cole-Johnson,Manufacturing,76.0,Event/Webinar,2024-12-06,2,False,2,4,False,
L001621,Singh and Sons,Logistics,79.0,Partner,2023-10-10,2,True,1,2,False,
L001622,Payne LLC,Fintech,39.0,Partner,2024-04-15,4,False,1,9,False,
L001623,"Webb, Blair and Thomas",Media,135.0,Partner,2023-11-28,5,True,2,6,False,
L001624,"Barnett, Bennett and Escobar",Fintech,,Paid Search,2025-11-07,1,False,0,2,False,
L001625,"Williams, Jackson and Campbell",Logistics,162.0,Referral,2026-02-01,5,False,2,2,False,
L001626,"Williamson, Brown and Pena",Consulting,968.0,Partner,2023-04-17,4,True,2,1,True,2023-05-07
L001627,Jones Ltd,Logistics,55.0,Partner,2023-01-11,2,False,0,3,False,
L001628,Alvarado-Durham,financial tech,316.0,Paid Search,2025-08-23,4,False,1,1,True,2025-11-07
L001629,Lin-Smith,Logistics,39.0,Organic Search,2023-05-12,6,False,0,3,True,2023-06-14
L001630,"Hughes, Whitney and Romero",Retail,13.0,Referral,2023-06-13,4,True,2,2,True,2023-08-29
L001631,"Garcia, Stewart and Delacruz",SaaS,150.0,Partner,2025-02-26,2,False,3,2,False,
L001632,"Miller, Gonzalez and Rasmussen",Logistics,108.0,Event/Webinar,2025-12-03,5,False,2,3,False,
L001633,"House, Smith and Wright",,32.0,Partner,2026-05-08,5,False,2,3,False,
L001634,"Torres, Burns and Garner",SaaS,,Paid Search,2026-08-04,6,False,1,3,False,
L001635,Reed LLC,Media,109.0,Outbound SDR,2023-01-22,2,False,0,3,False,
L001636,Garrett-Young,Retail,285.0,Partner,2025-11-27,3,False,1,3,True,2026-01-02
L001637,"Hill, Brown and Scott",Retail,64.0,Organic search,2026-05-12,2,False,2,3,False,
L001638,Zamora-Briggs,Real Estate,383.0,Event/Webinar,2024-04-19,1,False,3,5,True,2024-07-06
L001639,Raymond LLC,Healthcare,41.0,Partner,2023-03-15,1,False,1,1,True,2023-04-30
L001640,Hernandez Group,Retail,40.0,Partner,2023-01-01,4,False,0,3,False,
L001641,"Taylor, Blair and Meyer",healthcare,77.0,Organic Search,2024-07-19,5,True,1,3,True,2024-09-08
L001642,"Salazar, Garrett and Perez",Education,30.0,Partner,2025-03-20,5,True,1,2,False,
L001643,Berry Group,Logistics,138.0,Event/Webinar,2024-02-15,1,False,1,4,False,
L001644,Browning-Murphy,Real Estate,205.0,Organic Search,2023-05-21,3,False,0,3,True,2023-06-01
L001645,"Anderson, Delgado and Carpenter",Real Estate,2660.0,Referral,2026-02-19,4,True,1,3,True,2026-05-04
L001646,"Mcbride, Huffman and Parker",Education,89.0,Referral,2024-07-20,6,False,3,1,True,2024-08-17
L001647,"Roach, Browning and Jordan",Consulting,,Paid Search,2025-07-20,2,False,1,0,False,
L001648,Douglas PLC,Logistics,55.0,Event/Webinar,2023-01-10,3,False,0,5,True,2023-02-12
L001649,Stewart PLC,Healthcare,153.0,Outbound SDR,2025-11-02,3,False,4,1,True,2025-11-15
L001650,"Fry, Wilson and Stewart",Real Estate,38.0,Organic Search,2025-10-27,5,True,0,4,False,
L001651,Acosta LLC,Manufacturing,41.0,Referral,2023-08-28,6,False,3,5,False,
L001652,Ali-Turner,Real Estate,302.0,Referral,2026-01-06,7,False,1,5,False,
L001653,"Peck, Shannon and Mahoney",Consulting,1493.0,Referral,2025-06-25,3,True,0,2,True,2025-08-12
L001654,Hernandez-Lopez,Consulting,675.0,Outbound SDR,2024-05-13,2,True,1,3,False,
L001655,Lopez PLC,Education,219.0,Outbound SDR,2025-08-01,4,False,2,2,False,
L001656,"Adams, Bradley and Hall",Consulting,525.0,Organic Search,2025-09-14,2,False,1,1,False,
L001657,Hall Inc,Fintech,,Referral,2023-05-19,2,True,0,3,False,
L001658,Miller-Chan,Logistics,52.0,Partner,2024-03-27,5,False,3,4,False,
L001659,Shaw PLC,Retail,35.0,Referral,2025-04-24,4,True,2,3,True,2025-06-08
L001660,Joseph-Brooks,Real Estate,119.0,Event/Webinar,2023-01-20,3,False,1,1,False,
L001661,Henry-Taylor,Manufacturing,308.0,Paid Search,2024-08-11,2,False,1,2,False,
L001662,Perez Group,Fintech,320.0,Outbound SDR,2024-12-01,3,False,2,2,False,
L001663,Schaefer Group,Fintech,34.0,Event/Webinar,2024-01-01,3,False,0,2,True,2024-03-01
L001664,Newton and Sons,,115.0,Referral,2024-03-23,4,False,1,2,False,
L001665,Jones Group,Consulting,375.0,Referral,2024-01-10,4,False,3,3,False,
L001666,"Burns, Nguyen and Ellis",Retail,110.0,Outbound SDR,2024-02-13,2,False,1,4,True,2024-03-14
L001667,Patterson Inc,Retail,14.0,Referral,2024-02-28,2,True,1,3,True,2024-03-28
L001668,"Moss, James and Edwards",,,Paid Search,2026-06-20,2,False,4,3,False,
L001669,"Crosby, Armstrong and Herrera",Education,266.0,Paid Search,2023-08-07,4,False,1,5,False,
L001670,"Liu, Buchanan and Meyer",Fintech,42.0,Organic Search,2025-10-05,2,False,6,2,True,2025-12-22
L001671,Bryant-Rich,,184.0,Event/Webinar,2023-03-28,2,False,0,4,False,
L001672,Stone Group,Media,33.0,Referral,2026-06-25,3,False,6,3,False,
L001673,"Williams, Hughes and Hubbard",,30.0,Outbound SDR,2026-03-22,4,False,1,1,True,2026-04-26
L001674,Lee Group,Media,35.0,Paid Search,2025-11-12,3,False,2,2,False,
L001675,Wilkerson-Ayala,Manufacturing,716.0,Outbound SDR,2024-03-30,3,False,2,6,False,
L001676,Murray-Henderson,Consulting,79.0,Paid Search,2023-04-21,5,True,3,0,True,2023-06-27
L001677,"Ellison, Vaughn and Mckee",Logistics,15.0,Outbound SDR,2026-01-12,2,False,1,4,True,2026-01-16
L001678,Gallegos-Hayes,Real Estate,1844.0,Referral,2025-03-17,4,True,2,1,True,2025-06-12
L001679,"Mason, White and Richards",Healthcare,,Outbound SDR,2023-09-04,5,False,4,2,False,
L001680,"Payne, Long and Morris",Real Estate,13.0,Outbound SDR,2024-10-08,4,False,2,4,False,
L001681,White PLC,SaaS,86.0,Organic Search,2024-03-07,4,False,1,4,False,
L001682,"Huang, Khan and Davis",,145.0,Event/Webinar,2023-07-26,3,False,1,1,False,
L001683,Holt-Meadows,Education,10.0,Referral,2026-06-08,4,False,3,0,False,
L001684,Higgins Inc,Manufacturing,32.0,Paid Search,2026-01-28,3,False,4,1,False,
L001685,Wilson Group,Manufacturing,1156.0,Paid Search,2024-07-05,2,False,2,3,True,2024-09-03
L001686,"Cox, Mills and Cruz",Consulting,55.0,Referral,2025-01-19,6,False,2,4,True,2025-02-11
L001687,"Salazar, Moore and Pierce",Media,106.0,Outbound SDR,2024-03-07,2,False,4,0,False,
L001688,Tate LLC,Logistics,,Partner,2025-02-01,5,False,1,4,True,2025-03-19
L001689,"Savage, Huffman and Martin",Logistics,86.0,Referral,2025-07-12,2,False,1,7,False,
L001690,White Ltd,Healthcare,,Event/Webinar,2023-09-26,4,False,0,3,False,
L001691,Barnes LLC,Consulting,40.0,Partner,2024-04-13,2,False,0,3,False,
L001692,"Mack, Griffin and Sims",Fintech,70.0,Partner,2024-07-06,3,False,5,3,True,2024-08-05
L001693,Roach and Sons,Real Estate,62.0,Outbound SDR,2025-02-19,1,False,3,2,True,2025-03-16
L001694,Dean LLC,Health Care,71.0,Partner,2023-11-03,2,True,2,4,True,2024-01-02
L001695,Ellis Group,SaaS,44.0,Paid Search,2025-05-13,4,False,1,5,False,
L001696,"Aguirre, Franklin and Snyder",Media,45.0,Paid Search,2026-07-15,2,True,1,3,True,2026-08-17
L001697,Chapman Group,Real Estate,184.0,Partner,2024-10-08,2,True,1,3,True,2024-12-09
L001698,Ortiz-Miller,Manufacturing,137.0,Referral,2026-02-25,4,False,1,6,False,
L001699,"Smith, Khan and Ramirez",Consulting,207.0,Organic Search,2025-03-26,4,False,0,3,False,
L001700,"Grant, Bryan and Williams",Fintech,260.0,Partner,2023-12-01,1,False,2,4,True,2023-12-08
L001701,Brown LLC,Retail,94.0,Referral,2025-09-02,4,False,0,1,False,
L001702,Thomas Inc,,24.0,Outbound SDR,2024-11-16,3,False,0,4,False,
L001703,"Lane, Morrison and Rivera",Manufacturing,,Referral,2025-01-07,6,False,1,2,False,
L001704,Williams Group,Real Estate,362.0,Event/Webinar,2024-06-11,3,True,2,4,True,2024-07-25
L001705,Martin LLC,SaaS,34.0,Outbound SDR,2023-09-06,4,False,1,2,False,
L001706,"Guerrero, Graves and Armstrong",Education,14.0,Partner,2026-05-25,3,False,2,2,False,
L001707,"Thompson, Gibson and Riley",,66.0,Event/Webinar,2026-03-25,1,False,0,3,False,
L001708,Davis LLC,,60.0,Paid Search,2024-08-05,1,False,5,3,False,
L001709,Richardson-Gray,Education,169.0,Referral,2025-11-11,4,False,0,3,False,
L001710,Chang PLC,Media,10.0,Partner,2025-07-04,4,False,2,3,True,2025-07-14
L001711,Carter and Sons,Logistics,207.0,Event/Webinar,2024-08-09,2,True,1,4,True,2024-10-07
L001712,Neal LLC,Health Care,496.0,Paid Search,2026-08-04,2,False,3,1,False,
L001713,Rose-Warren,Education,290.0,Outbound SDR,2026-07-16,2,False,1,4,False,
L001714,"Clark, Brown and Duncan",Consulting,67.0,Event/Webinar,2025-04-08,1,False,0,1,False,
L001715,"Rice, Miller and Ramsey",FinTech,9.0,Organic Search,2023-11-28,4,True,2,2,True,2024-01-10
L001716,"Peck, Andersen and Mitchell",Retail,37.0,Referral,2024-10-10,3,False,3,2,False,
L001717,"Abbott, Green and Andrews",,167.0,Partner,2024-07-01,1,False,0,1,True,2024-09-16
L001718,"Gomez, Anderson and Hart",Logistics,255.0,Referral,2025-06-30,4,True,2,2,False,
L001719,"Daniel, Jimenez and Morton",Education,71.0,Partner,2026-04-17,2,False,3,3,False,
L001720,"Hall, Roberts and Lee",Real Estate,465.0,Outbound SDR,2025-04-27,3,False,1,3,False,
L001721,Johnson Ltd,Healthcare,189.0,Paid Search,2023-02-17,3,False,1,2,False,
L001722,Mclaughlin and Sons,Healthcare,46.0,Partner,2024-04-25,3,False,3,1,False,
L001723,"Duarte, Gutierrez and Cook",Manufacturing,15.0,Partner,2023-06-13,2,False,1,2,False,
L001724,"Shaffer, Lewis and Davidson",Retail,93.0,Paid Search,2025-03-24,1,False,4,6,False,
L001725,"Campbell, Tyler and Parker",Fintech,412.0,Organic Search,2023-05-11,2,False,1,6,False,
L001726,"Pierce, Wang and Wilson",Media,856.0,Event/Webinar,2023-04-21,2,False,1,4,False,
L001727,Peterson-Ramsey,SaaS,99.0,Outbound SDR,2025-12-09,4,False,2,7,False,
L001728,"Choi, Collier and Lee",,22.0,Organic Search,2024-06-21,1,True,1,4,False,
L001729,Nielsen-Mendoza,Consulting,41.0,Paid Search,2023-06-22,3,False,2,5,False,
L001730,Robles-Brewer,Logistics,484.0,Referral,2024-04-14,2,False,0,3,False,
L001731,Moore-Murray,Retail,127.0,Partner,2024-08-04,2,True,1,2,False,
L001732,"Huang, Ford and Olsen",,20.0,Partner,2023-09-16,2,True,2,3,True,2023-10-02
L001733,"Brown, Meyer and Cunningham",Real Estate,447.0,Paid Search,2023-02-28,2,False,1,7,False,
L001734,"Stewart, Herrera and Clark",SaaS,75.0,Partner,2024-12-31,4,False,1,3,True,2025-02-10
L001735,"Rivera, Hendricks and Flynn",Media,181.0,Outbound SDR,2026-01-12,2,False,3,3,False,
L001736,Montes LLC,Manufacturing,378.0,Event/Webinar,2025-06-30,3,False,2,5,False,
L001737,Morgan Group,healthcare,20.0,Partner,2026-01-09,1,False,0,3,False,
L001738,"Ferguson, Martin and Obrien",Healthcare,383.0,Event/Webinar,2026-05-08,3,False,0,1,True,2026-07-05
L001739,Larson LLC,Consulting,364.0,Outbound SDR,2025-12-08,2,False,3,0,False,
L001740,"Hodge, Mckinney and Nelson",Real Estate,,Referral,2024-12-12,6,False,5,1,True,2025-02-11
L001741,Crawford and Sons,Real Estate,23.0,Paid Search,2023-07-03,3,True,6,5,True,2023-08-28
L001742,Hayes-Sampson,Manufacturing,198.0,Referral,2025-04-24,6,False,1,4,True,2025-05-27
L001743,Warren and Sons,Healthcare,10.0,Referral,2023-01-22,2,False,1,2,True,2023-01-22
L001744,Brooks Inc,Real Estate,65.0,Paid Search,2024-12-05,3,True,2,2,True,2025-01-10
L001745,Gentry Group,Media,18.0,Event/Webinar,2023-01-18,1,False,2,4,False,
L001746,"Johnson, Webb and Porter",Media,26.0,Outbound SDR,2024-09-05,3,False,3,3,True,2024-09-06
L001747,Peterson Group,Logistics,156.0,Referral,2026-05-07,5,True,0,2,False,
L001748,"Russo, Collins and Murphy",Retail,492.0,Organic Search,2026-01-27,3,False,1,3,True,2026-03-15
L001749,Short PLC,Retail,18.0,Outbound SDR,2026-02-22,2,True,5,5,True,2026-04-18
L001750,"Haney, Harris and Johnson",,85.0,Paid Search,2023-12-01,4,True,2,3,False,
L001751,Reeves-Boyd,Logistics,277.0,Outbound SDR,2024-03-27,4,True,2,1,True,2024-04-29
L001752,Collins Inc,FinTech,379.0,Outbound SDR,2026-07-04,4,False,1,4,False,
L001753,"Charles, Wiggins and Cook",Retail,21.0,Event/Webinar,2026-06-09,5,True,1,4,True,2026-07-13
L001754,Garcia Ltd,Manufacturing,392.0,Partner,2025-12-25,5,False,2,2,False,
L001755,"Edwards, Lane and Collins",Manufacturing,8.0,Outbound SDR,2024-01-21,5,False,3,0,False,
L001756,Flores and Sons,Fintech,39.0,Paid Search,2023-10-07,4,True,1,1,True,2023-11-13
L001757,Hill-Flores,Fintech,72.0,Partner,2025-07-21,1,True,1,3,True,2025-10-08
L001758,Lambert-Nelson,Media,198.0,Referral,2026-06-29,5,False,0,1,True,2026-08-30
L001759,Hill Inc,Retail,338.0,Referral,2023-02-09,4,True,0,6,True,2023-02-28
L001760,"Castro, Garcia and Daniels",SaaS,281.0,Event/Webinar,2023-02-15,1,False,2,5,False,
L001761,"Flores, Thomas and Bush",Healthcare,51.0,Organic Search,2024-07-31,2,False,3,2,False,
L001762,Andrews-Jackson,Manufacturing,147.0,Paid Search,2025-06-16,3,False,4,5,False,
L001763,Austin-Morgan,SaaS,,Paid Search,2023-07-04,1,False,2,3,False,
L001764,Williams-Johnson,Health Care,99.0,Organic Search,2025-10-07,4,True,1,2,True,2025-11-03
L001765,"Williams, Reyes and Miller",Education,95.0,Outbound SDR,2024-09-30,2,True,3,5,True,2024-12-02
L001766,White-Carlson,Education,284.0,Outbound SDR,2023-03-06,2,True,1,2,False,
L001767,"Soto, Vaughn and Griffin",Education,70.0,Organic Search,2023-10-27,4,True,1,0,False,
L001768,Edwards-Roth,SaaS,,Referral,2025-03-14,6,True,1,3,True,2025-03-23
L001769,"Chang, Lamb and Miller",Real Estate,208.0,Outbound SDR,2024-01-07,4,False,6,3,False,
L001770,Bradley-Davis,Retail,,Referral,2025-02-20,4,False,1,3,False,
L001771,"Mcdonald, Bryant and Cohen",SaaS,311.0,Organic Search,2024-05-24,3,False,1,4,False,
L001772,"Miranda, Ruiz and Meza",,146.0,Outbound SDR,2024-05-21,3,False,1,2,True,2024-05-25
L001773,Callahan PLC,Retail,155.0,Outbound SDR,2023-07-12,4,False,1,2,False,
L001774,Durham-Myers,Real Estate,588.0,Partner,2024-03-02,2,False,1,4,True,2024-05-01
L001775,"Stark, Rivera and Valencia",Logistics,103.0,Partner,2024-10-01,1,False,0,2,False,
L001776,Chavez-Johnson,Education,59.0,Paid Search,2026-07-12,2,False,3,2,False,
L001777,Rodriguez-Mendoza,SaaS,26.0,Partner,2026-01-30,1,False,1,4,False,
L001778,Campbell LLC,Real Estate,189.0,Organic Search,2024-06-02,1,True,0,7,True,2024-08-02
L001779,"Andrews, Romero and Sullivan",Manufacturing,9.0,Paid Search,2025-01-08,3,False,1,5,True,2025-01-14
L001780,"Robles, Nguyen and Banks",Retail,,Organic Search,2024-04-28,3,False,0,2,True,2024-07-18
L001781,Patel-Morales,Logistics,80.0,Referral,2023-01-31,6,True,3,2,True,2023-02-21
L001782,Allen-Sanchez,Manufacturing,25.0,Event/Webinar,2023-09-03,1,False,0,2,False,
L001783,Dickson Group,Logistics,0.0,Paid Search,2023-01-19,3,False,2,4,False,
L001784,Peterson Ltd,SaaS,,Event/Webinar,2025-08-31,4,True,3,2,True,2025-11-27
L001785,"Reynolds, Baird and Bradley",Consulting,93.0,Paid Search,2025-01-30,2,True,4,1,False,
L001786,Stephens-Young,financial tech,10.0,Paid Search,2023-11-19,4,False,3,3,False,
L001787,"Caldwell, Stevenson and Joseph",Media,187.0,Organic Search,2026-06-20,1,True,0,1,True,2026-08-02
L001788,Wilson-Carlson,SaaS,177.0,Organic Search,2024-12-29,3,False,0,3,True,2025-03-21
L001789,Peters-Short,Health Care,,Partner,2026-01-03,3,False,3,2,False,
L001790,Parker Group,Fintech,16.0,Paid Search,2025-09-26,8,False,2,3,True,2025-10-25
L001791,George Ltd,Education,273.0,Event/Webinar,2026-08-13,3,False,1,2,False,
L001792,"Wise, Gray and Snyder",Education,,Outbound SDR,2024-01-31,3,False,0,3,False,
L001793,"Brown, Robinson and Taylor",SaaS,306.0,Partner,2025-02-12,3,True,3,1,True,2025-03-29
L001794,"Berger, Fields and Smith",healthcare,76.0,Referral,2023-03-22,3,False,2,1,False,
L001795,Guerrero Group,Media,971.0,Partner,2025-06-15,6,False,2,1,False,
L001796,"Carter, Gilbert and West",Real Estate,175.0,Referral,2026-01-16,4,True,1,8,False,
L001797,Maldonado LLC,,5.0,Paid Search,2026-03-06,4,False,2,3,False,
L001798,Hudson-Gentry,Healthcare,174.0,Event/Webinar,2024-12-13,4,False,0,4,True,2025-01-23
L001799,Sellers-Zuniga,Media,213.0,Referral,2026-05-11,2,True,2,7,False,
L001800,"Haas, Cooper and Davis",Real Estate,88.0,Paid Search,2023-05-22,3,False,3,2,False,
L001801,Carr PLC,Real Estate,61.0,Paid Search,2025-07-09,1,True,1,2,False,
L001802,Abbott-Phelps,Manufacturing,374.0,Referral,2026-01-14,5,True,2,3,False,
L001803,Wood PLC,Education,68.0,Outbound SDR,2023-01-02,3,False,3,4,False,
L001804,Smith PLC,Real Estate,,Outbound SDR,2024-01-15,3,True,1,2,False,
L001805,Rodriguez-Campbell,SaaS,42.0,Event/Webinar,2025-01-15,5,False,0,5,False,
L001806,Young Ltd,Consulting,106.0,Paid Search,2024-10-18,2,True,0,1,True,2024-10-26
L001807,"Long, Flores and Reyes",Real Estate,23.0,Outbound SDR,2024-01-24,3,True,0,1,False,
L001808,Graham-Clark,Real Estate,2.0,Partner,2025-10-15,5,False,2,2,True,2025-12-24
L001809,Wells and Sons,Health Care,328.0,Event/Webinar,2024-08-02,5,True,1,3,False,
L001810,"Cruz, Middleton and Larsen",Education,261.0,Outbound SDR,2026-08-05,5,False,2,5,False,
L001811,Roberts Ltd,Education,15.0,Organic Search,2023-07-17,4,False,1,4,False,
L001812,Taylor Inc,Real Estate,180.0,Partner,2023-05-17,4,False,2,3,False,
L001813,"Smith, Griffith and Tucker",SaaS,54.0,Paid Search,2024-01-01,2,False,6,2,True,2024-01-05
L001814,Proctor-Taylor,Retail,387.0,Organic Search,2025-09-21,2,False,2,2,False,
L001815,May Group,Retail,7.0,Organic Search,2023-03-07,3,True,2,5,True,2023-05-19
L001816,English-Dominguez,Logistics,154.0,Partner,2025-09-30,2,False,3,4,False,
L001817,Hanson-Gibson,Real Estate,37.0,Event/Webinar,2026-04-23,2,False,1,1,False,
L001818,Arnold-Cole,Manufacturing,26.0,Organic Search,2025-01-20,4,False,1,2,False,
L001819,Perez-Coleman,Retail,18.0,Event/Webinar,2023-05-26,6,False,2,0,False,
L001820,Lane Ltd,SaaS,9.0,Paid Search,2025-10-03,3,True,2,3,True,2025-10-13
L001821,Joseph LLC,Media,128.0,Partner,2023-05-05,1,False,0,2,False,
L001822,House-Johnston,Education,,Event/Webinar,2025-05-01,4,False,2,3,False,
L001823,Good PLC,Education,50.0,Partner,2023-04-30,3,False,1,3,False,
L001824,Bush-Wilson,Consulting,22.0,Referral,2025-12-19,4,False,3,1,True,2025-12-24
L001825,Nixon-Miller,,71.0,Referral,2023-06-09,4,False,0,3,True,2023-07-06
L001826,"Simon, Terrell and Terrell",Real Estate,72.0,Organic Search,2023-07-27,6,True,2,2,True,2023-08-25
L001827,Marshall-Miller,Real Estate,264.0,Outbound SDR,2024-01-24,5,False,1,2,True,2024-02-17
L001828,"Davis, Kennedy and Harmon",Real Estate,,Partner,2024-05-24,4,True,0,4,True,2024-08-04
L001829,"Miller, Schultz and Yates",Healthcare,7.0,Event/Webinar,2026-02-17,5,True,0,3,False,
L001830,Austin-Berger,Logistics,83.0,Partner,2023-08-05,3,False,4,2,False,
L001831,"Osborne, Harrison and Hunt",Consulting,31.0,Referral,2025-07-28,4,False,0,4,True,2025-10-25
L001832,Berry-Rivera,Logistics,,Organic Search,2023-12-08,2,False,2,1,False,
L001833,Yu-Yates,Healthcare,172.0,Event/Webinar,2025-04-02,3,False,3,0,False,
L001834,Jackson-Neal,Real Estate,,Referral,2023-11-20,4,False,1,1,True,2024-01-27
L001835,"Curry, Acosta and Elliott",Consulting,242.0,Outbound SDR,2024-12-22,2,False,1,1,False,
L001836,Soto PLC,Education,24.0,Event/Webinar,2024-10-26,2,True,3,2,False,
L001837,Berry Ltd,Education,137.0,Outbound SDR,2026-07-20,2,False,0,3,False,
L001838,Lamb-Weber,Logistics,105.0,Partner,2024-10-24,3,True,2,3,True,2025-01-09
L001839,Washington-Martinez,Retail,49.0,Event/Webinar,2026-01-22,1,False,1,2,False,
L001840,York LLC,Retail,,Outbound SDR,2026-01-31,4,True,1,3,True,2026-03-04
L001841,Anderson-Campbell,,89.0,Outbound SDR,2025-07-05,3,False,2,6,False,
L001842,Smith-Rodriguez,Logistics,126.0,Organic search,2023-03-12,5,False,2,4,True,2023-04-17
L001843,Kent Ltd,Consulting,195.0,Organic Search,2025-11-26,3,True,3,1,True,2025-12-13
L001844,Hopkins LLC,,770.0,Organic Search,2024-09-07,5,False,2,3,False,
L001845,Green Ltd,Retail,46.0,Paid Search,2024-10-06,3,False,2,2,True,2024-10-08
L001846,Washington PLC,Manufacturing,161.0,Event/Webinar,2025-11-13,3,False,3,5,False,
L001847,Cooper Inc,Real Estate,82.0,Event/Webinar,2026-03-16,3,True,2,2,False,
L001848,Larson and Sons,Healthcare,288.0,Organic Search,2023-03-19,1,True,1,1,False,
L001849,Mullins-Gutierrez,Media,112.0,Referral,2023-11-16,4,False,0,5,False,
L001850,Young-Alexander,Health Care,6.0,Referral,2025-01-21,4,False,0,4,True,2025-04-05
L001851,"Jackson, Lane and Wilkinson",Retail,127.0,Paid Search,2024-06-08,3,False,1,8,False,
L001852,May Inc,Manufacturing,,Organic Search,2026-03-14,2,False,1,6,True,2026-05-04
L001853,Jackson Group,Consulting,38.0,Paid Search,2023-06-08,4,False,5,2,False,
L001854,Turner-Reese,Education,26.0,Outbound SDR,2023-12-21,2,False,1,2,False,
L001855,"Hall, Vega and Price",Media,313.0,Partner,2026-03-26,2,True,1,2,False,
L001856,Thomas-Berg,Fintech,353.0,Event/Webinar,2026-08-08,2,False,1,3,False,
L001857,Roberts Group,Manufacturing,61.0,Organic search,2026-03-26,5,True,2,1,True,2026-05-13
L001858,Gregory-Nixon,Fintech,35.0,Organic search,2024-11-15,3,False,2,1,False,
L001859,"Blanchard, Davis and Schmidt",Education,19.0,Outbound SDR,2025-05-03,2,True,2,7,False,
L001860,Blanchard-Reynolds,FinTech,125.0,Paid Search,2026-08-29,2,False,3,3,True,2026-08-29
L001861,"Garrison, Rogers and Adams",Logistics,131.0,Organic Search,2024-09-16,1,True,2,5,True,2024-11-22
L001862,Scott PLC,SaaS,76.0,Referral,2026-01-10,3,False,1,2,True,2026-03-23
L001863,Murray-Leonard,Healthcare,579.0,Referral,2025-10-25,6,True,0,2,True,2026-01-22
L001864,Navarro PLC,Retail,240.0,Paid Search,2023-04-14,2,True,1,5,True,2023-07-09
L001865,Meyer Ltd,Logistics,1288.0,Outbound SDR,2026-05-03,3,False,1,2,True,2026-07-15
L001866,"Kaiser, Edwards and Smith",Real Estate,62.0,Organic Search,2024-03-30,4,True,0,2,False,
L001867,Decker Inc,Logistics,2309.0,Referral,2025-03-18,4,True,2,2,True,2025-04-05
L001868,Davis-Garcia,Healthcare,183.0,Referral,2023-06-19,5,False,3,1,True,2023-08-18
L001869,Bell-Hardy,Consulting,14.0,Partner,2023-04-11,6,True,4,3,True,2023-06-20
L001870,Lee-Johnson,Logistics,,Referral,2023-06-24,4,False,1,0,False,
L001871,Brown PLC,Logistics,22.0,Event/Webinar,2025-06-08,3,False,2,1,False,
L001872,"Shannon, Robinson and Greene",Healthcare,348.0,Paid Search,2025-09-11,1,False,5,3,False,
L001873,Erickson Inc,Real Estate,69.0,Paid Search,2025-09-26,3,False,0,4,False,
L001874,Gates and Sons,,133.0,Partner,2026-03-16,4,False,1,2,False,
L001875,Douglas-Yoder,Retail,34.0,Event/Webinar,2026-06-15,4,False,0,4,False,
L001876,"Pratt, Lopez and Rodriguez",Real Estate,248.0,Paid Search,2024-05-11,4,False,3,2,False,
L001877,King Group,Fintech,47.0,Referral,2025-05-30,2,True,2,3,False,
L001878,"Mayer, Fowler and Livingston",Education,335.0,Partner,2026-03-25,3,False,2,2,False,
L001879,Hammond-Schwartz,Fintech,4.0,Organic Search,2025-04-27,2,False,2,5,True,2025-06-20
L001880,"Carrillo, Morris and Martin",Education,50.0,Referral,2024-01-26,4,False,1,3,True,2024-03-07
L001881,Ramirez Inc,Education,16.0,Event/Webinar,2023-02-19,4,False,2,2,False,
L001882,Price-Ferrell,Manufacturing,18.0,Paid Search,2024-12-17,2,False,2,3,True,2025-03-05
L001883,Sosa-Baker,Media,47.0,Event/Webinar,2023-10-26,3,False,3,2,False,
L001884,Jones-Krause,,13.0,Organic Search,2024-04-23,3,False,4,1,False,
L001885,Bishop and Sons,Retail,80.0,Partner,2025-02-04,1,True,3,2,False,
L001886,"Vasquez, Thomas and Mack",Healthcare,6.0,Partner,2023-06-25,2,False,1,1,False,
L001887,Mendez Inc,financial tech,382.0,Partner,2023-04-22,5,False,4,2,True,2023-05-23
L001888,Baldwin-Garcia,Consulting,,Paid Search,2024-08-12,1,False,0,2,False,
L001889,Jones Ltd,SaaS,19.0,Referral,2023-08-16,3,False,1,5,False,
L001890,Waters-Smith,,89.0,Outbound SDR,2025-08-22,4,False,1,5,True,2025-08-24
L001891,Hernandez-Bowman,Education,303.0,Paid Search,2026-01-06,3,False,3,2,False,
L001892,Ortega LLC,Retail,41.0,Paid Search,2026-01-24,2,False,1,5,True,2026-03-31
L001893,Graves Group,Manufacturing,335.0,Event/Webinar,2025-09-16,1,True,3,1,True,2025-12-04
L001894,"Smith, Zimmerman and Wise",Healthcare,226.0,Partner,2023-02-07,2,False,1,5,False,
L001895,Graham-Anthony,Logistics,,Event/Webinar,2025-12-14,3,True,2,1,False,
L001896,Fernandez Inc,saas ,,Referral,2023-12-15,7,False,1,4,False,
L001897,Finley-Meyers,SaaS,347.0,Referral,2024-02-16,4,True,0,5,False,
L001898,Martinez-Nichols,Consulting,192.0,Referral,2023-04-19,3,True,1,7,False,
L001899,Cook-Turner,Media,53.0,Partner,2023-01-18,3,False,1,2,False,
L001900,Chen Ltd,Fintech,380.0,Outbound SDR,2024-07-09,3,False,0,2,True,2024-10-01
L001901,Diaz LLC,Education,36.0,Organic Search,2023-02-09,6,False,2,3,False,
L001902,Randall LLC,,46.0,Partner,2025-03-02,4,False,1,5,False,
L001903,"Harris, Spencer and Ponce",Retail,29.0,Outbound SDR,2025-11-07,5,True,0,3,True,2026-02-05
L001904,"Lee, Dominguez and Mosley",FinTech,34.0,Referral,2025-09-19,4,False,3,2,False,
L001905,"Barker, Tucker and Mcclure",Consulting,13.0,Event/Webinar,2023-06-30,1,False,1,2,False,
L001906,Moss-Taylor,Healthcare,325.0,Paid Search,2025-10-22,4,False,0,5,True,2025-12-19
L001907,Johnson PLC,Real Estate,99.0,Partner,2023-02-14,5,False,3,5,True,2023-02-19
L001908,Burns Inc,Retail,89.0,Event/Webinar,2024-09-16,4,True,2,3,False,
L001909,"Schneider, Porter and Hanna",Education,41.0,Outbound SDR,2025-03-16,5,True,0,3,False,
L001910,Levy-Smith,Healthcare,111.0,organic-search,2024-12-11,2,False,2,3,False,
L001911,Brown-French,Education,58.0,Referral,2026-07-04,3,True,2,2,True,2026-07-23
L001912,Sullivan and Sons,Retail,158.0,Event/Webinar,2024-07-18,6,False,0,4,False,
L001913,"Contreras, Ellis and Gregory",SaaS,93.0,Partner,2024-06-11,1,True,1,2,False,
L001914,"Hernandez, Riley and Buckley",Logistics,407.0,Organic Search,2026-02-10,2,False,2,2,False,
L001915,Moss Group,Manufacturing,64.0,Paid Search,2023-11-07,1,False,1,3,False,
L001916,"Smith, Meadows and Montgomery",Education,371.0,Outbound SDR,2023-10-09,3,True,3,3,False,
L001917,Haynes and Sons,Fintech,697.0,Partner,2025-02-21,4,True,1,4,True,2025-04-28
L001918,Jackson Inc,Consulting,258.0,Partner,2024-04-10,3,True,0,3,True,2024-06-02
L001919,Hoover-Davis,Retail,54.0,Event/Webinar,2023-11-09,3,False,5,3,False,
L001920,"Jackson, Garza and Meyers",,203.0,Referral,2026-05-24,3,True,1,2,False,
L001921,Wilson PLC,Education,49.0,Outbound SDR,2026-01-15,1,False,4,1,False,
L001922,"Walker, Brock and Simmons",Healthcare,,Paid Search,2026-08-29,2,True,0,0,False,
L001923,"Gregory, Nguyen and Daugherty",,,Event/Webinar,2026-01-13,3,False,1,3,False,
L001924,"Gardner, Morris and Oconnell",,69.0,Paid Search,2024-09-24,3,False,4,2,True,2024-12-21
L001925,Duran PLC,Real Estate,,Paid Search,2025-05-30,1,False,1,3,False,
L001926,Rogers Inc,Healthcare,36.0,Partner,2026-03-02,4,True,1,3,False,
L001927,Thomas-Perry,Healthcare,116.0,Referral,2023-05-19,3,True,3,4,False,
L001928,"Wood, Martin and Sanchez",Real Estate,27.0,Event/Webinar,2023-08-31,1,False,1,3,False,
L001929,"Williams, Garcia and Boone",Healthcare,37.0,Referral,2023-10-26,4,True,2,4,True,2023-10-29
L001930,"Bennett, Moore and Hobbs",Education,121.0,Outbound SDR,2025-04-22,2,False,0,1,True,2025-05-30
L001931,Smith and Sons,Media,24.0,Partner,2026-07-28,3,False,1,4,False,
L001932,Mann PLC,Manufacturing,51.0,Paid Search,2024-01-20,3,False,0,5,False,
L001933,Butler-Aguirre,Fintech,226.0,Paid Search,2024-01-14,1,True,5,4,True,2024-01-17
L001934,Schwartz-Harris,Consulting,30.0,Event/Webinar,2024-06-30,5,False,6,5,False,
L001935,"Nelson, Cole and Allen",Consulting,36.0,Event/Webinar,2026-06-08,5,False,2,4,True,2026-07-07
L001936,Bishop Inc,Consulting,26.0,Paid Search,2024-04-17,3,False,4,1,False,
L001937,"White, Porter and Clements",SaaS,,Referral,2023-06-12,5,False,1,5,False,
L001938,"Serrano, Turner and Barnes",Media,121.0,Paid Search,2025-10-25,4,False,1,3,False,
L001939,"Young, Wilson and Moreno",Consulting,98.0,Outbound SDR,2026-08-23,3,False,1,3,False,
L001940,Montgomery PLC,Education,72.0,Paid Search,2025-03-04,3,False,1,3,False,
L001941,"Robinson, Townsend and Hopkins",,512.0,Outbound SDR,2023-10-09,2,False,1,4,True,2023-10-29
L001942,Brown-Rodriguez,Retail,55.0,Paid Search,2023-03-08,1,False,2,2,False,
L001943,Jennings Group,Logistics,126.0,Organic Search,2024-07-06,3,False,0,2,True,2024-08-27
L001944,Thompson-Santiago,Retail,101.0,Partner,2024-02-20,3,False,1,3,True,2024-03-17
L001945,Brown LLC,Fintech,201.0,Paid Search,2025-06-18,2,False,0,3,False,
L001946,Clark-King,Consulting,,Outbound SDR,2024-10-27,2,False,0,2,False,
L001947,"Trujillo, Chang and Williams",,28.0,Paid Search,2025-05-25,5,True,6,3,True,2025-07-15
L001948,"Williams, Medina and Moore",,19.0,Event/Webinar,2025-02-18,3,False,2,4,False,
L001949,Washington Inc,Education,46.0,Outbound SDR,2026-06-06,2,False,2,5,False,
L001950,Jacobson Ltd,Consulting,10.0,Event/Webinar,2026-01-03,4,False,1,1,False,
L001951,Watkins-Nguyen,Real Estate,116.0,Partner,2023-03-20,4,False,0,1,True,2023-05-25
L001952,Burgess LLC,Fintech,72.0,Outbound SDR,2025-07-24,5,True,1,3,True,2025-07-29
L001953,Maxwell LLC,Retail,74.0,Event/Webinar,2026-01-06,2,False,1,3,False,
L001954,Garcia Ltd,Logistics,103.0,Partner,2023-03-22,2,False,1,3,False,
L001955,Kane-Bennett,Real Estate,5.0,Outbound SDR,2025-11-23,3,False,2,3,False,
L001956,Jones PLC,SaaS,30.0,Paid Search,2024-08-19,2,False,5,5,True,2024-10-14
L001957,Brown-Graham,Logistics,73.0,Referral,2024-08-08,5,False,2,2,True,2024-10-06
L001958,Reilly Group,Healthcare,276.0,Outbound SDR,2024-08-25,2,False,2,3,False,
L001959,Hughes and Sons,Consulting,19.0,Organic Search,2025-11-24,3,True,1,6,False,
L001960,Cortez-Chen,,35.0,Outbound SDR,2026-08-16,1,False,1,5,True,2026-08-30
L001961,Harris-Martinez,financial tech,,Partner,2025-10-22,1,False,2,2,False,
L001962,"Carroll, Ramirez and Rodriguez",Fintech,,Paid Search,2026-04-13,1,False,2,3,False,
L001963,Ellis-Jackson,Real Estate,9.0,Paid Search,2025-03-16,2,False,2,4,False,
L001964,Robinson-Phillips,Logistics,1815.0,Referral,2025-07-12,2,True,1,5,False,
L001965,Clarke Ltd,,,Paid Search,2025-07-18,4,True,2,3,False,
L001966,"Whitehead, Lane and Tran",Consulting,47.0,Partner,2024-02-18,2,False,0,3,False,
L001967,Miller PLC,,43.0,Organic Search,2024-05-27,5,False,2,4,False,
L001968,Atkins-Robinson,Education,79.0,Partner,2026-08-21,2,True,2,4,False,
L001969,Hood-Ramirez,Healthcare,632.0,Partner,2023-09-11,2,True,1,3,True,2023-09-22
L001970,"Patterson, Salas and Wright",Fintech,10.0,Partner,2025-07-09,3,True,0,2,True,2025-09-28
L001971,Riley-Snow,Education,197.0,organic-search,2025-12-08,3,False,1,2,False,
L001972,"Shah, Mcintyre and Villanueva",Logistics,101.0,Partner,2025-11-13,1,False,1,1,True,2026-01-30
L001973,Baird-Williams,Healthcare,105.0,Outbound SDR,2026-02-01,3,True,1,1,True,2026-03-21
L001974,Quinn-Gordon,SaaS,,Paid Search,2024-11-17,5,True,1,2,False,
L001975,Schmidt-Mendoza,Consulting,73.0,Partner,2023-11-04,1,False,1,4,True,2023-11-24
L001976,"Nicholson, Chavez and Allen",Healthcare,68.0,Paid Search,2023-04-16,5,False,1,2,False,
L001977,"Mullins, Steele and Russell",,27.0,Referral,2024-09-25,4,False,0,1,False,
L001978,Anderson LLC,Media,17.0,Referral,2026-07-06,4,True,0,0,True,2026-07-17
L001979,Holland Inc,Fintech,42.0,Paid Search,2024-02-20,2,False,1,2,False,
L001980,Castillo LLC,SaaS,,Event/Webinar,2024-06-02,2,True,0,3,True,2024-06-03
L001981,Warner PLC,Media,81.0,Outbound SDR,2025-10-18,4,False,0,4,True,2025-12-26
L001982,"Silva, Bray and Ford",Software,125.0,Event/Webinar,2025-10-07,4,True,2,6,True,2025-11-06
L001983,Sawyer Group,Retail,87.0,Event/Webinar,2025-09-01,3,True,5,2,True,2025-10-29
L001984,Clarke LLC,Logistics,13.0,Outbound SDR,2023-06-12,2,False,0,6,True,2023-08-27
L001985,"Marshall, Schultz and Dalton",Consulting,352.0,Organic Search,2024-05-16,3,False,3,1,True,2024-07-25
L001986,Cruz Ltd,Manufacturing,66.0,Event/Webinar,2026-07-11,4,False,1,4,False,
L001987,Schmidt-Phillips,Real Estate,306.0,Paid Search,2023-04-11,7,False,1,4,True,2023-05-04
L001988,Wolfe-Salazar,Healthcare,33.0,Organic Search,2026-08-30,3,False,3,3,False,
L001989,"Norton, French and Miller",Education,177.0,Organic Search,2023-10-25,3,True,1,3,True,2023-10-29
L001990,Fitzgerald-Brown,Consulting,44.0,Event/Webinar,2024-09-03,2,False,3,2,True,2024-10-15
L001991,"Cox, Williams and Reyes",Fintech,166.0,Organic Search,2023-08-12,5,False,3,1,False,
L001992,Harvey-Diaz,Logistics,63.0,Paid Search,2023-11-27,3,False,2,3,False,
L001993,Wong Ltd,Manufacturing,34.0,Event/Webinar,2026-05-03,2,False,1,4,True,2026-07-15
L001994,Castro and Sons,Real Estate,,Paid Search,2025-07-21,3,False,1,3,True,2025-10-03
L001995,Zavala and Sons,Education,,Organic Search,2023-07-10,5,False,2,6,False,
L001996,"Wilson, Mendoza and Crosby",Manufacturing,30.0,Referral,2025-01-24,5,False,1,3,False,
L001997,"Pitts, Warner and Mullins",Logistics,129.0,Organic Search,2025-05-25,3,False,1,3,False,
L001998,Flores LLC,Real Estate,157.0,Organic Search,2024-08-22,3,False,2,5,True,2024-10-21
L001999,"Frazier, Ramirez and Brown",Healthcare,204.0,Organic search,2024-07-16,4,False,2,2,False,
L002000,Chavez-Mason,Education,,Event/Webinar,2025-04-27,2,False,0,2,False,
L002001,Harrison PLC,Real Estate,160.0,Paid Search,2024-03-04,4,True,2,3,True,2024-05-21
L002002,"Bryan, Lam and Hayes",SaaS,1891.0,Organic Search,2026-03-16,5,False,1,1,False,
L002003,Marsh-Dougherty,Real Estate,192.0,Organic Search,2025-09-17,3,False,0,3,False,
L002004,Lopez Group,Consulting,108.0,Partner,2024-08-11,2,False,1,3,False,
L002005,Miller and Sons,Logistics,7.0,Event/Webinar,2024-10-10,2,False,1,5,False,
L002006,Mullen-Jones,Manufacturing,359.0,Event/Webinar,2026-03-23,3,False,0,3,False,
L002007,Hill Ltd,Consulting,106.0,Referral,2023-09-23,3,False,1,1,False,
L002008,Crawford and Sons,Consulting,19.0,Event/Webinar,2025-10-13,2,False,1,3,False,
L002009,"Crane, Johnson and Butler",Real Estate,23.0,Partner,2026-07-18,1,False,1,3,False,
L002010,"Weaver, Anderson and Reed",Media,135.0,Outbound SDR,2024-01-04,3,False,0,5,False,
L002011,Rojas-Smith,Consulting,86.0,Paid Search,2024-08-17,3,True,2,2,True,2024-09-10
L002012,Brown and Sons,SaaS,9.0,Organic Search,2023-02-19,5,False,0,3,True,2023-04-19
L002013,"Newman, Jenkins and Cooper",FinTech,38.0,Partner,2024-02-29,1,True,0,3,True,2024-05-17
L002014,"Buchanan, Tucker and Wade",Logistics,41.0,Outbound SDR,2023-04-04,2,False,3,2,False,
L002015,"Wilkinson, Wallace and Torres",Education,336.0,Referral,2026-02-21,2,False,0,3,False,
L002016,Villanueva LLC,Retail,185.0,Organic Search,2026-08-04,2,False,1,2,True,2026-08-10
L002017,Mccormick and Sons,Manufacturing,,Referral,2023-05-19,3,False,0,3,False,
L002018,Watson-Roberts,Manufacturing,50.0,Referral,2025-11-03,4,False,0,2,False,
L002019,Hernandez LLC,Real Estate,15.0,Referral,2023-01-13,4,False,1,3,False,
L002020,Huber-Montgomery,Fintech,145.0,Partner,2024-11-13,2,False,0,4,False,
L002021,Joseph LLC,Education,69.0,Outbound SDR,2026-03-11,1,False,1,4,False,
L002022,Mcpherson Ltd,Consulting,12.0,Organic Search,2023-12-26,5,False,2,1,False,
L002023,"Conway, Bauer and Martin",Retail,90.0,Referral,2024-11-23,3,False,2,1,False,
L002024,Williams LLC,Media,,Outbound SDR,2023-03-14,3,False,0,4,False,
L002025,"Martinez, Green and Lopez",Healthcare,41.0,Outbound SDR,2023-11-15,2,False,3,0,False,
L002026,"Mann, Wade and Spence",Media,1.0,Event/Webinar,2024-11-17,1,False,1,2,False,
L002027,Watson PLC,Media,132.0,Outbound SDR,2023-04-25,5,True,1,2,True,2023-06-30
L002028,Ferguson Inc,Manufacturing,58.0,Event/Webinar,2024-10-08,1,True,2,1,False,
L002029,Sullivan Group,,25.0,Event/Webinar,2023-02-08,2,False,0,3,False,
L002030,Gould LLC,Retail,24.0,Event/Webinar,2024-11-10,3,False,2,4,False,
L002031,Smith Ltd,Education,552.0,Organic Search,2023-11-02,2,False,3,6,False,
L002032,"Cantrell, Rivera and Thornton",Manufacturing,343.0,organic-search,2024-11-25,4,True,1,2,True,2025-01-12
L002033,Kemp-Montes,Real Estate,12.0,Paid Search,2026-03-15,3,True,1,3,True,2026-05-31
L002034,"Estrada, Marsh and Chandler",Logistics,272.0,Paid Search,2026-05-03,3,False,2,2,True,2026-05-17
L002035,Morgan-Rodriguez,Manufacturing,50.0,Partner,2024-10-06,2,False,2,2,False,
L002036,Mccullough-Taylor,SaaS,156.0,Referral,2025-04-27,3,False,1,2,False,
L002037,"Wilson, Johnson and Williamson",Fintech,87.0,Outbound SDR,2024-05-01,4,False,1,5,True,2024-06-17
L002038,Griffin Inc,Media,16.0,Referral,2024-03-18,2,False,2,2,False,
L002039,Brown-Davidson,Real Estate,778.0,Referral,2023-12-25,4,True,2,5,True,2024-01-08
L002040,"Fox, Harrington and Wang",Education,61.0,Organic Search,2024-02-18,3,False,1,0,False,
L002041,Johnson PLC,Fintech,173.0,Outbound SDR,2025-11-02,5,True,2,3,False,
L002042,Rhodes-Rosario,SaaS,13.0,Outbound SDR,2025-10-21,1,True,3,5,True,2025-11-09
L002043,"Foster, Henry and Morrison",Retail,84.0,Referral,2025-09-17,3,False,3,1,False,
L002044,"Harding, Kerr and Ward",Real Estate,149.0,Referral,2024-11-01,2,False,1,2,True,2024-11-19
L002045,Baldwin Group,Fintech,63.0,Event/Webinar,2023-09-29,5,False,0,5,True,2023-10-25
L002046,Hughes-Smith,SAAS,163.0,Outbound SDR,2025-03-04,3,False,3,4,False,
L002047,Bell-Madden,Real Estate,1212.0,Organic Search,2023-01-09,4,False,0,3,False,
L002048,"Miller, Luna and Wallace",,,Organic Search,2026-05-02,3,False,0,3,False,
L002049,Lara-Roberts,Fintech,46.0,Referral,2025-08-14,4,False,2,3,True,2025-08-19
L002050,"Waller, Coleman and Mosley",Fintech,26.0,Event/Webinar,2024-10-01,1,False,1,5,False,
L002051,Houston PLC,SaaS,18.0,Event/Webinar,2024-10-01,5,False,2,2,True,2024-12-21
L002052,Thomas LLC,Retail,71.0,Referral,2024-02-15,4,False,2,2,True,2024-03-10
L002053,Mcneil-Fox,Manufacturing,43.0,Referral,2025-12-26,5,False,1,3,False,
L002054,Jones-Choi,Education,23.0,Outbound SDR,2023-08-29,1,False,2,2,False,
L002055,Davis-Ortiz,Manufacturing,,Paid Search,2023-11-19,4,False,0,3,False,
L002056,Perry-Peters,Manufacturing,63.0,Organic Search,2023-02-01,1,True,2,7,False,
L002057,"Bradley, Melendez and Gonzalez",Consulting,117.0,Event/Webinar,2025-11-18,5,False,0,2,False,
L002058,Roberts-Henry,Fintech,9.0,Paid Search,2026-01-16,5,False,3,0,False,
L002059,Davenport-Torres,Education,161.0,Event/Webinar,2024-10-14,3,False,2,5,True,2024-11-17
L002060,"Singh, Walker and Moody",Healthcare,41.0,Partner,2024-08-03,2,False,0,3,True,2024-10-15
L002061,Baker Ltd,Retail,22.0,Paid Search,2023-05-26,5,True,2,2,False,
L002062,"Kennedy, Valdez and Stafford",Manufacturing,35.0,Event/Webinar,2024-11-24,3,True,1,8,True,2025-02-01
L002063,White-Knox,Media,,Organic Search,2023-09-24,4,False,4,3,True,2023-09-27
L002064,"Sanchez, Wilson and Ramirez",,216.0,Partner,2023-04-14,4,False,0,1,False,
L002065,George LLC,Fintech,12.0,Outbound SDR,2023-04-21,6,False,0,4,False,
L002066,"Castillo, Graham and Scott",Fintech,108.0,Outbound SDR,2025-03-13,4,False,2,2,False,
L002067,"Alvarez, Benson and Wilson",Healthcare,156.0,Partner,2026-05-05,3,True,0,4,True,2026-07-19
L002068,"Quinn, Smith and Green",Media,43.0,Event/Webinar,2024-12-29,5,False,0,2,True,2025-02-06
L002069,"Brown, Flores and Johns",Education,288.0,Paid Search,2025-12-28,4,False,3,3,True,2026-01-07
L002070,Howard Inc,Media,107.0,Event/Webinar,2023-09-27,4,True,0,4,True,2023-10-08
L002071,Ward-Fields,Media,,Organic Search,2025-07-22,1,True,2,3,True,2025-08-30
L002072,Williams-Carter,Media,25.0,Outbound SDR,2024-04-19,4,False,0,3,False,
L002073,"Mayer, Palmer and Miranda",Retail,133.0,Paid Search,2026-06-17,2,True,2,5,False,
L002074,Duran PLC,Manufacturing,31.0,Referral,2025-03-13,5,False,0,4,False,
L002075,Stephens LLC,Healthcare,73.0,Partner,2024-11-07,2,False,0,2,False,
L002076,"Marsh, Nelson and Wolfe",Education,47.0,Outbound SDR,2025-09-25,2,False,2,2,False,
L002077,Davis-Carpenter,SaaS,170.0,Organic Search,2025-08-31,5,True,1,2,False,
L002078,Smith PLC,Fintech,218.0,Referral,2025-09-07,4,True,1,5,True,2025-11-05
L002079,Watson-Washington,Healthcare,17.0,Referral,2024-12-14,7,False,2,1,False,
L002080,Mccall-Martin,Consulting,56.0,Event/Webinar,2023-09-18,2,False,1,2,False,
L002081,Moore and Sons,Real Estate,75.0,Organic Search,2025-04-10,3,True,0,8,False,
L002082,Pope PLC,,137.0,Referral,2026-02-12,6,False,3,2,True,2026-05-06
L002083,"Norris, Cisneros and Mathis",Fintech,144.0,Referral,2025-12-27,2,False,4,1,False,
L002084,"Arnold, Avila and Wilson",Media,366.0,Outbound SDR,2026-04-24,3,False,0,2,False,
L002085,Moon-Wilson,Logistics,99.0,Paid Search,2026-06-25,1,True,0,3,False,
L002086,Mclean Group,Retail,31.0,Event/Webinar,2023-11-22,3,False,0,4,False,
L002087,Collins-Cox,Media,103.0,Outbound SDR,2023-05-16,3,True,4,0,True,2023-06-28
L002088,Preston-Harper,Retail,33.0,Partner,2026-04-25,2,False,0,1,False,
L002089,Jackson-Torres,Logistics,642.0,Outbound SDR,2026-03-07,1,False,0,4,False,
L002090,"Olsen, Walker and Vincent",Education,50.0,Event/Webinar,2024-04-28,2,True,2,3,False,
L002091,Watts LLC,Healthcare,224.0,Partner,2023-06-09,1,True,2,4,True,2023-08-21
L002092,Clark Inc,Media,83.0,Organic Search,2026-04-27,4,False,0,5,False,
L002093,Vazquez-Bowers,Consulting,147.0,Outbound SDR,2024-10-28,4,True,3,2,False,
L002094,Smith Group,Real Estate,63.0,Organic Search,2025-06-30,2,False,1,3,False,
L002095,Williams-Rodriguez,Healthcare,248.0,Referral,2025-04-11,4,False,1,3,False,
L002096,"Palmer, Brown and Wilson",financial tech,12.0,Event/Webinar,2023-08-11,3,False,2,3,True,2023-11-06
L002097,Williams-Turner,Consulting,153.0,Outbound SDR,2024-11-01,3,True,0,1,False,
L002098,Webster Inc,Media,671.0,Partner,2023-05-06,3,False,2,1,False,
L002099,"Harris, Santana and Lopez",Fintech,174.0,Paid Search,2023-10-12,1,False,0,1,False,
L002100,Johnson-Thomas,Consulting,121.0,Partner,2023-01-01,4,False,1,3,False,
L002101,"Mcmahon, Rush and Bailey",Healthcare,65.0,Partner,2023-11-02,3,False,1,2,True,2023-12-29
L002102,Wyatt Ltd,Real Estate,36.0,Referral,2025-03-09,4,False,4,3,True,2025-05-26
L002103,"Allen, Hudson and Garcia",Consulting,103.0,Outbound SDR,2024-02-05,3,False,0,3,False,
L002104,"Hines, Rice and Baldwin",Retail,321.0,Partner,2024-10-10,1,False,0,0,True,2024-11-17
L002105,Jackson-Webster,Consulting,114.0,Partner,2024-09-15,1,False,1,4,False,
L002106,Beltran Inc,Logistics,85.0,Partner,2024-12-06,3,False,1,4,False,
L002107,Knapp Ltd,Fintech,29.0,Event/Webinar,2023-01-17,3,True,1,5,False,
L002108,Richardson-Lawrence,Consulting,35.0,Event/Webinar,2025-04-07,3,True,3,4,True,2025-04-23
L002109,Nunez-Rodriguez,Manufacturing,,Organic Search,2025-01-26,2,False,0,4,False,
L002110,Zavala-Coleman,Real Estate,564.0,Organic Search,2023-01-02,3,False,4,6,True,2023-04-02
L002111,"Perez, Rodriguez and Rollins",Real Estate,30.0,Referral,2023-08-13,5,False,1,3,True,2023-09-18
L002112,Owens PLC,SAAS,22.0,Paid Search,2025-06-03,3,True,4,3,False,
L002113,Simpson LLC,Consulting,63.0,Outbound SDR,2026-07-04,2,True,2,5,False,
L002114,"Roberts, Bowen and Miller",Education,30.0,Partner,2025-02-22,2,True,1,3,False,
L002115,Wilson-Campbell,Logistics,44.0,Outbound SDR,2025-06-10,2,False,0,6,False,
L002116,"Fitzgerald, Mcdaniel and Randall",Real Estate,501.0,Paid Search,2023-12-22,2,False,1,3,False,
L002117,Spencer LLC,Media,9.0,Paid Search,2024-01-21,3,False,4,2,True,2024-04-01
L002118,Lopez-Jones,Logistics,,Referral,2025-05-04,5,True,0,3,True,2025-05-23
L002119,Crosby-Richardson,,44.0,Partner,2023-09-15,2,False,2,4,True,2023-10-02
L002120,Lutz Group,saas ,166.0,Organic Search,2026-08-20,5,False,1,3,True,2026-08-20
L002121,"Garcia, Kim and Barrett",Healthcare,145.0,Partner,2025-09-23,3,False,4,5,False,
L002122,Wilson Group,Logistics,21.0,Paid Search,2023-06-23,4,False,3,4,False,
L002123,Neal-Madden,healthcare,154.0,Partner,2025-05-01,2,False,0,3,True,2025-06-28
L002124,"Schaefer, Levine and Brown",Consulting,108.0,Outbound SDR,2026-06-30,2,True,2,6,False,
L002125,Morgan PLC,Healthcare,68.0,Outbound SDR,2025-11-09,3,False,0,5,True,2026-01-02
L002126,Martinez-Massey,Real Estate,944.0,Outbound SDR,2025-02-26,6,True,0,1,False,
L002127,"Porter, Hubbard and Miranda",Education,156.0,Paid Search,2024-01-16,3,True,2,1,True,2024-03-10
L002128,"Nelson, Clarke and Schneider",Consulting,326.0,Organic Search,2026-03-29,4,False,4,4,True,2026-05-31
L002129,Kelly-Estrada,Retail,256.0,Partner,2025-10-24,2,False,0,4,False,
L002130,Archer-Dixon,,,Outbound SDR,2026-01-23,2,False,1,1,False,
L002131,Tate Inc,Consulting,10.0,Referral,2023-03-10,4,False,1,2,True,2023-03-14
L002132,King Group,Consulting,141.0,Outbound SDR,2025-01-24,4,True,1,1,True,2025-02-07
L002133,Fuller and Sons,Consulting,18.0,Outbound SDR,2023-06-13,1,True,1,1,False,
L002134,Garcia Inc,Healthcare,13.0,Partner,2025-12-14,1,True,2,0,False,
L002135,Jimenez Inc,Manufacturing,51.0,Outbound SDR,2025-11-24,2,False,4,1,False,
L002136,Reyes Ltd,Fintech,32.0,Event/Webinar,2026-06-03,3,False,2,2,False,
L002137,Hernandez-Howell,Fintech,247.0,Paid Search,2025-08-25,4,False,1,2,True,2025-11-13
L002138,Wolf Ltd,Fintech,170.0,Partner,2026-07-21,3,False,0,3,False,
L002139,"Saunders, Sparks and Harris",Real Estate,129.0,Event/Webinar,2024-10-01,2,False,2,3,False,
L002140,"Jimenez, Wagner and Daniels",Consulting,55.0,Organic Search,2024-12-04,6,True,0,2,True,2025-02-10
L002141,"Payne, Cisneros and Johnson",Software,339.0,Outbound SDR,2025-07-18,3,False,0,1,True,2025-09-21
L002142,Beard-Wilson,Media,92.0,Event/Webinar,2024-11-09,2,False,1,3,False,
L002143,Edwards-Bennett,Logistics,20.0,Referral,2024-08-26,2,False,1,4,False,
L002144,Johnson-Thompson,Manufacturing,36.0,Paid Search,2023-03-14,2,False,1,1,False,
L002145,"Dalton, Turner and Mccarthy",Consulting,15.0,Partner,2024-09-14,4,False,3,5,False,
L002146,Jordan-Edwards,Consulting,19.0,Referral,2023-05-06,5,False,1,2,False,
L002147,Freeman-Rodriguez,Media,,Event/Webinar,2023-12-13,2,True,1,3,True,2024-02-24
L002148,"Henry, Spencer and Ryan",SaaS,154.0,Partner,2024-08-20,6,False,1,3,False,
L002149,Alvarez-Dickerson,Consulting,241.0,Organic Search,2024-08-10,2,True,2,2,True,2024-10-11
L002150,"Brown, Baker and Garza",Fintech,,Paid Search,2025-11-01,5,False,2,7,False,
L002151,Jensen-Gomez,Fintech,19.0,Referral,2024-05-31,3,True,1,0,True,2024-06-16
L002152,Flores-Johnson,Consulting,19.0,Referral,2024-07-17,2,True,1,2,True,2024-08-18
L002153,Anderson LLC,SaaS,18.0,Partner,2023-08-17,2,False,2,2,True,2023-11-02
L002154,Pacheco-Silva,,73.0,Event/Webinar,2023-11-06,6,False,2,3,False,
L002155,"Peterson, Davis and Reed",Media,57.0,Referral,2023-12-26,4,False,2,2,False,
L002156,Jenkins-Brown,Manufacturing,166.0,Partner,2024-04-28,7,False,1,3,True,2024-06-29
L002157,Wright Ltd,Health Care,47.0,Event/Webinar,2023-03-09,1,False,1,4,False,
L002158,Watkins-Lozano,Education,130.0,Organic Search,2023-10-25,7,False,2,5,True,2024-01-09
L002159,Melton Inc,Healthcare,,Outbound SDR,2025-04-25,1,True,0,2,True,2025-06-13
L002160,Jackson-Ryan,Retail,7.0,Partner,2025-06-20,4,False,3,1,True,2025-09-09
L002161,Murray Group,Healthcare,77.0,Paid Search,2026-03-29,7,False,1,6,False,
L002162,"Robertson, Fisher and Smith",Education,73.0,Organic Search,2026-08-08,3,True,1,3,True,2026-08-16
L002163,Chapman-Odom,Fintech,71.0,Organic Search,2023-12-10,4,True,0,4,True,2024-02-07
L002164,Hudson-Morris,Logistics,87.0,Outbound SDR,2024-09-09,3,True,5,3,True,2024-11-08
L002165,Stokes Inc,,46.0,Paid Search,2025-02-16,4,False,1,1,False,
L002166,"Leonard, Rogers and Shaw",Logistics,32.0,Outbound SDR,2024-06-21,6,False,3,2,False,
L002167,"Morgan, Mendez and Cox",Healthcare,1018.0,Event/Webinar,2025-06-09,2,False,2,5,False,
L002168,Harris-Reid,SaaS,927.0,Referral,2025-07-08,4,False,2,2,False,
L002169,Pittman PLC,Logistics,56.0,Partner,2024-10-08,1,True,4,4,False,
L002170,Mitchell Inc,Real Estate,26.0,Partner,2023-03-26,1,True,3,2,False,
L002171,Davies-Morales,Fintech,211.0,Event/Webinar,2026-07-29,6,False,3,2,True,2026-08-20
L002172,Weber Inc,Logistics,167.0,Event/Webinar,2026-08-28,3,False,1,4,False,
L002173,"Richard, Davis and Rogers",Manufacturing,63.0,Referral,2024-07-07,8,True,1,0,False,
L002174,Knight PLC,Manufacturing,68.0,Organic Search,2024-06-06,2,True,2,3,True,2024-08-28
L002175,Simmons-Reed,Consulting,110.0,Outbound SDR,2025-08-02,5,False,1,4,False,
L002176,Pearson LLC,Retail,271.0,Partner,2026-04-20,2,False,2,1,False,
L002177,"Brock, Reynolds and Fernandez",Retail,19.0,Event/Webinar,2024-11-22,3,False,2,2,True,2025-02-16
L002178,Perry LLC,Healthcare,162.0,Referral,2026-01-26,5,False,1,3,False,
L002179,"Robertson, Powers and Kelley",SaaS,47.0,Partner,2023-01-18,1,True,2,2,True,2023-01-26
L002180,Burton PLC,SaaS,180.0,Outbound SDR,2023-07-20,3,True,2,3,False,
L002181,Ray and Sons,Real Estate,163.0,Organic Search,2025-07-02,3,False,0,3,False,
L002182,"Hayden, Harmon and Mcdonald",Education,254.0,Paid Search,2024-08-03,3,True,1,5,True,2024-09-04
L002183,"Patel, Mendez and Hammond",,,organic-search,2023-02-18,2,False,0,3,False,
L002184,Michael-Barber,,99.0,Organic search,2023-04-27,5,False,1,0,False,
L002185,Boyd LLC,Consulting,40.0,Partner,2024-03-20,8,False,0,3,True,2024-06-04
L002186,Hernandez-Hernandez,Fintech,389.0,Partner,2023-09-03,2,False,3,4,False,
L002187,"Cannon, Richard and Jenkins",Fintech,,Event/Webinar,2023-09-24,5,True,0,3,False,
L002188,Walters Group,Logistics,1775.0,Partner,2026-08-19,3,False,1,4,True,2026-08-28
L002189,Colon-Lucas,Healthcare,624.0,Organic Search,2024-01-13,2,False,0,1,False,
L002190,Mcdaniel-Young,Manufacturing,13.0,Referral,2025-08-14,3,False,0,3,False,
L002191,Wilson and Sons,Fintech,164.0,Partner,2025-07-17,2,True,1,2,True,2025-08-21
L002192,Sanchez LLC,Logistics,184.0,Partner,2024-10-24,4,False,0,6,False,
L002193,Washington-Esparza,Manufacturing,24.0,Paid Search,2023-06-01,2,False,2,1,False,
L002194,Lucas-Johnson,Manufacturing,,Organic Search,2025-02-22,3,False,0,3,False,
L002195,Nelson Inc,Logistics,,Referral,2023-05-04,3,False,1,2,False,
L002196,Clarke-Ramirez,Manufacturing,,Referral,2023-12-31,5,True,1,5,True,2024-02-25
L002197,"Thompson, Phelps and Stuart",FinTech,78.0,Outbound SDR,2024-02-15,3,False,3,1,False,
L002198,Casey-Brown,Consulting,74.0,Outbound SDR,2024-01-01,2,False,0,3,False,
L002199,Edwards LLC,Media,151.0,Organic Search,2023-10-22,3,False,0,0,False,
L002200,Lester Group,Real Estate,40.0,Outbound SDR,2024-03-23,4,False,1,4,False,
L002201,Powers-Blackwell,Consulting,78.0,Partner,2023-08-06,4,False,3,2,False,
L002202,Hahn-Ramsey,Media,275.0,Partner,2024-06-14,2,False,0,3,False,
L002203,Young PLC,Fintech,2808.0,Organic Search,2023-05-30,4,False,3,2,False,
L002204,"Mason, Martinez and Beck",FinTech,175.0,Event/Webinar,2024-05-28,1,True,1,0,False,
L002205,"Herring, Huynh and King",Media,1021.0,Organic Search,2025-10-16,2,False,0,1,False,
L002206,Young Inc,Healthcare,22.0,Partner,2026-08-04,2,False,2,3,False,
L002207,Murphy-Silva,SAAS,85.0,Organic Search,2025-03-10,4,False,3,6,True,2025-04-13
L002208,Shaffer-Manning,Healthcare,57.0,Partner,2024-11-06,5,False,0,4,False,
L002209,Robinson-Rodriguez,Logistics,106.0,Event/Webinar,2023-01-08,2,False,2,7,False,
L002210,Booker Group,Real Estate,72.0,Partner,2025-10-01,1,False,1,6,True,2025-12-01
L002211,King-Lawrence,Logistics,4.0,Outbound SDR,2023-05-24,3,False,0,6,True,2023-08-01
L002212,Ferguson-Lyons,Retail,45.0,Organic Search,2025-02-26,2,True,1,2,False,
L002213,Stewart Group,Media,387.0,Organic search,2026-03-07,3,False,1,1,True,2026-05-14
L002214,Vega-Richmond,Education,30.0,Referral,2024-09-12,6,False,3,2,False,
L002215,Cox Ltd,Logistics,421.0,Organic Search,2026-07-18,1,False,2,2,True,2026-08-28
L002216,Underwood-Smith,Fintech,347.0,Referral,2025-12-30,2,False,0,1,False,
L002217,"Johnson, Stevenson and Lindsey",Education,213.0,Organic Search,2025-07-30,3,False,2,4,False,
L002218,Vazquez Ltd,Manufacturing,367.0,Partner,2024-02-20,3,False,1,2,False,
L002219,King Group,Health Care,18.0,Event/Webinar,2023-03-22,3,True,2,2,False,
L002220,Fowler-Haynes,Logistics,919.0,Partner,2024-01-27,3,False,2,2,False,
L002221,"Martinez, Camacho and Mathews",Manufacturing,111.0,Partner,2025-03-09,6,False,0,4,False,
L002222,Smith-Yu,Fintech,164.0,Partner,2025-01-05,1,False,0,3,True,2025-03-08
L002223,Turner-Mayer,Fintech,79.0,Partner,2025-06-15,6,False,0,3,False,
L002224,Evans and Sons,Retail,291.0,Paid Search,2023-03-15,3,False,3,1,False,
L002225,Welch-Suarez,Retail,74.0,Organic Search,2026-04-29,5,False,3,4,False,
L002226,"Sullivan, Johnson and Delacruz",Retail,129.0,Outbound SDR,2025-03-07,1,False,1,0,True,2025-03-15
L002227,Ruiz-Gutierrez,Real Estate,,Partner,2024-09-22,2,False,2,1,False,
L002228,Love-Mcdowell,Media,737.0,Event/Webinar,2025-07-09,4,True,0,4,False,
L002229,Holloway Ltd,SaaS,83.0,Organic Search,2024-11-25,6,False,0,6,False,
L002230,Hunter-Bell,SaaS,18.0,Referral,2023-03-29,6,False,0,3,True,2023-05-19
L002231,"Daniel, Kelley and Murphy",Fintech,74.0,Paid Search,2026-09-01,2,True,1,4,True,2026-09-01
L002232,"Johnson, Williams and May",Real Estate,153.0,Paid Search,2026-04-01,4,False,1,2,False,
L002233,"Ramos, Davidson and Smith",Retail,394.0,Organic Search,2023-03-17,1,False,0,3,False,
L002234,Fuller LLC,Healthcare,40.0,Outbound SDR,2026-09-01,4,False,0,1,True,2026-09-01
L002235,"Miller, Moore and Black",Media,401.0,Event/Webinar,2023-04-04,5,True,0,3,False,
L002236,"Hines, Bradford and Jennings",Retail,34.0,Partner,2026-08-21,4,False,1,4,True,2026-08-23
L002237,Hayes-Russo,SaaS,13.0,Paid Search,2026-07-19,1,False,2,3,False,
L002238,Green Ltd,saas ,13.0,Referral,2023-07-19,6,True,0,2,False,
L002239,"Serrano, Marsh and Gonzalez",Media,9.0,Event/Webinar,2023-12-16,1,False,0,3,False,
L002240,Richardson-Long,Consulting,26.0,Organic Search,2023-08-06,3,False,0,2,False,
L002241,Duffy-Wilkerson,,56.0,Outbound SDR,2026-05-03,5,False,2,3,False,
L002242,Smith Inc,Consulting,299.0,Paid Search,2023-05-10,5,False,2,1,False,
L002243,"Holland, Sims and Meadows",Retail,202.0,Outbound SDR,2024-11-21,4,False,5,4,False,
L002244,Gonzalez-Haynes,Logistics,,Referral,2023-09-05,2,False,3,2,False,
L002245,Williams PLC,Consulting,46.0,Event/Webinar,2023-10-09,4,False,0,1,False,
L002246,Burke-Hernandez,Education,,Paid Search,2023-04-04,2,False,2,2,True,2023-06-18
L002247,Jackson-Bradley,,,Referral,2023-05-10,2,True,1,3,True,2023-05-25
L002248,Higgins Group,Manufacturing,89.0,Paid Search,2025-04-30,3,True,2,2,False,
L002249,Wilcox-Snyder,Health Care,36.0,Partner,2025-01-27,1,True,3,6,False,
L002250,Reeves and Sons,Real Estate,47.0,Paid Search,2025-06-17,3,False,4,2,False,
L002251,Roberts-Snyder,Retail,31.0,Event/Webinar,2023-03-25,3,True,2,2,False,
L002252,Reynolds and Sons,,53.0,Organic Search,2026-07-18,4,False,1,4,False,
L002253,"Lewis, Holloway and Acosta",Consulting,80.0,Outbound SDR,2023-11-20,4,True,4,2,True,2023-11-22
L002254,Barnes Group,Media,97.0,Organic Search,2023-01-14,3,False,0,4,False,
L002255,Johnson LLC,SaaS,68.0,Paid Search,2023-07-02,3,False,1,1,False,
L002256,Williamson and Sons,Consulting,11.0,Referral,2025-05-02,2,True,2,3,False,
L002257,Aguilar-Holland,Media,,Partner,2023-09-17,2,False,3,5,False,
L002258,Smith and Sons,Retail,140.0,Paid Search,2026-08-03,8,True,2,1,False,
L002259,Mccann-Sanders,Manufacturing,15.0,Event/Webinar,2025-07-11,3,False,0,2,False,
L002260,Reeves Ltd,Logistics,68.0,Paid Search,2023-12-24,4,False,2,3,False,
L002261,Fitzgerald-Scott,Consulting,,Partner,2023-03-19,3,False,2,3,False,
L002262,Hawkins Inc,Consulting,753.0,Paid Search,2025-10-20,3,True,0,1,True,2026-01-06
L002263,Galvan-Ruiz,Fintech,169.0,Partner,2024-09-08,5,False,0,2,False,
L002264,Barajas-Crosby,Education,79.0,Outbound SDR,2023-01-10,2,False,0,3,False,
L002265,"Mckinney, Pacheco and Smith",Real Estate,215.0,Paid Search,2024-01-29,3,False,1,1,False,
L002266,"Harvey, Turner and Foster",Fintech,58.0,Event/Webinar,2023-07-15,1,True,0,2,True,2023-10-02
L002267,Anderson-Mcclain,Education,,Event/Webinar,2025-11-05,3,False,1,2,True,2025-12-03
L002268,Carpenter LLC,Media,261.0,Partner,2024-03-02,1,False,2,2,False,
L002269,Gordon LLC,Manufacturing,,Organic Search,2024-02-01,6,False,1,4,True,2024-02-15
L002270,Anderson-Stewart,Healthcare,26.0,Partner,2025-08-29,3,True,2,6,False,
L002271,"Hamilton, Green and Edwards",Media,248.0,Paid Search,2023-11-24,2,True,2,3,True,2024-02-17
L002272,Porter LLC,SaaS,26.0,Organic Search,2026-08-13,4,False,0,3,True,2026-08-24
L002273,"Ward, Jordan and Orr",Manufacturing,28.0,Paid Search,2025-06-09,4,False,2,3,False,
L002274,Austin-Juarez,Manufacturing,47.0,Referral,2026-06-17,5,True,2,5,True,2026-08-14
L002275,Black-Graham,SaaS,255.0,Organic Search,2023-04-18,4,False,2,4,False,
L002276,Stewart Group,Real Estate,48.0,Paid Search,2023-11-20,4,False,1,4,True,2023-11-23
L002277,Peters Ltd,Media,8.0,Event/Webinar,2023-08-26,3,False,0,5,False,
L002278,"Yates, Brown and Hernandez",financial tech,55.0,Paid Search,2025-06-29,2,True,1,3,True,2025-09-12
L002279,White Group,Consulting,,Referral,2025-05-08,3,False,4,3,False,
L002280,Martin-Mcdonald,Retail,71.0,Partner,2024-10-29,3,False,2,1,False,
L002281,Carney Group,Retail,62.0,Organic Search,2024-10-29,2,False,0,2,True,2024-11-27
L002282,Alexander Ltd,Fintech,554.0,Paid Search,2025-04-24,3,True,1,7,False,
L002283,"Washington, Vasquez and Singleton",,196.0,Outbound SDR,2024-03-27,2,False,1,2,False,
L002284,Martinez Inc,Fintech,45.0,Outbound SDR,2026-04-13,4,True,4,6,True,2026-06-14
L002285,Oneill and Sons,SaaS,1038.0,Outbound SDR,2023-10-24,2,True,3,8,True,2023-11-20
L002286,Brady LLC,Consulting,15.0,Outbound SDR,2023-12-31,5,False,0,0,True,2024-02-18
L002287,"Macdonald, Willis and Silva",Education,373.0,Paid Search,2025-07-26,4,True,0,6,True,2025-08-19
L002288,Fox PLC,Education,201.0,Referral,2024-02-19,6,False,1,2,True,2024-04-01
L002289,Butler Inc,Healthcare,197.0,Organic Search,2026-03-10,4,False,3,3,True,2026-03-17
L002290,Tate Ltd,Manufacturing,314.0,Paid Search,2023-08-16,1,True,2,1,False,
L002291,Clay Inc,Media,80.0,Outbound SDR,2025-05-06,2,True,2,3,False,
L002292,Maldonado-Becker,Healthcare,30.0,Referral,2024-03-26,4,False,4,3,True,2024-05-02
L002293,Brooks-Hickman,Consulting,20.0,Paid Search,2026-07-30,4,True,0,3,True,2026-08-09
L002294,Hood and Sons,Consulting,492.0,Event/Webinar,2024-04-15,3,True,1,2,True,2024-04-26
L002295,Miller Ltd,Logistics,24.0,Event/Webinar,2025-09-28,3,False,0,1,False,
L002296,"Castillo, Fuller and Adams",Retail,18.0,Event/Webinar,2025-08-27,1,False,0,5,False,
L002297,"Smith, Booker and Douglas",Media,41.0,Referral,2023-01-30,7,True,2,5,True,2023-03-25
L002298,Nguyen-Dennis,Retail,,Paid Search,2024-11-01,1,False,0,2,False,
L002299,"Meadows, Robles and Anderson",Logistics,9.0,Event/Webinar,2024-03-31,5,False,1,4,False,
L002300,Solis LLC,Consulting,13.0,Paid Search,2026-03-20,3,False,4,3,True,2026-03-20
L002301,Yates-Manning,Logistics,68.0,organic-search,2023-03-24,4,False,0,5,True,2023-05-23
L002302,"Crane, James and Ross",Real Estate,96.0,Organic Search,2025-05-21,2,False,1,2,True,2025-07-27
L002303,Allen Group,Logistics,71.0,Outbound SDR,2023-07-20,2,False,2,5,False,
L002304,Smith and Sons,Media,99.0,Outbound SDR,2024-05-07,3,False,1,3,True,2024-05-17
L002305,Price Group,Real Estate,47.0,organic-search,2025-04-12,3,False,2,2,True,2025-05-09
L002306,Holland-Best,,,Referral,2024-08-28,2,False,0,3,True,2024-09-27
L002307,Martinez Group,Fintech,114.0,Organic Search,2025-09-09,5,False,2,2,False,
L002308,Fitzgerald-Dorsey,Manufacturing,351.0,Paid Search,2025-07-29,5,False,3,1,False,
L002309,"Munoz, Howard and Davis",Consulting,11.0,Partner,2026-04-10,4,False,2,11,False,
L002310,Hunt-Burns,Software,,Outbound SDR,2025-08-07,3,True,0,5,True,2025-08-24
L002311,Alvarez-Hart,Logistics,558.0,Paid Search,2025-01-28,2,False,2,2,False,
L002312,Davis-Henderson,Media,27.0,Partner,2026-07-21,7,True,2,1,False,
L002313,Austin-Hamilton,SaaS,878.0,Partner,2023-05-25,5,False,4,2,True,2023-07-13
L002314,Davis-Palmer,Education,686.0,Event/Webinar,2023-03-08,2,False,4,5,False,
L002315,Rhodes-Holland,Manufacturing,109.0,Outbound SDR,2024-07-06,3,False,6,3,True,2024-10-03
L002316,"Moore, Simpson and Soto",Consulting,220.0,Event/Webinar,2026-03-24,4,True,3,2,False,
L002317,"Miller, Mcdonald and Miller",Retail,372.0,Partner,2023-06-15,3,True,3,1,True,2023-09-02
L002318,Evans-Joyce,Education,25.0,Partner,2023-04-23,3,True,1,3,False,
L002319,"Leach, Skinner and Mills",Real Estate,32.0,Partner,2025-01-15,3,False,0,1,False,
L002320,Carroll-Arnold,SaaS,170.0,Organic Search,2025-02-23,1,True,3,1,True,2025-04-10
L002321,Palmer PLC,Media,108.0,Event/Webinar,2023-03-25,2,True,1,2,False,
L002322,Gutierrez-Marshall,Education,8.0,Referral,2023-12-25,3,False,2,5,False,
L002323,"Carroll, King and Scott",Real Estate,35.0,Partner,2023-05-18,4,False,1,5,False,
L002324,Mack Inc,Real Estate,115.0,Partner,2024-02-24,1,True,0,3,True,2024-03-12
L002325,Yang Group,Education,36.0,Paid Search,2026-01-10,3,True,3,6,True,2026-01-24
L002326,Hartman Group,Media,71.0,Partner,2026-04-03,2,False,2,0,True,2026-07-01
L002327,Miller Ltd,Retail,2.0,Partner,2024-04-06,4,False,1,4,True,2024-05-17
L002328,Edwards-Ramsey,Education,113.0,Referral,2025-10-28,4,False,2,4,False,
L002329,"Cole, Morton and Peterson",,28.0,Referral,2023-04-22,2,False,2,4,False,
L002330,Clark Inc,Fintech,43.0,Referral,2024-12-08,3,False,1,1,False,
L002331,"Hendrix, Green and Nunez",Media,941.0,Outbound SDR,2025-10-23,4,False,3,2,False,
L002332,Ferguson-Smith,Real Estate,,Organic Search,2025-08-20,2,False,2,2,False,
L002333,Smith Ltd,Real Estate,447.0,Partner,2025-12-27,4,False,0,3,False,
L002334,Stevens-Sullivan,Manufacturing,69.0,Outbound SDR,2026-06-25,5,True,2,3,False,
L002335,"Church, Guzman and Tucker",Education,25.0,Partner,2023-05-15,1,False,1,4,False,
L002336,"Li, Jensen and Vazquez",Retail,,Outbound SDR,2023-06-28,2,False,1,1,False,
L002337,"Leonard, Ballard and Miller",Fintech,117.0,Outbound SDR,2024-01-02,3,False,1,2,True,2024-02-07
L002338,Smith Inc,Fintech,,Organic Search,2023-12-04,5,False,1,3,True,2024-01-08
L002339,Horton and Sons,Fintech,24.0,Partner,2023-10-31,4,False,3,5,True,2024-01-02
L002340,Clark Ltd,Healthcare,,Paid Search,2025-12-02,3,False,3,8,True,2026-02-20
L002341,Santos Group,,471.0,Referral,2025-05-03,4,False,1,1,False,
L002342,"Garrison, Ryan and Miller",Real Estate,141.0,Paid Search,2025-08-28,4,False,1,1,True,2025-10-11
L002343,Hernandez-Henderson,Logistics,333.0,Outbound SDR,2026-08-13,2,True,4,1,False,
L002344,Martin and Sons,,64.0,Referral,2024-01-23,3,True,3,3,True,2024-01-31
L002345,"Park, Maynard and Ruiz",SAAS,69.0,Paid Search,2025-11-30,3,True,1,1,False,
L002346,Richards-Harris,Education,95.0,Outbound SDR,2026-03-31,3,True,1,6,True,2026-05-13
L002347,"Gallegos, Myers and Cook",Education,80.0,Outbound SDR,2026-04-30,2,False,1,3,False,
L002348,Mccoy Ltd,Real Estate,801.0,Event/Webinar,2025-06-30,2,False,0,1,True,2025-08-27
L002349,Petty-Allison,Manufacturing,133.0,Event/Webinar,2023-09-28,3,False,0,3,False,
L002350,"Lane, Simon and Duarte",Manufacturing,,Paid Search,2024-06-16,5,False,2,4,False,
L002351,Freeman Group,Retail,866.0,Outbound SDR,2025-01-31,2,True,1,2,False,
L002352,"Garza, Carr and Gregory",Manufacturing,49.0,Organic Search,2023-10-31,2,False,1,7,False,
L002353,Hall-Brown,Education,1804.0,Referral,2025-07-22,5,False,3,4,False,
L002354,Henderson LLC,Healthcare,196.0,Event/Webinar,2023-11-26,1,False,3,8,True,2024-02-02
L002355,"Brown, Orozco and Butler",Manufacturing,2258.0,Paid Search,2023-12-26,3,False,1,5,True,2024-03-25
L002356,Wilson-Dean,Healthcare,114.0,Paid Search,2024-05-02,3,True,2,3,False,
L002357,"Reed, Terry and Smith",Fintech,53.0,Organic Search,2024-10-10,4,True,3,3,True,2024-12-22
L002358,Barber-Harrison,Healthcare,333.0,Outbound SDR,2024-06-17,3,False,3,4,False,
L002359,Hall-Robinson,Education,29.0,Paid Search,2024-02-25,3,False,0,6,True,2024-05-06
L002360,"Morgan, Guzman and Kirby",SaaS,88.0,Partner,2024-10-11,3,True,1,5,False,
L002361,"Mcdonald, Ware and Sharp",Education,14.0,Paid Search,2025-02-02,3,False,1,2,True,2025-03-31
L002362,Moyer-Whitaker,Real Estate,449.0,Paid Search,2025-12-28,2,True,0,6,True,2026-02-04
L002363,"Delgado, Ward and Kennedy",Fintech,71.0,Organic Search,2025-04-08,3,True,1,3,False,
L002364,Howell LLC,Media,19.0,Paid Search,2025-07-27,4,True,1,4,True,2025-09-05
L002365,"Curry, Estrada and Anderson",Health Care,422.0,Organic Search,2026-01-23,4,False,0,3,False,
L002366,Moore Group,Real Estate,258.0,Referral,2026-08-18,5,False,0,3,True,2026-08-29
L002367,Leon Group,Manufacturing,59.0,Outbound SDR,2024-08-16,4,False,2,4,True,2024-10-28
L002368,Young-Hawkins,Healthcare,170.0,Event/Webinar,2025-06-24,1,False,0,1,False,
L002369,Howard LLC,,37.0,Partner,2023-08-19,4,False,0,2,False,
L002370,Rhodes-Thompson,Media,39.0,Organic Search,2023-10-13,3,False,2,2,True,2024-01-07
L002371,"Johnson, Brown and Jordan",Real Estate,101.0,Organic Search,2024-09-22,5,True,2,2,False,
L002372,"Perez, Hoffman and Tucker",,,Outbound SDR,2026-06-18,3,True,3,2,True,2026-07-16
L002373,Glover-Hammond,Media,443.0,Referral,2023-07-09,3,True,1,4,True,2023-08-19
L002374,"Adams, Hernandez and Vaughn",saas ,169.0,Event/Webinar,2026-08-06,4,False,1,3,False,
L002375,"Munoz, Garcia and Williams",Retail,338.0,Event/Webinar,2025-12-14,2,False,0,7,False,
L002376,Lloyd-Estes,Retail,143.0,Referral,2024-02-05,3,True,5,1,False,
L002377,Villegas PLC,saas ,28.0,Organic search,2026-01-07,1,True,4,3,False,
L002378,"Casey, Meza and Colon",Media,24.0,Partner,2023-06-28,2,True,3,0,True,2023-09-01
L002379,Romero and Sons,Logistics,136.0,Paid Search,2025-10-01,4,False,2,2,False,
L002380,"Wilson, Harris and Ward",Education,37.0,Event/Webinar,2026-05-24,2,True,1,3,False,
L002381,"Carter, Alexander and Hunter",Real Estate,159.0,Organic Search,2025-01-09,2,False,1,2,False,
L002382,"Harrell, Moore and Cox",Logistics,96.0,Paid Search,2025-05-25,3,True,2,4,False,
L002383,Martinez and Sons,Education,60.0,Outbound SDR,2025-02-02,2,True,0,2,True,2025-02-03
L002384,Montes-Hammond,Manufacturing,140.0,Referral,2024-12-20,2,False,3,4,False,
L002385,Sanchez Group,Manufacturing,14.0,Outbound SDR,2026-02-22,3,False,0,6,True,2026-03-05
L002386,Mitchell-Jackson,Retail,95.0,Partner,2025-06-28,5,False,1,5,False,
L002387,Watson-Fischer,Logistics,,Outbound SDR,2024-08-14,6,False,1,4,False,
L002388,Soto-Sanchez,,56.0,Partner,2025-05-18,3,True,1,1,True,2025-07-10
L002389,"Fisher, Perez and Pham",,,Event/Webinar,2026-05-09,2,True,0,5,True,2026-05-20
L002390,Hardin-Villanueva,Healthcare,44.0,Paid Search,2024-09-13,3,False,0,0,True,2024-11-12
L002391,"Norton, Cox and Johnson",Real Estate,73.0,Referral,2023-05-16,4,True,0,2,True,2023-07-30
L002392,Carrillo Ltd,Logistics,224.0,Organic Search,2023-01-14,1,False,0,6,False,
L002393,"Acevedo, Miller and Edwards",Logistics,17.0,Partner,2024-07-13,2,False,1,3,False,
L002394,Hamilton Group,Logistics,41.0,Paid Search,2026-02-12,4,False,2,4,False,
L002395,Keller Ltd,Media,4.0,Partner,2026-03-09,2,True,1,3,False,
L002396,Orr Inc,Healthcare,31.0,Paid Search,2024-01-16,3,False,2,6,False,
L002397,"Whitney, Lloyd and Liu",Logistics,343.0,Referral,2026-02-08,2,False,0,4,False,
L002398,Barnes-Blackwell,Media,156.0,Organic Search,2024-09-10,2,False,1,3,False,
L002399,"Spencer, Torres and Newton",Consulting,21.0,Referral,2025-10-08,2,False,1,6,False,
L002400,Smith-Ramirez,Real Estate,312.0,Partner,2025-08-07,2,False,1,4,False,
L002401,"Bishop, Thomas and Powell",Retail,34.0,organic-search,2023-01-06,2,False,2,0,False,
L002402,"Harris, Stephens and Kramer",Health Care,150.0,Referral,2024-09-06,5,False,0,3,False,
L002403,"Ramos, Reed and Cain",Media,167.0,Organic Search ,2026-09-01,4,False,0,4,False,
L002404,"Sullivan, Gonzalez and Turner",Manufacturing,169.0,Outbound SDR,2024-01-03,5,False,1,3,False,
L002405,Medina Group,Media,,Partner,2026-08-13,4,True,1,4,True,2026-08-20
L002406,"Higgins, Hobbs and Meyer",SaaS,168.0,Organic Search,2024-07-21,5,False,1,3,False,
L002407,"Campbell, Davis and Arnold",Media,20.0,Organic Search,2026-05-11,6,False,3,2,False,
L002408,"Peterson, Reid and Johnson",Education,596.0,Event/Webinar,2025-09-11,1,False,0,2,True,2025-11-22
L002409,"Vargas, Allen and Schroeder",Logistics,107.0,Referral,2026-07-10,5,True,0,3,False,
L002410,"Henderson, Wagner and Dennis",Media,75.0,Partner,2023-09-02,3,True,1,3,False,
L002411,Green-Romero,,,Event/Webinar,2026-03-24,3,False,1,2,False,
L002412,Williams Ltd,SaaS,231.0,Referral,2023-11-30,3,True,0,1,False,
L002413,West PLC,Consulting,142.0,Organic Search,2023-10-27,2,False,1,4,True,2023-12-06
L002414,"Smith, Morgan and Young",Media,35.0,Partner,2023-10-05,2,False,2,2,True,2023-11-19
L002415,"Zhang, Cunningham and Kline",Healthcare,15.0,Organic Search,2024-07-12,4,False,5,1,True,2024-08-27
L002416,"Wade, Richard and Hall",Logistics,1122.0,Partner,2024-12-30,4,True,2,1,True,2025-01-05
L002417,Mitchell-Glover,Manufacturing,11.0,Referral,2025-12-20,3,True,0,3,False,
L002418,"Armstrong, Taylor and Gray",Fintech,24.0,Event/Webinar,2024-02-01,1,False,5,2,False,
L002419,"Wright, Murphy and Aguilar",Healthcare,21.0,Organic Search,2026-05-11,3,False,1,3,True,2026-06-01
L002420,Gibson-Thomas,Real Estate,480.0,Referral,2024-10-09,5,False,2,1,True,2025-01-04
L002421,Poole-Miller,Manufacturing,,Referral,2025-01-12,3,False,0,6,False,
L002422,Coleman and Sons,Fintech,130.0,Event/Webinar,2026-04-02,4,False,3,0,False,
L002423,Lewis-Miller,Education,162.0,Paid Search,2023-01-27,4,False,0,7,False,
L002424,"Fox, Chapman and Stone",Healthcare,74.0,Event/Webinar,2024-07-30,2,False,2,4,False,
L002425,Wiggins-Silva,Education,31.0,Outbound SDR,2025-04-23,3,False,2,2,False,
L002426,"Henderson, Alexander and Galvan",Education,52.0,Paid Search,2023-07-29,5,True,1,2,True,2023-08-25
L002427,Dennis-Butler,Healthcare,67.0,Event/Webinar,2024-03-28,1,False,2,5,False,
L002428,Thomas and Sons,Retail,23.0,Event/Webinar,2026-06-10,6,False,3,4,False,
L002429,Dawson-Anderson,,248.0,Event/Webinar,2026-02-02,1,False,5,2,False,
L002430,"Palmer, Rice and Benson",Fintech,60.0,Outbound SDR,2025-08-01,4,False,1,2,False,
L002431,Kennedy-Francis,Fintech,,Organic Search,2023-09-26,7,False,0,8,False,
L002432,"Wood, Crane and Guzman",SaaS,41.0,Outbound SDR,2024-12-14,3,False,3,6,False,
L002433,Rodriguez-Wood,Manufacturing,88.0,Partner,2025-01-12,4,False,1,2,False,
L002434,Williams-Hernandez,Healthcare,18.0,Outbound SDR,2026-05-08,4,False,3,3,False,
L002435,Torres-Brooks,Real Estate,106.0,Referral,2023-12-19,4,False,1,4,False,
L002436,Tucker-Moody,Manufacturing,154.0,Organic Search,2023-08-31,3,False,1,3,True,2023-09-28
L002437,Bowers Group,Healthcare,78.0,Partner,2023-10-19,3,True,0,1,True,2024-01-15
L002438,Zuniga LLC,Retail,520.0,Referral,2023-09-14,2,False,3,2,True,2023-10-10
L002439,Lewis-Fuentes,Healthcare,1956.0,Organic Search,2025-05-20,2,False,4,2,False,
L002440,Smith-Kelley,Fintech,25.0,Organic Search,2023-02-08,2,False,0,3,False,
L002441,Harrell Group,,,Outbound SDR,2023-03-29,3,False,2,3,False,
L002442,Berry-Knight,Retail,246.0,Organic Search,2023-03-09,2,False,2,4,True,2023-06-01
L002443,Harrington-Alvarez,Real Estate,53.0,Event/Webinar,2023-05-02,5,True,4,3,True,2023-07-01
L002444,"Bass, Anderson and Taylor",Fintech,45.0,Referral,2023-03-30,5,False,1,3,False,
L002445,"Murray, Cole and Cole",Fintech,,Referral,2023-01-22,3,False,0,5,False,
L002446,"Nguyen, Marsh and Beck",financial tech,24.0,Organic Search,2026-05-17,3,True,0,2,True,2026-06-12
L002447,Hughes-Mccullough,Consulting,13.0,Paid Search,2024-01-14,3,False,2,0,False,
L002448,Weaver-Rubio,Education,181.0,Organic Search,2023-07-05,3,False,2,2,False,
L002449,Fitzgerald-Brewer,Healthcare,47.0,Partner,2024-07-22,5,False,2,1,False,
L002450,Mann PLC,Consulting,52.0,Referral,2024-12-22,3,True,1,1,True,2025-01-11
L002451,"Hogan, Zimmerman and Hoffman",Real Estate,74.0,Partner,2026-06-09,2,False,2,7,False,
L002452,Schneider Inc,Retail,73.0,Event/Webinar,2026-03-13,3,True,3,4,True,2026-03-21
L002453,Friedman PLC,FinTech,114.0,Event/Webinar,2023-01-29,2,False,1,5,True,2023-04-06
L002454,"Todd, Bernard and Boyd",,47.0,Partner,2024-01-28,4,True,2,2,True,2024-03-04
L002455,Shaw-Smith,healthcare,23.0,Event/Webinar,2023-01-09,1,True,1,3,True,2023-01-21
L002456,"Mayer, White and Smith",Retail,69.0,Event/Webinar,2025-08-30,5,False,1,2,False,
L002457,Sanchez Ltd,Education,70.0,Partner,2026-04-22,2,False,1,3,False,
L002458,"Wallace, Roman and Lawson",Health Care,23.0,Outbound SDR,2023-08-08,3,False,2,3,False,
L002459,Chapman-Henry,Healthcare,91.0,Referral,2025-02-16,4,False,2,7,False,
L002460,Morgan and Sons,Logistics,27.0,Paid Search,2025-11-19,1,False,3,2,False,
L002461,Johnson-Rice,Retail,161.0,Outbound SDR,2023-08-20,4,False,1,4,True,2023-09-29
L002462,Scott-Wilson,Fintech,,Outbound SDR,2023-08-14,3,False,0,2,False,
L002463,Weaver LLC,Real Estate,41.0,Paid Search,2025-10-12,1,True,4,1,False,
L002464,White Inc,Education,551.0,Partner,2024-08-13,7,False,3,3,True,2024-10-23
L002465,Parker Group,Software,159.0,Organic Search,2024-11-02,3,False,1,2,True,2025-01-04
L002466,"Jackson, Mendez and Nguyen",Fintech,30.0,Outbound SDR,2024-08-03,2,False,2,2,False,
L002467,Reeves LLC,Media,20.0,Event/Webinar,2024-09-30,2,False,5,2,False,
L002468,Garcia-Thomas,Media,100.0,Paid Search,2026-02-08,2,False,4,3,False,
L002469,Scott-David,Logistics,55.0,Referral,2025-05-26,2,False,1,1,False,
L002470,Williams and Sons,Retail,348.0,Organic Search,2025-09-01,7,False,0,2,False,
L002471,"Willis, Vasquez and Goodwin",Education,,Paid Search,2023-01-27,3,False,2,5,False,
L002472,Avery-Adams,Media,88.0,Partner,2023-08-04,1,False,2,0,False,
L002473,Marshall-Russell,,261.0,Outbound SDR,2025-12-06,3,False,5,3,True,2026-02-28
L002474,Johnson-Schultz,Fintech,33.0,Organic Search,2023-10-21,2,False,2,2,False,
L002475,Adams PLC,Logistics,39.0,Outbound SDR,2026-04-24,3,False,1,1,True,2026-05-07
L002476,"Garcia, Hines and Pearson",Healthcare,93.0,Organic Search,2025-01-14,3,False,0,1,True,2025-02-08
L002477,Torres Group,Education,37.0,Paid Search,2026-05-03,1,True,1,1,True,2026-06-23
L002478,Miller-Fields,Fintech,155.0,Paid Search,2025-05-19,2,False,2,3,False,
L002479,Patton and Sons,Media,,Referral,2026-04-06,3,False,3,3,False,
L002480,Fernandez-Jackson,Consulting,19.0,Referral,2026-08-11,6,False,1,4,False,
L002481,Medina Group,Logistics,69.0,Referral,2025-09-01,4,False,2,4,True,2025-11-25
L002482,"Hayes, Smith and Marshall",Consulting,97.0,Outbound SDR,2025-09-19,6,False,0,0,True,2025-11-23
L002483,"Roberts, Stanton and Smith",Manufacturing,15.0,Paid Search,2025-07-20,2,True,1,2,False,
L002484,Nelson-King,Fintech,145.0,Organic Search,2024-05-28,3,True,2,2,True,2024-07-29
L002485,"James, Bell and Chen",Media,919.0,Paid Search,2026-07-10,1,False,0,3,True,2026-07-18
L002486,"Pittman, Campbell and Martin",SaaS,23.0,Organic Search,2023-04-19,5,False,0,4,True,2023-04-27
L002487,"Hart, Turner and Foster",Media,85.0,Partner,2023-02-24,3,True,1,6,True,2023-03-18
L002488,Rivas Ltd,Logistics,111.0,Event/Webinar,2024-10-31,1,False,4,2,False,
L002489,"Lutz, Johns and Clark",healthcare,154.0,Referral,2026-06-27,5,False,2,4,False,
L002490,"Bernard, Flores and Fleming",Consulting,72.0,Organic Search,2023-06-06,3,False,1,2,False,
L002491,Reid-Petty,Real Estate,,Outbound SDR,2025-08-12,1,False,0,8,True,2025-09-06
L002492,"Chavez, Sanchez and Bird",,10.0,Partner,2025-10-16,4,False,2,7,True,2025-12-17
L002493,Clark-Haley,Real Estate,121.0,Referral,2026-01-15,5,True,4,2,True,2026-02-27
L002494,Smith-Holt,Real Estate,42.0,Event/Webinar,2023-02-06,5,False,2,6,False,
L002495,"Nielsen, Lynch and Smith",SaaS,22.0,Outbound SDR,2023-09-01,3,False,0,4,True,2023-10-20
L002496,Chambers Group,Media,26.0,Referral,2025-02-09,4,False,8,5,True,2025-04-06
L002497,"Woodard, Warner and Farmer",Media,215.0,organic-search,2023-03-09,2,False,0,3,False,
L002498,"Miller, Mcdowell and Curtis",Healthcare,24.0,Event/Webinar,2024-09-12,2,False,4,2,False,
L002499,"Johnson, Collier and Powers",Healthcare,23.0,Outbound SDR,2025-06-01,2,False,1,2,False,
L002500,"Martinez, Stanton and Bennett",Healthcare,221.0,Referral,2025-03-07,3,False,2,4,True,2025-05-08
L002501,"Howard, Thompson and Tate",financial tech,408.0,Event/Webinar,2025-10-01,1,True,1,5,True,2025-12-24
L002502,"Terrell, Martinez and Wood",Real Estate,37.0,Partner,2026-01-09,1,False,3,2,True,2026-03-23
L002503,Wallace and Sons,Media,243.0,Outbound SDR,2026-02-25,4,True,2,4,False,
L002504,"Smith, Campbell and Morse",,37.0,Event/Webinar,2023-04-25,1,False,1,4,False,
L002505,Lee-Velasquez,Logistics,,Referral,2025-10-10,3,False,3,1,True,2025-12-24
L002506,"Turner, Robbins and Young",Logistics,13.0,Event/Webinar,2024-12-23,6,True,0,3,False,
L002507,Coffey-Johnson,Manufacturing,,Referral,2023-05-06,2,False,2,5,False,
L002508,Conway-Mann,saas ,,Event/Webinar,2023-04-03,3,False,1,1,False,
L002509,Smith Ltd,Healthcare,109.0,Referral,2024-12-15,3,False,2,6,False,
L002510,Rodriguez-Ramirez,Consulting,2483.0,Organic Search,2026-07-04,7,False,2,2,True,2026-07-25
L002511,"Snyder, Arnold and Keller",Logistics,278.0,Organic Search,2025-05-26,3,False,0,4,False,
L002512,"Chambers, Morrison and Thompson",Education,313.0,Referral,2025-04-23,4,True,1,6,False,
L002513,"Anderson, Brown and Green",Education,71.0,Organic Search,2024-05-15,3,False,0,3,False,
L002514,"Foley, Ibarra and Daniel",Retail,,Paid Search,2026-08-20,5,False,4,2,True,2026-08-24
L002515,Lee-Gregory,Consulting,581.0,Organic Search,2023-05-15,2,False,1,4,False,
L002516,"Byrd, Mendez and Becker",Manufacturing,2931.0,Organic Search,2024-11-22,2,True,0,0,False,
L002517,Smith-Simmons,Health Care,20.0,Organic Search,2026-01-07,2,False,2,1,False,
L002518,"Hahn, Williams and Mcmillan",Education,196.0,Organic search,2025-08-01,3,True,1,1,False,
L002519,Richard-Russell,Logistics,113.0,Event/Webinar,2025-11-20,5,True,0,1,False,
L002520,Frazier Group,Logistics,53.0,Referral,2023-02-11,6,False,0,6,True,2023-05-11
L002521,Ward-Blake,Media,,Event/Webinar,2023-02-15,1,False,1,2,True,2023-03-27
L002522,"Walker, Ramirez and Fisher",Logistics,463.0,Event/Webinar,2025-03-10,3,True,3,1,False,
L002523,Stewart-Myers,Education,181.0,Event/Webinar,2023-07-20,3,False,0,1,True,2023-09-20
L002524,Miller-Armstrong,Fintech,280.0,Partner,2024-02-26,2,True,0,5,True,2024-04-09
L002525,Mooney and Sons,Media,90.0,Event/Webinar,2024-11-26,5,True,0,5,True,2024-12-17
L002526,"Coleman, Jones and Wright",Consulting,,Referral,2025-01-14,7,True,2,6,True,2025-03-10
L002527,Murphy Inc,Retail,41.0,Outbound SDR,2026-07-25,4,False,0,2,False,
L002528,"Garrett, Johnson and Reynolds",Fintech,111.0,Event/Webinar,2024-03-14,2,False,2,2,False,
L002529,Watkins Ltd,,171.0,Referral,2023-04-08,6,False,1,4,False,
L002530,Pittman-Wright,Manufacturing,,Event/Webinar,2025-04-03,5,False,2,4,False,
L002531,Allen-Peterson,Retail,32.0,Event/Webinar,2023-07-08,3,False,1,5,False,
L002532,Underwood PLC,Consulting,586.0,Organic Search,2026-04-27,2,True,1,3,True,2026-06-09
L002533,Harding PLC,Manufacturing,194.0,Organic Search,2026-03-06,4,True,1,2,False,
L002534,"Gonzales, Davis and Griffin",Real Estate,224.0,Outbound SDR,2025-05-24,3,False,0,2,True,2025-06-19
L002535,Miller Inc,Education,264.0,Organic Search,2026-08-27,1,True,0,0,False,
L002536,Bennett Ltd,Manufacturing,736.0,Event/Webinar,2024-09-06,5,False,1,3,False,
L002537,Patton Inc,Logistics,20.0,Partner,2026-01-10,3,False,0,3,True,2026-02-19
L002538,Brown-Bishop,Retail,46.0,Outbound SDR,2025-04-03,2,False,1,4,False,
L002539,Jones-Byrd,Manufacturing,1345.0,Event/Webinar,2025-11-21,3,True,2,0,False,
L002540,"Williams, Horn and Morales",Media,72.0,Partner,2026-01-26,5,True,1,4,True,2026-02-18
L002541,"Walton, Hall and Greene",,42.0,Partner,2025-11-23,7,True,1,3,False,
L002542,"Hanson, Chavez and Marshall",Healthcare,245.0,Event/Webinar,2025-10-19,1,False,3,1,False,
L002543,Hobbs-Harvey,Retail,49.0,Partner,2025-08-15,2,True,3,1,True,2025-09-18
L002544,Curtis-Lowe,Real Estate,91.0,Event/Webinar,2025-06-07,1,True,1,4,False,
L002545,Gibson LLC,Consulting,30.0,Partner,2026-07-07,2,True,1,5,True,2026-07-10
L002546,"Lee, Garcia and Larson",,42.0,Paid Search,2025-01-16,2,False,2,3,False,
L002547,Watkins and Sons,,56.0,Paid Search,2024-05-07,3,False,1,6,True,2024-05-26
L002548,"Martinez, Hicks and Kelly",Manufacturing,24.0,Outbound SDR,2025-04-20,1,True,2,4,False,
L002549,Hardy-Wallace,Education,30.0,Organic Search,2026-07-22,4,True,4,2,True,2026-08-04
L002550,Taylor Inc,Logistics,13.0,Referral,2024-08-10,4,True,0,3,False,
L002551,Anderson PLC,Healthcare,17.0,Referral,2026-05-16,4,True,1,1,False,
L002552,Palmer-Pearson,Retail,20.0,Outbound SDR,2024-05-03,4,False,1,5,False,
L002553,Collins-Mcclure,Fintech,91.0,Paid Search,2024-01-29,2,False,2,5,False,
L002554,Hernandez LLC,SaaS,8.0,Paid Search,2024-09-27,2,False,2,4,False,
L002555,"Cooper, Wood and Smith",Media,258.0,Outbound SDR,2026-02-20,1,False,0,3,False,
L002556,"Sandoval, Thomas and Young",Logistics,260.0,Outbound SDR,2026-08-17,1,False,1,1,False,
L002557,"Trevino, Henderson and Gonzalez",SaaS,,Paid Search,2023-11-23,2,True,2,2,False,
L002558,Davidson and Sons,Manufacturing,59.0,Paid Search,2023-03-01,5,False,2,2,True,2023-04-03
L002559,Peterson Ltd,Manufacturing,74.0,Partner,2026-02-01,2,True,3,3,False,
L002560,Neal-Holden,,9.0,Partner,2023-03-28,1,False,0,5,True,2023-05-29
L002561,"Schwartz, Christian and Knight",SaaS,121.0,Organic Search,2023-06-21,8,True,0,4,False,
L002562,Jensen-Barnes,Education,28.0,Event/Webinar,2024-09-02,6,False,1,5,False,
L002563,Garcia Inc,Fintech,107.0,Outbound SDR,2025-01-14,1,False,0,2,False,
L002564,Robinson-Smith,Fintech,14.0,Outbound SDR,2023-10-15,2,False,0,0,False,
L002565,Steele Group,Retail,35.0,Organic Search,2026-03-15,4,True,0,2,True,2026-05-18
L002566,"Lewis, Castillo and Tate",Fintech,44.0,Event/Webinar,2026-04-03,3,False,2,0,False,
L002567,Aguirre-Bennett,Real Estate,,Referral,2025-10-13,5,True,1,3,False,
L002568,Lopez-Fritz,Fintech,160.0,Paid Search,2026-05-13,1,True,3,1,True,2026-05-28
L002569,Smith-Howard,Education,272.0,Referral,2026-04-11,3,True,0,6,True,2026-05-30
L002570,"Wilson, Roberts and Lee",Retail,134.0,Outbound SDR,2024-03-22,6,False,1,5,True,2024-04-09
L002571,"Durham, Ward and Hester",,105.0,Paid Search,2024-03-14,4,False,2,5,True,2024-04-18
L002572,Gonzalez and Sons,Media,,Outbound SDR,2024-06-04,3,False,1,3,False,
L002573,Mcclure Ltd,Consulting,,Organic Search,2025-10-01,3,False,2,1,False,
L002574,Morgan PLC,Real Estate,75.0,Referral,2023-08-20,6,False,3,5,False,
L002575,White Inc,Education,78.0,Event/Webinar,2025-05-17,3,False,0,4,False,
L002576,Cameron Inc,Media,12.0,Partner,2024-05-19,4,True,1,0,True,2024-06-23
L002577,Decker and Sons,Health Care,92.0,Referral,2025-08-31,3,True,0,4,True,2025-10-17
L002578,Pena-Dyer,Manufacturing,108.0,Organic Search,2026-08-14,3,False,1,5,False,
L002579,Boyle-Torres,Consulting,317.0,Organic Search,2023-04-22,3,True,4,2,False,
L002580,Wood LLC,Retail,50.0,Referral,2026-02-05,3,False,3,3,True,2026-03-26
L002581,"Jackson, Rose and Lloyd",Manufacturing,69.0,Partner,2025-01-13,3,False,0,4,False,
L002582,"Keith, Johns and Jones",financial tech,15.0,Event/Webinar,2024-04-29,5,False,1,2,False,
L002583,Andrade and Sons,Media,,Outbound SDR,2023-01-17,3,False,2,8,False,
L002584,Lee Group,Logistics,375.0,Referral,2024-09-08,2,True,1,3,False,
L002585,"Brooks, Greene and Rowland",Fintech,156.0,Paid Search,2024-09-01,2,False,0,2,False,
L002586,Mccall PLC,,113.0,Paid Search,2025-06-17,3,False,3,5,False,
L002587,"Lopez, Nichols and Clarke",Education,101.0,Partner,2025-04-12,3,False,1,6,False,
L002588,Wright-Soto,SaaS,174.0,Referral,2023-06-14,7,False,2,4,True,2023-08-15
L002589,Salas-York,Media,146.0,Partner,2025-04-25,4,False,2,1,False,
L002590,"Blackwell, Clark and Miller",Education,,Partner,2025-05-15,1,True,3,3,True,2025-05-27
L002591,Gibbs-Mendez,Health Care,81.0,Partner,2024-06-18,4,True,2,3,True,2024-08-21
L002592,Romero Ltd,Fintech,56.0,Referral,2025-05-11,6,True,1,4,False,
L002593,"Brooks, Stone and White",Consulting,,Partner,2026-01-26,1,False,3,3,False,
L002594,"Brooks, Neal and Baldwin",Education,16.0,Outbound SDR,2023-02-26,3,True,1,2,True,2023-03-04
L002595,Wells-Perkins,Healthcare,16.0,Partner,2025-06-27,3,False,1,2,False,
L002596,"Morse, Silva and Johnson",healthcare,632.0,Organic Search,2025-03-31,2,False,2,1,False,
L002597,Jacobson Group,Retail,285.0,Partner,2024-09-17,3,False,0,2,True,2024-10-27
L002598,Foster LLC,Consulting,126.0,Organic Search,2023-08-15,2,False,1,5,False,
L002599,Oneal-Duncan,Healthcare,53.0,Paid Search,2025-11-23,1,True,1,3,False,
L002600,Scott-Miller,Healthcare,18.0,Event/Webinar,2025-04-20,2,False,1,1,False,
L002601,Phillips PLC,Education,28.0,Outbound SDR,2025-09-06,2,False,1,7,True,2025-09-23
L002602,Hall-Williams,Manufacturing,20.0,Paid Search,2026-04-29,5,False,2,4,False,
L002603,"Oliver, Simmons and Mcdonald",Education,3.0,Referral,2024-02-11,2,True,0,2,True,2024-02-21
L002604,Richardson-Jimenez,,228.0,Referral,2024-01-08,3,False,1,4,False,
L002605,Reyes-White,Logistics,152.0,Outbound SDR,2026-03-14,3,False,2,4,False,
L002606,Baker Inc,,10.0,Organic search,2023-02-17,4,False,0,1,False,
L002607,Valenzuela-Phillips,Real Estate,89.0,Partner,2026-06-07,3,False,2,3,False,
L002608,"Hunt, Schneider and Hartman",Retail,14.0,Organic Search,2025-08-05,2,True,2,1,True,2025-08-30
L002609,Garcia Inc,Manufacturing,607.0,Partner,2023-12-12,3,True,0,3,False,
L002610,Johnson-Gonzalez,SaaS,150.0,Outbound SDR,2026-06-19,2,False,1,4,True,2026-08-12
L002611,Leonard LLC,Consulting,29.0,Referral,2023-11-02,3,False,0,1,False,
L002612,Mcgee-Mack,financial tech,113.0,Referral,2023-12-15,3,False,1,3,False,
L002613,Lee-Munoz,Consulting,84.0,Organic Search,2023-01-29,4,False,0,3,False,
L002614,Murillo Ltd,Real Estate,313.0,Outbound SDR,2025-07-18,2,False,2,4,False,
L002615,"Daniels, Green and Carrillo",Media,,organic-search,2024-04-04,3,False,2,4,True,2024-04-30
L002616,Short-Logan,Retail,28.0,Referral,2024-08-12,4,False,3,7,True,2024-10-14
L002617,Bautista-Underwood,Logistics,90.0,Paid Search,2025-06-02,1,False,3,3,True,2025-06-28
L002618,"Smith, Valdez and Hays",Consulting,225.0,Paid Search,2024-08-02,3,False,0,3,False,
L002619,Grimes and Sons,Retail,33.0,Outbound SDR,2024-01-05,1,False,2,2,True,2024-02-26
L002620,Cummings and Sons,Healthcare,119.0,Organic Search,2024-08-17,4,False,2,1,False,
L002621,Hall-Matthews,Manufacturing,61.0,Paid Search,2026-06-19,3,True,1,3,False,
L002622,"Todd, Sharp and Murray",Media,58.0,Paid Search,2025-01-27,5,False,1,2,False,
L002623,Edwards and Sons,Consulting,413.0,Partner,2026-08-18,3,False,2,1,False,
L002624,Carrillo-Wolfe,Media,68.0,Organic Search,2023-01-22,2,False,1,4,True,2023-03-23
L002625,Gonzales PLC,Healthcare,,Referral,2025-03-25,3,True,1,1,True,2025-06-20
L002626,Brooks PLC,Retail,68.0,Partner,2025-02-24,2,True,2,5,False,
L002627,Torres Ltd,,,Partner,2026-05-08,2,False,1,1,False,
L002628,Porter Ltd,Manufacturing,99.0,Organic Search,2023-07-15,2,True,1,4,True,2023-09-24
L002629,Morgan-Barnes,SaaS,120.0,Organic Search,2024-11-12,2,False,1,4,False,
L002630,"Goodwin, Farmer and Vaughn",Retail,77.0,Outbound SDR,2024-12-26,2,False,0,1,True,2025-03-13
L002631,Nguyen-Johnson,Consulting,270.0,Partner,2023-04-04,1,False,1,3,True,2023-04-04
L002632,Weeks and Sons,Manufacturing,204.0,Event/Webinar,2026-06-23,3,False,0,0,False,
L002633,Carroll-Lloyd,Logistics,67.0,Referral,2025-03-19,7,True,2,2,True,2025-06-12
L002634,"Berry, Myers and James",Education,33.0,Paid Search,2026-02-19,3,False,2,1,True,2026-02-24
L002635,Brown-Hughes,Consulting,13.0,Paid Search,2024-06-17,3,True,3,3,False,
L002636,Rodriguez-Hudson,Healthcare,,Event/Webinar,2025-10-06,1,False,3,3,False,
L002637,Fowler-Torres,Education,97.0,Outbound SDR,2023-09-28,3,False,3,3,True,2023-10-09
L002638,Garcia PLC,Education,93.0,Partner,2025-12-22,4,False,3,5,False,
L002639,Johnson Ltd,Logistics,,Paid Search,2024-06-17,2,False,0,1,False,
L002640,"Burns, Lopez and Jones",Fintech,33.0,Referral,2023-04-01,7,True,2,4,True,2023-04-17
L002641,Campbell-Hall,Media,145.0,Referral,2025-01-08,6,False,4,0,True,2025-03-04
L002642,"Warren, Gibson and Wood",Manufacturing,75.0,Referral,2026-06-09,3,False,1,4,True,2026-07-12
L002643,Jackson Group,Real Estate,40.0,Referral,2025-06-11,2,True,1,2,False,
L002644,Moore-Rodriguez,Healthcare,402.0,Referral,2025-10-03,5,True,1,4,True,2025-10-22
L002645,"Barnes, Paul and Price",Real Estate,38.0,Partner,2026-07-27,3,False,0,2,False,
L002646,Anderson and Sons,Media,58.0,Organic Search,2024-01-22,5,False,4,2,False,
L002647,Reynolds-Mckinney,Healthcare,120.0,Organic Search ,2024-04-15,7,False,4,1,True,2024-05-08
L002648,Moore-Andrews,SaaS,56.0,Outbound SDR,2024-06-16,4,False,0,4,False,
L002649,Matthews-Shaw,Healthcare,192.0,Partner,2025-08-14,2,True,0,1,True,2025-10-08
L002650,"Stevens, Harris and Ritter",Fintech,34.0,Outbound SDR,2023-03-25,4,False,2,2,True,2023-05-20
L002651,Brown-Ross,Education,45.0,Partner,2026-02-22,4,True,2,2,True,2026-04-25
L002652,Fox PLC,Media,482.0,Outbound SDR,2023-08-19,4,False,3,3,False,
L002653,Stevens-Johnston,Health Care,1655.0,Organic Search,2024-12-16,3,False,2,6,False,
L002654,"Davis, Lucas and Ellison",Fintech,10.0,Paid Search,2024-08-04,3,True,0,3,True,2024-08-27
L002655,Graves-Dawson,Healthcare,108.0,Partner,2025-11-07,3,True,4,4,True,2025-12-11
L002656,Myers-Colon,Consulting,,Partner,2026-04-14,3,False,0,2,False,
L002657,Perry and Sons,Retail,63.0,Event/Webinar,2023-01-09,4,True,2,4,False,
L002658,"Quinn, Ellis and Bartlett",Real Estate,72.0,Event/Webinar,2024-01-05,4,False,0,3,False,
L002659,Hale Inc,Logistics,331.0,Organic Search,2024-05-19,5,False,2,4,False,
L002660,Hale-Williams,Media,35.0,Partner,2023-07-13,3,False,4,3,True,2023-08-24
L002661,Hill Ltd,SaaS,2.0,Referral,2023-09-07,4,True,1,1,False,
L002662,"Carter, Hendricks and Wolfe",Logistics,18.0,Referral,2026-04-24,3,False,3,6,False,
L002663,"Barrera, Kerr and Jenkins",FinTech,252.0,Referral,2023-11-11,4,False,2,3,True,2023-11-14
L002664,"Martinez, Wood and Campos",Fintech,480.0,Outbound SDR,2025-09-09,4,False,1,2,False,
L002665,"Miranda, Nguyen and Hayes",Media,209.0,Partner,2024-07-05,5,False,0,5,True,2024-09-19
L002666,Clark-Williams,SaaS,65.0,Referral,2023-03-31,4,False,0,7,False,
L002667,Jones Ltd,Consulting,,Outbound SDR,2024-10-27,4,True,1,2,False,
L002668,"Brady, James and Reese",Consulting,29.0,Paid Search,2024-03-08,6,False,1,2,False,
L002669,Sanders Inc,saas ,1075.0,Partner,2024-08-02,3,False,1,2,False,
L002670,Wilson-Stark,Education,93.0,Organic Search,2023-05-25,3,False,1,2,False,
L002671,Santiago-Marshall,Real Estate,30.0,Event/Webinar,2025-02-20,5,True,3,4,False,
L002672,Jones-Kelley,Fintech,13.0,Outbound SDR,2024-06-06,1,False,1,1,False,
L002673,Reeves Group,Healthcare,13.0,Paid Search,2025-03-27,4,True,0,4,True,2025-04-07
L002674,Ruiz LLC,SaaS,105.0,Paid Search,2023-11-30,6,False,3,2,False,
L002675,Jackson Inc,Logistics,,Outbound SDR,2024-08-06,7,False,2,6,True,2024-10-27
L002676,"Garcia, Phillips and Nichols",Healthcare,107.0,Organic Search,2024-09-03,2,False,1,4,False,
L002677,Jackson-Powers,,33.0,Outbound SDR,2024-09-27,3,False,4,1,False,
L002678,Byrd and Sons,Consulting,,Paid Search,2025-01-05,2,False,1,1,False,
L002679,Howard-Robinson,Fintech,61.0,Referral,2025-11-15,4,True,2,4,True,2025-12-10
L002680,Stafford PLC,Media,,Outbound SDR,2025-03-05,4,False,1,2,True,2025-05-04
L002681,Ramos Inc,Manufacturing,,Event/Webinar,2026-05-14,9,True,3,4,True,2026-07-07
L002682,"Cain, Davidson and Moran",financial tech,74.0,Outbound SDR,2025-01-24,4,False,1,4,False,
L002683,Myers LLC,Consulting,45.0,Paid Search,2025-06-08,4,False,1,5,False,
L002684,Williams-Smith,Logistics,358.0,Organic Search,2023-03-24,3,False,1,3,True,2023-05-28
L002685,Wang-Mcfarland,Education,118.0,Outbound SDR,2024-04-04,4,True,2,2,False,
L002686,Kerr-Gonzalez,Health Care,534.0,Outbound SDR,2025-12-15,3,False,1,1,True,2026-03-05
L002687,Fisher Inc,Real Estate,,Organic Search,2024-08-18,3,False,1,5,True,2024-10-16
L002688,Hoover-Frazier,Logistics,386.0,Organic Search,2025-09-05,2,False,2,7,True,2025-10-13
L002689,Walker Inc,healthcare,49.0,Paid Search,2024-09-07,3,False,4,4,False,
L002690,"Jackson, Jackson and Perry",Retail,206.0,Event/Webinar,2025-05-25,5,False,2,0,False,
L002691,Ochoa LLC,,81.0,Event/Webinar,2023-04-08,2,False,1,2,False,
L002692,"Sims, Weber and Villa",Real Estate,36.0,Organic Search,2023-04-03,4,False,3,4,False,
L002693,Mcmillan-Martinez,Real Estate,28.0,Organic Search ,2025-11-11,4,False,1,2,True,2026-01-04
L002694,Rodriguez LLC,Logistics,7.0,Organic Search,2025-08-09,3,True,1,3,False,
L002695,Smith Ltd,Consulting,,Referral,2024-12-28,3,True,2,3,False,
L002696,Smith-Lewis,Manufacturing,23.0,Event/Webinar,2023-06-17,2,False,1,7,True,2023-08-20
L002697,Jones LLC,SaaS,,Organic Search,2025-08-05,1,False,2,0,False,
L002698,"Hanson, Williams and Mcclure",Healthcare,30.0,Paid Search,2025-03-15,7,False,0,2,False,
L002699,Turner-George,SaaS,1462.0,Organic Search,2025-05-02,1,True,2,2,True,2025-07-31
L002700,Marquez PLC,Manufacturing,186.0,Referral,2026-04-17,3,False,1,0,False,
L002701,King Inc,Media,155.0,Partner,2025-07-10,1,True,1,5,True,2025-09-27
L002702,"Nguyen, Mccoy and Price",Manufacturing,75.0,Referral,2024-01-19,5,True,2,6,True,2024-02-15
L002703,"Anderson, Thompson and Gill",,14.0,Organic Search,2026-05-22,1,True,1,3,True,2026-06-24
L002704,"Stewart, York and Olson",Fintech,201.0,Outbound SDR,2025-12-30,2,False,1,1,False,
L002705,Smith-Barr,SaaS,104.0,Organic Search,2025-03-19,2,True,2,3,True,2025-04-02
L002706,Reyes-Davidson,SaaS,1094.0,Paid Search,2025-09-04,4,False,0,2,False,
L002707,Gordon Ltd,Media,,Partner,2025-04-09,1,False,1,6,True,2025-07-02
L002708,Hall PLC,Consulting,319.0,Partner,2025-09-23,2,False,1,2,True,2025-10-31
L002709,Parker Ltd,Consulting,1693.0,Event/Webinar,2025-01-08,1,True,3,6,False,
L002710,Todd-Harvey,Logistics,45.0,Referral,2023-06-29,8,False,2,1,False,
L002711,Taylor Group,Healthcare,12.0,Paid Search,2023-01-29,2,True,2,4,False,
L002712,Harris-Bennett,Retail,19.0,Organic Search,2023-02-02,4,False,2,1,False,
L002713,"Johnson, Mclean and George",Retail,50.0,Organic Search,2024-03-04,2,False,1,2,False,
L002714,Stevenson-Murphy,Media,,Partner,2023-10-25,3,False,0,5,False,
L002715,Stewart-Buchanan,Retail,315.0,Outbound SDR,2026-07-06,2,False,3,2,False,
L002716,Meyer Group,Real Estate,59.0,Paid Search,2023-06-26,3,False,0,2,False,
L002717,"Hess, Christensen and Perez",Manufacturing,,Outbound SDR,2023-10-31,2,False,1,1,False,
L002718,"Rivera, Allen and Ryan",,46.0,Outbound SDR,2023-02-14,6,False,4,2,False,
L002719,"Mcneil, Solis and Horton",Fintech,205.0,Paid Search,2023-11-09,3,True,0,3,True,2024-02-06
L002720,Franklin Group,Media,54.0,Outbound SDR,2025-08-23,2,False,2,3,False,
L002721,"Morris, Ramos and Smith",SaaS,60.0,Outbound SDR,2026-04-13,2,True,3,3,True,2026-05-14
L002722,Jones-Lee,Retail,57.0,Referral,2026-03-12,4,False,0,7,True,2026-05-01
L002723,"Braun, Mays and Martinez",SAAS,87.0,Referral,2023-01-17,3,False,1,4,False,
L002724,Watkins and Sons,,42.0,Partner,2025-06-03,1,True,1,5,False,
L002725,Romero Group,Logistics,539.0,Outbound SDR,2026-03-31,2,False,1,4,False,
L002726,"Mcdonald, Martin and Gonzalez",,24.0,Partner,2026-02-09,4,False,2,6,False,
L002727,Thompson-Wright,Manufacturing,41.0,Organic Search,2025-09-25,4,False,3,4,True,2025-11-15
L002728,Ray-Faulkner,Media,10.0,Event/Webinar,2026-04-25,2,True,0,3,True,2026-07-12
L002729,Nelson Group,Media,40.0,Paid Search,2023-05-05,7,False,1,6,False,
L002730,Tapia LLC,Real Estate,20.0,Organic Search,2025-05-14,4,False,1,2,False,
L002731,Gray-Ruiz,Consulting,,Referral,2026-02-07,2,True,1,2,True,2026-02-15
L002732,Wagner-Moss,Manufacturing,12.0,Partner,2025-05-04,4,False,3,2,False,
L002733,Weiss Group,Media,125.0,Organic Search,2025-10-10,3,True,1,1,True,2025-12-28
L002734,Gill Group,Education,56.0,Outbound SDR,2025-06-12,4,False,1,9,False,
L002735,Blake LLC,SaaS,59.0,Paid Search,2024-08-12,2,False,1,4,True,2024-09-05
L002736,"Medina, Tran and Thompson",Media,108.0,Referral,2025-06-16,4,True,2,1,True,2025-07-15
L002737,Ford-Chavez,Real Estate,586.0,Paid Search,2026-04-18,2,False,2,2,False,
L002738,Hart-Castillo,Education,104.0,Event/Webinar,2025-08-17,2,False,3,2,True,2025-09-02
L002739,Taylor-Harrison,Manufacturing,83.0,Partner,2025-03-10,1,True,1,1,True,2025-05-02
L002740,Hendricks Inc,Education,,Outbound SDR,2023-11-28,3,False,0,6,False,
L002741,Hensley Ltd,Consulting,89.0,Paid Search,2024-08-01,2,False,1,5,True,2024-10-28
L002742,"Brooks, Sullivan and Perry",Fintech,132.0,Partner,2025-09-15,4,False,2,4,False,
L002743,Waller-Brooks,Healthcare,35.0,Paid Search,2024-02-13,1,True,3,2,False,
L002744,Parker-Archer,Health Care,423.0,Event/Webinar,2025-10-04,3,False,2,4,False,
L002745,Ortiz Inc,,,Outbound SDR,2025-10-08,3,False,2,3,True,2025-11-15
L002746,Cruz PLC,Retail,236.0,Paid Search,2026-02-14,6,False,1,8,False,
L002747,Lee Group,Software,176.0,Organic Search,2025-01-04,4,True,1,3,True,2025-02-06
L002748,Wise-Walton,Education,101.0,Partner,2023-11-21,3,True,1,4,False,
L002749,Hicks-Burns,Healthcare,47.0,Event/Webinar,2023-03-07,4,False,0,2,False,
L002750,"Richardson, Brown and Cruz",Fintech,38.0,Referral,2025-05-31,7,True,1,1,True,2025-06-14
L002751,Fitzgerald-Allen,Consulting,51.0,Paid Search,2023-09-05,3,False,2,1,True,2023-11-15
L002752,Dorsey LLC,Retail,19.0,Outbound SDR,2024-06-12,1,False,0,2,False,
L002753,"Mann, Johnson and Wade",,2063.0,Referral,2023-04-06,5,False,1,2,True,2023-06-16
L002754,Green Group,Manufacturing,79.0,Paid Search,2025-11-21,6,True,2,4,True,2026-02-06
L002755,"Hernandez, Wright and Lane",financial tech,,Partner,2023-04-14,4,True,3,2,False,
L002756,"Skinner, Smith and Wise",Media,7.0,Outbound SDR,2023-08-16,3,False,1,3,False,
L002757,"Dawson, Cruz and Mccarthy",Fintech,30.0,Event/Webinar,2026-06-02,1,False,3,3,False,
L002758,Stone and Sons,Fintech,173.0,Event/Webinar,2023-03-27,4,False,2,2,False,
L002759,Martin-Simmons,Real Estate,277.0,Organic Search,2023-12-09,2,False,2,2,True,2024-02-27
L002760,"Turner, Ponce and Barrett",Fintech,,Paid Search,2025-01-10,5,True,0,4,False,
L002761,Willis-Gross,Healthcare,,Partner,2024-08-21,2,False,2,2,False,
L002762,"Booth, Rodriguez and Armstrong",Media,566.0,Event/Webinar,2025-10-17,4,True,2,2,False,
L002763,Olsen-Adams,Fintech,488.0,Paid Search,2026-08-18,2,False,2,0,False,
L002764,Conrad Group,Education,21.0,Referral,2023-10-10,6,True,1,3,False,
L002765,"Parker, Benitez and Velasquez",Fintech,46.0,Paid Search,2025-06-18,4,False,2,7,False,
L002766,Davis Ltd,,,Organic Search,2024-05-17,6,False,1,4,False,
L002767,Warren-Pena,Media,202.0,Referral,2024-08-10,3,False,2,3,False,
L002768,"Jordan, Thompson and Lopez",Real Estate,,Paid Search,2023-06-24,8,False,2,4,True,2023-07-28
L002769,Gonzalez and Sons,Education,145.0,Partner,2025-04-29,4,False,1,4,False,
L002770,"Fry, Hayes and Olsen",Education,44.0,Partner,2024-05-17,3,False,1,3,False,
L002771,Harris Ltd,Healthcare,28.0,Event/Webinar,2025-05-13,2,True,1,4,False,
L002772,Lamb and Sons,Retail,83.0,Paid Search,2025-05-28,1,True,0,2,False,
L002773,Bird-Savage,Logistics,527.0,Outbound SDR,2025-07-28,1,True,0,2,False,
L002774,Sims-Weber,Real Estate,93.0,Partner,2025-01-10,4,False,2,2,False,
L002775,"Martin, Carter and Gray",SaaS,60.0,Outbound SDR,2023-10-26,5,False,2,3,False,
L002776,Brown-Johnson,SaaS,5.0,Partner,2025-11-25,2,False,1,4,False,
L002777,Woods Ltd,financial tech,168.0,Organic Search,2024-11-23,3,True,3,3,True,2025-01-02
L002778,Smith LLC,Logistics,27.0,Paid Search,2025-06-07,1,False,1,6,False,
L002779,Ortega Inc,saas ,33.0,Outbound SDR,2023-03-17,4,True,2,4,False,
L002780,Clark Inc,Healthcare,440.0,Event/Webinar,2023-04-29,1,False,2,3,False,
L002781,Morrison-Hatfield,Real Estate,71.0,Referral,2025-05-08,5,False,1,2,True,2025-06-28
L002782,Frederick-Kennedy,,32.0,Referral,2024-10-04,6,True,1,5,False,
L002783,Munoz-Rogers,Education,102.0,organic-search,2024-07-26,4,True,1,4,False,
L002784,"Wu, Key and Montoya",Real Estate,75.0,Event/Webinar,2023-10-28,6,True,3,2,False,
L002785,Ortega-Gray,Logistics,102.0,Outbound SDR,2026-08-11,1,False,0,1,False,
L002786,Hester LLC,Retail,274.0,Event/Webinar,2026-07-02,4,False,0,3,False,
L002787,Smith Ltd,Consulting,,Partner,2025-06-24,3,True,0,4,False,
L002788,Hardy-Barron,Education,73.0,Partner,2025-04-08,4,False,0,3,False,
L002789,Johnson Inc,Retail,107.0,Referral,2023-06-22,3,False,3,2,True,2023-06-26
L002790,"Ramirez, Lyons and Briggs",Real Estate,46.0,Referral,2025-03-09,3,True,2,2,False,
L002791,Hayes-Parks,Health Care,203.0,Event/Webinar,2026-01-12,3,True,1,2,False,
L002792,Robertson-Keller,Manufacturing,90.0,Paid Search,2023-07-10,5,False,0,3,False,
L002793,Andersen LLC,Real Estate,83.0,Event/Webinar,2024-10-01,3,False,1,1,False,
L002794,Schultz Inc,Real Estate,374.0,Referral,2026-07-25,4,False,3,3,True,2026-08-04
L002795,"Nguyen, Wallace and Lawson",SaaS,134.0,Organic Search,2026-01-10,2,False,4,3,True,2026-03-26
L002796,Stevenson-Bauer,Manufacturing,53.0,Paid Search,2024-09-14,5,False,1,1,False,
L002797,Patterson-Huynh,Logistics,25.0,Event/Webinar,2023-08-15,3,False,1,2,True,2023-08-22
L002798,Hatfield-Vincent,Education,145.0,Referral,2026-07-08,4,False,0,3,True,2026-08-09
L002799,Navarro LLC,Education,610.0,Organic Search,2023-04-08,2,False,1,3,True,2023-06-30
L002800,"Lee, Thomas and Meyer",Fintech,,Outbound SDR,2024-09-02,4,True,2,1,True,2024-11-14
L002801,"Glover, Moran and Johnson",SaaS,110.0,Outbound SDR,2024-11-25,3,False,1,1,True,2024-12-25
L002802,Robles-Turner,Consulting,146.0,Event/Webinar,2026-07-09,2,False,3,0,False,
L002803,"Davies, Archer and Owens",Real Estate,80.0,Event/Webinar,2024-04-23,1,False,2,3,True,2024-06-06
L002804,Friedman-Olson,Manufacturing,2.0,Referral,2026-03-19,5,False,2,3,True,2026-06-13
L002805,"Allen, Lewis and Mullins",Healthcare,25.0,Partner,2025-02-12,3,False,0,2,False,
L002806,"Graves, Garcia and Holder",Real Estate,533.0,Partner,2024-05-22,5,False,3,5,False,
L002807,Martin LLC,Fintech,37.0,Referral,2025-11-23,2,False,0,5,False,
L002808,Miranda-Robinson,,962.0,Paid Search,2025-01-09,3,False,2,3,False,
L002809,Wade-Lynn,Media,105.0,organic-search,2023-10-28,3,False,2,3,False,
L002810,"Martinez, Taylor and Nichols",Logistics,136.0,Outbound SDR,2023-06-17,3,False,2,4,True,2023-06-28
L002811,"Vasquez, Pope and Cook",SaaS,294.0,Outbound SDR,2023-09-24,4,False,1,1,False,
L002812,Huynh PLC,Media,63.0,Paid Search,2025-07-02,4,False,1,0,False,
L002813,Schneider Group,,,Referral,2025-12-13,3,True,1,0,True,2026-02-02
L002814,"Paul, Hardy and Valdez",Consulting,86.0,Event/Webinar,2025-11-28,2,True,3,6,True,2026-01-17
L002815,"Burch, Kim and Hall",Manufacturing,905.0,Event/Webinar,2025-10-18,1,False,2,1,True,2026-01-07
L002816,Wilson-Miller,Logistics,,Outbound SDR,2025-09-29,2,True,3,1,False,
L002817,Peterson PLC,Logistics,139.0,Paid Search,2023-10-23,3,False,0,0,False,
L002818,Garner Inc,Real Estate,39.0,Paid Search,2025-09-19,1,True,4,4,True,2025-11-16
L002819,"Richardson, Castaneda and Finley",Healthcare,200.0,Partner,2025-11-17,1,False,0,6,True,2026-01-23
L002820,"Mclaughlin, Collins and Lawrence",Fintech,,Partner,2024-03-11,3,False,8,3,False,
L002821,Boone Group,,140.0,Outbound SDR,2023-03-08,1,False,1,2,True,2023-03-28
L002822,Wise-Salinas,Real Estate,26.0,Referral,2023-09-01,4,True,3,4,False,
L002823,Meyer PLC,Consulting,,Outbound SDR,2023-08-14,2,False,1,3,False,
L002824,"Walker, Foster and Medina",Fintech,191.0,Referral,2026-03-16,5,False,0,2,True,2026-04-22
L002825,Stewart-Cabrera,,,Event/Webinar,2023-11-10,5,False,5,4,True,2023-11-25
L002826,Hood-Porter,Education,17.0,Referral,2025-02-05,7,True,2,4,True,2025-03-15
L002827,Hernandez-Campbell,Manufacturing,116.0,Outbound SDR,2023-02-27,2,True,1,4,False,
L002828,"Ortega, Solis and Warner",Healthcare,17.0,Paid Search,2026-04-22,2,False,1,4,False,
L002829,"Flores, Shaw and Barker",Logistics,101.0,Organic Search,2024-09-16,1,False,0,3,False,
L002830,Shea-Mccarthy,Manufacturing,,Paid Search,2024-01-10,4,False,1,2,True,2024-03-12
L002831,Welch-Lewis,SaaS,145.0,Organic Search,2026-01-26,3,False,0,1,False,
L002832,Padilla-Bennett,Education,84.0,Organic Search,2023-04-02,2,False,1,4,True,2023-05-25
L002833,Hernandez-Moran,Media,125.0,Event/Webinar,2024-09-26,3,False,0,2,False,
L002834,"Michael, Walker and Fitzgerald",Consulting,85.0,Outbound SDR,2024-11-22,5,False,1,2,False,
L002835,Gates Ltd,Logistics,36.0,Outbound SDR,2026-05-25,4,True,1,5,False,
L002836,Evans-Briggs,Healthcare,377.0,Paid Search,2025-10-30,2,False,2,4,False,
L002837,Ritter PLC,Media,257.0,Outbound SDR,2025-07-08,2,False,2,0,True,2025-07-27
L002838,Rogers-Gregory,Education,,Organic Search,2026-07-03,5,False,0,2,False,
L002839,Todd-Myers,Consulting,54.0,Outbound SDR,2025-03-04,3,False,1,3,False,
L002840,"Acosta, Campbell and Leblanc",Retail,9.0,Outbound SDR,2024-11-25,1,True,1,7,True,2025-02-02
L002841,"Chase, Long and Anderson",SaaS,85.0,Partner,2025-06-26,1,True,4,5,False,
L002842,"Glenn, Brown and Michael",Manufacturing,77.0,Partner,2023-07-01,2,False,1,5,False,
L002843,Ellis-Martin,Health Care,79.0,Partner,2023-02-20,5,True,2,4,True,2023-05-04
L002844,Ramos Group,Manufacturing,166.0,Event/Webinar,2026-08-14,2,False,2,3,False,
L002845,Merritt-Clark,FinTech,19.0,Partner,2026-02-19,2,True,1,2,False,
L002846,"Gonzalez, Curtis and Cox",FinTech,152.0,Paid Search,2026-06-21,1,False,2,1,True,2026-08-29
L002847,"Garcia, Floyd and Garrison",Consulting,315.0,Organic Search,2026-03-13,4,False,3,5,True,2026-05-18
L002848,Clements-Simmons,Retail,39.0,Outbound SDR,2025-10-26,2,True,0,6,True,2025-10-28
L002849,Howe Inc,Fintech,49.0,Partner,2025-12-25,3,False,0,4,False,
L002850,Mccann-White,Healthcare,330.0,Organic Search,2024-07-17,2,False,0,5,False,
L002851,Wilson PLC,Retail,698.0,Paid Search,2026-04-01,3,False,0,2,False,
L002852,"Morgan, Hamilton and Hernandez",Media,181.0,Organic Search,2025-12-28,2,False,1,3,False,
L002853,"Powell, Johnson and Allen",Consulting,,Referral,2025-04-02,2,False,0,0,False,
L002854,Turner-Carlson,Consulting,69.0,Organic Search,2025-10-03,4,False,4,3,True,2025-10-05
L002855,Delgado Group,Education,49.0,Outbound SDR,2024-01-05,2,False,1,5,False,
L002856,"Esparza, Lambert and Davis",Logistics,22.0,Organic Search,2025-12-17,2,True,2,2,False,
L002857,Hancock-Santos,Education,389.0,Outbound SDR,2024-06-10,4,False,1,2,False,
L002858,Chen-Wallace,FinTech,47.0,Organic Search,2023-07-23,2,False,0,3,False,
L002859,Wilson Inc,Real Estate,25.0,Paid Search,2024-08-07,2,False,3,10,False,
L002860,Burns Ltd,Healthcare,39.0,Paid Search,2024-06-07,5,True,2,3,False,
L002861,"Walker, Matthews and Archer",financial tech,52.0,Paid Search,2024-09-20,5,False,2,4,True,2024-11-11
L002862,Hill-Mcgee,healthcare,27.0,Organic Search,2026-06-12,4,False,1,3,True,2026-07-23
L002863,"White, Washington and Newman",,165.0,Organic Search,2023-04-30,3,False,3,1,False,
L002864,Evans-Martinez,Manufacturing,165.0,Outbound SDR,2023-07-22,2,True,4,1,True,2023-08-31
L002865,Brown-Stout,Healthcare,169.0,Outbound SDR,2024-10-25,3,False,2,5,True,2024-11-27
L002866,"Lopez, Hess and Smith",Logistics,,organic-search,2023-04-17,3,True,1,1,True,2023-05-12
L002867,"Roth, Logan and Moreno",Retail,,Event/Webinar,2026-04-15,3,True,4,2,False,
L002868,Stone PLC,Retail,203.0,Outbound SDR,2025-11-07,3,True,4,4,True,2026-01-10
L002869,"Reeves, Tyler and Martinez",Logistics,,Organic Search,2024-07-05,1,False,3,2,True,2024-07-12
L002870,Sheppard Inc,Education,38.0,Outbound SDR,2026-02-06,1,False,2,4,True,2026-03-30
L002871,Atkins Ltd,Fintech,9.0,Outbound SDR,2023-03-01,5,False,2,2,False,
L002872,Smith Group,Logistics,440.0,Partner,2024-04-23,3,True,2,1,True,2024-04-25
L002873,Martinez-Anderson,Manufacturing,124.0,Event/Webinar,2026-04-15,5,True,0,2,False,
L002874,Delgado Inc,Fintech,204.0,Paid Search,2026-02-10,5,False,1,1,False,
L002875,"Scott, Mullins and Miller",Healthcare,44.0,Referral,2026-03-09,4,False,2,6,True,2026-04-30
L002876,Hunter LLC,Media,1093.0,Organic search,2026-07-26,4,True,6,4,True,2026-08-27
L002877,"Jackson, Rowland and Barrett",Retail,2.0,Paid Search,2025-02-03,3,False,3,3,True,2025-04-13
L002878,Turner PLC,Healthcare,24.0,Paid Search,2026-01-05,3,False,3,1,True,2026-02-28
L002879,Hopkins-Wallace,Real Estate,105.0,Outbound SDR,2023-03-27,3,False,1,2,True,2023-03-27
L002880,"Henry, Edwards and Bartlett",Media,44.0,Event/Webinar,2024-08-15,4,False,2,2,True,2024-11-06
L002881,Obrien-Dixon,Health Care,73.0,Organic Search,2023-05-04,5,True,2,9,False,
L002882,"Garcia, Weiss and Young",Media,108.0,Referral,2026-05-09,5,False,2,1,True,2026-06-10
L002883,Thomas and Sons,Logistics,1007.0,Referral,2026-07-18,2,False,1,2,True,2026-07-31
L002884,Guzman and Sons,Consulting,1273.0,Event/Webinar,2024-07-30,4,False,0,4,True,2024-08-04
L002885,"Howard, Anderson and Dean",Healthcare,28.0,Partner,2025-12-29,2,False,1,5,False,
L002886,Pierce LLC,Consulting,219.0,organic-search,2024-09-07,4,False,4,0,False,
L002887,Santos-Martin,Fintech,174.0,Outbound SDR,2023-09-09,3,False,1,2,True,2023-09-26
L002888,Miller-King,Real Estate,187.0,Referral,2025-06-03,7,False,3,2,False,
L002889,Bentley-Thomas,Retail,6.0,Event/Webinar,2025-10-30,4,False,2,2,False,
L002890,Jones Ltd,Education,21.0,Partner,2024-12-02,2,True,0,2,True,2025-02-21
L002891,Cowan-Terry,Manufacturing,,Partner,2025-07-16,3,False,0,4,False,
L002892,Klein PLC,Manufacturing,4.0,Paid Search,2024-10-20,2,True,2,4,False,
L002893,"Holland, Dixon and Martin",,33.0,Paid Search,2025-07-30,3,False,0,2,False,
L002894,Stewart Group,Consulting,649.0,Referral,2023-02-02,4,True,0,4,True,2023-05-01
L002895,Johnson-Munoz,healthcare,216.0,Partner,2023-01-05,2,True,1,3,True,2023-03-23
L002896,Nelson PLC,Media,19.0,Organic Search,2023-01-20,3,True,0,0,False,
L002897,Sutton Group,Healthcare,54.0,Outbound SDR,2026-02-12,3,False,0,0,False,
L002898,Murphy Inc,Media,,Outbound SDR,2026-01-07,3,False,3,1,True,2026-01-17
L002899,Blankenship-Strickland,Fintech,285.0,Event/Webinar,2023-03-05,2,False,0,3,False,
L002900,Melton and Sons,Media,,Partner,2023-09-10,4,False,1,4,True,2023-10-25
L002901,Smith-Bennett,Logistics,,Event/Webinar,2025-01-03,4,False,3,5,False,
L002902,Gray Inc,Logistics,48.0,Paid Search,2023-01-18,2,False,2,2,False,
L002903,Thompson Ltd,Fintech,75.0,Outbound SDR,2025-01-28,2,False,1,6,False,
L002904,Chapman-Roman,Retail,,Outbound SDR,2023-01-20,2,True,1,1,True,2023-02-17
L002905,Rice Ltd,saas ,4.0,Referral,2025-01-02,2,False,3,4,True,2025-01-26
L002906,"Grimes, Arnold and Lawson",,52.0,Event/Webinar,2026-07-04,4,True,0,1,True,2026-07-23
L002907,Jackson Group,,30.0,Paid Search,2025-10-08,4,False,0,4,False,
L002908,Reed Ltd,Education,137.0,Organic Search,2024-07-28,6,False,3,1,False,
L002909,"Faulkner, Schmidt and Wheeler",Media,109.0,Partner,2026-05-26,5,False,2,2,True,2026-06-21
L002910,Woods-Anderson,,94.0,Paid Search,2026-07-31,2,False,2,3,False,
L002911,Parks Ltd,Logistics,,Organic Search,2024-07-22,1,False,2,4,False,
L002912,Sandoval and Sons,Consulting,84.0,Event/Webinar,2025-10-08,1,False,1,0,False,
L002913,Bradley-Adams,Healthcare,2.0,Event/Webinar,2024-02-01,2,False,2,3,True,2024-04-25
L002914,"Fowler, Wood and Waters",Consulting,62.0,Partner,2026-05-19,4,True,1,2,True,2026-07-30
L002915,"Franklin, Mann and White",Healthcare,219.0,Organic Search,2026-04-19,1,False,1,3,False,
L002916,Lindsey-Shaw,,15.0,Partner,2023-05-14,2,False,2,4,False,
L002917,Cisneros-Meyer,Healthcare,22.0,Referral,2026-03-13,4,False,2,2,False,
L002918,"Keith, Cervantes and Torres",Retail,35.0,Event/Webinar,2024-07-15,1,False,1,6,False,
L002919,Meza Group,Retail,5.0,Partner,2023-02-17,5,True,0,4,True,2023-05-16
L002920,Bruce-Walters,Real Estate,130.0,Event/Webinar,2024-06-01,1,False,2,3,False,
L002921,Blair Inc,Real Estate,1000.0,Outbound SDR,2023-01-05,3,False,1,3,False,
L002922,Johnston Inc,Logistics,1163.0,Partner,2026-08-24,6,True,1,1,False,
L002923,"Mitchell, Noble and Stokes",SaaS,9.0,Referral,2025-06-04,5,False,0,5,True,2025-07-26
L002924,Hayden Group,Manufacturing,39.0,Organic Search ,2025-11-27,4,False,5,0,False,
L002925,"Romero, Cross and Castillo",Media,115.0,Outbound SDR,2025-01-10,7,False,2,2,False,
L002926,"Jennings, Rhodes and Patel",Real Estate,119.0,Organic search,2024-04-04,5,False,2,2,False,
L002927,Sullivan PLC,SaaS,534.0,Referral,2025-05-10,5,False,4,0,False,
L002928,Bartlett Ltd,Real Estate,206.0,Outbound SDR,2024-10-09,2,False,1,2,False,
L002929,Klein Ltd,SaaS,15.0,Outbound SDR,2024-02-03,5,False,2,1,True,2024-03-16
L002930,"Brady, Sanchez and Stevenson",Fintech,63.0,Event/Webinar,2023-02-21,1,False,0,1,False,
L002931,"Sutton, Williams and West",Retail,84.0,Partner,2025-05-17,4,False,4,4,False,
L002932,Craig PLC,financial tech,103.0,Paid Search,2024-02-08,2,False,0,3,False,
L002933,Thompson LLC,Healthcare,133.0,Referral,2024-09-28,5,False,0,2,False,
L002934,Palmer Inc,Fintech,2.0,Partner,2026-07-04,2,False,2,2,False,
L002935,Simpson-Jackson,Fintech,24.0,Organic Search,2025-09-09,5,False,2,3,True,2025-11-03
L002936,Morgan Ltd,SaaS,27.0,Event/Webinar,2026-07-06,4,False,1,2,True,2026-07-27
L002937,Decker Inc,Manufacturing,,Paid Search,2023-08-09,5,True,1,1,False,
L002938,Evans-Carter,,83.0,Paid Search,2024-11-28,3,True,2,2,False,
L002939,Smith Ltd,Software,249.0,Referral,2025-11-30,4,False,1,4,False,
L002940,"Long, Leblanc and Hickman",Retail,59.0,Organic Search,2026-05-13,2,True,0,2,True,2026-07-31
L002941,"Robertson, Barry and Walls",Media,27.0,Organic Search,2026-07-04,5,True,1,3,True,2026-08-01
L002942,"Charles, Brown and Smith",Consulting,148.0,Organic Search,2023-06-25,6,True,2,4,False,
L002943,Murphy-Gomez,SaaS,143.0,Organic Search,2025-02-11,5,False,1,1,True,2025-03-23
L002944,Bailey Ltd,financial tech,64.0,Paid Search,2023-05-07,3,False,6,0,True,2023-07-02
L002945,Morales Inc,SaaS,110.0,Referral,2026-06-04,6,False,1,3,True,2026-08-23
L002946,Jordan and Sons,Logistics,118.0,Organic Search,2023-07-28,4,True,3,1,True,2023-10-22
L002947,Rice and Sons,SaaS,488.0,Event/Webinar,2023-04-17,5,False,0,5,False,
L002948,Martinez-Freeman,Manufacturing,444.0,Outbound SDR,2025-04-02,1,False,2,3,False,
L002949,Hammond LLC,FinTech,33.0,Event/Webinar,2025-04-21,2,False,6,4,True,2025-05-20
L002950,Ruiz LLC,Consulting,35.0,Partner,2026-07-01,3,True,1,2,True,2026-07-01
L002951,Diaz-Mcclain,Media,61.0,Outbound SDR,2025-08-08,2,False,1,1,True,2025-10-01
L002952,"Cain, Rodriguez and Gonzales",Consulting,69.0,Event/Webinar,2023-07-27,1,False,1,2,True,2023-09-08
L002953,Martin-Gomez,SAAS,690.0,Outbound SDR,2025-11-25,2,True,2,7,True,2026-01-06
L002954,Smith-Stephenson,Consulting,131.0,Paid Search,2023-08-10,3,True,0,1,True,2023-08-23
L002955,"Gonzalez, Lopez and Williams",SaaS,138.0,Event/Webinar,2023-05-19,3,False,2,2,False,
L002956,Fisher-Rivera,Consulting,36.0,Paid Search,2026-03-19,3,False,1,5,False,
L002957,Martin and Sons,Healthcare,156.0,Partner,2025-11-08,4,False,2,5,False,
L002958,Moyer-Bird,Manufacturing,49.0,Referral,2025-05-12,4,False,2,2,False,
L002959,Fisher PLC,Media,2463.0,Partner,2026-06-25,1,False,0,5,True,2026-08-20
L002960,Marsh-Klein,Healthcare,77.0,Paid Search,2023-10-09,2,True,2,2,False,
L002961,Potter-Deleon,SaaS,60.0,Organic Search,2023-09-19,3,False,1,5,False,
L002962,Shaw-Mclean,Manufacturing,61.0,Event/Webinar,2025-06-11,1,False,1,2,False,
L002963,Anderson-Rosario,Real Estate,484.0,Partner,2025-01-02,3,True,2,3,False,
L002964,Martinez LLC,Manufacturing,18.0,Event/Webinar,2026-01-13,4,False,3,1,False,
L002965,"Smith, Cohen and Williams",Healthcare,209.0,Paid Search,2025-08-19,7,True,1,2,True,2025-09-27
L002966,Jordan-Harper,Consulting,12.0,Referral,2024-08-19,5,True,2,1,True,2024-10-05
L002967,Hamilton LLC,SaaS,515.0,Event/Webinar,2026-04-16,7,False,0,6,True,2026-07-09
L002968,Tucker-Hodges,Healthcare,103.0,Organic Search,2024-05-01,1,False,0,5,False,
L002969,Williamson Ltd,,31.0,Event/Webinar,2023-04-22,2,True,1,3,False,
L002970,"Lopez, Campbell and Wilson",Logistics,64.0,Referral,2024-02-05,5,False,3,0,True,2024-03-01
L002971,Gamble-Wright,Retail,27.0,Organic Search,2024-11-30,3,False,3,5,True,2024-12-24
L002972,Gonzalez-Mccarthy,Media,,Partner,2025-08-15,4,False,2,3,True,2025-10-30
L002973,Haynes PLC,Education,124.0,Event/Webinar,2026-03-05,2,True,3,2,False,
L002974,"White, Riddle and Garza",Education,9.0,Event/Webinar,2024-09-05,3,True,2,3,True,2024-10-28
L002975,"Hernandez, Martinez and Morales",Education,1716.0,Paid Search,2023-08-03,3,True,1,3,False,
L002976,Mooney-Hickman,Media,99.0,Organic Search,2025-10-12,2,False,0,1,True,2025-11-09
L002977,Smith-Gonzalez,SaaS,100.0,Partner,2024-04-01,3,True,4,3,True,2024-06-28
L002978,James PLC,Retail,65.0,Outbound SDR,2026-07-01,2,True,2,2,False,
L002979,Graves-Baird,Retail,34.0,Paid Search,2025-09-11,3,False,0,4,False,
L002980,Rogers Group,,60.0,Partner,2025-02-08,1,False,1,3,False,
L002981,Hicks Ltd,Retail,,Outbound SDR,2024-01-13,2,True,2,4,True,2024-01-13
L002982,Torres LLC,Education,331.0,Organic Search,2023-06-01,3,True,3,3,False,
L002983,Ramirez-Bell,Education,167.0,Organic Search,2026-02-10,4,False,6,3,False,
L002984,Wright-Jacobson,Fintech,105.0,Paid Search,2024-08-18,7,True,3,3,True,2024-10-13
L002985,Williams Inc,Retail,39.0,Partner,2026-04-14,2,True,2,0,False,
L002986,"Garner, Lewis and Kennedy",Education,83.0,organic-search,2023-03-02,1,False,1,0,False,
L002987,"Garcia, Lopez and Vaughan",Retail,167.0,Paid Search,2024-08-04,3,False,1,5,True,2024-08-26
L002988,Cook-Rodriguez,Retail,363.0,Referral,2023-12-23,4,False,1,4,True,2024-02-04
L002989,"Smith, Arnold and Atkins",Real Estate,30.0,Paid Search,2024-01-01,4,True,0,3,False,
L002990,Ward-Patrick,Retail,118.0,Organic Search,2023-12-27,2,False,2,1,False,
L002991,"Maxwell, Rice and Watson",Manufacturing,78.0,Organic Search,2023-02-12,4,False,1,5,True,2023-05-09
L002992,"Hill, Silva and Miller",Healthcare,308.0,Outbound SDR,2023-08-16,4,False,0,7,False,
L002993,Anderson Ltd,Education,70.0,Paid Search,2024-09-16,3,False,0,4,True,2024-11-13
L002994,"Martinez, Willis and Barr",Retail,159.0,Referral,2025-02-01,3,False,0,3,False,
L002995,"Roth, Lee and Griffin",Healthcare,223.0,Event/Webinar,2026-06-30,4,False,1,4,True,2026-08-24
L002996,Jones PLC,Fintech,62.0,Organic search,2023-10-23,3,False,0,2,False,
L002997,"Cooper, Swanson and Mayo",Healthcare,27.0,Paid Search,2024-01-28,4,False,0,3,False,
L002998,Ferguson and Sons,Real Estate,270.0,Outbound SDR,2025-02-05,3,False,0,3,True,2025-03-17
L002999,Anderson Group,Consulting,87.0,Outbound SDR,2026-07-26,7,True,1,1,True,2026-08-10
L003000,"Dawson, Snow and Malone",SaaS,101.0,Event/Webinar,2026-04-17,2,True,2,2,True,2026-05-11
L003001,"Hester, Jacobson and West",Real Estate,268.0,Referral,2023-11-01,2,True,1,1,True,2023-12-12
L003002,"Wilson, Graham and Webb",,,Organic Search,2026-07-13,6,False,5,6,False,
L003003,"Velazquez, Gordon and Johnson",Manufacturing,250.0,Paid Search,2025-11-06,2,False,2,3,False,
L003004,"Hill, Ponce and Roberts",Consulting,111.0,Outbound SDR,2024-03-04,2,True,2,3,False,
L003005,"Brown, Compton and Lee",,41.0,Outbound SDR,2026-06-13,3,True,3,3,True,2026-06-21
L003006,Simpson-Patel,Health Care,117.0,Event/Webinar,2025-03-05,1,True,3,4,False,
L003007,"Mata, Martin and Christensen",Real Estate,119.0,Referral,2025-10-18,4,True,1,1,True,2025-12-23
L003008,Hart-Myers,Media,10.0,Paid Search,2024-10-21,4,True,1,0,False,
L003009,"Nelson, White and Moore",Education,127.0,Event/Webinar,2025-09-16,5,False,4,1,True,2025-11-18
L003010,Vargas Inc,Media,873.0,Referral,2026-04-05,4,False,2,4,True,2026-05-26
L003011,"Gibson, Zimmerman and Warren",Consulting,208.0,Partner,2023-03-16,2,True,2,2,False,
L003012,Phelps-Phillips,Retail,,Paid Search,2024-02-20,5,True,2,2,False,
L003013,Arnold-Jackson,Media,206.0,Paid Search,2025-03-21,4,False,4,4,False,
L003014,Ferguson LLC,,188.0,Referral,2025-05-20,2,False,3,2,False,
L003015,Bowman LLC,,261.0,Event/Webinar,2023-11-18,2,True,3,2,True,2024-01-04
L003016,Nelson Inc,Manufacturing,272.0,Event/Webinar,2023-06-23,4,False,2,3,False,
L003017,"Whitney, Mayo and Clark",Healthcare,19.0,Organic Search,2024-08-27,3,False,3,2,False,
L003018,Smith LLC,Media,1116.0,Event/Webinar,2024-12-21,3,True,0,6,True,2025-01-19
L003019,"Jacobs, Wood and Miller",Consulting,7890.0,Organic Search,2025-08-10,6,False,2,2,True,2025-10-14
L003020,"Henson, Baker and Anderson",Consulting,20.0,Referral,2025-05-22,2,False,3,2,True,2025-07-18
L003021,"Phillips, Galloway and Garrett",,23.0,Outbound SDR,2025-04-17,4,False,0,1,False,
L003022,Holloway and Sons,Education,168.0,Outbound SDR,2024-10-11,1,False,1,3,False,
L003023,"Sanford, Thompson and Bonilla",Manufacturing,270.0,Outbound SDR,2023-02-20,5,True,1,3,False,
L003024,"Sandoval, Parrish and Crosby",Health Care,24.0,Outbound SDR,2024-04-23,3,False,1,5,False,
L003025,"Rodriguez, Reese and Reyes",Manufacturing,114.0,Partner,2023-06-05,1,False,2,4,True,2023-07-20
L003026,"Scott, Sims and Munoz",Fintech,30.0,Referral,2025-10-24,3,True,0,1,True,2025-12-28
L003027,Montoya and Sons,Real Estate,163.0,Partner,2023-06-10,1,False,0,3,False,
L003028,Adams-Perkins,Manufacturing,620.0,Paid Search,2023-07-21,5,False,0,6,True,2023-08-05
L003029,Moore-Hall,Fintech,,Referral,2023-03-20,3,True,0,8,False,
L003030,"Hamilton, Hernandez and Mendoza",Real Estate,48.0,Paid Search,2024-11-14,4,False,1,2,False,
L003031,White-Lopez,,118.0,Partner,2024-11-05,3,True,1,5,False,
L003032,Lopez Group,Manufacturing,198.0,Referral,2024-07-16,5,True,2,1,False,
L003033,"White, Campbell and Collins",Retail,103.0,Partner,2026-05-22,3,False,1,5,False,
L003034,Roth Ltd,Health Care,11.0,Partner,2026-01-17,2,False,1,6,True,2026-02-19
L003035,"Lopez, Thomas and Simmons",,57.0,Referral,2024-07-31,4,False,2,3,False,
L003036,Stout-Waller,Education,123.0,Outbound SDR,2025-04-10,6,False,1,2,False,
L003037,Ramsey and Sons,Consulting,106.0,Partner,2023-01-25,5,False,2,1,True,2023-03-26
L003038,"Christensen, Smith and Garcia",Real Estate,120.0,Paid Search,2025-03-25,5,False,1,3,False,
L003039,Smith-Serrano,Retail,103.0,Paid Search,2024-03-05,3,False,3,5,False,
L003040,"Michael, Anderson and Carrillo",Media,19.0,Paid Search,2025-11-22,3,False,3,3,False,
L003041,Thomas-Burton,Consulting,104.0,Event/Webinar,2025-08-17,2,True,0,3,True,2025-10-15
L003042,Sparks Inc,Education,64.0,Organic Search,2024-10-03,4,True,1,2,True,2024-10-27
L003043,Daniels LLC,Logistics,3.0,Partner,2025-05-05,2,False,2,1,True,2025-05-31
L003044,"Miller, Taylor and Malone",Media,35.0,Outbound SDR,2026-02-17,2,False,0,2,False,
L003045,Ochoa-Parker,SaaS,,Referral,2023-10-12,3,False,4,4,True,2023-12-24
L003046,Moore-Brown,Healthcare,73.0,Referral,2023-01-20,4,False,3,1,True,2023-03-24
L003047,"Adams, Stephens and Smith",Education,66.0,Referral,2024-04-06,2,False,0,1,False,
L003048,Garcia LLC,Logistics,799.0,Outbound SDR,2025-04-06,4,False,1,1,False,
L003049,Hunt Group,Real Estate,7.0,Referral,2024-10-29,6,False,2,2,False,
L003050,Smith and Sons,Consulting,23.0,Organic search,2026-03-08,4,False,2,3,False,
L003051,Perez Group,SaaS,18.0,Paid Search,2023-11-11,2,False,1,6,False,
L003052,Gomez LLC,Education,80.0,Event/Webinar,2026-07-13,2,False,1,5,True,2026-08-20
L003053,Dorsey Ltd,Consulting,17.0,Event/Webinar,2025-03-11,3,False,1,5,True,2025-04-28
L003054,Mcdaniel-Espinoza,Retail,20.0,Outbound SDR,2023-05-11,4,False,0,5,True,2023-07-18
L003055,Vasquez Inc,Logistics,99.0,Paid Search,2025-08-30,5,False,1,3,False,
L003056,Garcia LLC,Fintech,5.0,Referral,2026-03-12,4,False,4,4,False,
L003057,Jones-Cook,,26.0,Partner,2024-09-15,2,True,3,3,True,2024-09-26
L003058,Mclean-Gillespie,,27.0,Organic Search,2026-02-06,5,False,1,3,False,
L003059,Munoz and Sons,Healthcare,33.0,organic-search,2026-05-20,2,True,3,3,True,2026-07-21
L003060,Moreno-Greene,SaaS,23.0,Paid Search,2024-02-12,2,True,2,4,True,2024-02-20
L003061,"Coleman, Barry and Mcdaniel",Logistics,,Referral,2024-02-26,2,True,1,6,False,
L003062,"Roth, Bailey and Garcia",Retail,365.0,Referral,2025-12-09,3,False,0,4,False,
L003063,Stanley-Cantu,Fintech,13.0,Outbound SDR,2023-04-28,2,False,1,1,False,
L003064,"Lindsey, Mccormick and Hensley",Education,23.0,Event/Webinar,2023-01-23,2,False,3,2,False,
L003065,Strickland and Sons,Healthcare,26.0,Referral,2025-04-21,5,False,1,2,True,2025-06-10
L003066,Hernandez-Griffin,Healthcare,158.0,Organic Search ,2023-09-22,4,False,2,6,True,2023-11-29
L003067,Briggs-Wilson,Logistics,48.0,Outbound SDR,2023-05-21,2,False,0,4,False,
L003068,Moyer-Ramirez,Logistics,8.0,Paid Search,2023-09-24,1,True,2,2,False,
L003069,Morris and Sons,Retail,6.0,Referral,2025-06-04,4,True,2,5,False,
L003070,Saunders LLC,Media,,Paid Search,2026-05-21,1,False,0,4,False,
L003071,Snyder-Olson,Consulting,188.0,Referral,2026-04-18,3,True,1,2,False,
L003072,Guzman-Fields,Retail,59.0,Event/Webinar,2025-07-28,1,False,1,2,True,2025-09-01
L003073,Pham Ltd,Retail,270.0,Organic Search,2023-10-20,3,False,3,0,False,
L003074,Reyes PLC,Media,112.0,Organic Search,2025-03-28,3,False,3,2,True,2025-06-13
L003075,Ryan-Vasquez,Retail,20.0,Event/Webinar,2024-11-04,1,False,2,5,True,2025-01-15
L003076,"Underwood, Cruz and Carpenter",Media,56.0,Outbound SDR,2025-08-05,2,True,1,2,False,
L003077,Rose-Frank,,293.0,Organic Search,2023-07-06,4,True,0,4,True,2023-08-11
L003078,"Robinson, Miller and Ward",Media,27.0,Referral,2024-09-01,4,False,2,2,False,
L003079,Mcknight Inc,Logistics,27.0,Event/Webinar,2023-12-25,3,False,2,4,False,
L003080,Grant-Rosario,Logistics,95.0,Paid Search,2024-01-03,2,False,3,3,True,2024-03-22
L003081,Brown LLC,Logistics,311.0,Outbound SDR,2025-02-26,2,False,1,2,False,
L003082,Allison-Delacruz,Healthcare,54.0,Partner,2026-03-10,6,True,1,2,False,
L003083,Phillips and Sons,Fintech,15.0,Outbound SDR,2023-03-31,2,False,3,4,False,
L003084,"Bonilla, Durham and Sanchez",Retail,119.0,Paid Search,2024-07-14,2,False,1,5,False,
L003085,Brown and Sons,Real Estate,38.0,Referral,2023-05-17,6,False,2,3,False,
L003086,Hayden Ltd,Retail,419.0,Outbound SDR,2025-04-22,2,True,2,3,True,2025-07-01
L003087,Bennett Inc,financial tech,11.0,Referral,2023-06-06,3,True,1,4,True,2023-06-19
L003088,"Hanna, Watson and Miles",Real Estate,121.0,Referral,2025-04-19,2,True,0,6,False,
L003089,"Perkins, Woods and Wheeler",Media,1416.0,Paid Search,2024-06-01,3,False,0,0,False,
L003090,Johnson LLC,Retail,51.0,Event/Webinar,2023-04-02,3,False,0,6,True,2023-05-31
L003091,Miller Inc,,15.0,Organic Search,2026-08-01,3,False,1,5,False,
L003092,Carroll Group,Media,3.0,Outbound SDR,2024-12-04,1,False,0,1,True,2025-01-24
L003093,Cannon Group,Retail,20.0,Outbound SDR,2023-03-19,2,False,1,3,False,
L003094,"Taylor, Rose and Rush",saas ,239.0,Referral,2023-08-23,3,False,2,2,False,
L003095,Jenkins-Rogers,Healthcare,,Referral,2025-08-08,5,False,2,4,False,
L003096,"Dominguez, Mitchell and Moore",Media,30.0,Outbound SDR,2023-05-20,2,False,3,8,False,
L003097,"Johnson, Potter and Gordon",Fintech,,Event/Webinar,2024-05-11,3,False,0,3,False,
L003098,Sanders Group,Media,231.0,Paid Search,2025-08-22,1,False,2,6,True,2025-09-26
L003099,"Vaughan, Gibson and Dawson",Healthcare,26.0,Paid Search,2023-02-06,3,False,0,3,False,
L003100,Ellison-Shaw,Consulting,,Organic Search,2023-12-29,2,True,3,3,True,2024-02-04
L003101,"Perez, Huynh and Nelson",Fintech,1013.0,Event/Webinar,2025-03-11,2,True,1,2,True,2025-04-01
L003102,Boyd and Sons,Fintech,71.0,Partner,2023-01-23,2,False,1,4,True,2023-04-19
L003103,"Lewis, Montgomery and Robinson",Manufacturing,69.0,Paid Search,2025-06-21,3,False,2,3,True,2025-08-05
L003104,Carson PLC,healthcare,140.0,Paid Search,2023-03-12,2,False,1,3,True,2023-06-06
L003105,"Skinner, Velasquez and Mcdonald",Real Estate,36.0,Paid Search,2025-06-24,2,False,0,3,False,
L003106,Delgado-Sullivan,,67.0,Partner,2025-12-06,2,False,1,2,False,
L003107,Martin-Pratt,Fintech,14.0,Outbound SDR,2024-09-23,3,False,1,3,True,2024-11-18
L003108,"Coleman, Nelson and Garcia",SaaS,23.0,Event/Webinar,2023-01-10,1,True,1,0,False,
L003109,Morrison-Bradford,,21.0,Outbound SDR,2024-02-18,3,False,0,3,True,2024-03-20
L003110,Allen and Sons,Education,54.0,Paid Search,2024-02-14,2,True,0,1,True,2024-02-25
L003111,"Rodriguez, Lewis and Smith",SAAS,102.0,Outbound SDR,2023-02-27,2,False,1,6,False,
L003112,Lopez-Harris,saas ,112.0,Referral,2024-01-29,6,False,1,0,True,2024-04-25
L003113,Allen Inc,Fintech,73.0,Paid Search,2023-07-17,4,True,1,3,True,2023-10-10
L003114,"Cunningham, Elliott and Tyler",Healthcare,50.0,Partner,2023-12-09,2,False,2,1,False,
L003115,Williams Inc,SaaS,54.0,Outbound SDR,2025-11-15,1,True,5,3,True,2025-11-28
L003116,Smith-Kelly,Education,,Referral,2026-02-25,3,False,1,3,False,
L003117,Benjamin-Porter,Retail,1018.0,Event/Webinar,2024-02-29,3,True,0,5,True,2024-05-08
L003118,Walton-Swanson,,87.0,Outbound SDR,2023-09-05,1,False,0,1,True,2023-10-04
L003119,Park Inc,Retail,508.0,Organic Search,2024-12-31,4,False,2,3,True,2025-02-10
L003120,Russell-Figueroa,Health Care,41.0,Organic Search,2025-04-03,5,False,3,1,True,2025-06-25
L003121,Shaw and Sons,Education,28.0,Organic Search,2025-03-08,3,False,0,1,False,
L003122,Matthews Group,Retail,50.0,Outbound SDR,2024-03-26,3,False,1,5,False,
L003123,Willis-Christian,Fintech,45.0,Partner,2024-07-24,4,False,1,2,True,2024-10-15
L003124,Martin-Fleming,Consulting,52.0,Referral,2023-03-31,3,False,0,1,False,
L003125,Mcclure Inc,Fintech,67.0,Paid Search,2025-04-21,2,False,4,4,False,
L003126,"Hall, Lewis and Maldonado",Manufacturing,42.0,Event/Webinar,2025-10-20,3,False,0,4,False,
L003127,Mack and Sons,Fintech,107.0,Partner,2026-01-03,3,False,1,3,False,
L003128,"Black, Chandler and Curtis",Consulting,16.0,Paid Search,2024-05-30,4,True,1,3,True,2024-06-11
L003129,West-Anderson,Consulting,63.0,Referral,2026-07-16,2,False,2,1,True,2026-08-29
L003130,Ward-Chase,Logistics,124.0,Partner,2023-09-30,2,False,2,7,False,
L003131,Williams-Marquez,Education,9.0,Paid Search,2026-07-25,4,False,0,3,False,
L003132,"Hughes, Clark and Bishop",Education,51.0,Partner,2025-09-14,3,True,3,2,True,2025-09-22
L003133,Rubio PLC,Education,98.0,Organic Search,2026-05-31,4,False,2,2,True,2026-08-13
L003134,"Gamble, Davis and Smith",Media,,Outbound SDR,2025-11-12,1,False,1,1,False,
L003135,Payne-Novak,Retail,54.0,Event/Webinar,2026-04-18,5,False,0,6,False,
L003136,Porter Group,SaaS,147.0,Paid Search,2023-02-13,5,True,1,2,False,
L003137,Jackson-Phillips,Consulting,91.0,Organic Search,2024-09-24,5,False,1,1,False,
L003138,Ramirez LLC,Retail,15.0,Partner,2025-05-27,4,False,0,6,False,
L003139,Davis-White,Retail,346.0,Event/Webinar,2023-06-12,3,True,1,1,True,2023-06-19
L003140,Scott-Kennedy,,37.0,Referral,2025-10-18,2,False,5,5,True,2025-11-24
L003141,Hines-Ramos,Retail,66.0,Paid Search,2025-02-08,2,False,0,2,False,
L003142,Case PLC,Retail,28.0,Partner,2023-03-19,2,True,1,5,True,2023-04-18
L003143,Williams-Trevino,Consulting,46.0,Outbound SDR,2024-11-04,4,True,0,5,False,
L003144,Ortiz-Harvey,Healthcare,57.0,Referral,2024-10-12,4,False,1,6,False,
L003145,"Anderson, Richardson and Kirk",SaaS,203.0,Event/Webinar,2025-04-29,2,False,0,6,False,
L003146,Brooks-Fleming,Manufacturing,348.0,Organic Search,2024-04-14,3,False,2,1,False,
L003147,"Cole, Rich and Esparza",Education,697.0,Referral,2024-05-11,4,False,0,8,True,2024-06-06
L003148,Oliver Ltd,Real Estate,656.0,Organic Search,2024-05-23,4,False,1,1,False,
L003149,Figueroa and Sons,Retail,160.0,Event/Webinar,2025-02-20,4,False,3,4,False,
L003150,"Nicholson, Smith and Farrell",Real Estate,24.0,Referral,2024-01-11,3,True,2,2,True,2024-03-07
L003151,Bennett-Hudson,SAAS,290.0,Organic Search,2025-10-03,2,False,1,2,True,2025-10-11
L003152,Walker Group,Retail,51.0,Organic Search,2026-07-23,1,False,0,3,False,
L003153,"Davis, Owens and Day",Health Care,93.0,Paid Search,2023-09-15,3,False,0,3,False,
L003154,Rodriguez-White,Fintech,130.0,Paid Search,2026-04-28,3,False,2,2,False,
L003155,Lowery Group,Real Estate,,Paid Search,2024-04-28,2,False,4,3,False,
L003156,Gonzalez-Murphy,Real Estate,48.0,Organic Search,2025-05-22,2,False,2,2,True,2025-07-20
L003157,Peterson-Munoz,,51.0,Paid Search,2024-02-09,2,False,3,4,True,2024-03-11
L003158,Park Group,Logistics,,Paid Search,2026-05-25,2,False,4,3,False,
L003159,Ramirez Inc,,253.0,Referral,2024-08-07,2,True,3,1,True,2024-10-19
L003160,"Moore, Harrison and Bowman",,205.0,Partner,2024-02-17,3,False,2,1,True,2024-03-22
L003161,Carroll-Huerta,,8.0,Organic Search,2025-01-06,3,False,2,2,True,2025-02-25
L003162,Brown-Stokes,Logistics,165.0,Paid Search,2025-08-22,5,True,2,1,False,
L003163,Irwin-Lewis,Media,,Outbound SDR,2025-10-31,2,False,0,1,False,
L003164,Parrish Ltd,Consulting,,Partner,2025-06-06,1,False,1,2,True,2025-06-25
L003165,Nelson-Reid,Media,255.0,Organic Search,2025-02-20,3,False,0,6,True,2025-04-15
L003166,Thomas LLC,financial tech,329.0,Referral,2026-05-03,4,True,1,2,True,2026-07-10
L003167,Miller-Russo,Healthcare,20.0,Event/Webinar,2023-12-26,4,False,0,3,False,
L003168,Savage-Warren,Manufacturing,47.0,Outbound SDR,2025-08-07,3,False,0,3,True,2025-09-15
L003169,"Orozco, White and Brown",Media,474.0,Referral,2025-02-07,5,False,0,4,False,
L003170,Peterson-Mullins,Real Estate,531.0,Event/Webinar,2025-09-11,3,False,1,2,True,2025-09-20
L003171,Gonzalez Group,Education,24.0,Paid Search,2025-08-19,1,True,1,5,True,2025-09-13
L003172,Alvarez-Barker,Healthcare,18.0,Paid Search,2023-01-09,3,False,2,6,False,
L003173,Sheppard Group,SaaS,3.0,Event/Webinar,2025-02-05,2,False,0,6,False,
L003174,Gaines-Hudson,Media,127.0,Outbound SDR,2025-05-01,2,False,2,1,False,
L003175,Hoffman PLC,Logistics,,Partner,2025-02-03,2,False,0,1,True,2025-03-24
L003176,Miller Ltd,Media,,Referral,2026-08-05,4,False,3,2,False,
L003177,"Jensen, Morris and Downs",Consulting,31.0,Organic Search,2025-04-17,1,True,1,3,False,
L003178,"Newton, Doyle and Stewart",SaaS,,organic-search,2025-02-27,1,False,2,2,False,
L003179,Mosley and Sons,Consulting,351.0,Paid Search,2024-02-02,4,True,1,4,True,2024-03-28
L003180,Lin-Wilson,Manufacturing,114.0,Partner,2024-12-14,4,True,2,3,False,
L003181,"Russell, Meyer and Smith",Real Estate,66.0,Partner,2025-09-27,2,False,3,3,False,
L003182,Harding-Mathews,Education,116.0,Partner,2023-04-29,4,False,1,3,True,2023-07-21
L003183,"Cole, Montes and Davis",Logistics,9.0,Outbound SDR,2024-05-20,3,True,0,5,False,
L003184,Reese and Sons,Retail,28.0,Outbound SDR,2023-03-12,6,True,0,2,False,
L003185,Horton-Schroeder,Education,311.0,Partner,2023-02-27,3,False,0,1,True,2023-05-27
L003186,"Gray, Bailey and Farley",Healthcare,149.0,Referral,2026-05-24,3,False,4,3,False,
L003187,"Ray, Smith and Cervantes",Media,26.0,Partner,2023-10-29,4,False,0,0,False,
L003188,Turner LLC,Manufacturing,22.0,Paid Search,2026-05-18,1,False,0,4,False,
L003189,"Fuentes, Martinez and Porter",Consulting,74.0,Partner,2023-11-27,2,False,2,4,False,
L003190,Gutierrez-Bell,saas ,87.0,Organic Search,2023-07-09,2,False,2,13,False,
L003191,"Simmons, Dickson and Rogers",,20.0,Outbound SDR,2026-04-15,3,False,0,2,False,
L003192,Ellis LLC,Fintech,,Event/Webinar,2024-01-22,3,False,0,2,True,2024-03-16
L003193,Tran and Sons,Healthcare,17.0,Outbound SDR,2024-06-01,2,True,1,2,True,2024-08-28
L003194,"Graham, Mitchell and Keller",Manufacturing,118.0,Event/Webinar,2025-12-27,2,False,1,1,False,
L003195,"Kim, Campbell and Oliver",Logistics,65.0,Event/Webinar,2024-09-22,3,False,1,3,False,
L003196,Cowan Inc,Logistics,50.0,Partner,2023-07-02,2,True,1,1,True,2023-07-15
L003197,Banks PLC,Consulting,71.0,Referral,2023-10-20,4,False,1,1,True,2023-11-23
L003198,Garcia-Brady,Retail,,Partner,2025-03-26,3,False,3,1,False,
L003199,"Ho, Garcia and Wallace",Manufacturing,5.0,Organic Search,2023-12-11,6,False,0,4,False,
L003200,"Shaffer, Contreras and Christian",Media,1077.0,Organic Search,2023-07-18,1,True,1,4,False,
L003201,Walker Group,Fintech,174.0,Partner,2025-05-05,3,True,2,1,True,2025-07-11
L003202,"James, Gonzalez and Harrison",Logistics,182.0,Partner,2024-08-13,3,True,3,1,False,
L003203,Bell Group,Logistics,170.0,Paid Search,2023-12-28,2,False,1,2,False,
L003204,Odonnell-Newman,Education,58.0,Paid Search,2023-10-03,4,False,1,2,False,
L003205,"Foster, Ayers and Casey",Retail,422.0,Outbound SDR,2024-01-08,2,True,3,4,True,2024-03-12
L003206,"Campbell, Hobbs and Baker",FinTech,684.0,Outbound SDR,2026-03-07,4,False,3,2,True,2026-04-03
L003207,Nunez-Smith,healthcare,59.0,Paid Search,2023-05-01,2,True,1,3,True,2023-05-24
L003208,Johnson-Johnson,Retail,181.0,Referral,2025-04-17,3,False,0,5,True,2025-06-12
L003209,Randall-Stone,Consulting,135.0,Organic Search,2026-07-27,3,False,1,6,True,2026-08-06
L003210,"Greene, Rogers and Haley",Fintech,145.0,Referral,2023-06-25,5,False,2,4,True,2023-08-12
L003211,Allen-Beltran,Fintech,47.0,Referral,2023-05-12,3,False,1,4,True,2023-06-24
L003212,Jensen Group,saas ,63.0,Event/Webinar,2024-04-25,3,False,0,2,False,
L003213,Solis PLC,Media,98.0,Outbound SDR,2023-07-26,4,False,0,2,False,
L003214,Anderson-Fields,SaaS,303.0,Organic Search,2024-06-28,5,False,0,4,False,
L003215,"Thompson, Strong and Holmes",SaaS,8.0,Partner,2026-04-07,2,False,1,1,False,
L003216,Hall-Mckinney,SaaS,27.0,Organic Search,2024-03-08,4,False,0,4,False,
L003217,Gordon Ltd,Real Estate,10.0,Organic Search,2025-02-08,6,False,0,3,True,2025-04-26
L003218,"Mueller, Cameron and Burton",Real Estate,41.0,Referral,2025-09-22,2,False,0,1,True,2025-11-21
L003219,Hood-Moore,Education,62.0,Event/Webinar,2025-05-29,2,False,2,1,False,
L003220,Harris-Davis,Education,75.0,Referral,2024-12-03,4,True,3,5,False,
L003221,Smith-Carrillo,Education,,Paid Search,2025-01-09,3,False,2,3,True,2025-04-04
L003222,Johnson Ltd,Logistics,29.0,Outbound SDR,2026-06-04,2,True,7,1,False,
L003223,"Knapp, Miller and Reyes",SaaS,54.0,Referral,2024-11-07,2,True,2,4,True,2024-11-19
L003224,"Gross, Lucero and Walters",,105.0,Outbound SDR,2025-04-02,2,False,2,5,False,
L003225,Lopez-Delgado,Healthcare,,Organic Search,2026-05-17,4,False,1,2,False,
L003226,Phillips PLC,Fintech,,Event/Webinar,2024-07-26,4,False,1,5,False,
L003227,Barber Group,Retail,82.0,Referral,2025-07-14,4,True,1,5,True,2025-10-01
L003228,Hopkins-Hill,Media,16.0,Event/Webinar,2025-04-26,3,False,1,6,False,
L003229,Burton Ltd,Retail,1765.0,Organic Search ,2026-07-30,3,False,1,4,True,2026-08-19
L003230,"Camacho, Rodriguez and Ho",SaaS,,Partner,2025-01-07,2,False,2,2,False,
L003231,Rodriguez LLC,SaaS,23.0,Partner,2024-10-28,5,True,1,5,True,2025-01-22
L003232,Kline-Davis,Media,75.0,Paid Search,2026-05-27,1,False,0,11,False,
L003233,Kirk-Durham,Media,97.0,Outbound SDR,2026-06-08,2,False,2,5,False,
L003234,Myers Group,Fintech,,Referral,2025-05-26,2,True,3,3,False,
L003235,Gutierrez Group,Media,,Partner,2023-07-25,4,True,1,2,False,
L003236,"Jones, Mcdaniel and Brooks",Logistics,219.0,Referral,2026-05-28,6,False,2,3,False,
L003237,Schultz-Hayes,Retail,315.0,Partner,2023-10-21,1,True,1,3,True,2023-12-26
L003238,White Inc,Consulting,14.0,Partner,2025-10-30,3,False,2,0,True,2025-11-03
L003239,Keller Ltd,healthcare,,Outbound SDR,2023-06-28,4,False,0,4,False,
L003240,"Bond, Wilson and Cooper",Manufacturing,21.0,Partner,2026-01-28,4,True,2,3,True,2026-03-28
L003241,Webb-Mendez,Healthcare,246.0,Outbound SDR,2023-08-25,4,True,4,3,False,
L003242,"Smith, Boyd and Scott",Media,43.0,Partner,2026-01-12,1,True,5,3,True,2026-02-11
L003243,Lee Inc,Retail,171.0,Paid Search,2023-12-16,2,True,0,2,False,
L003244,"Johnson, Hunt and Hernandez",Fintech,1487.0,Organic Search,2025-06-09,2,False,1,4,False,
L003245,Wilson-Robinson,,307.0,Paid Search,2024-10-30,3,False,1,1,False,
L003246,Taylor-Miller,Logistics,33.0,Referral,2024-03-27,7,False,0,6,True,2024-04-28
L003247,"Case, Adams and Olson",Media,56.0,Partner,2023-09-10,4,False,4,2,False,
L003248,Bailey PLC,Healthcare,470.0,Event/Webinar,2026-07-21,3,False,1,5,False,
L003249,"Phillips, Mcgee and Simpson",Media,108.0,Organic Search,2024-11-12,1,False,2,1,False,
L003250,"Potts, Nielsen and Wright",Retail,31.0,Event/Webinar,2026-05-15,1,False,0,3,False,
L003251,Mcdaniel Ltd,Fintech,66.0,Partner,2024-12-03,2,False,1,1,False,
L003252,Hayden-Garcia,Logistics,40.0,Partner,2025-02-20,1,False,0,5,True,2025-05-14
L003253,"Collins, Bauer and Mckay",Real Estate,164.0,Outbound SDR,2024-04-22,2,False,0,1,False,
L003254,Hamilton-Griffin,,145.0,Referral,2023-08-25,3,False,1,4,True,2023-10-01
L003255,"Burgess, Cabrera and Dean",Fintech,138.0,Organic Search,2023-07-02,4,True,3,3,True,2023-08-14
L003256,"Reyes, Gonzalez and Gomez",Consulting,38.0,Paid Search,2023-08-26,2,False,1,5,False,
L003257,"Weiss, Cole and Preston",Consulting,24.0,Referral,2023-09-18,3,False,2,3,False,
L003258,"King, Ortiz and Munoz",Education,764.0,Outbound SDR,2026-03-27,2,True,1,1,False,
L003259,"Clements, Moreno and Sanders",SaaS,96.0,Referral,2023-05-07,3,False,1,7,False,
L003260,White LLC,Consulting,159.0,Event/Webinar,2024-01-24,2,False,1,5,False,
L003261,Gibbs-Howard,Logistics,44.0,Outbound SDR,2024-10-16,4,False,1,3,False,
L003262,Lewis LLC,Education,61.0,Partner,2023-09-16,2,False,2,4,True,2023-11-21
L003263,Thomas-Edwards,Consulting,103.0,Event/Webinar,2024-03-30,1,False,2,5,True,2024-04-12
L003264,Flores Inc,Logistics,119.0,Organic Search,2026-01-07,2,False,1,2,False,
L003265,"Murphy, Marshall and Pope",Media,1516.0,Referral,2023-10-24,3,False,0,0,True,2023-11-30
L003266,Hoffman Group,Retail,142.0,Outbound SDR,2025-07-22,5,False,1,3,True,2025-08-09
L003267,Guzman-Rose,Consulting,39.0,Referral,2023-10-26,5,False,3,5,False,
L003268,Hoffman Ltd,SaaS,15.0,Event/Webinar,2024-10-17,1,False,2,2,False,
L003269,"Shah, Aguirre and Powers",Manufacturing,3373.0,Event/Webinar,2023-09-10,1,False,0,3,False,
L003270,"Stafford, Fisher and Avila",Manufacturing,916.0,Partner,2026-03-21,6,False,0,1,False,
L003271,Li-Gonzalez,Media,445.0,Partner,2024-03-17,2,False,1,10,True,2024-05-19
L003272,Lang Group,Manufacturing,184.0,Partner,2025-02-10,3,True,1,4,True,2025-02-17
L003273,Mooney Group,Education,167.0,Paid Search,2024-03-07,4,True,1,8,True,2024-04-04
L003274,Martinez and Sons,SaaS,5.0,Paid Search,2025-09-25,3,False,1,2,True,2025-11-14
L003275,"Murphy, Reyes and Ray",Manufacturing,106.0,Partner,2023-11-23,3,True,2,1,True,2023-11-25
L003276,Smith-Logan,Real Estate,,Outbound SDR,2024-11-22,2,False,2,4,False,
L003277,"Travis, Buck and Mitchell",Logistics,35.0,Partner,2025-08-27,4,False,0,7,True,2025-10-10
L003278,Johnson-Ferguson,Logistics,56.0,Outbound SDR,2023-05-28,3,True,3,1,True,2023-08-03
L003279,"Williams, Newman and Jones",Manufacturing,193.0,Referral,2024-02-04,4,True,0,3,True,2024-05-03
L003280,Gallegos Group,Real Estate,19.0,Outbound SDR,2023-07-19,1,False,2,2,True,2023-08-04
L003281,"Turner, Stewart and Reed",Education,,Event/Webinar,2023-04-21,2,False,3,3,True,2023-07-20
L003282,Hawkins LLC,Manufacturing,112.0,Outbound SDR,2023-12-02,1,False,2,3,True,2024-02-13
L003283,Salazar-Long,,558.0,Outbound SDR,2025-09-15,7,False,2,2,False,
L003284,"Riggs, Snyder and Davidson",Manufacturing,34.0,Paid Search,2024-03-05,2,True,1,2,True,2024-04-01
L003285,Cameron PLC,Retail,,Partner,2026-08-26,1,True,2,3,True,2026-08-26
L003286,Johnson Inc,Education,23.0,Partner,2026-03-24,1,True,2,8,True,2026-04-06
L003287,Taylor LLC,,152.0,Outbound SDR,2025-05-24,1,True,0,3,False,
L003288,"Ramsey, Perez and Miller",,22.0,Organic Search,2023-07-16,3,False,4,4,False,
L003289,"Barrera, Wood and Leach",Education,31.0,Outbound SDR,2024-01-03,2,True,0,1,False,
L003290,Villa Inc,SAAS,16.0,Organic Search,2025-11-21,3,False,1,1,False,
L003291,Ware-Williams,Education,226.0,Event/Webinar,2025-06-07,3,False,2,4,False,
L003292,Valentine Inc,Healthcare,38.0,Partner,2025-04-07,2,False,1,1,False,
L003293,Murphy-Salazar,,48.0,Organic Search,2023-09-01,1,False,2,1,False,
L003294,Nelson-Jackson,Retail,105.0,Outbound SDR,2025-09-27,2,False,2,3,False,
L003295,Silva Inc,Manufacturing,,Partner,2026-05-05,1,True,2,4,False,
L003296,Flores and Sons,Healthcare,84.0,Partner,2025-02-07,2,False,1,2,False,
L003297,"Barron, Church and Gutierrez",Fintech,169.0,Outbound SDR,2026-08-24,1,False,1,5,False,
L003298,Barnett-Boyd,Logistics,46.0,Referral,2026-07-19,6,False,2,1,True,2026-08-29
L003299,Lane Ltd,,135.0,Referral,2023-01-24,6,False,2,2,True,2023-02-08
L003300,Bray-Morris,FinTech,143.0,Organic Search,2023-09-07,2,False,1,2,True,2023-11-08
L003301,"Webb, Davis and Miranda",Real Estate,83.0,Paid Search,2023-02-17,3,False,5,2,False,
L003302,"Miller, Hansen and Salas",Consulting,,Event/Webinar,2026-03-18,3,False,3,4,True,2026-05-18
L003303,"Holland, Foley and Neal",Manufacturing,49.0,Partner,2023-07-13,4,True,1,3,False,
L003304,Bonilla Inc,Consulting,19.0,Paid Search,2025-02-25,4,False,1,5,False,
L003305,Smith and Sons,Media,121.0,Partner,2025-06-07,4,False,2,1,False,
L003306,Cardenas-Lopez,,,Event/Webinar,2023-09-14,1,False,0,4,False,
L003307,Peterson PLC,Fintech,168.0,Referral,2023-05-11,3,False,0,3,False,
L003308,"Palmer, Edwards and Blackburn",Real Estate,58.0,Paid Search,2025-04-10,3,False,1,5,False,
L003309,"Gibson, Moore and Wagner",SaaS,7.0,Outbound SDR,2026-02-12,2,False,0,4,False,
L003310,Robinson LLC,Real Estate,23.0,Event/Webinar,2025-09-27,6,False,1,6,False,
L003311,Hester-Parrish,Fintech,192.0,Event/Webinar,2026-04-12,4,False,0,4,False,
L003312,"Harris, Ross and Jones",Real Estate,62.0,Partner,2026-08-27,4,False,1,3,False,
L003313,Martin-Parker,Fintech,73.0,Paid Search,2023-08-29,1,False,0,2,False,
L003314,"Wong, Thomas and Walter",Healthcare,249.0,Event/Webinar,2024-01-04,1,False,2,2,False,
L003315,"Rodriguez, Smith and Murray",SaaS,274.0,Event/Webinar,2025-07-04,4,True,0,1,False,
L003316,Johnson-Stanley,Education,11.0,Organic Search,2023-03-22,4,False,0,0,False,
L003317,Bell-Wilson,Healthcare,13.0,Event/Webinar,2024-02-27,4,True,2,2,False,
L003318,"Miller, Reynolds and Hernandez",Health Care,141.0,organic-search,2026-02-25,2,False,3,4,False,
L003319,"Jordan, Cook and Alexander",Manufacturing,73.0,Organic Search,2023-06-23,1,False,3,2,False,
L003320,Davis-Wong,,174.0,Event/Webinar,2024-09-03,2,False,2,4,False,
L003321,"Reilly, Lee and Lopez",Education,21.0,Event/Webinar,2023-12-18,2,False,0,3,False,
L003322,Wheeler PLC,Logistics,19.0,Partner,2023-01-01,1,False,4,6,False,
L003323,"Snyder, Hamilton and Maldonado",Retail,40.0,Referral,2023-04-05,3,True,1,4,True,2023-06-10
L003324,"Wright, Rodriguez and Wilson",Manufacturing,,Partner,2025-12-29,7,False,1,2,True,2026-02-23
L003325,Johnston and Sons,Healthcare,,Event/Webinar,2025-10-01,3,True,0,3,True,2025-12-28
L003326,Patel LLC,Education,120.0,Event/Webinar,2024-12-22,2,False,3,2,False,
L003327,Andrade Ltd,Consulting,,Event/Webinar,2025-11-11,6,False,0,2,False,
L003328,"Sullivan, Long and Robinson",Retail,543.0,Partner,2023-07-22,4,False,1,5,False,
L003329,"Adams, Harris and Floyd",,29.0,Paid Search,2023-03-17,2,True,0,2,False,
L003330,Walsh-Mccarthy,Retail,47.0,Paid Search,2024-09-05,4,False,0,4,False,
L003331,Gross-Davis,Retail,,Paid Search,2026-05-18,3,True,1,2,False,
L003332,"Velez, Howell and Stevenson",Real Estate,195.0,Paid Search,2026-04-26,5,False,0,4,True,2026-06-10
L003333,"Allen, Edwards and Jones",Manufacturing,38.0,Paid Search,2026-06-28,4,False,1,2,True,2026-08-21
L003334,Cook Group,Fintech,108.0,Event/Webinar,2024-06-06,3,False,3,3,True,2024-07-09
L003335,Rivers Ltd,Logistics,41.0,Partner,2023-12-01,1,False,2,0,False,
L003336,Patterson-Smith,Logistics,80.0,Outbound SDR,2023-06-20,4,False,1,4,False,
L003337,Ibarra-Jackson,Manufacturing,135.0,Partner,2025-05-21,6,True,1,1,True,2025-08-17
L003338,Wheeler Group,Healthcare,24.0,Event/Webinar,2024-02-22,5,False,1,3,False,
L003339,"Smith, Marks and Kennedy",FinTech,206.0,Partner,2024-07-05,4,False,0,1,True,2024-09-24
L003340,Fuentes PLC,Retail,58.0,Partner,2025-02-01,3,True,1,2,False,
L003341,"Mooney, Conley and Fox",Consulting,,Partner,2026-08-19,4,False,2,1,False,
L003342,Fischer Inc,Real Estate,128.0,Event/Webinar,2023-12-02,4,False,2,1,False,
L003343,Torres Ltd,Logistics,,Paid Search,2024-10-09,3,False,0,0,False,
L003344,Chavez-Navarro,Logistics,11.0,Outbound SDR,2023-02-23,3,False,3,5,True,2023-05-11
L003345,"Scott, Tucker and Diaz",Retail,218.0,Organic Search,2024-07-07,3,True,1,3,False,
L003346,Carey LLC,Fintech,201.0,Event/Webinar,2023-08-14,4,False,2,4,True,2023-11-09
L003347,"Cook, Holmes and Beck",Real Estate,172.0,Outbound SDR,2023-05-16,2,False,0,6,False,
L003348,"Washington, Nelson and Stone",Education,416.0,Partner,2023-07-02,4,False,1,2,False,
L003349,"Smith, Irwin and Chase",Education,198.0,Referral,2024-07-13,4,True,2,5,True,2024-07-31
L003350,"Mcknight, Howard and Johnson",Retail,282.0,Referral,2023-01-21,5,False,1,5,False,
L003351,"Figueroa, Mcpherson and Howard",financial tech,97.0,Outbound SDR,2024-03-31,3,False,1,2,False,
L003352,"Davis, Knapp and Gray",,538.0,Organic Search,2023-09-10,2,False,2,1,False,
L003353,Sheppard Ltd,,475.0,Event/Webinar,2024-09-19,2,False,1,3,False,
L003354,"Gardner, Gaines and Archer",Consulting,106.0,Outbound SDR,2023-07-15,3,False,0,1,False,
L003355,"Thompson, Lozano and Bailey",Real Estate,1249.0,Referral,2026-03-17,3,False,1,4,True,2026-04-22
L003356,Myers-Butler,Real Estate,,Referral,2026-05-29,4,False,2,5,False,
L003357,Parker-Williams,,157.0,Organic Search,2023-12-16,2,False,1,0,False,
L003358,"Miles, Flowers and Martinez",Education,584.0,Outbound SDR,2024-01-06,1,False,0,0,True,2024-02-19
L003359,Knight-Sparks,Real Estate,86.0,Event/Webinar,2026-05-02,4,False,0,1,False,
L003360,Roberts-Montes,Logistics,2.0,Outbound SDR,2026-04-28,3,False,0,5,False,
L003361,Ho-Thomas,Healthcare,211.0,Referral,2023-01-20,4,False,1,3,True,2023-04-17
L003362,"Hernandez, Levy and Hanson",Real Estate,339.0,Partner,2023-11-15,4,False,0,2,False,
L003363,"Martin, Tucker and Brown",Healthcare,63.0,Paid Search,2025-02-14,6,False,1,2,True,2025-04-27
L003364,Smith-Williams,Manufacturing,84.0,Organic Search,2026-08-02,2,True,0,5,True,2026-08-13
L003365,Petersen-Martinez,,52.0,Partner,2026-05-31,2,True,1,0,True,2026-07-23
L003366,Torres-Jordan,Media,319.0,Paid Search,2025-06-17,4,False,0,4,False,
L003367,"Flowers, Williams and Taylor",Education,453.0,Outbound SDR,2025-10-25,2,False,3,1,False,
L003368,Glover-Shaw,Manufacturing,56.0,Referral,2025-05-26,3,False,2,3,False,
L003369,"Moore, Miller and Nelson",Real Estate,39.0,Partner,2024-04-13,3,True,1,5,True,2024-05-22
L003370,"Gonzalez, Richards and Miller",financial tech,26.0,Referral,2025-04-12,3,False,4,2,False,
L003371,Johnson LLC,Education,,Organic Search,2026-07-23,4,True,2,2,True,2026-07-28
L003372,Cain Ltd,Fintech,74.0,Partner,2024-05-06,3,False,2,3,False,
L003373,Henderson-Rasmussen,Fintech,4611.0,Paid Search,2026-03-24,4,False,0,1,False,
L003374,Orozco LLC,,37.0,Organic Search,2024-08-08,1,False,2,2,False,
L003375,"Collins, Elliott and Shelton",Real Estate,117.0,Outbound SDR,2023-01-22,5,False,2,3,False,
L003376,Brock-Taylor,Logistics,21.0,Partner,2025-11-07,2,False,2,0,False,
L003377,Wright Group,Health Care,78.0,Outbound SDR,2025-10-16,7,False,3,2,True,2025-12-20
L003378,"Gonzalez, Torres and Evans",,84.0,Partner,2023-09-13,3,False,1,4,False,
L003379,"Murray, White and Patton",Logistics,78.0,Organic Search,2026-06-16,4,False,3,2,True,2026-07-10
L003380,Davis-Rose,,148.0,Partner,2025-05-20,5,False,5,5,True,2025-08-17
L003381,"Edwards, Donovan and Marquez",Real Estate,56.0,Partner,2024-12-07,3,True,0,2,False,
L003382,Gomez-Owens,Retail,160.0,Partner,2025-12-17,2,False,5,3,True,2026-03-14
L003383,Murray-Gaines,Consulting,80.0,Organic Search,2026-05-28,2,False,0,2,False,
L003384,Bernard Group,Media,,Paid Search,2025-12-08,2,True,1,5,False,
L003385,Campos PLC,Retail,14.0,Paid Search,2023-06-03,2,False,3,3,False,
L003386,Buchanan-Carpenter,Education,9.0,Paid Search,2025-11-18,3,False,2,5,False,
L003387,Martinez-Daniels,Education,47.0,Organic Search,2025-05-15,2,False,2,4,True,2025-07-17
L003388,"Rich, Brown and Bruce",Logistics,78.0,Paid Search,2025-02-03,3,False,0,4,False,
L003389,Powell Inc,financial tech,34.0,Referral,2024-05-26,3,False,0,2,False,
L003390,Aguirre-Golden,Real Estate,,Organic Search,2024-08-17,2,False,1,2,False,
L003391,Combs-Miller,Manufacturing,,Outbound SDR,2024-08-24,1,True,1,2,False,
L003392,Gallegos-Santos,Manufacturing,64.0,Paid Search,2023-01-05,1,False,0,3,True,2023-03-26
L003393,Wheeler-Short,Consulting,712.0,Outbound SDR,2024-03-21,3,False,2,4,False,
L003394,"Olson, Rivera and Brown",Manufacturing,77.0,Partner,2025-11-21,4,False,2,3,False,
L003395,"Richards, Dixon and Love",SaaS,608.0,Outbound SDR,2026-06-19,1,False,2,2,False,
L003396,"Harris, Thomas and Yang",Media,89.0,Organic Search,2024-12-29,4,True,4,6,True,2024-12-29
L003397,Taylor-Jacobson,Consulting,20.0,Outbound SDR,2024-11-03,3,False,1,3,True,2024-12-11
L003398,"Phelps, Turner and Collins",Education,158.0,Organic Search,2023-01-11,3,True,0,0,False,
L003399,Shaffer PLC,Education,154.0,Partner,2024-01-17,6,True,2,4,True,2024-03-08
L003400,"Gonzalez, Jones and Hernandez",Education,58.0,Organic Search,2023-07-27,6,False,1,2,True,2023-09-20
L003401,Meyer and Sons,Media,134.0,Paid Search,2023-06-23,3,False,0,3,True,2023-08-29
L003402,Garcia Inc,Real Estate,37.0,Paid Search,2025-04-21,1,False,1,3,False,
L003403,"Wallace, Brown and Martinez",Fintech,39.0,Outbound SDR,2023-01-15,2,False,2,2,True,2023-02-03
L003404,Webb-White,Manufacturing,10.0,Paid Search,2025-08-21,2,False,1,3,False,
L003405,Skinner PLC,,267.0,Referral,2024-09-04,2,False,0,3,False,
L003406,Underwood-Maldonado,Education,123.0,Outbound SDR,2024-01-09,4,False,2,7,False,
L003407,"Williamson, Reynolds and Fields",Real Estate,59.0,Referral,2023-08-11,2,True,2,6,False,
L003408,Thomas Ltd,Media,372.0,Partner,2025-06-18,3,False,1,4,False,
L003409,"Allen, Hunt and Lyons",Healthcare,6.0,Paid Search,2024-12-25,2,False,1,6,False,
L003410,Alvarez LLC,Logistics,19.0,Organic Search,2025-01-05,3,False,1,4,False,
L003411,Contreras-Haley,Retail,127.0,Organic Search,2024-01-24,2,False,4,6,False,
L003412,Richardson-Hill,Manufacturing,51.0,Organic Search,2023-10-01,1,False,1,3,False,
L003413,Wolfe-Rodriguez,Logistics,40.0,Outbound SDR,2024-11-09,2,False,2,0,False,
L003414,Li-Hernandez,SaaS,143.0,Paid Search,2024-02-12,3,False,1,2,False,
L003415,Bryant-Elliott,Media,137.0,Partner,2024-06-28,4,False,3,4,True,2024-07-13
L003416,Carpenter Inc,Logistics,295.0,Outbound SDR,2026-01-31,2,False,0,3,False,
L003417,"Santos, Sandoval and Wallace",Media,,Partner,2023-09-18,2,False,1,1,False,
L003418,Estes-Mcdonald,Education,866.0,Outbound SDR,2025-10-24,3,True,1,4,False,
L003419,"Ellis, Smith and Moore",Logistics,19.0,Paid Search,2023-08-13,5,False,2,4,False,
L003420,"Foley, Gordon and Bailey",,,Organic search,2023-09-16,4,True,2,3,False,
L003421,"Warren, Palmer and Thompson",Healthcare,55.0,Referral,2025-10-21,3,False,2,1,True,2025-10-22
L003422,Bell Ltd,Retail,42.0,Organic Search,2024-12-01,4,False,0,1,False,
L003423,"Morgan, Espinoza and Buchanan",Logistics,26.0,Event/Webinar,2023-01-17,1,False,1,1,False,
L003424,Glover-Barrett,Logistics,178.0,Outbound SDR,2024-08-15,3,False,5,6,True,2024-09-20
L003425,Jones-Franco,Media,14.0,Organic search,2025-05-28,1,True,0,2,False,
L003426,Bennett-Ruiz,Retail,120.0,Event/Webinar,2023-11-09,3,True,0,3,False,
L003427,"White, Erickson and Hunter",Real Estate,209.0,Paid Search,2024-05-25,3,False,1,1,True,2024-06-29
L003428,"Fox, Anderson and Nguyen",Fintech,409.0,Referral,2024-05-21,3,False,1,3,False,
L003429,"Bailey, Williamson and Powell",Logistics,81.0,Paid Search,2025-08-28,3,False,1,3,True,2025-11-26
L003430,Johnson Ltd,Fintech,130.0,Partner,2025-10-25,4,True,1,5,False,
L003431,Hall Ltd,Consulting,51.0,Paid Search,2024-01-22,4,False,3,2,False,
L003432,Porter Ltd,Consulting,53.0,Partner,2026-07-23,3,False,0,3,False,
L003433,Morris-Hall,,20.0,Paid Search,2023-09-04,3,False,1,4,False,
L003434,"Flynn, Garcia and Gilmore",Healthcare,20.0,Outbound SDR,2023-03-20,3,False,2,4,False,
L003435,"Stafford, Campos and Fisher",Manufacturing,43.0,Paid Search,2023-10-27,4,False,5,2,False,
L003436,Brown LLC,Logistics,65.0,Organic Search,2026-06-16,2,True,1,3,True,2026-07-11
L003437,Johnson Ltd,Fintech,69.0,Organic Search,2025-02-17,3,True,2,1,True,2025-04-10
L003438,Alexander LLC,Real Estate,70.0,Referral,2026-07-21,4,False,0,2,False,
L003439,"Welch, Johnson and Thompson",Retail,193.0,Paid Search,2024-11-19,4,True,1,2,False,
L003440,Hale Group,Logistics,,Outbound SDR,2023-05-06,2,False,0,1,False,
L003441,Zhang PLC,Real Estate,28.0,Outbound SDR,2026-08-11,1,True,2,2,False,
L003442,"Gonzalez, King and Kim",SaaS,10.0,Referral,2023-08-14,2,False,2,5,False,
L003443,Perez-Harmon,Manufacturing,625.0,Referral,2024-07-28,4,False,0,5,False,
L003444,Cervantes-Stokes,Education,252.0,Partner,2025-05-06,3,True,4,2,True,2025-06-06
L003445,Miller Inc,Education,24.0,Organic Search,2024-01-08,3,False,0,4,True,2024-01-13
L003446,"Moyer, Davis and Johnson",SaaS,80.0,Organic Search,2024-10-20,3,False,0,4,True,2024-11-16
L003447,Barry LLC,Manufacturing,56.0,Outbound SDR,2024-07-27,3,False,1,2,False,
L003448,Carroll-Lin,Consulting,400.0,Organic Search ,2025-06-01,3,False,1,5,False,
L003449,Lopez-Blair,Healthcare,85.0,Referral,2025-10-03,3,False,0,3,False,
L003450,"May, Crawford and Collier",Education,69.0,Referral,2024-09-15,3,False,2,3,True,2024-09-29
L003451,"Carey, Mason and Kelly",Fintech,,Partner,2023-01-28,3,True,1,1,True,2023-04-25
L003452,"Castaneda, Solis and Gonzales",Real Estate,33.0,Paid Search,2024-11-09,3,False,2,3,False,
L003453,"Bennett, Jones and Miller",Education,61.0,Partner,2025-01-10,4,False,1,3,False,
L003454,"Evans, Wilson and Hall",,51.0,Event/Webinar,2026-05-23,4,True,0,0,False,
L003455,"Fernandez, Johnson and Nicholson",Education,13.0,Paid Search,2026-08-24,4,True,1,0,True,2026-08-28
L003456,Nielsen-King,Retail,108.0,Event/Webinar,2025-02-25,3,False,0,3,False,
L003457,"Howard, Brennan and Moore",,29.0,Organic Search,2023-09-25,2,False,0,6,False,
L003458,Jones-Johnston,Consulting,166.0,Organic Search,2023-03-26,3,False,4,3,True,2023-06-09
L003459,"Frederick, Porter and Ross",Retail,27.0,Paid Search,2025-07-01,2,True,0,1,False,
L003460,Gardner Inc,Fintech,50.0,Organic Search,2026-01-24,9,False,3,3,False,
L003461,"Ruiz, Lowery and Baker",Consulting,33.0,Referral,2024-09-09,5,False,0,2,False,
L003462,Johnson Group,Media,35.0,Paid Search,2025-12-28,2,False,1,2,False,
L003463,Gonzalez-Barron,Healthcare,177.0,Organic Search,2023-09-19,5,True,1,3,True,2023-10-13
L003464,Taylor PLC,Logistics,275.0,Event/Webinar,2024-06-01,5,True,1,4,True,2024-08-11
L003465,"Rivera, Todd and Gaines",Education,72.0,Referral,2025-07-07,3,False,2,5,False,
L003466,Young Inc,Fintech,109.0,Outbound SDR,2023-05-19,3,False,0,2,False,
L003467,"Strong, Warner and Cannon",Media,69.0,Outbound SDR,2025-12-08,2,True,0,7,True,2026-02-10
L003468,Reed Inc,SaaS,28.0,Paid Search,2026-05-12,4,False,0,4,False,
L003469,George-Salazar,Manufacturing,,Partner,2023-09-22,4,True,2,1,True,2023-10-29
L003470,Clay Group,SaaS,6.0,Event/Webinar,2023-05-05,6,True,0,1,False,
L003471,Nelson Inc,Retail,72.0,Partner,2025-03-25,4,False,0,4,False,
L003472,Johnson PLC,Media,1158.0,Partner,2025-12-26,4,False,3,4,True,2026-03-01
L003473,Santos Group,Fintech,,Paid Search,2025-06-15,2,False,3,7,True,2025-08-19
L003474,Turner-Horn,Logistics,391.0,Event/Webinar,2025-03-10,3,False,0,5,True,2025-04-30
L003475,Smith Inc,Consulting,86.0,Referral,2024-02-28,4,True,0,4,False,
L003476,Ayala and Sons,Healthcare,26.0,Organic Search,2023-11-24,2,True,2,1,False,
L003477,"Franklin, Gray and Sutton",Consulting,81.0,Paid Search,2026-04-27,1,False,1,5,False,
L003478,Tran Inc,Software,103.0,Event/Webinar,2025-07-21,4,True,1,4,True,2025-09-23
L003479,Cannon-Dominguez,Real Estate,,Referral,2024-09-13,4,False,0,0,False,
L003480,Miles-Dunn,Retail,24.0,Referral,2024-07-03,5,False,3,4,False,
L003481,Kim PLC,Real Estate,152.0,Organic Search,2023-12-17,2,True,0,2,True,2024-01-14
L003482,Bell-Cooper,SaaS,,Event/Webinar,2024-05-02,4,False,2,2,False,
L003483,Allen Inc,Manufacturing,10.0,Organic Search,2026-08-02,4,False,0,5,False,
L003484,"Smith, Gutierrez and Goodwin",Healthcare,,Referral,2023-09-30,2,True,1,1,False,
L003485,"Bradley, Ritter and Smith",Manufacturing,477.0,Organic Search,2026-08-08,3,False,1,3,False,
L003486,"Wright, Brown and Brown",Retail,791.0,Paid Search,2025-12-30,3,False,0,3,False,
L003487,White-Williams,Fintech,35.0,Organic Search,2026-08-21,2,True,1,7,True,2026-08-26
L003488,Morrison-Zamora,Consulting,177.0,Referral,2024-10-26,4,False,1,1,False,
L003489,Anderson-Sanders,Fintech,,Partner,2026-01-29,4,False,0,4,True,2026-03-03
L003490,"Martinez, Jones and Wright",Healthcare,11.0,Outbound SDR,2026-06-06,3,False,3,1,False,
L003491,"Harris, Thornton and Li",,136.0,Referral,2023-04-28,3,False,0,3,True,2023-07-17
L003492,Wallace LLC,saas ,360.0,Referral,2024-03-25,2,True,2,2,False,
L003493,Deleon-Carter,Manufacturing,,Paid Search,2024-06-08,2,False,1,2,False,
L003494,"Sanchez, Orozco and Flores",SaaS,600.0,Event/Webinar,2026-04-09,4,True,3,2,True,2026-04-22
L003495,"Gordon, Brown and Mccullough",Logistics,11.0,Partner,2024-06-11,3,False,2,4,True,2024-08-30
L003496,"Sampson, Tucker and Miller",Consulting,128.0,Event/Webinar,2024-02-27,4,False,2,3,True,2024-04-23
L003497,Skinner PLC,Retail,,Referral,2024-07-04,5,True,0,3,False,
L003498,Torres PLC,Retail,157.0,Event/Webinar,2026-07-13,2,False,1,3,True,2026-08-30
L003499,Martinez Ltd,Logistics,776.0,Paid Search,2025-07-02,3,False,0,1,True,2025-07-31
L003500,Johnson and Sons,Logistics,187.0,Referral,2023-10-31,5,False,4,2,True,2023-12-31
L003501,"Alexander, Duran and Benton",Fintech,123.0,Outbound SDR,2024-01-07,3,True,0,8,True,2024-03-05
L003502,Porter Inc,Healthcare,164.0,Paid Search,2024-01-22,5,False,2,0,False,
L003503,Ramirez-Cruz,Consulting,,Outbound SDR,2024-01-05,5,False,1,3,False,
L003504,Brown PLC,Manufacturing,3.0,Organic Search,2024-09-27,4,False,3,2,False,
L003505,Simpson-Roy,Healthcare,24.0,Paid Search,2025-03-18,2,True,0,4,True,2025-06-13
L003506,Wallace-Walker,Consulting,33.0,Paid Search,2023-05-23,5,True,1,5,True,2023-06-10
L003507,Lopez-Jordan,Fintech,124.0,Outbound SDR,2024-05-17,4,False,4,5,False,
L003508,Guerrero Inc,Media,115.0,Partner,2025-04-04,2,False,0,1,False,
L003509,"Hines, Pineda and Kent",,226.0,Partner,2025-12-14,3,False,1,1,False,
L003510,Livingston-Solomon,healthcare,141.0,Partner,2023-01-25,7,False,3,3,True,2023-04-12
L003511,"Robinson, Johnson and Swanson",Fintech,57.0,Outbound SDR,2025-02-25,4,False,1,5,True,2025-02-27
L003512,"Hamilton, Patterson and Daniel",Fintech,40.0,Organic Search,2026-08-12,2,False,1,2,False,
L003513,"Goodwin, Aguirre and Tran",SaaS,662.0,Paid Search,2024-05-23,3,False,0,3,False,
L003514,"Randolph, Mitchell and Ritter",Fintech,,Referral,2023-10-20,3,True,0,1,False,
L003515,"Ford, Armstrong and Carroll",Consulting,520.0,Organic Search,2023-01-20,5,False,1,3,False,
L003516,"Green, Horne and Mcdonald",Fintech,363.0,Event/Webinar,2024-11-24,5,False,0,3,False,
L003517,Anderson Inc,,82.0,Paid Search,2023-10-13,5,True,1,3,False,
L003518,Marsh-Tapia,Media,108.0,Event/Webinar,2025-06-28,4,True,0,6,True,2025-07-18
L003519,Lutz PLC,Manufacturing,24.0,Referral,2025-09-07,5,False,1,1,False,
L003520,Morgan-Foster,healthcare,416.0,Paid Search,2023-04-25,3,False,2,3,True,2023-07-03
L003521,"Hill, Adams and King",Manufacturing,15.0,Partner,2026-01-18,3,False,1,3,False,
L003522,"Patrick, Franklin and Martinez",Fintech,59.0,Organic Search,2023-04-02,1,False,3,3,False,
L003523,"Guerrero, Huff and Abbott",Fintech,162.0,Event/Webinar,2024-08-30,3,True,3,3,True,2024-09-12
L003524,Ford-Gonzales,Real Estate,87.0,Outbound SDR,2023-10-18,1,False,2,4,False,
L003525,Johnson-Howard,SaaS,52.0,Paid Search,2023-02-19,1,False,1,3,False,
L003526,"Richard, Robinson and Brown",Retail,106.0,Outbound SDR,2025-02-28,3,True,1,5,True,2025-03-18
L003527,Hill PLC,Education,249.0,Partner,2024-08-10,2,False,2,7,False,
L003528,"Edwards, Brown and White",Retail,156.0,Partner,2025-02-26,3,False,0,2,True,2025-05-24
L003529,Green-Simpson,Fintech,,Outbound SDR,2023-12-14,4,True,2,3,False,
L003530,Mccoy and Sons,Fintech,10.0,Paid Search,2023-07-28,4,False,1,2,False,
L003531,"Douglas, Hall and Pena",Manufacturing,119.0,Referral,2023-06-06,3,False,1,1,False,
L003532,Cohen Group,Consulting,16.0,Referral,2023-08-31,5,False,3,2,False,
L003533,"Stewart, Tran and Perez",Education,82.0,Organic Search,2023-03-30,3,False,1,3,False,
L003534,"Braun, Hester and Smith",Consulting,81.0,Paid Search,2023-12-31,4,False,2,7,True,2024-02-23
L003535,Fernandez-Williams,Real Estate,200.0,Referral,2026-05-13,5,False,2,3,False,
L003536,Bailey Inc,healthcare,23.0,Partner,2025-05-20,4,False,2,1,False,
L003537,"Wallace, Dixon and Young",Healthcare,72.0,Partner,2024-09-09,3,False,3,1,False,
L003538,Hudson-Calderon,Consulting,155.0,Referral,2024-12-14,4,True,1,0,True,2024-12-27
L003539,"Perry, May and Liu",Manufacturing,815.0,Outbound SDR,2025-01-25,2,False,2,2,False,
L003540,Johnson PLC,Manufacturing,119.0,Partner,2023-06-06,4,False,2,6,True,2023-06-06
L003541,Rogers-Russell,Healthcare,43.0,Partner,2023-10-28,2,True,3,4,False,
L003542,"Brooks, Dunlap and Carter",Education,49.0,Paid Search,2025-03-10,3,False,1,2,True,2025-05-06
L003543,Martin Inc,Media,68.0,organic-search,2023-08-20,1,False,1,5,False,
L003544,Conrad-Buck,Consulting,56.0,Outbound SDR,2024-07-24,4,False,2,3,False,
L003545,Rodriguez and Sons,Health Care,,Organic search,2024-10-23,4,False,1,0,False,
L003546,Dixon-Norman,Healthcare,,Paid Search,2025-02-27,2,False,1,5,True,2025-04-13
L003547,"Logan, Marquez and Case",Education,,Outbound SDR,2025-05-18,3,True,0,2,False,
L003548,Rivas-Johnson,,77.0,Partner,2025-04-27,3,True,1,2,True,2025-07-13
L003549,"Hernandez, Farmer and Banks",Education,18.0,Paid Search,2026-09-01,4,False,1,0,True,2026-09-01
L003550,Benjamin and Sons,Logistics,154.0,Outbound SDR,2026-01-30,3,False,0,4,True,2026-04-03
L003551,"Gordon, Andrews and Kelley",Real Estate,,Event/Webinar,2025-10-05,2,False,2,1,False,
L003552,Ryan-Martinez,Real Estate,37.0,Event/Webinar,2024-04-16,5,False,2,4,True,2024-06-04
L003553,"Yates, Lawson and Hopkins",Fintech,348.0,Event/Webinar,2025-05-13,1,False,0,2,False,
L003554,"Alexander, Adams and Huff",,,Event/Webinar,2024-03-25,1,False,1,7,False,
L003555,Bartlett-Murphy,Fintech,90.0,Paid Search,2025-01-10,3,False,1,2,False,
L003556,Hall-Edwards,SaaS,451.0,Paid Search,2023-02-05,4,False,3,4,False,
L003557,Steele Group,Education,178.0,Event/Webinar,2025-08-28,2,False,1,4,True,2025-09-14
L003558,"Rosario, Ortiz and Miller",financial tech,508.0,Organic Search,2024-12-16,4,False,2,3,False,
L003559,"Wagner, Melendez and Valdez",Education,,Paid Search,2024-08-26,2,False,1,1,False,
L003560,"Hall, Hartman and Hall",Media,236.0,Paid Search,2026-02-03,4,False,1,2,False,
L003561,Frost and Sons,Logistics,335.0,Paid Search,2024-03-07,3,True,3,1,False,
L003562,Craig-Wade,Retail,176.0,Organic Search,2023-10-10,2,False,1,1,False,
L003563,"Green, Mitchell and Edwards",Fintech,1186.0,Partner,2023-10-21,5,False,1,1,False,
L003564,Ortiz PLC,Logistics,142.0,Partner,2023-02-23,3,True,0,1,True,2023-05-23
L003565,Johnston Ltd,Logistics,37.0,Referral,2023-04-21,4,True,3,7,False,
L003566,Yoder Group,Fintech,171.0,Partner,2026-04-06,1,True,1,6,False,
L003567,Jackson Group,Fintech,27.0,Outbound SDR,2026-05-01,1,False,0,1,False,
L003568,Cannon-Dawson,Healthcare,40.0,Organic Search,2023-10-28,1,False,4,5,False,
L003569,Newton-Martinez,Education,13.0,Paid Search,2023-06-11,4,True,1,4,True,2023-07-12
L003570,Bass Inc,Fintech,93.0,Organic Search,2026-03-11,5,False,1,2,True,2026-05-03
L003571,"Jackson, Jones and Robertson",,1694.0,Paid Search,2025-08-20,4,True,3,2,True,2025-09-06
L003572,"Sellers, Strong and Gomez",Real Estate,5.0,Partner,2024-09-05,2,False,1,5,False,
L003573,Terry-Allen,Media,768.0,Outbound SDR,2024-11-21,1,False,1,4,False,
L003574,Wilson-Merritt,Media,313.0,Partner,2023-01-28,3,False,2,3,False,
L003575,Vargas-Jensen,Manufacturing,,Organic Search,2023-11-16,5,False,1,2,False,
L003576,"Williams, Rodgers and Kelly",SAAS,3019.0,Partner,2023-03-07,2,False,2,4,True,2023-05-23
L003577,Lozano-Mccoy,Healthcare,8.0,Event/Webinar,2023-11-25,2,False,0,7,False,
L003578,"Davenport, Roberts and Woods",SaaS,35.0,Outbound SDR,2025-05-17,4,False,1,10,False,
L003579,Quinn Ltd,Media,22.0,Event/Webinar,2024-06-12,2,False,2,3,False,
L003580,"Hendricks, Zuniga and Miller",Consulting,10.0,Event/Webinar,2024-09-18,4,True,1,3,True,2024-12-17
L003581,Watkins LLC,,1298.0,Outbound SDR,2023-11-18,1,False,1,1,True,2023-12-22
L003582,"Banks, Gray and Gonzales",Fintech,176.0,Event/Webinar,2025-02-12,4,False,1,2,True,2025-02-28
L003583,"Sharp, Ramirez and Mejia",Retail,101.0,Outbound SDR,2026-06-21,2,True,0,2,False,
L003584,Evans LLC,SaaS,140.0,Paid Search,2025-03-14,4,False,2,1,False,
L003585,Elliott PLC,Healthcare,14.0,Partner,2026-02-19,4,False,2,1,False,
L003586,"Romero, Reilly and Mitchell",Consulting,8.0,organic-search,2025-08-17,2,False,1,1,True,2025-10-17
L003587,Flores-White,Education,399.0,Partner,2026-08-07,2,True,0,2,False,
L003588,Williams Ltd,Logistics,237.0,Outbound SDR,2023-12-04,3,True,2,2,False,
L003589,"Clark, Stone and Andrews",saas ,,Referral,2026-08-17,4,False,0,2,True,2026-08-30
L003590,"Edwards, Reed and Martin",Retail,,Referral,2023-08-11,4,False,0,6,False,
L003591,Hill-Gonzales,Fintech,31.0,organic-search,2025-01-12,4,False,2,2,False,
L003592,Roberts LLC,Consulting,158.0,Referral,2023-02-27,4,False,2,4,False,
L003593,"Molina, Middleton and Estrada",Retail,,Referral,2023-11-30,4,False,3,4,False,
L003594,Davis PLC,Real Estate,269.0,Organic Search,2023-05-14,5,True,1,1,True,2023-06-10
L003595,"Fischer, Johnson and Orr",Consulting,277.0,Organic Search,2024-09-25,3,True,2,2,True,2024-10-19
L003596,"Medina, Lee and Freeman",Real Estate,63.0,Paid Search,2026-07-31,1,False,1,1,False,
L003597,Wood LLC,SaaS,168.0,Paid Search,2024-07-05,3,False,1,4,False,
L003598,"Simmons, Wallace and Martinez",,46.0,Event/Webinar,2026-03-02,2,False,0,4,False,
L003599,Phillips-Rodriguez,SaaS,220.0,Event/Webinar,2025-09-17,4,True,2,4,True,2025-09-22
L003600,"Calhoun, Wilson and Oneal",SaaS,381.0,Referral,2023-07-10,3,True,0,2,True,2023-08-18
L003601,Baker-Lin,SaaS,115.0,Referral,2024-08-01,2,False,2,2,False,
L003602,Dennis-Wilson,Logistics,22.0,Event/Webinar,2024-02-04,2,False,2,3,True,2024-03-15
L003603,Lara-Garner,Logistics,9.0,Partner,2024-12-29,3,True,2,2,False,
L003604,Luna LLC,Healthcare,10.0,Partner,2023-07-19,5,True,1,5,False,
L003605,Hunter LLC,Education,57.0,Outbound SDR,2025-10-28,3,True,2,2,False,
L003606,Mccoy-Hunt,Fintech,139.0,Event/Webinar,2023-11-04,4,False,3,7,False,
L003607,Mann LLC,SaaS,67.0,Event/Webinar,2025-02-21,1,True,4,2,False,
L003608,Hamilton Ltd,Media,52.0,Event/Webinar,2023-03-18,4,True,0,9,True,2023-04-24
L003609,"Stewart, Skinner and Guerrero",Healthcare,776.0,Paid Search,2025-08-06,4,False,2,3,False,
L003610,"Johnson, Walters and Smith",Fintech,62.0,Partner,2023-07-11,7,True,0,2,True,2023-08-09
L003611,Willis and Sons,Retail,9.0,Partner,2026-09-01,7,True,1,3,False,
L003612,"Gonzalez, Harrison and Washington",Healthcare,40.0,Partner,2023-11-26,5,False,6,4,True,2024-01-29
L003613,Gross LLC,Real Estate,274.0,Partner,2026-05-31,1,True,1,1,True,2026-08-22
L003614,Gonzalez Inc,Real Estate,251.0,Referral,2025-07-05,4,False,1,4,False,
L003615,"Vincent, Curry and Smith",Healthcare,56.0,Referral,2024-08-18,3,False,2,4,False,
L003616,Henry PLC,Education,94.0,Event/Webinar,2025-06-01,5,True,1,4,True,2025-06-06
L003617,Mckinney Inc,Logistics,37.0,Paid Search,2024-03-03,1,False,2,7,False,
L003618,Watts-Austin,Consulting,23.0,Event/Webinar,2023-06-03,2,False,2,3,False,
L003619,"Silva, Little and Washington",Healthcare,98.0,Event/Webinar,2026-07-09,3,False,2,2,False,
L003620,"Best, Humphrey and Pittman",Media,21.0,Organic Search,2023-01-31,4,False,0,6,True,2023-02-18
L003621,Contreras-Henry,Manufacturing,264.0,Event/Webinar,2023-06-28,4,True,3,6,True,2023-08-30
L003622,"Myers, Howard and Castillo",Fintech,183.0,Outbound SDR,2024-10-04,3,False,5,2,True,2024-10-25
L003623,Robinson LLC,Manufacturing,,Paid Search,2023-05-20,7,False,6,4,True,2023-06-24
L003624,Montes-Nguyen,Consulting,972.0,Referral,2024-12-24,2,True,2,5,False,
L003625,"Coleman, Thompson and Huber",Fintech,23.0,Organic Search,2024-01-02,5,False,1,3,False,
L003626,"Wilson, Terry and Bush",Media,4.0,Referral,2025-08-27,4,True,0,1,True,2025-09-28
L003627,Larsen-Shields,Media,46.0,Partner,2023-10-15,2,False,4,4,True,2023-10-30
L003628,"Jenkins, Young and Carter",Consulting,72.0,Outbound SDR,2023-03-23,4,False,2,4,False,
L003629,"Lewis, Rosales and Ortiz",Education,89.0,Referral,2025-04-01,2,False,2,3,False,
L003630,"Ingram, Green and Stewart",Logistics,121.0,Event/Webinar,2023-09-22,4,False,2,2,True,2023-11-17
L003631,Lamb-Coleman,Education,,Event/Webinar,2026-07-03,3,False,1,1,True,2026-09-01
L003632,Gaines-Adams,Education,55.0,Referral,2023-06-20,3,False,0,0,False,
L003633,"Robinson, Fields and Williams",Logistics,,Event/Webinar,2025-07-10,2,True,2,6,False,
L003634,Ortiz-Armstrong,,108.0,Partner,2023-03-29,4,False,4,1,False,
L003635,Herrera Ltd,Consulting,,Partner,2023-04-27,1,False,1,7,False,
L003636,Gould PLC,Retail,71.0,Partner,2026-02-22,4,False,3,3,False,
L003637,"Rivera, Jacobs and Smith",SaaS,324.0,Paid Search,2023-08-04,3,False,0,2,True,2023-09-10
L003638,"Smith, Gray and Deleon",Logistics,25.0,Paid Search,2026-03-13,1,False,1,3,False,
L003639,Barr-Wang,Logistics,,Organic Search,2024-04-01,2,False,0,5,True,2024-05-20
L003640,"Brown, Williams and Clark",Media,219.0,Partner,2023-07-11,1,False,3,4,True,2023-08-24
L003641,"Gonzalez, Moore and Nichols",Media,476.0,Outbound SDR,2026-08-08,3,False,1,6,True,2026-08-25
L003642,"Perez, Solis and Lozano",Media,,Organic Search,2023-06-25,4,False,1,2,False,
L003643,Gutierrez-Tran,healthcare,93.0,Partner,2023-08-10,1,False,0,6,True,2023-09-29
L003644,Case Inc,Logistics,17.0,Paid Search,2025-04-02,3,False,1,0,False,
L003645,Fischer PLC,Education,102.0,Organic Search,2024-10-11,3,True,2,7,False,
L003646,Mason Group,Education,57.0,Event/Webinar,2025-09-22,3,False,1,3,False,
L003647,Moore LLC,Retail,373.0,Partner,2025-09-02,3,False,3,4,False,
L003648,Hall Ltd,Fintech,5.0,Referral,2025-07-19,2,False,3,4,False,
L003649,Johnson Ltd,SaaS,,Event/Webinar,2023-11-15,3,True,0,2,False,
L003650,Hess Group,Media,,Paid Search,2026-08-04,5,True,1,4,True,2026-08-10
L003651,"Morales, Cardenas and Mcdowell",Education,195.0,Event/Webinar,2023-03-06,3,False,4,0,False,
L003652,Jones PLC,Consulting,306.0,Outbound SDR,2023-05-08,4,False,2,6,False,
L003653,"Warner, Oconnor and Smith",Education,944.0,Outbound SDR,2025-08-27,1,True,2,7,True,2025-09-23
L003654,"Greer, Jacobs and Hernandez",SaaS,63.0,Paid Search,2023-02-16,4,False,2,2,False,
L003655,"Chapman, Myers and Decker",Logistics,79.0,Referral,2024-05-31,4,False,1,3,True,2024-08-20
L003656,Glover-Coleman,Healthcare,19.0,Organic Search,2023-10-18,4,True,0,3,True,2023-10-26
L003657,"Johnson, Hill and Harris",,16.0,Outbound SDR,2023-06-17,2,False,3,3,True,2023-07-25
L003658,Costa-Johnston,Media,28.0,Outbound SDR,2025-12-10,2,False,1,5,False,
L003659,Carter-Davis,,62.0,Partner,2024-06-15,1,False,1,4,True,2024-07-08
L003660,Hoffman-Webb,SaaS,45.0,Organic Search,2025-05-27,6,True,6,5,True,2025-07-09
L003661,"Ferguson, Sanchez and Smith",Manufacturing,,Paid Search,2024-02-11,4,True,2,5,True,2024-03-26
L003662,Luna-Bean,Logistics,11.0,Outbound SDR,2025-08-31,1,False,1,3,True,2025-11-07
L003663,"Klein, Chavez and Lane",Healthcare,134.0,Partner,2025-06-13,3,True,0,3,True,2025-07-28
L003664,Sanders and Sons,,56.0,Outbound SDR,2023-01-21,4,True,2,4,False,
L003665,Wood-Hart,,17.0,Event/Webinar,2024-02-11,3,False,3,3,True,2024-02-20
L003666,"Collins, Thomas and Soto",Consulting,73.0,Event/Webinar,2023-10-24,2,False,1,2,False,
L003667,Davis and Sons,Education,26.0,Partner,2024-10-10,2,False,1,5,False,
L003668,Hancock Group,SaaS,,Paid Search,2025-07-28,4,False,2,8,False,
L003669,"Wright, Thomas and Jensen",,95.0,Outbound SDR,2024-10-10,4,False,2,5,False,
L003670,Mills-Franco,Fintech,234.0,Partner,2025-04-12,2,False,0,1,True,2025-05-15
L003671,Brown Group,Real Estate,152.0,Partner,2023-01-08,1,False,1,5,False,
L003672,Jenkins-Yang,Media,57.0,Paid Search,2026-07-23,5,False,2,6,True,2026-08-20
L003673,Johnson Ltd,Consulting,,Organic Search,2023-03-16,5,False,3,5,True,2023-04-12
L003674,"George, Savage and Adams",Retail,722.0,Outbound SDR,2026-01-23,4,True,2,2,False,
L003675,Fischer Group,,141.0,Event/Webinar,2025-02-12,3,False,0,3,False,
L003676,"Porter, Chung and Young",Retail,826.0,Referral,2024-03-05,4,False,4,1,False,
L003677,Fletcher-Robertson,Retail,10.0,Partner,2026-03-27,1,False,0,2,False,
L003678,"Haney, Miller and Garcia",SaaS,174.0,Referral,2025-01-15,3,False,2,7,False,
L003679,"Jones, Martinez and Smith",Software,26.0,Referral,2024-09-20,8,False,1,4,False,
L003680,"Goodman, Martin and Kim",Real Estate,97.0,Organic Search,2025-10-19,1,False,2,5,True,2026-01-10
L003681,Williams Group,Media,15.0,Outbound SDR,2025-04-20,1,False,3,1,True,2025-06-04
L003682,Jackson-Pratt,Education,431.0,Event/Webinar,2025-05-22,3,False,1,1,False,
L003683,Taylor-Sawyer,Real Estate,,Referral,2023-08-21,5,False,1,1,True,2023-09-12
L003684,Ross-Phillips,Media,73.0,Outbound SDR,2025-02-03,4,True,2,4,False,
L003685,Forbes-Cortez,Healthcare,562.0,Event/Webinar,2026-05-03,4,False,1,2,True,2026-05-23
L003686,"Nelson, Morris and Preston",Real Estate,62.0,Outbound SDR,2025-02-20,4,False,1,6,True,2025-03-28
L003687,"Santos, Thomas and Mills",Logistics,27.0,Partner,2024-08-03,7,False,2,4,True,2024-10-31
L003688,Lang Ltd,Consulting,,Organic Search,2023-06-29,6,False,1,5,True,2023-07-12
L003689,Stone-King,Fintech,642.0,Partner,2023-02-03,1,False,1,1,False,
L003690,Clark-Rivera,Consulting,17.0,Outbound SDR,2023-08-01,2,True,0,1,True,2023-10-03
L003691,"Cortez, Phelps and Taylor",Consulting,69.0,Event/Webinar,2023-07-24,2,True,3,3,False,
L003692,"Espinoza, Wells and Stewart",,4.0,Event/Webinar,2026-04-05,5,False,3,5,False,
L003693,Hernandez Inc,SaaS,81.0,Partner,2024-08-16,3,False,0,3,True,2024-10-08
L003694,Collins and Sons,Retail,326.0,Paid Search,2025-07-20,3,False,1,3,True,2025-09-28
L003695,Benson PLC,Logistics,54.0,Organic search,2024-02-05,2,True,1,3,True,2024-04-05
L003696,Rivera-Brown,Fintech,275.0,Referral,2025-08-08,4,False,2,1,False,
L003697,Wheeler-Jones,Logistics,55.0,Partner,2025-03-21,3,True,6,4,False,
L003698,"Hansen, Perez and Fuller",Software,99.0,Referral,2024-04-03,6,True,1,2,True,2024-06-06
L003699,Hill Group,Manufacturing,,Referral,2024-06-25,2,True,0,1,True,2024-08-03
L003700,"Daniel, Richardson and Wang",Logistics,34.0,Partner,2024-05-09,1,False,0,3,False,
L003701,Hoffman-May,SaaS,237.0,Outbound SDR,2023-03-08,1,False,2,2,True,2023-03-09
L003702,Jones and Sons,SaaS,9.0,Paid Search,2025-02-05,2,False,0,4,False,
L003703,Cross LLC,Real Estate,199.0,Partner,2026-05-13,5,True,1,3,False,
L003704,Baker Inc,Education,55.0,Referral,2023-12-16,4,False,3,5,False,
L003705,Robles PLC,,,Outbound SDR,2024-05-10,3,False,4,3,True,2024-07-20
L003706,"Miranda, Rivera and Ingram",Logistics,801.0,Paid Search,2026-06-16,5,False,3,1,False,
L003707,"Jacobs, Levy and Mclaughlin",Logistics,607.0,organic-search,2026-03-29,3,False,0,4,False,
L003708,"Barnett, Kennedy and Jackson",Logistics,170.0,Paid Search,2026-07-27,1,False,3,0,True,2026-08-20
L003709,Hays Inc,Healthcare,42.0,Outbound SDR,2024-10-13,5,False,1,3,False,
L003710,"Thomas, Martin and Baxter",Real Estate,163.0,Paid Search,2025-06-14,3,False,1,3,False,
L003711,Miller-Booker,,66.0,Organic Search ,2023-09-16,3,False,1,6,False,
L003712,Hunt Group,Real Estate,96.0,Organic Search,2026-07-17,3,True,1,3,False,
L003713,Ortega-Murphy,Consulting,22.0,Outbound SDR,2026-07-08,3,False,2,6,False,
L003714,"Wolf, Allen and Long",Manufacturing,408.0,Event/Webinar,2023-11-22,4,False,2,8,False,
L003715,Mccarthy-Kelly,,387.0,Paid Search,2023-07-10,3,False,3,2,False,
L003716,"Stewart, Miller and Jacobs",Fintech,,Organic Search,2025-06-14,5,True,2,0,True,2025-06-15
L003717,Moses Ltd,Consulting,556.0,Paid Search,2023-02-26,1,False,1,3,False,
L003718,Dawson-Larsen,Consulting,21.0,Partner,2026-01-18,1,False,5,3,False,
L003719,"Alexander, Neal and King",Fintech,54.0,Event/Webinar,2025-02-22,5,False,1,1,False,
L003720,Grant Group,SaaS,60.0,Partner,2023-09-25,1,True,3,2,False,
L003721,"Bailey, Johnson and Diaz",Media,73.0,Partner,2026-07-17,2,False,0,3,False,
L003722,Townsend-Reed,Education,48.0,Paid Search,2024-05-05,4,False,2,2,False,
L003723,Lewis-Castro,Retail,,Referral,2024-02-01,4,False,1,5,False,
L003724,Reyes and Sons,Real Estate,,Paid Search,2025-02-13,5,False,1,2,False,
L003725,"Cowan, Gonzalez and Ward",Manufacturing,33.0,Partner,2023-04-16,6,False,0,5,True,2023-05-21
L003726,Smith LLC,Fintech,27.0,Paid Search,2026-07-08,3,False,2,0,False,
L003727,Davis-Wood,SaaS,374.0,Partner,2026-04-01,1,True,1,2,True,2026-04-14
L003728,Shaw-Smith,,723.0,Outbound SDR,2026-05-05,2,False,2,3,False,
L003729,Johnson-Hill,Fintech,,Organic Search,2023-10-18,6,False,4,5,True,2023-11-23
L003730,Sanders-Forbes,Manufacturing,25.0,Paid Search,2023-07-10,2,False,2,1,False,
L003731,"King, Garrett and Maddox",,68.0,Outbound SDR,2025-01-10,5,False,0,2,False,
L003732,Roy Group,Retail,42.0,Outbound SDR,2023-07-26,4,False,2,5,True,2023-09-26
L003733,"Chen, Henry and Wells",SaaS,165.0,Outbound SDR,2023-05-31,3,False,0,5,False,
L003734,"Christensen, Aguirre and Johnson",Media,201.0,Partner,2023-06-06,1,False,2,5,False,
L003735,Salazar Ltd,Retail,109.0,Partner,2025-05-09,7,False,0,4,False,
L003736,Thornton and Sons,Logistics,245.0,Referral,2026-07-21,2,False,0,2,False,
L003737,Miller Inc,Media,125.0,Paid Search,2024-01-04,2,False,1,3,False,
L003738,Ramos Ltd,Manufacturing,22.0,Organic Search,2024-01-01,5,False,2,2,False,
L003739,Edwards PLC,Consulting,384.0,Partner,2026-05-27,3,True,1,1,True,2026-05-31
L003740,Lucero-Lee,,39.0,Referral,2024-12-11,4,False,0,4,False,
L003741,"Mclaughlin, Cook and Powers",Media,99.0,Event/Webinar,2026-05-13,3,False,2,3,False,
L003742,Hurst-Jackson,Real Estate,,Organic search,2023-11-21,1,False,2,3,False,
L003743,"Bowen, Diaz and Smith",Real Estate,34.0,Partner,2024-06-05,5,False,0,1,True,2024-06-20
L003744,"Powell, Monroe and Caldwell",Retail,75.0,Event/Webinar,2023-03-02,6,True,2,1,True,2023-05-09
L003745,Lee PLC,SAAS,425.0,Event/Webinar,2025-11-14,3,False,0,2,False,
L003746,Daniel Inc,Healthcare,152.0,Paid Search,2025-01-17,1,False,1,2,True,2025-01-31
L003747,Ramos LLC,Retail,617.0,Organic Search,2024-11-01,4,False,1,3,False,
L003748,"Gonzalez, Wagner and Thompson",Healthcare,5.0,Paid Search,2023-06-20,4,False,2,5,False,
L003749,"Wilkinson, Everett and Collins",healthcare,28.0,Referral,2024-07-14,4,False,0,0,True,2024-09-13
L003750,"Bell, Peterson and Carroll",Retail,122.0,organic-search,2024-12-14,3,False,0,3,False,
L003751,"Miller, Conrad and Davis",Real Estate,30.0,Partner,2024-08-25,4,True,1,3,False,
L003752,White Inc,Media,138.0,Partner,2025-10-12,2,False,1,5,False,
L003753,Stewart Ltd,Logistics,37.0,Event/Webinar,2025-03-30,2,False,0,2,False,
L003754,Wang Inc,Retail,125.0,Referral,2023-12-21,4,False,2,4,True,2024-01-15
L003755,Little Group,Manufacturing,143.0,Outbound SDR,2023-07-30,5,False,1,2,True,2023-10-12
L003756,Wiley and Sons,Consulting,45.0,Referral,2023-12-06,2,False,2,1,False,
L003757,Hood-May,Retail,16.0,Partner,2025-09-26,3,False,0,2,False,
L003758,Burgess Ltd,Logistics,12.0,Outbound SDR,2025-05-17,4,False,4,5,True,2025-08-01
L003759,Collins Group,Manufacturing,72.0,Referral,2026-06-29,4,False,1,5,True,2026-07-12
L003760,"Mitchell, Ramirez and Cunningham",Consulting,197.0,Outbound SDR,2025-05-29,4,True,0,0,False,
L003761,Perez-Lopez,Retail,89.0,Event/Webinar,2024-12-23,3,False,1,6,False,
L003762,Thompson LLC,,138.0,Partner,2023-05-12,2,False,0,4,True,2023-07-08
L003763,Wolfe-Baker,Healthcare,118.0,Organic Search,2025-11-13,4,False,2,3,False,
L003764,Kelly-Cox,Manufacturing,38.0,Event/Webinar,2025-04-19,2,False,3,4,False,
L003765,"Mills, Gallegos and Mcdaniel",Manufacturing,122.0,Event/Webinar,2026-08-14,1,False,2,4,False,
L003766,Johnson PLC,Real Estate,36.0,Referral,2025-03-26,2,False,0,1,True,2025-03-29
L003767,Moore-Carroll,Fintech,,Paid Search,2024-10-22,2,False,4,3,False,
L003768,"Hamilton, Brewer and Fleming",Logistics,43.0,Paid Search,2025-01-02,5,False,0,4,True,2025-02-02
L003769,Clark-Lyons,Fintech,5.0,Paid Search,2025-01-31,3,False,1,4,False,
L003770,"Arnold, Paul and Adams",Education,32.0,Paid Search,2024-10-05,2,True,2,2,True,2024-10-20
L003771,"Ayala, Scott and Mcdonald",Software,,Referral,2023-01-23,2,True,3,4,True,2023-03-06
L003772,Weeks PLC,Retail,40.0,Outbound SDR,2026-03-08,3,False,1,2,False,
L003773,"Welch, Alvarez and Mcdonald",Education,972.0,Paid Search,2026-02-24,2,False,2,7,True,2026-03-04
L003774,Watson-Gray,Logistics,153.0,Referral,2026-05-17,5,False,1,3,False,
L003775,"Valenzuela, Morris and Garcia",Retail,40.0,Event/Webinar,2024-03-21,3,False,2,4,True,2024-04-03
L003776,Booth-Smith,Real Estate,1187.0,Referral,2026-05-29,2,True,0,4,True,2026-08-22
L003777,Alvarez-Rogers,Fintech,301.0,Event/Webinar,2026-08-16,2,True,1,2,True,2026-08-29
L003778,Lopez LLC,Logistics,92.0,Referral,2024-10-17,5,False,1,3,False,
L003779,Martin-Payne,Retail,95.0,Paid Search,2023-04-12,2,True,3,3,True,2023-06-14
L003780,Gonzales PLC,Media,882.0,Organic Search,2024-07-16,2,True,1,3,True,2024-09-07
L003781,Watkins-Neal,financial tech,123.0,Organic Search,2025-07-16,4,True,0,0,True,2025-08-06
L003782,"Ross, Flowers and King",,67.0,Referral,2026-04-25,3,False,1,2,False,
L003783,Burke-Olson,Logistics,,Paid Search,2026-03-26,4,False,2,3,False,
L003784,Evans-Arellano,SaaS,110.0,Referral,2023-02-06,4,False,0,3,False,
L003785,Hines PLC,Consulting,74.0,Organic Search,2025-08-03,1,False,2,4,False,
L003786,Fisher LLC,Manufacturing,2124.0,Paid Search,2025-04-04,4,True,0,4,False,
L003787,"Morales, Johnson and Hunt",SaaS,43.0,Event/Webinar,2025-12-16,3,True,2,5,True,2025-12-21
L003788,Tanner-Sanford,Education,46.0,Partner,2023-02-03,2,False,0,8,False,
L003789,"Gonzalez, Compton and Walton",FinTech,,Outbound SDR,2023-07-14,2,False,1,3,False,
L003790,Alvarado Inc,Logistics,59.0,Partner,2024-09-08,3,True,2,3,True,2024-10-13
L003791,Parker and Sons,Education,23.0,Referral,2025-03-30,4,True,3,2,True,2025-04-09
L003792,Ellis-Martin,Real Estate,64.0,Referral,2025-10-08,4,False,1,5,False,
L003793,Hopkins and Sons,Consulting,285.0,Organic Search,2025-03-16,4,False,3,2,False,
L003794,Turner Inc,Manufacturing,122.0,Partner,2025-07-19,1,False,1,6,False,
L003795,Young and Sons,Media,35.0,Partner,2023-09-06,4,False,0,1,False,
L003796,Davis-Sanchez,Education,32.0,Event/Webinar,2023-07-30,2,False,2,3,True,2023-08-02
L003797,"Peters, Rowe and Smith",Retail,33.0,Organic Search,2023-01-22,3,False,3,3,False,
L003798,Cooper Group,Healthcare,7.0,Organic Search,2024-10-23,2,False,0,1,False,
L003799,"Mcdaniel, Hale and Durham",Logistics,92.0,Paid Search,2023-12-15,2,False,3,0,False,
L003800,"Bennett, Ford and Sanchez",Fintech,84.0,Paid Search,2025-01-25,2,False,2,3,False,
L003801,Hughes LLC,Real Estate,261.0,Organic Search,2023-04-18,1,True,1,6,False,
L003802,Ross LLC,Manufacturing,,Organic Search,2023-08-15,2,True,2,2,True,2023-08-21
L003803,Weiss-Cross,Manufacturing,47.0,Organic Search,2024-06-24,1,False,1,4,False,
L003804,Carlson-Ferguson,Education,,Partner,2026-06-08,3,True,3,3,False,
L003805,Freeman-Yang,,15.0,Referral,2023-12-15,4,True,0,5,True,2024-01-01
L003806,"Johnson, Blackwell and Thompson",,,Outbound SDR,2023-09-03,3,False,0,3,False,
L003807,Wood LLC,Healthcare,291.0,Referral,2023-10-31,3,False,1,0,False,
L003808,"Morrow, Bishop and Walton",Consulting,18.0,Outbound SDR,2026-07-28,3,True,2,1,True,2026-08-25
L003809,Brewer and Sons,Fintech,161.0,Event/Webinar,2025-12-16,3,True,0,2,True,2026-01-15
L003810,Lopez-Clark,,381.0,Outbound SDR,2025-09-30,4,False,0,2,False,
L003811,Davis-Cruz,Manufacturing,137.0,Referral,2025-09-15,5,False,3,3,False,
L003812,Simmons LLC,Retail,173.0,Organic Search,2024-06-24,2,False,1,3,False,
L003813,Hughes-Nicholson,Manufacturing,34.0,Partner,2023-06-19,7,True,0,0,False,
L003814,Green Group,Education,,Event/Webinar,2024-05-11,4,False,3,2,False,
L003815,Martin Ltd,Retail,66.0,Partner,2023-06-09,5,False,0,2,False,
L003816,"Flowers, Marshall and Miller",Fintech,10.0,Outbound SDR,2023-05-04,6,True,1,6,True,2023-05-31
L003817,"Oconnor, Rios and Sullivan",SaaS,79.0,Partner,2024-03-18,2,True,5,3,True,2024-05-16
L003818,Martin and Sons,Logistics,114.0,Paid Search,2025-09-25,1,False,1,6,False,
L003819,"Hunter, Parks and Smith",,128.0,Referral,2024-03-03,4,True,1,5,True,2024-05-17
L003820,"Choi, Morales and Wise",Real Estate,15.0,Event/Webinar,2024-10-03,3,True,2,1,True,2024-11-11
L003821,Coleman-Harmon,Media,274.0,Partner,2023-11-12,5,True,1,1,False,
L003822,Munoz Group,Real Estate,70.0,Organic Search,2023-09-24,2,False,2,2,False,
L003823,"Watson, Wells and Rogers",Retail,40.0,Referral,2025-02-28,5,False,0,5,False,
L003824,"Bonilla, Rodriguez and White",Media,10.0,Event/Webinar,2025-11-17,2,True,0,1,True,2025-12-12
L003825,Schmidt-Reyes,Logistics,61.0,Paid Search,2023-05-21,3,True,4,5,True,2023-06-25
L003826,"Miller, Smith and Vaughan",Logistics,33.0,Paid Search,2024-09-21,2,True,3,2,True,2024-12-03
L003827,"Lawrence, Gonzalez and Hess",Fintech,47.0,Paid Search,2025-08-02,3,False,1,6,False,
L003828,"Brennan, Graham and Marshall",Fintech,12.0,Partner,2023-08-14,2,False,2,3,True,2023-09-13
L003829,Martinez Group,SaaS,,Outbound SDR,2024-01-19,2,False,3,2,False,
L003830,Richardson-Small,,875.0,Organic Search,2025-09-02,3,False,0,1,True,2025-11-25
L003831,"Wood, Simmons and Leonard",Real Estate,33.0,Outbound SDR,2024-12-21,6,True,3,0,False,
L003832,Daniels and Sons,Manufacturing,77.0,Organic Search ,2026-02-01,4,False,1,3,False,
L003833,Kelly-Smith,Fintech,54.0,Referral,2025-06-02,4,False,2,1,False,
L003834,Evans-Johnson,Retail,1259.0,Paid Search,2025-03-23,3,False,2,4,True,2025-05-26
L003835,Howard Inc,Logistics,243.0,Event/Webinar,2024-11-14,4,True,2,2,True,2024-11-20
L003836,"Rodgers, Wright and Miller",Media,,Referral,2025-01-27,6,False,1,0,False,
L003837,Martinez and Sons,Fintech,193.0,Organic Search,2026-08-21,5,True,3,6,False,
L003838,"Snyder, Orozco and Reed",Logistics,,Partner,2025-05-15,1,False,1,2,False,
L003839,Barker-Sanchez,Retail,451.0,Referral,2024-01-23,4,False,0,3,False,
L003840,"Hoover, Carroll and Williams",Logistics,88.0,Paid Search,2026-05-01,2,True,2,4,False,
L003841,Watson-Thomas,Manufacturing,,Event/Webinar,2026-05-29,3,False,0,0,False,
L003842,"Little, Macias and Reyes",,96.0,Event/Webinar,2025-06-06,1,False,1,2,False,
L003843,"Miller, Pennington and Curry",Fintech,33.0,Partner,2023-04-13,3,True,1,4,False,
L003844,Morales-White,Retail,88.0,Organic Search,2024-03-25,5,False,2,1,True,2024-04-08
L003845,"Scott, Delgado and Andrade",SaaS,98.0,Organic Search,2026-03-24,4,True,1,1,False,
L003846,Sanford-Leon,Manufacturing,53.0,Paid Search,2023-05-15,5,False,1,2,False,
L003847,"Green, Turner and Palmer",Real Estate,172.0,Organic Search,2024-07-18,3,False,0,5,False,
L003848,Benson Inc,Retail,80.0,Event/Webinar,2025-04-08,3,False,0,4,False,
L003849,Berry-Lewis,Logistics,425.0,Outbound SDR,2023-07-27,3,False,0,3,True,2023-08-24
L003850,Hill-Barker,Manufacturing,22.0,Outbound SDR,2024-02-26,3,False,1,6,True,2024-03-18
L003851,Hill Ltd,Retail,12.0,Referral,2026-07-28,2,False,1,4,False,
L003852,Jacobs and Sons,Manufacturing,204.0,Partner,2026-05-06,2,False,3,7,False,
L003853,"Mitchell, Smith and Clark",,39.0,Partner,2023-01-07,1,True,3,1,False,
L003854,Sandoval-Hill,Fintech,67.0,Paid Search,2025-10-27,3,False,1,3,True,2026-01-24
L003855,George-Daugherty,Consulting,83.0,Outbound SDR,2024-09-17,3,True,3,4,True,2024-12-14
L003856,Davis-Walker,Retail,160.0,Paid Search,2024-10-07,5,False,1,3,False,
L003857,"Nguyen, Brown and Roberts",Fintech,267.0,Paid Search,2024-01-19,4,False,2,1,False,
L003858,"Lynch, Murray and Fisher",Education,528.0,Outbound SDR,2023-10-18,3,False,1,4,True,2023-10-19
L003859,"Murphy, Price and Spears",Media,19.0,Outbound SDR,2024-11-15,4,False,6,5,False,
L003860,Cooper LLC,SaaS,354.0,Paid Search,2024-06-24,1,False,2,5,False,
L003861,Carson-Hernandez,Fintech,11.0,Paid Search,2023-01-20,3,False,4,1,False,
L003862,"Porter, Patel and Jackson",Consulting,,Referral,2025-08-28,2,False,1,4,False,
L003863,Scott-Johnson,Consulting,62.0,Organic Search,2025-09-27,3,False,1,5,True,2025-10-28
L003864,"Faulkner, Welch and Hoffman",Media,2136.0,Organic Search,2023-04-03,4,False,1,1,True,2023-04-05
L003865,Miller-Adkins,Consulting,36.0,Partner,2024-08-18,3,True,0,3,True,2024-09-16
L003866,"Wood, Carter and Stewart",Real Estate,89.0,Event/Webinar,2023-12-09,2,False,0,3,True,2023-12-27
L003867,"Mcdonald, Moore and Richards",FinTech,,organic-search,2024-09-15,2,False,2,4,True,2024-10-27
L003868,"Bell, Reynolds and Forbes",Media,,Outbound SDR,2024-12-19,2,False,3,5,True,2025-02-26
L003869,Potter LLC,Manufacturing,561.0,Partner,2025-09-23,4,False,1,7,True,2025-10-25
L003870,"Manning, Fritz and Brooks",Education,526.0,Outbound SDR,2023-01-28,4,False,2,3,False,
L003871,"Anderson, Lawson and Atkinson",Education,20.0,Referral,2024-11-14,4,True,0,7,False,
L003872,Foster and Sons,Real Estate,42.0,Partner,2026-05-05,4,True,1,2,True,2026-07-05
L003873,Duncan and Sons,,44.0,Referral,2025-11-29,5,True,3,0,True,2026-02-18
L003874,Wang Ltd,SaaS,58.0,Paid Search,2025-04-20,2,False,1,3,True,2025-05-18
L003875,Pierce-Bell,Healthcare,30.0,Referral,2025-10-16,2,False,1,2,True,2025-10-19
L003876,Barnes PLC,Retail,19.0,Event/Webinar,2025-06-01,1,True,1,1,False,
L003877,Flores-Cox,Education,125.0,Paid Search,2023-07-02,3,False,4,0,True,2023-07-26
L003878,Beck Ltd,,324.0,Partner,2023-08-10,2,False,1,4,False,
L003879,"Gill, Stewart and Nichols",Manufacturing,121.0,Partner,2026-01-20,4,False,0,4,False,
L003880,Perez-Powell,Media,158.0,Event/Webinar,2023-12-25,4,False,0,7,False,
L003881,Mitchell-Middleton,Manufacturing,105.0,Partner,2024-12-15,3,True,0,3,True,2025-01-26
L003882,Bradshaw and Sons,,96.0,Event/Webinar,2025-05-04,4,False,0,4,True,2025-06-08
L003883,Roberts-Patel,Manufacturing,756.0,Paid Search,2023-03-26,2,False,2,6,False,
L003884,Hines-Douglas,Consulting,123.0,Event/Webinar,2024-12-04,4,False,0,4,False,
L003885,"Solomon, Reyes and Delgado",Consulting,,Organic Search,2025-06-06,3,True,3,4,True,2025-08-03
L003886,Jenkins-Fields,Consulting,177.0,Referral,2024-08-13,2,True,2,3,True,2024-08-27
L003887,"Walker, Lynch and Gordon",SaaS,313.0,Outbound SDR,2023-10-29,3,False,2,0,False,
L003888,Greene Ltd,Media,459.0,Partner,2023-11-04,3,False,2,4,False,
L003889,Dougherty-Nguyen,Real Estate,11.0,Referral,2026-07-01,3,False,2,1,False,
L003890,Jackson Ltd,,229.0,Partner,2023-11-30,2,True,2,1,True,2024-01-07
L003891,Cohen-Crane,Media,57.0,Referral,2023-05-13,6,True,1,2,False,
L003892,Paul Ltd,Manufacturing,256.0,Organic Search,2025-07-18,5,False,1,4,False,
L003893,Arnold-Boyer,SaaS,212.0,Paid Search,2024-08-02,1,False,3,2,False,
L003894,Ellis Ltd,Consulting,87.0,Organic Search,2023-04-19,3,True,0,4,True,2023-06-20
L003895,Thompson Ltd,Manufacturing,6.0,Organic Search,2025-05-31,2,True,1,1,False,
L003896,Morris LLC,Education,96.0,Partner,2023-01-02,4,True,1,5,True,2023-01-08
L003897,Kline and Sons,Manufacturing,75.0,Paid Search,2024-12-18,3,True,1,3,True,2025-01-23
L003898,"Murray, Sanchez and Morrison",Real Estate,224.0,Partner,2026-02-22,1,False,3,1,False,
L003899,Robles Group,Healthcare,,Organic Search,2024-07-08,1,False,3,5,True,2024-07-26
L003900,"Davidson, Lara and Massey",Retail,40.0,Outbound SDR,2026-04-13,3,False,3,0,False,
L003901,Sanchez Ltd,Fintech,136.0,Referral,2024-03-24,3,False,4,6,True,2024-03-28
L003902,Smith Inc,Media,197.0,Referral,2024-05-24,3,False,1,4,True,2024-08-18
L003903,"Rhodes, Camacho and Cowan",Logistics,,Outbound SDR,2025-03-28,3,False,1,3,False,
L003904,Jones-Butler,,116.0,Referral,2024-09-10,4,False,2,3,False,
L003905,Ware-Medina,Consulting,,Referral,2023-12-21,3,False,1,1,True,2024-03-02
L003906,"Frank, Holland and Ferguson",Logistics,59.0,Partner,2024-10-22,3,False,0,4,False,
L003907,Gonzales Ltd,Consulting,13.0,Paid Search,2024-02-13,4,False,2,4,False,
L003908,Carter Group,Manufacturing,140.0,Paid Search,2025-05-02,3,False,1,5,False,
L003909,"Mack, Cox and Moran",Real Estate,98.0,Paid Search,2024-09-08,2,False,1,1,True,2024-10-17
L003910,"Soto, Alexander and Cobb",,87.0,Referral,2026-03-06,5,False,2,2,False,
L003911,Thomas LLC,Media,174.0,Event/Webinar,2024-01-11,4,True,0,4,True,2024-02-28
L003912,"Molina, Rodriguez and Jackson",Logistics,183.0,Organic Search,2023-10-11,4,True,0,4,True,2023-12-17
L003913,Douglas-Thomas,Media,142.0,Partner,2024-10-03,4,False,0,4,False,
L003914,Pope and Sons,Real Estate,23.0,Partner,2025-01-02,2,False,0,1,False,
L003915,Davis-May,Media,32.0,Referral,2025-05-25,3,False,0,1,True,2025-07-23
L003916,Ellis Ltd,Logistics,67.0,Outbound SDR,2025-08-02,5,True,4,6,True,2025-08-05
L003917,Goodwin-Sherman,Real Estate,358.0,Organic Search,2025-05-12,2,False,3,2,True,2025-05-23
L003918,Phillips-Wallace,Healthcare,154.0,Event/Webinar,2024-09-11,3,False,1,2,False,
L003919,Lyons-Carroll,Retail,82.0,Event/Webinar,2025-11-14,3,True,1,4,False,
L003920,"Johnson, Taylor and Boyd",Education,36.0,Paid Search,2026-06-25,3,False,3,3,False,
L003921,Walker LLC,Real Estate,54.0,Event/Webinar,2024-08-23,2,False,4,3,True,2024-08-29
L003922,"Cox, Carter and Duffy",Logistics,30.0,Paid Search,2025-04-05,3,False,3,2,True,2025-06-29
L003923,Bradley LLC,Software,183.0,Outbound SDR,2025-11-26,1,False,3,0,False,
L003924,Marquez-Nunez,Media,12.0,Organic Search,2023-06-23,3,False,3,5,True,2023-06-30
L003925,Manning Ltd,Manufacturing,30.0,Partner,2023-08-08,5,False,4,5,True,2023-09-19
L003926,Thomas LLC,Consulting,,Organic Search,2024-08-18,1,False,2,5,False,
L003927,Scott-Perez,Consulting,77.0,Outbound SDR,2024-11-09,2,False,2,3,True,2024-11-16
L003928,Aguilar and Sons,Fintech,165.0,Partner,2026-04-12,3,False,0,3,True,2026-07-07
L003929,"Smith, Diaz and Romero",,558.0,Partner,2023-04-19,3,False,3,3,False,
L003930,"Sullivan, Montgomery and Jackson",Retail,91.0,Event/Webinar,2023-10-23,4,True,3,5,False,
L003931,Schneider-Matthews,Real Estate,224.0,Partner,2025-10-11,3,False,3,3,True,2025-10-28
L003932,"Edwards, Brooks and Grimes",Retail,,Partner,2026-08-03,3,True,2,2,True,2026-08-30
L003933,Wong-Harrell,Healthcare,418.0,Referral,2026-07-10,3,True,1,3,False,
L003934,Thompson-Prince,Manufacturing,224.0,Partner,2023-01-14,3,False,3,2,False,
L003935,Barnett Inc,Media,28.0,Event/Webinar,2024-02-16,4,False,2,1,False,
L003936,Walker-Clark,FinTech,374.0,Organic Search,2023-01-01,5,False,4,3,False,
L003937,Ramirez Ltd,Healthcare,,Event/Webinar,2023-09-05,2,False,3,1,False,
L003938,Santos LLC,Real Estate,57.0,Organic Search,2024-05-21,1,True,0,3,False,
L003939,Stevens-Durham,Retail,53.0,Organic Search,2025-08-28,2,True,2,4,False,
L003940,Larsen PLC,SaaS,,Event/Webinar,2025-06-27,5,False,0,3,False,
L003941,Figueroa LLC,Logistics,1.0,Organic Search ,2023-09-07,4,True,1,3,True,2023-10-15
L003942,"Johnson, Sims and Crane",Logistics,55.0,Outbound SDR,2024-01-12,4,False,0,7,True,2024-02-11
L003943,"Jones, Tran and Nichols",Real Estate,7.0,Referral,2026-06-08,4,False,0,5,False,
L003944,"Medina, Miller and Yates",Media,109.0,Partner,2026-06-17,3,True,0,0,True,2026-07-02
L003945,Knight-Wright,Logistics,162.0,Paid Search,2026-07-26,2,False,2,5,False,
L003946,Robles-White,SaaS,,Paid Search,2023-10-18,1,False,4,2,False,
L003947,"Mathews, Perez and Love",Retail,38.0,Paid Search,2025-11-13,3,False,0,5,False,
L003948,Williams PLC,Real Estate,10.0,Paid Search,2025-09-02,2,False,0,5,False,
L003949,Arnold-Davis,Media,90.0,Referral,2024-08-15,4,False,0,2,False,
L003950,Quinn Inc,Fintech,64.0,Event/Webinar,2025-10-06,6,False,2,3,False,
L003951,Mills Inc,Education,176.0,Partner,2024-07-17,2,False,4,4,False,
L003952,Perez PLC,Logistics,222.0,Outbound SDR,2023-08-08,2,True,0,4,False,
L003953,"Woods, Garcia and Keith",Media,70.0,Outbound SDR,2025-05-20,3,False,4,6,False,
L003954,Flores Ltd,Healthcare,473.0,Organic Search,2024-08-03,2,False,2,4,False,
L003955,Gonzalez Inc,Media,,Organic Search ,2026-03-01,3,False,0,6,False,
L003956,Miller-Gonzalez,Logistics,,organic-search,2026-04-03,1,False,1,3,False,
L003957,"Lawrence, George and Evans",Manufacturing,22.0,Organic Search,2026-08-14,3,True,3,1,False,
L003958,Perkins Inc,Consulting,47.0,Outbound SDR,2023-03-29,4,True,3,0,False,
L003959,"Tanner, Waters and Lee",Education,102.0,Paid Search,2025-08-16,2,False,1,1,False,
L003960,"Mendez, Bryant and Smith",Media,45.0,Referral,2023-01-19,4,False,0,6,False,
L003961,Guzman-Vasquez,Healthcare,47.0,Referral,2025-10-22,4,False,0,3,False,
L003962,Murphy Group,Real Estate,,Paid Search,2024-12-15,3,True,1,1,True,2025-03-15
L003963,"Campbell, Brewer and Baker",Real Estate,202.0,Outbound SDR,2025-11-16,4,False,3,3,False,
L003964,"Wright, Hill and Hoffman",Fintech,14.0,Paid Search,2023-11-07,4,False,1,10,False,
L003965,Garrett-Rodriguez,Education,73.0,Partner,2026-02-27,1,True,2,2,True,2026-04-11
L003966,Freeman LLC,Media,208.0,Partner,2023-10-14,3,True,1,2,True,2023-11-18
L003967,"Ruiz, Martin and Jones",Manufacturing,191.0,Outbound SDR,2023-05-20,2,True,0,2,True,2023-08-10
L003968,Chambers-Davis,Media,76.0,Outbound SDR,2025-08-24,4,False,1,3,True,2025-11-09
L003969,Peterson-Mcdaniel,healthcare,13.0,Event/Webinar,2025-11-04,5,False,0,3,True,2026-01-27
L003970,Lee Inc,Real Estate,97.0,Referral,2023-09-23,5,False,0,3,True,2023-12-21
L003971,Lewis PLC,Education,122.0,Event/Webinar,2026-04-04,4,True,1,3,False,
L003972,Flores-Moreno,,99.0,Event/Webinar,2026-06-18,4,False,3,2,False,
L003973,Cohen PLC,Logistics,71.0,Organic Search,2023-04-03,1,True,1,6,True,2023-04-06
L003974,Duncan and Sons,Healthcare,67.0,Paid Search,2023-07-17,3,False,3,5,True,2023-10-10
L003975,Moore-Miranda,Fintech,419.0,Outbound SDR,2025-09-02,1,False,1,3,False,
L003976,Phelps PLC,Education,157.0,Paid Search,2024-04-29,3,False,2,3,False,
L003977,"Moore, Frye and Zavala",FinTech,402.0,Paid Search,2025-02-25,3,False,2,0,False,
L003978,"Larson, Butler and Barber",Logistics,149.0,Organic Search,2023-05-07,5,True,1,1,True,2023-07-24
L003979,Cantu Group,Manufacturing,15.0,Organic Search,2023-03-18,1,False,3,5,False,
L003980,Wood-Torres,Fintech,,Outbound SDR,2025-02-05,1,False,0,3,False,
L003981,"Gomez, Mcgee and Cole",Consulting,38.0,Partner,2023-03-02,2,False,2,3,False,
L003982,Elliott-Farmer,Healthcare,33.0,Referral,2023-08-09,5,False,2,0,False,
L003983,Gill Group,Media,154.0,Outbound SDR,2023-09-30,4,False,1,2,False,
L003984,Schmitt LLC,Consulting,49.0,Event/Webinar,2024-02-14,1,True,2,1,True,2024-03-10
L003985,"Trujillo, Proctor and Wang",Manufacturing,382.0,Outbound SDR,2025-06-15,1,False,2,3,False,
L003986,Cardenas and Sons,Manufacturing,,Paid Search,2024-02-17,3,False,1,3,False,
L003987,Bates LLC,Healthcare,672.0,Outbound SDR,2025-12-18,4,False,3,4,False,
L003988,Wall-Johnson,Retail,35.0,Organic Search,2026-04-07,2,False,1,5,False,
L003989,Gibbs-Nguyen,SaaS,280.0,Partner,2023-07-17,5,False,2,4,True,2023-08-12
L003990,"Stevenson, Salinas and Williamson",SaaS,26.0,Paid Search,2023-01-11,1,False,2,3,True,2023-02-26
L003991,Gates-Rodriguez,Logistics,47.0,Event/Webinar,2026-01-24,3,True,0,4,False,
L003992,Martin Ltd,financial tech,41.0,Referral,2024-01-15,3,True,2,3,False,
L003993,David-Watkins,Real Estate,1017.0,Outbound SDR,2024-01-25,2,True,1,7,True,2024-02-20
L003994,Harrington Group,Consulting,297.0,Outbound SDR,2025-10-22,6,False,2,4,False,
L003995,"Moyer, Mccarthy and Wright",Education,542.0,Referral,2026-06-20,5,False,2,6,False,
L003996,"Willis, Brown and Brown",Real Estate,,Paid Search,2023-05-18,4,False,4,4,True,2023-07-13
L003997,Hill-Wood,Logistics,69.0,Partner,2025-02-09,4,False,1,3,False,
L003998,Rodriguez-Taylor,financial tech,42.0,Event/Webinar,2023-06-10,3,False,1,0,True,2023-06-26
L003999,"Jones, Rowland and Oconnor",Real Estate,126.0,Referral,2023-07-26,4,False,2,1,False,
L004000,Sawyer PLC,,120.0,Outbound SDR,2024-04-17,4,False,1,3,True,2024-04-23
L004001,Andrews-Hoffman,Consulting,47.0,Event/Webinar,2024-11-08,1,False,2,3,False,
L004002,Sanchez-Armstrong,,30.0,Paid Search,2024-08-16,4,False,3,3,False,
L004003,"Green, Schmidt and Carter",,233.0,Outbound SDR,2025-01-02,3,False,1,3,False,
L004004,Taylor Inc,Fintech,77.0,Paid Search,2024-08-12,2,False,1,2,False,
L004005,"Dawson, Edwards and Castaneda",Fintech,290.0,Event/Webinar,2026-03-24,1,False,0,2,False,
L004006,Burgess-Lewis,Retail,121.0,Event/Webinar,2026-06-05,2,True,1,6,True,2026-08-08
L004007,Mcdonald-Murray,Manufacturing,,Outbound SDR,2026-06-20,2,False,2,2,False,
L004008,Gonzalez-Mata,SaaS,27.0,Event/Webinar,2023-08-16,2,False,1,4,False,
L004009,Scott-Adkins,Consulting,107.0,Outbound SDR,2024-06-22,1,True,0,3,False,
L004010,Taylor Ltd,,90.0,Organic Search,2024-11-23,2,False,2,4,False,
L004011,Simmons-Shaffer,Logistics,48.0,Referral,2024-02-15,5,False,1,3,True,2024-03-28
L004012,Decker Inc,SaaS,61.0,Paid Search,2024-02-23,2,False,2,4,False,
L004013,"Brooks, Knight and Forbes",Real Estate,,Partner,2024-11-06,1,False,0,3,True,2025-01-29
L004014,"Marks, Murphy and Ryan",SaaS,102.0,Paid Search,2025-10-07,6,False,3,4,True,2025-10-16
L004015,Andrews-Walters,,34.0,Event/Webinar,2023-03-14,3,True,0,1,False,
L004016,"Jones, Davis and Grant",Education,,Organic Search,2025-05-02,5,False,1,4,True,2025-07-17
L004017,Schmidt PLC,Consulting,,Organic Search,2026-02-03,4,False,1,3,False,
L004018,Berry Group,Media,52.0,Paid Search,2024-07-08,5,False,2,6,False,
L004019,"Santos, Lee and Jones",SaaS,121.0,Organic Search,2023-03-14,3,True,3,2,True,2023-05-16
L004020,"Jordan, Hill and Hayes",Real Estate,35.0,Paid Search,2026-08-24,3,True,0,4,False,
L004021,"Hernandez, Rivera and White",Education,42.0,Outbound SDR,2025-09-05,1,False,3,3,False,
L004022,"Morgan, Rose and Schwartz",Manufacturing,60.0,Paid Search,2023-02-13,6,False,1,0,True,2023-02-20
L004023,Preston-Morales,SAAS,171.0,Paid Search,2025-12-30,1,False,2,3,False,
L004024,Smith-Clayton,Consulting,448.0,Outbound SDR,2023-02-07,4,True,1,2,True,2023-04-18
L004025,Smith LLC,Media,222.0,Organic Search,2025-03-03,4,False,1,5,False,
L004026,Hernandez-Foley,Logistics,212.0,Partner,2023-09-14,2,False,1,2,False,
L004027,"Craig, Nguyen and Ellis",Logistics,76.0,Partner,2025-05-24,1,False,0,6,False,
L004028,"Gonzalez, Underwood and Schaefer",Real Estate,407.0,Paid Search,2023-08-25,4,False,1,4,True,2023-10-20
L004029,"Camacho, Hernandez and Mejia",Fintech,71.0,Event/Webinar,2025-01-23,4,False,1,3,False,
L004030,Parker Inc,Education,68.0,Paid Search,2024-12-03,2,False,3,2,False,
L004031,Ferguson Inc,Logistics,286.0,Organic Search,2024-05-02,3,True,2,4,False,
L004032,Fernandez Inc,Retail,1326.0,Organic Search,2026-04-20,4,False,2,3,False,
L004033,Harrell-Hebert,saas ,57.0,Paid Search,2025-04-25,3,False,1,2,True,2025-07-02
L004034,"Clark, Turner and Coleman",Consulting,93.0,Organic Search,2023-01-31,2,False,1,4,True,2023-03-03
L004035,Hall-Gillespie,SaaS,106.0,Organic Search,2023-04-27,2,False,0,1,False,
L004036,Johnson-Rich,Health Care,153.0,Outbound SDR,2024-01-05,4,False,1,1,False,
L004037,Martinez-Gould,Manufacturing,737.0,Organic Search,2024-10-05,3,True,0,6,False,
L004038,Wallace Ltd,Education,81.0,Event/Webinar,2024-05-15,4,True,0,2,False,
L004039,"Clark, Williams and Gonzales",Manufacturing,378.0,Paid Search,2026-05-26,4,True,2,1,True,2026-07-15
L004040,Harris Group,Media,,Partner,2023-09-08,6,True,1,2,False,
L004041,"Olsen, Davis and Thompson",,210.0,Organic Search,2024-05-27,2,False,1,2,False,
L004042,"Ramsey, Martinez and Sherman",Real Estate,22.0,Paid Search,2025-10-10,4,False,3,2,True,2026-01-08
L004043,Shepard Ltd,Education,15.0,Paid Search,2025-06-27,4,True,1,3,False,
L004044,"Howard, Cowan and Perry",,1213.0,Referral,2026-02-03,5,False,4,2,False,
L004045,Galloway PLC,Manufacturing,64.0,Partner,2024-05-15,3,False,3,2,False,
L004046,Woods-Hicks,Real Estate,23.0,Referral,2024-10-15,3,False,3,1,True,2025-01-12
L004047,Smith-James,Real Estate,104.0,Event/Webinar,2023-08-02,6,True,1,6,True,2023-08-08
L004048,Ross-Mathews,Education,140.0,Outbound SDR,2026-06-27,2,False,0,5,False,
L004049,Ward-Collins,Media,371.0,Referral,2023-06-10,7,True,0,4,True,2023-07-06
L004050,Hamilton Ltd,Healthcare,515.0,Event/Webinar,2024-04-17,5,True,3,4,True,2024-05-26
L004051,Perez-Haynes,,21.0,Paid Search,2023-09-09,5,True,0,2,True,2023-10-26
L004052,"Schneider, Price and Ruiz",Healthcare,13.0,Organic Search,2024-04-26,1,False,1,3,True,2024-07-24
L004053,Blair-Merritt,Media,294.0,Partner,2025-07-18,2,False,8,4,True,2025-08-01
L004054,Taylor and Sons,SaaS,246.0,Outbound SDR,2023-03-11,1,False,3,3,False,
L004055,Cunningham and Sons,,,Referral,2026-04-19,3,True,0,2,True,2026-06-07
L004056,"Moore, Neal and Farmer",Manufacturing,302.0,Organic Search,2023-05-03,2,True,2,1,True,2023-06-07
L004057,Carlson and Sons,Consulting,75.0,Outbound SDR,2025-10-11,3,True,5,2,False,
L004058,"Guerrero, Watson and Perry",,47.0,Outbound SDR,2025-02-26,2,False,4,4,True,2025-04-23
L004059,Barnes and Sons,SaaS,76.0,Paid Search,2024-02-26,4,False,0,5,False,
L004060,"Sanford, Harmon and Patrick",Logistics,104.0,Paid Search,2025-06-01,3,True,4,0,False,
L004061,Diaz Inc,Real Estate,918.0,Organic Search,2024-09-16,2,True,4,1,True,2024-09-20
L004062,Johnson and Sons,Real Estate,729.0,Referral,2023-02-23,4,False,2,2,True,2023-05-11
L004063,Powell-Brooks,Education,,Referral,2026-04-25,2,False,1,0,False,
L004064,Howell-Johnson,Retail,40.0,Organic Search,2024-11-29,2,False,4,3,False,
L004065,Rivera Group,Consulting,77.0,Outbound SDR,2025-05-25,4,False,0,3,True,2025-06-01
L004066,Moss and Sons,Fintech,10.0,Event/Webinar,2025-03-05,2,False,2,2,False,
L004067,Williams-Bennett,Manufacturing,39.0,Event/Webinar,2025-08-07,2,False,3,4,False,
L004068,"Sharp, Jackson and Garcia",Logistics,750.0,Event/Webinar,2026-03-09,2,True,0,0,True,2026-05-14
L004069,Prince-Davis,Manufacturing,,Paid Search,2025-02-19,1,False,2,0,False,
L004070,Rodriguez Group,Media,47.0,Partner,2024-05-02,3,False,3,3,True,2024-05-18
L004071,Lucero-Chase,SaaS,5.0,Referral,2024-07-15,4,False,3,4,False,
L004072,"Alexander, Vincent and Pacheco",Fintech,569.0,Paid Search,2026-01-16,2,False,3,2,True,2026-02-22
L004073,Collins Group,Education,62.0,Event/Webinar,2025-03-19,3,False,0,3,True,2025-03-23
L004074,Anderson-Douglas,Consulting,156.0,Referral,2025-01-10,4,True,1,5,False,
L004075,Krueger-Barnett,Manufacturing,363.0,Partner,2024-05-28,4,False,2,2,False,
L004076,Woods Ltd,Consulting,190.0,Organic Search,2023-09-12,2,True,0,2,False,
L004077,"Gonzalez, Robinson and Anderson",Manufacturing,844.0,Event/Webinar,2024-10-19,5,False,3,1,True,2024-11-21
L004078,Perez Inc,Healthcare,51.0,Outbound SDR,2025-08-05,4,False,2,2,False,
L004079,"Davis, Powell and Eaton",SaaS,756.0,Outbound SDR,2023-01-19,3,False,0,2,True,2023-03-19
L004080,Wright LLC,SaaS,,Referral,2025-09-10,4,True,1,4,True,2025-11-30
L004081,Blair LLC,Real Estate,38.0,Paid Search,2025-04-16,3,True,1,2,True,2025-04-23
L004082,Page-Murray,,94.0,Organic Search,2024-07-20,1,False,2,6,False,
L004083,"Meyer, Ray and Stephenson",Consulting,82.0,Event/Webinar,2024-10-05,2,False,1,3,False,
L004084,Murphy LLC,Fintech,,Outbound SDR,2024-01-04,1,False,0,1,False,
L004085,"Thomas, Doyle and Rosales",Manufacturing,93.0,Referral,2024-06-15,3,True,1,2,False,
L004086,"Bullock, Cruz and Williams",Media,50.0,Paid Search,2024-04-10,4,True,1,1,True,2024-06-29
L004087,Petty Inc,Healthcare,180.0,Paid Search,2026-06-19,2,True,3,2,False,
L004088,Walters and Sons,SaaS,,Paid Search,2023-08-23,2,False,3,2,False,
L004089,Sanders Inc,Software,68.0,Paid Search,2025-11-03,4,True,1,7,True,2025-12-29
L004090,"Castillo, Mathews and Lopez",Consulting,72.0,Referral,2023-03-27,4,False,0,4,False,
L004091,"Sullivan, Haney and Chavez",Real Estate,83.0,Partner,2024-04-11,3,True,0,0,True,2024-04-18
L004092,Gardner-Wilson,Manufacturing,27.0,Referral,2023-02-03,8,False,1,3,False,
L004093,Rios-Robertson,,100.0,Event/Webinar,2023-04-02,4,False,3,3,False,
L004094,Rogers-Stafford,Consulting,275.0,Paid Search,2024-12-17,4,True,1,5,True,2024-12-30
L004095,Peterson-Wiggins,Fintech,38.0,Event/Webinar,2025-06-27,2,False,4,1,True,2025-07-11
L004096,"Bryant, Davis and Chase",Real Estate,25.0,Organic Search,2024-04-30,2,False,5,4,False,
L004097,"Baker, Casey and Simmons",Retail,105.0,Referral,2026-03-14,5,False,3,6,False,
L004098,Oconnell and Sons,Education,247.0,Partner,2025-05-01,4,False,0,6,True,2025-05-10
L004099,Perez Group,Logistics,19.0,Referral,2023-10-21,3,False,2,2,True,2023-10-24
L004100,Martinez Ltd,Education,88.0,Event/Webinar,2025-01-07,2,False,2,3,False,
L004101,Martinez-Bailey,Education,388.0,Outbound SDR,2026-08-28,3,False,1,3,False,
L004102,Graham-Joyce,Education,115.0,Outbound SDR,2024-08-25,4,True,1,4,True,2024-11-12
L004103,Burch PLC,SaaS,1358.0,Paid Search,2025-01-24,3,False,1,2,False,
L004104,Sanders PLC,SaaS,13.0,Referral,2023-11-04,5,False,2,4,True,2024-01-18
L004105,Thomas Ltd,Software,1.0,Organic Search,2026-06-01,1,False,1,2,False,
L004106,Parsons and Sons,,1611.0,Referral,2025-11-12,4,False,0,2,True,2026-01-16
L004107,"Garner, Fox and Chan",Consulting,128.0,Partner,2024-12-05,2,True,1,5,False,
L004108,"Heath, Warren and Mcbride",Retail,16.0,Outbound SDR,2026-04-08,5,False,1,5,True,2026-04-12
L004109,Ryan-Steele,Health Care,145.0,Outbound SDR,2026-08-22,2,False,3,0,True,2026-08-23
L004110,"Jackson, Moore and Becker",Fintech,14.0,Paid Search,2026-03-03,2,False,2,2,False,
L004111,"Walters, Montgomery and Bridges",Real Estate,,Event/Webinar,2026-07-14,7,False,1,3,False,
L004112,"Hernandez, Dunlap and Lynch",Real Estate,124.0,Partner,2025-05-06,4,False,3,4,True,2025-07-13
L004113,Ramirez Group,Fintech,16.0,Event/Webinar,2023-04-16,5,False,3,1,True,2023-07-02
L004114,Price-Boyd,Media,1542.0,Partner,2025-12-10,3,False,0,3,False,
L004115,English-Mcdonald,Real Estate,10.0,Outbound SDR,2024-10-11,2,False,1,1,False,
L004116,Griffith LLC,Manufacturing,110.0,Paid Search,2026-03-24,2,True,2,2,True,2026-04-30
L004117,Jones Ltd,Retail,21.0,Referral,2024-05-12,2,True,1,3,True,2024-06-27
L004118,"Barnett, Clark and Quinn",Retail,163.0,Outbound SDR,2024-10-06,1,False,2,3,True,2024-10-20
L004119,"Chung, Brown and Jenkins",Retail,358.0,Outbound SDR,2025-04-19,1,False,2,2,False,
L004120,Castillo and Sons,Education,262.0,Organic Search,2024-12-21,4,False,0,4,False,
L004121,Myers and Sons,Real Estate,125.0,Event/Webinar,2023-06-06,2,False,0,1,False,
L004122,"Barnes, Vargas and Wright",Education,92.0,Partner,2025-09-18,5,True,2,3,False,
L004123,Jones-Richmond,Consulting,109.0,Paid Search,2025-07-08,3,False,4,5,False,
L004124,Taylor-Morales,Logistics,12.0,Paid Search,2026-03-12,4,True,2,4,True,2026-03-28
L004125,"Singh, Blackburn and Hernandez",Real Estate,56.0,Paid Search,2025-04-14,4,False,3,1,False,
L004126,Thomas-Hill,Consulting,1100.0,Partner,2023-10-10,2,False,1,1,False,
L004127,Smith-Wilson,Consulting,123.0,Referral,2024-08-10,4,False,0,2,False,
L004128,Warren-Ingram,Education,,Referral,2023-08-30,4,True,1,1,False,
L004129,"Ruiz, Guerrero and Evans",financial tech,4.0,Outbound SDR,2025-05-12,3,False,1,4,False,
L004130,Weaver PLC,Real Estate,47.0,Paid Search,2026-03-25,3,False,3,1,False,
L004131,Hernandez-Beard,Media,32.0,Partner,2024-02-10,4,False,0,3,False,
L004132,"Peterson, Nelson and Travis",healthcare,145.0,Outbound SDR,2023-02-01,1,True,2,3,False,
L004133,Massey-Scott,Healthcare,40.0,Organic Search,2025-05-07,5,False,1,2,False,
L004134,"Owens, Richards and Walter",Manufacturing,,Event/Webinar,2025-08-20,4,False,4,2,False,
L004135,"Glenn, Freeman and Carter",Fintech,,Paid Search,2023-03-11,5,False,1,2,True,2023-05-05
L004136,"Garcia, Bright and Morrison",SaaS,328.0,Partner,2023-12-08,2,True,1,8,True,2023-12-17
L004137,"Grimes, Allen and Horn",Healthcare,16.0,Event/Webinar,2025-12-20,2,False,2,1,False,
L004138,Copeland-Richmond,Logistics,298.0,Outbound SDR,2024-12-26,3,True,2,8,True,2025-01-11
L004139,Brown-Garcia,Logistics,,Partner,2026-02-14,4,False,1,1,True,2026-03-16
L004140,Kirby-Oconnor,Manufacturing,,Organic Search,2024-11-20,1,False,1,5,True,2025-01-02
L004141,Bowman-Murphy,Consulting,299.0,Event/Webinar,2026-06-16,5,False,1,4,True,2026-06-29
L004142,"Huff, Bird and Miller",SaaS,81.0,Organic Search,2024-12-27,5,False,2,3,True,2025-02-22
L004143,Marquez Group,Logistics,45.0,Partner,2025-07-10,2,False,1,4,False,
L004144,Willis and Sons,Logistics,12.0,Referral,2025-09-04,3,False,1,0,False,
L004145,"Hamilton, Baker and Osborn",Healthcare,1584.0,Partner,2024-01-11,2,True,0,4,True,2024-03-26
L004146,"Freeman, Obrien and Cunningham",Real Estate,155.0,Organic Search,2023-11-08,2,False,2,2,False,
L004147,"Stone, Schaefer and Reyes",Software,79.0,Event/Webinar,2026-04-29,1,False,0,1,True,2026-06-15
L004148,"Rodriguez, Massey and Day",Media,153.0,Outbound SDR,2024-10-18,4,True,2,1,False,
L004149,Johnston Inc,Media,97.0,Paid Search,2025-11-07,1,False,2,1,False,
L004150,Ward Ltd,Consulting,122.0,Referral,2023-07-18,2,False,1,0,False,
L004151,"Mckee, Fisher and Long",Retail,56.0,Referral,2025-10-07,5,False,0,4,False,
L004152,"Williams, Holland and Alexander",Education,394.0,Organic Search,2026-03-01,1,False,3,2,False,
L004153,Berry-Mills,Real Estate,6.0,Event/Webinar,2026-04-02,1,False,0,3,False,
L004154,Li-Fuller,Real Estate,272.0,Outbound SDR,2024-08-07,1,False,1,2,False,
L004155,Caldwell-Johnson,Education,108.0,Outbound SDR,2024-10-14,2,False,2,0,False,
L004156,"White, Mccoy and Murphy",healthcare,25.0,Paid Search,2023-03-27,1,False,1,3,True,2023-04-22
L004157,Knapp-Pham,Logistics,,Event/Webinar,2024-07-23,3,False,1,5,False,
L004158,"Bryant, Macdonald and Howard",Consulting,563.0,Event/Webinar,2024-10-05,4,True,4,4,True,2024-10-17
L004159,"Cooper, Beltran and Wright",Education,30.0,Referral,2023-12-06,4,False,0,5,True,2023-12-21
L004160,Bowers-Nguyen,Manufacturing,99.0,Referral,2025-09-23,3,True,0,4,False,
L004161,"Ritter, Baker and Leon",Media,1070.0,Paid Search,2023-12-13,4,False,0,2,False,
L004162,Hansen PLC,Manufacturing,130.0,Referral,2026-05-26,4,True,1,4,True,2026-06-08
L004163,"Morris, Morales and Bailey",Retail,89.0,Partner,2024-07-24,1,False,0,8,True,2024-08-11
L004164,Kirk Inc,Fintech,,Paid Search,2026-02-04,1,True,4,5,False,
L004165,Bell-Medina,Real Estate,47.0,Paid Search,2023-02-26,4,True,2,4,False,
L004166,Stewart LLC,Consulting,32.0,Organic Search,2026-01-10,5,True,3,2,True,2026-03-19
L004167,Sloan Inc,Retail,20.0,Organic Search ,2025-09-27,5,False,4,4,False,
L004168,"Sullivan, Howell and Fowler",SaaS,36.0,Referral,2024-02-21,4,True,2,4,True,2024-03-28
L004169,Harris-Chase,Consulting,77.0,Outbound SDR,2025-06-30,2,False,1,4,False,
L004170,Bell-Shaffer,Real Estate,66.0,Paid Search,2025-07-18,4,False,0,0,False,
L004171,Fischer-Chung,Manufacturing,42.0,Organic Search,2023-09-03,2,False,1,2,False,
L004172,Smith-Lopez,Media,309.0,Outbound SDR,2025-10-07,2,True,1,0,False,
L004173,Stout-Graves,Manufacturing,951.0,Organic Search,2023-10-08,2,False,0,0,True,2023-11-12
L004174,"Phillips, Castro and Thompson",Fintech,3.0,Referral,2023-06-11,2,True,1,5,True,2023-07-09
L004175,"Dominguez, Gonzalez and Davis",Fintech,227.0,Referral,2023-11-17,4,True,2,5,False,
L004176,"Melendez, Alvarado and Phelps",Real Estate,,Referral,2024-07-19,4,False,1,1,True,2024-09-15
L004177,Baldwin PLC,Real Estate,1391.0,Partner,2023-06-01,5,False,2,2,False,
L004178,Sanders-Morse,,,Organic Search,2025-06-06,2,False,0,3,False,
L004179,Kirk Ltd,financial tech,72.0,Partner,2025-12-03,3,False,0,3,False,
L004180,Austin-Arellano,Education,261.0,Paid Search,2026-02-17,4,False,1,5,False,
L004181,Key-Ramos,SaaS,,Partner,2026-07-08,5,True,0,1,True,2026-07-08
L004182,Sanchez and Sons,Retail,118.0,Paid Search,2026-04-15,3,False,1,2,False,
L004183,"Haney, Johnson and Walker",Logistics,453.0,Paid Search,2024-02-05,2,False,2,3,True,2024-03-09
L004184,"Lucero, Sanchez and Perez",Media,283.0,Paid Search,2025-09-19,4,False,3,0,False,
L004185,"Cain, Thomas and Phillips",Healthcare,80.0,Partner,2025-10-14,5,False,1,3,False,
L004186,Mathews Group,Manufacturing,143.0,Paid Search,2024-02-11,5,False,1,4,True,2024-05-02
L004187,Perry-Arnold,Fintech,361.0,Event/Webinar,2024-03-14,3,True,1,3,False,
L004188,"Lee, Lopez and Stone",SaaS,14.0,Outbound SDR,2023-05-18,2,False,3,5,False,
L004189,Burton-Oneal,Media,17.0,Event/Webinar,2026-06-05,3,True,2,4,True,2026-07-01
L004190,Francis-Mann,Healthcare,349.0,Organic Search,2025-05-06,2,True,1,2,False,
L004191,Lara-Baker,Manufacturing,,Event/Webinar,2025-02-17,6,False,3,0,False,
L004192,Diaz-Schaefer,Consulting,151.0,Paid Search,2026-07-30,2,False,4,4,False,
L004193,Flores LLC,,115.0,Outbound SDR,2025-12-22,3,True,2,4,False,
L004194,Rubio and Sons,Healthcare,,Referral,2024-04-19,4,False,3,6,True,2024-05-26
L004195,Heath-Andersen,Media,369.0,Outbound SDR,2026-07-14,4,True,0,5,True,2026-08-08
L004196,Pope PLC,Consulting,31.0,Referral,2026-01-17,4,True,5,3,True,2026-03-19
L004197,Davis PLC,,165.0,Organic Search,2024-03-24,8,True,1,3,False,
L004198,"Alvarez, Edwards and Aguirre",Fintech,23.0,Referral,2025-05-09,2,True,5,6,False,
L004199,"Perez, Bailey and Park",Media,100.0,Referral,2024-05-21,4,True,0,1,True,2024-08-13
L004200,"Nicholson, Walker and Adams",Logistics,40.0,Organic Search,2023-12-27,3,False,2,0,False,
L004201,Stevens Group,Media,228.0,Referral,2023-08-21,5,False,2,4,False,
L004202,Garza-Brown,,105.0,Partner,2025-03-26,2,False,0,4,True,2025-06-24
L004203,Johnson Group,Healthcare,228.0,Outbound SDR,2025-09-28,4,False,1,5,True,2025-12-13
L004204,"Santos, Huang and Woods",,,Partner,2024-04-25,2,False,1,2,False,
L004205,"Hernandez, Fleming and Jones",,84.0,Referral,2024-07-02,4,False,1,3,False,
L004206,"Hill, King and Mosley",,61.0,Paid Search,2025-04-17,6,False,0,2,False,
L004207,Reeves Group,SaaS,900.0,Event/Webinar,2024-10-23,2,False,0,3,False,
L004208,Padilla-Bender,Manufacturing,163.0,Partner,2024-10-12,3,False,1,3,False,
L004209,Lewis-Hayes,Logistics,,Outbound SDR,2025-06-24,3,False,3,2,True,2025-08-17
L004210,"Terry, Torres and Hall",Logistics,158.0,Referral,2023-04-22,5,False,3,2,False,
L004211,"Shah, Thomas and Ryan",Manufacturing,150.0,Outbound SDR,2024-03-24,4,False,1,1,True,2024-05-06
L004212,"Matthews, Huffman and Arellano",SaaS,,Referral,2025-07-05,3,True,1,2,False,
L004213,Joseph LLC,Logistics,116.0,Paid Search,2026-03-18,3,False,1,5,False,
L004214,"Wilson, Madden and Austin",,28.0,Event/Webinar,2024-02-27,6,False,6,0,True,2024-05-17
L004215,"Gutierrez, Martin and Lee",Fintech,138.0,Event/Webinar,2026-06-04,4,False,0,4,True,2026-07-16
L004216,"Ayala, Mayo and Houston",Healthcare,67.0,Event/Webinar,2026-01-10,5,False,0,3,False,
L004217,Banks Group,SaaS,76.0,Partner,2023-02-13,4,False,1,7,False,
L004218,"Wilson, Davis and Shah",Logistics,468.0,Organic Search,2024-11-13,5,False,2,3,True,2024-12-28
L004219,"Haynes, Jennings and Ballard",Real Estate,179.0,Organic Search,2023-04-11,5,True,2,4,False,
L004220,Horton-Taylor,Real Estate,495.0,Paid Search,2025-01-11,4,True,0,4,False,
L004221,White-Collins,Real Estate,1055.0,Paid Search,2023-11-18,3,False,0,7,False,
L004222,Mann LLC,Real Estate,34.0,Outbound SDR,2024-04-14,2,False,2,3,True,2024-05-21
L004223,Davis-Green,Healthcare,51.0,Referral,2024-11-09,5,False,4,3,False,
L004224,Perez Ltd,Logistics,32.0,Paid Search,2026-02-06,3,False,2,3,False,
L004225,"Miller, Hayes and Davis",,48.0,Organic Search,2023-03-15,3,False,1,3,False,
L004226,Smith-Obrien,SaaS,,Event/Webinar,2023-07-29,3,False,2,2,True,2023-10-01
L004227,"Brown, Brooks and Jackson",Logistics,191.0,Outbound SDR,2023-03-28,3,False,2,2,False,
L004228,"Smith, Murphy and Torres",,89.0,Referral,2024-09-09,7,False,1,2,True,2024-09-12
L004229,"Elliott, Villarreal and Sosa",Retail,90.0,Partner,2024-05-21,1,False,2,3,False,
L004230,Fields Group,SaaS,74.0,Referral,2023-09-11,2,True,0,4,True,2023-10-29
L004231,Nichols LLC,Logistics,253.0,Paid Search,2024-07-06,1,False,3,1,True,2024-07-16
L004232,Wiggins and Sons,Fintech,530.0,Organic Search,2025-10-30,3,True,2,3,True,2026-01-28
L004233,"Brooks, Thompson and Alexander",Logistics,683.0,Organic Search,2023-01-31,2,False,1,5,False,
L004234,Romero Group,Real Estate,7.0,Event/Webinar,2023-11-07,4,False,1,4,True,2023-11-19
L004235,Howell PLC,Consulting,38.0,Outbound SDR,2024-02-02,5,False,0,2,True,2024-04-19
L004236,Aguirre LLC,Manufacturing,58.0,Referral,2025-05-20,5,True,1,5,True,2025-07-24
L004237,Rodriguez-Vega,Software,19.0,Referral,2024-07-15,2,False,2,4,True,2024-09-11
L004238,"Stone, Mccullough and Jimenez",Retail,27.0,Organic Search,2024-06-25,3,False,2,2,False,
L004239,"Moore, Austin and Rogers",Consulting,,Outbound SDR,2025-02-10,3,True,3,3,True,2025-03-19
L004240,Mcfarland-Kelley,,,Organic Search,2024-03-31,1,False,1,3,False,
L004241,Bowers-Raymond,Logistics,593.0,Event/Webinar,2024-07-24,2,True,2,2,False,
L004242,"Spencer, Morgan and Diaz",Media,678.0,Referral,2025-12-28,2,False,0,1,False,
L004243,Horne Group,,44.0,Paid Search,2025-02-22,2,False,0,4,False,
L004244,Bauer Inc,SaaS,114.0,Outbound SDR,2025-03-17,1,True,2,0,True,2025-05-03
L004245,Brown-Haas,Real Estate,333.0,Partner,2023-08-10,6,False,2,4,False,
L004246,Cochran-Browning,Media,83.0,Paid Search,2026-03-29,5,True,1,5,True,2026-04-01
L004247,"Webster, Garza and Abbott",Logistics,52.0,Paid Search,2025-07-04,4,True,2,3,False,
L004248,Alvarado LLC,Education,163.0,Outbound SDR,2026-02-27,4,False,0,5,False,
L004249,"Hart, Park and Boyd",Fintech,248.0,Partner,2024-09-28,3,True,1,5,True,2024-11-09
L004250,"Day, Campbell and Taylor",,127.0,Partner,2023-06-21,1,False,2,4,False,
L004251,Carter Ltd,,60.0,Event/Webinar,2023-12-13,4,False,1,1,False,
L004252,Powell-Bennett,Retail,176.0,Outbound SDR,2026-04-30,3,False,1,3,False,
L004253,Johnson-Garcia,Retail,21.0,Organic Search,2023-10-17,2,True,2,7,False,
L004254,"Webb, Price and Jimenez",Logistics,126.0,Event/Webinar,2025-08-27,1,False,1,3,True,2025-11-01
L004255,Townsend-Hale,,96.0,Paid Search,2023-05-01,3,False,1,3,False,
L004256,"Guerra, Lopez and Davis",Media,43.0,Referral,2025-04-23,5,False,0,3,False,
L004257,"Adkins, Duncan and Thompson",Manufacturing,49.0,Partner,2024-11-22,5,True,1,4,True,2024-12-11
L004258,Stevenson-Ferguson,SaaS,52.0,Referral,2026-03-03,2,True,0,0,False,
L004259,Rasmussen Group,Consulting,174.0,Outbound SDR,2023-01-12,3,True,1,7,True,2023-02-15
L004260,Bell PLC,Retail,51.0,Event/Webinar,2025-09-27,1,False,1,3,False,
L004261,Colon Ltd,Real Estate,551.0,Outbound SDR,2024-10-03,3,True,2,3,True,2024-12-25
L004262,Rodgers-Warren,Retail,,Referral,2025-08-02,7,False,2,0,True,2025-10-31
L004263,Hicks Ltd,Media,60.0,Event/Webinar,2026-02-10,3,False,3,4,True,2026-02-20
L004264,"Williams, Lewis and Bryant",Fintech,9.0,Outbound SDR,2023-06-08,1,False,1,1,True,2023-07-26
L004265,Stafford Ltd,Healthcare,28.0,Organic Search,2023-11-28,3,False,0,1,False,
L004266,Jones-Harris,Real Estate,84.0,Partner,2023-09-06,1,False,2,3,False,
L004267,Duncan PLC,Health Care,43.0,Paid Search,2025-06-15,2,False,0,4,False,
L004268,Williams Group,Fintech,59.0,Organic Search,2025-05-18,4,False,1,2,False,
L004269,Mccullough Inc,Media,42.0,Paid Search,2026-07-06,1,False,2,2,False,
L004270,Smith-Allen,Real Estate,64.0,Outbound SDR,2023-10-14,3,False,2,2,True,2023-12-23
L004271,Joyce-Benitez,Logistics,134.0,Outbound SDR,2023-01-19,4,True,2,6,True,2023-02-25
L004272,Watson Group,Fintech,33.0,Outbound SDR,2024-08-25,4,False,1,4,True,2024-11-19
L004273,Moore PLC,Manufacturing,613.0,Event/Webinar,2024-10-22,1,False,2,4,True,2025-01-08
L004274,Howell LLC,Education,21.0,Event/Webinar,2026-08-24,2,True,2,2,False,
L004275,Becker-Mckinney,Healthcare,34.0,Paid Search,2024-08-17,2,False,1,3,True,2024-10-22
L004276,"Collins, Bentley and Valdez",Retail,,Event/Webinar,2025-01-30,4,True,3,1,True,2025-04-06
L004277,Ortiz-Smith,Consulting,79.0,Referral,2025-08-24,5,False,1,2,False,
L004278,Bennett-Kirby,Media,56.0,Paid Search,2024-11-07,4,False,1,5,False,
L004279,Montoya Group,Healthcare,186.0,Paid Search,2025-12-09,2,False,1,3,False,
L004280,Greene-Sims,Media,85.0,Organic Search,2024-10-12,2,False,0,4,False,
L004281,Williams-Wang,Logistics,23.0,Paid Search,2023-11-04,2,False,3,4,False,
L004282,Alvarado and Sons,Media,39.0,Organic search,2023-01-12,4,True,0,3,False,
L004283,Walsh Inc,Manufacturing,48.0,Partner,2024-01-20,5,False,1,2,True,2024-02-14
L004284,Barrera Group,FinTech,17.0,Event/Webinar,2025-07-28,1,False,2,3,False,
L004285,White LLC,Education,38.0,Organic Search,2023-05-06,4,False,2,4,False,
L004286,Harding LLC,Consulting,85.0,Outbound SDR,2026-05-02,6,False,0,1,False,
L004287,"Espinoza, Neal and Mitchell",Healthcare,8.0,Organic Search,2024-12-18,3,True,1,5,True,2025-03-09
L004288,Mitchell-Hudson,Real Estate,260.0,Paid Search,2024-12-07,1,False,0,2,False,
L004289,Juarez Group,SaaS,16.0,Paid Search,2024-07-16,4,False,3,2,False,
L004290,Clements PLC,Manufacturing,9.0,Outbound SDR,2026-04-11,1,False,5,5,False,
L004291,Gonzalez-Holmes,Manufacturing,253.0,Referral,2026-07-02,3,True,1,5,False,
L004292,Harrison Inc,Logistics,386.0,Referral,2026-02-23,4,False,0,2,False,
L004293,Perez Group,Real Estate,77.0,Partner,2024-02-19,3,False,2,3,True,2024-02-28
L004294,Miller Ltd,Consulting,55.0,Paid Search,2023-07-30,3,False,0,6,False,
L004295,Allen PLC,Retail,123.0,Referral,2024-01-01,4,False,1,5,True,2024-02-03
L004296,Kim-Thomas,Consulting,32.0,Organic Search,2023-09-17,3,False,1,2,True,2023-11-22
L004297,"Hammond, Bates and Gordon",Consulting,21.0,Partner,2025-02-23,3,False,0,4,False,
L004298,Mack Ltd,Education,1281.0,Event/Webinar,2026-04-27,2,False,2,1,True,2026-07-13
L004299,Williams-Smith,Manufacturing,148.0,Partner,2026-06-15,6,False,1,2,True,2026-08-14
L004300,Peterson LLC,Retail,417.0,Paid Search,2023-01-06,6,True,0,1,True,2023-02-04
L004301,Bell and Sons,Retail,,Organic Search,2026-06-13,3,False,2,3,False,
L004302,"Brown, James and Arroyo",Healthcare,44.0,Paid Search,2023-12-04,4,True,1,4,False,
L004303,"Brown, White and Lee",Media,358.0,Organic Search,2024-10-24,3,True,2,3,True,2024-11-02
L004304,"Griffith, Johnson and Alexander",saas ,88.0,Paid Search,2025-11-13,4,False,3,4,False,
L004305,Guzman LLC,Media,81.0,Outbound SDR,2025-08-24,3,False,1,1,False,
L004306,"Martin, Payne and Stewart",Education,694.0,Referral,2025-10-21,5,False,0,3,False,
L004307,Cohen Group,Fintech,14.0,Paid Search,2026-02-21,5,False,1,3,False,
L004308,"Ferguson, Montgomery and Jackson",Logistics,225.0,Outbound SDR,2025-02-28,3,False,0,4,False,
L004309,Wood-Thomas,Media,332.0,Referral,2024-09-30,3,True,0,3,False,
L004310,Sutton Inc,Real Estate,20.0,Referral,2025-12-22,3,False,0,4,False,
L004311,Smith-Brown,Fintech,,Event/Webinar,2024-03-14,2,True,1,1,True,2024-04-04
L004312,Mack-Wilson,Manufacturing,203.0,Partner,2023-10-20,2,True,1,4,False,
L004313,Gill Inc,Logistics,11.0,Event/Webinar,2025-06-23,6,False,0,3,False,
L004314,"Gardner, Smith and Holloway",Media,23.0,Partner,2024-05-28,4,True,0,4,False,
L004315,Pineda-Newman,,66.0,Event/Webinar,2025-06-10,3,False,4,8,False,
L004316,Jennings-Hughes,Education,97.0,Paid Search,2023-02-21,5,False,1,2,False,
L004317,"Young, Henry and Wright",Education,96.0,Outbound SDR,2024-12-09,2,False,1,2,True,2025-02-01
L004318,"Gibson, Calhoun and Hernandez",Retail,131.0,Event/Webinar,2026-02-20,1,False,1,3,False,
L004319,"Suarez, Walker and Mitchell",Retail,136.0,Outbound SDR,2025-02-05,4,False,1,3,False,
L004320,"Thompson, Coffey and Kidd",Healthcare,73.0,Partner,2023-01-22,2,True,3,1,True,2023-02-16
L004321,Richardson Inc,Media,186.0,Referral,2025-12-13,3,False,2,4,False,
L004322,Trujillo-Thomas,Retail,,Organic Search,2026-04-15,3,True,2,6,False,
L004323,Jenkins-Hobbs,Manufacturing,161.0,Referral,2023-07-12,6,True,3,1,True,2023-08-28
L004324,Archer and Sons,Manufacturing,,Event/Webinar,2023-01-27,3,True,1,3,False,
L004325,"Gomez, Mcmahon and Fisher",Consulting,513.0,Referral,2023-03-10,4,True,0,1,True,2023-05-31
L004326,Murray-Chavez,Manufacturing,766.0,Partner,2025-09-07,2,False,2,3,False,
L004327,Ford-Morgan,Logistics,28.0,Organic Search,2024-06-02,3,False,3,3,False,
L004328,"Ross, Cummings and Harris",Manufacturing,30.0,Partner,2023-04-28,2,False,1,2,False,
L004329,Marquez PLC,,65.0,Organic Search,2025-08-22,2,False,1,1,False,
L004330,Gould Ltd,Consulting,487.0,Partner,2025-07-19,4,False,1,1,False,
L004331,"Mueller, Cox and Ford",Media,131.0,Paid Search,2025-08-27,4,False,1,5,True,2025-11-17
L004332,Brooks-Parker,Real Estate,463.0,Organic Search,2023-03-20,3,True,3,0,False,
L004333,Thomas-Rodriguez,Education,55.0,Organic Search,2026-06-09,3,False,0,4,True,2026-06-28
L004334,"Chavez, Conway and Sosa",Healthcare,710.0,Paid Search,2023-06-19,2,True,2,3,True,2023-08-11
L004335,"Jenkins, Gonzalez and Morgan",Fintech,6.0,Organic Search,2025-06-27,4,False,0,2,False,
L004336,Keller PLC,SaaS,841.0,Referral,2023-07-19,5,False,0,4,False,
L004337,White-Ramos,Real Estate,208.0,Referral,2024-02-02,6,False,2,7,False,
L004338,"Clark, Bradley and Jackson",Consulting,,Partner,2023-02-04,4,False,4,3,False,
L004339,"Becker, Hammond and Davidson",Education,17.0,Partner,2024-10-10,5,False,2,4,True,2025-01-08
L004340,"Casey, Gonzalez and Jenkins",healthcare,80.0,Event/Webinar,2025-01-20,5,False,2,2,False,
L004341,Sanchez-Rodgers,Real Estate,34.0,Organic Search ,2025-04-05,2,False,1,5,False,
L004342,Stewart-Fitzpatrick,Logistics,52.0,Partner,2023-05-06,3,False,0,1,False,
L004343,"Schmidt, Fuller and Johnson",Fintech,25.0,Paid Search,2025-10-24,2,False,0,1,False,
L004344,Buchanan Inc,Health Care,72.0,Partner,2024-06-30,2,False,2,3,True,2024-07-10
L004345,Smith Inc,Healthcare,22.0,Outbound SDR,2023-04-02,3,False,2,0,False,
L004346,Phelps-Edwards,Manufacturing,158.0,Event/Webinar,2024-02-11,2,False,1,5,False,
L004347,Harris-Hernandez,Real Estate,41.0,Outbound SDR,2023-12-21,1,True,2,1,False,
L004348,Parker Inc,SaaS,17.0,Referral,2024-07-14,4,False,1,3,False,
L004349,Hanson-Stewart,,18.0,Referral,2023-08-30,6,False,2,1,False,
L004350,Alvarez-Padilla,Education,24.0,Outbound SDR,2026-03-09,2,True,2,3,False,
L004351,Turner-Lang,Fintech,112.0,Event/Webinar,2025-08-06,6,True,3,5,False,
L004352,Lester and Sons,Fintech,49.0,Organic Search,2023-07-05,2,True,2,3,True,2023-07-28
L004353,Perry PLC,financial tech,266.0,Paid Search,2024-10-12,5,False,0,1,False,
L004354,"Ortiz, Hoffman and Fuller",Consulting,57.0,Partner,2023-02-11,3,False,3,2,True,2023-03-04
L004355,"Lucero, Vaughn and Mckee",SaaS,27.0,Paid Search,2026-07-30,5,False,1,1,False,
L004356,Beck and Sons,Education,481.0,Outbound SDR,2023-06-16,10,False,2,5,False,
L004357,Davis-Williams,Retail,24.0,Referral,2026-08-08,4,True,3,1,True,2026-08-14
L004358,Kennedy-Woods,,135.0,Referral,2023-04-20,3,False,0,4,False,
L004359,Willis LLC,Logistics,159.0,Partner,2024-08-10,4,False,3,5,False,
L004360,Richards-White,Healthcare,,Referral,2023-10-15,3,False,2,1,False,
L004361,Waller Ltd,Consulting,176.0,Referral,2025-04-27,4,False,3,3,False,
L004362,"Cooper, Morgan and Miller",Retail,,Paid Search,2024-07-12,2,False,0,1,False,
L004363,Jones-Taylor,Retail,345.0,Paid Search,2024-08-27,1,False,1,2,False,
L004364,Byrd-Rangel,Manufacturing,44.0,Partner,2025-06-19,4,False,1,1,True,2025-07-22
L004365,Haney Ltd,Fintech,74.0,Outbound SDR,2024-12-28,1,False,3,6,False,
L004366,Nixon LLC,Consulting,236.0,Referral,2024-12-15,5,False,2,2,True,2025-03-07
L004367,Dawson-Rush,Real Estate,43.0,Outbound SDR,2026-07-16,5,False,2,1,False,
L004368,Gomez Group,,,Organic search,2026-04-13,2,False,2,3,True,2026-06-01
L004369,Howell PLC,Healthcare,239.0,Event/Webinar,2026-03-10,3,False,1,3,False,
L004370,Frey-Diaz,Retail,,Partner,2025-06-07,1,False,1,4,False,
L004371,Lee-Ramirez,Education,53.0,Partner,2024-08-14,3,True,2,2,True,2024-09-09
L004372,"Strong, Johnson and Flores",Education,60.0,Partner,2025-10-28,2,False,1,3,True,2026-01-06
L004373,Williams and Sons,Manufacturing,21.0,Organic Search,2025-11-17,3,False,0,2,False,
L004374,"Parker, Cole and Hamilton",Retail,188.0,Referral,2024-03-22,3,True,1,2,False,
L004375,Nelson Ltd,Media,197.0,Referral,2023-03-06,3,False,0,5,False,
L004376,Hopkins-Cook,Fintech,94.0,Event/Webinar,2026-07-16,3,False,0,3,False,
L004377,Anderson PLC,Healthcare,180.0,Outbound SDR,2023-10-14,4,True,0,1,False,
L004378,Navarro Inc,,75.0,Event/Webinar,2024-10-23,6,False,0,2,True,2024-12-09
L004379,James-Conway,Consulting,,Outbound SDR,2026-04-20,1,False,1,1,False,
L004380,Price-Dominguez,SaaS,13.0,Referral,2023-08-03,2,False,1,3,False,
L004381,Terry-Rogers,Education,,Organic Search,2023-11-22,4,False,1,6,True,2024-01-14
L004382,"Nash, Mueller and Russell",Media,16.0,Referral,2024-11-20,4,True,2,2,True,2025-02-10
L004383,Anderson-Reed,financial tech,69.0,Paid Search,2025-01-03,2,False,1,2,False,
L004384,Tran-Burns,,34.0,Paid Search,2025-08-14,3,False,2,4,False,
L004385,Miller-Cole,Real Estate,21.0,Paid Search,2023-02-14,2,False,2,1,False,
L004386,"Miller, Wade and Flores",Media,70.0,Event/Webinar,2025-07-23,3,False,1,1,False,
L004387,"Huang, Johnson and Anderson",Consulting,57.0,Event/Webinar,2025-06-09,3,True,0,2,False,
L004388,Sanchez and Sons,Logistics,133.0,Outbound SDR,2024-05-13,2,False,3,4,True,2024-06-14
L004389,Brown-Armstrong,Education,,Event/Webinar,2024-11-22,3,False,1,4,False,
L004390,Maxwell Inc,Media,175.0,Partner,2025-04-01,3,False,0,3,False,
L004391,Sharp Ltd,Manufacturing,19.0,Organic Search,2024-04-24,2,False,1,1,False,
L004392,Berg-Williamson,Real Estate,,Organic Search,2025-05-12,5,False,2,3,True,2025-07-05
L004393,Aguilar Group,Manufacturing,80.0,Event/Webinar,2025-03-31,4,True,3,3,True,2025-06-14
L004394,"Marks, Hartman and Rodriguez",SaaS,,Paid Search,2025-11-14,4,False,2,1,True,2025-12-05
L004395,Brown and Sons,Manufacturing,19.0,Event/Webinar,2025-12-09,4,False,1,3,False,
L004396,Hardin Inc,Retail,19.0,Event/Webinar,2023-10-13,2,True,2,4,False,
L004397,Davis Inc,Healthcare,806.0,Partner,2024-11-13,2,False,1,5,False,
L004398,Hamilton Ltd,SaaS,99.0,Organic Search,2024-09-25,4,True,1,4,False,
L004399,Clark Ltd,,58.0,Referral,2025-07-28,4,False,0,10,False,
L004400,Hughes Ltd,Logistics,194.0,Paid Search,2025-08-01,1,False,1,2,True,2025-08-01
L004401,"Lee, Roth and Erickson",Healthcare,74.0,Paid Search,2023-12-19,1,False,3,6,True,2024-01-26
L004402,Jacobs-Lopez,Manufacturing,34.0,Organic Search,2024-01-14,3,False,1,4,False,
L004403,Dennis-Vargas,Retail,1133.0,Paid Search,2025-06-13,3,False,2,3,False,
L004404,Ramos PLC,Fintech,,Partner,2024-05-16,3,False,6,1,True,2024-06-04
L004405,Miller and Sons,Real Estate,1735.0,Referral,2023-01-11,3,False,2,3,False,
L004406,Thomas-Weaver,Media,43.0,Paid Search,2024-12-06,4,False,1,5,False,
L004407,Graves Ltd,FinTech,106.0,Outbound SDR,2026-01-31,5,False,2,2,False,
L004408,Lopez LLC,Logistics,243.0,Partner,2024-03-11,4,False,3,2,True,2024-05-10
L004409,Martin Ltd,,75.0,Outbound SDR,2024-05-12,4,True,1,2,True,2024-05-24
L004410,"Phillips, Gutierrez and Davidson",Logistics,8.0,Paid Search,2024-10-13,2,True,1,1,True,2024-10-30
L004411,Simmons LLC,Logistics,26.0,Referral,2024-08-02,2,False,2,1,False,
L004412,"Allen, Smith and Zamora",Logistics,268.0,Event/Webinar,2025-03-17,4,True,4,1,True,2025-05-24
L004413,"King, Webster and Brown",Fintech,88.0,Referral,2025-09-27,3,False,1,0,True,2025-12-21
L004414,Snyder Ltd,Consulting,670.0,Organic Search ,2024-03-30,2,False,2,4,True,2024-06-15
L004415,Harvey Group,Healthcare,56.0,Paid Search,2025-01-25,2,False,1,5,False,
L004416,Craig Ltd,Education,109.0,Referral,2025-10-23,4,True,3,1,False,
L004417,Smith-Garner,SaaS,119.0,Event/Webinar,2026-05-12,4,False,3,4,True,2026-07-01
L004418,Flores LLC,Fintech,87.0,Partner,2024-04-16,4,False,2,1,False,
L004419,"Becker, Gregory and Jones",Healthcare,155.0,Outbound SDR,2024-01-20,1,True,2,2,False,
L004420,Acosta-Flores,SaaS,72.0,Paid Search,2024-09-10,1,True,1,2,False,
L004421,Harmon-Castillo,Logistics,66.0,Organic Search,2024-11-26,2,False,2,6,False,
L004422,Evans-Burns,Logistics,,Partner,2024-01-04,3,False,1,0,True,2024-02-27
L004423,"Duarte, Lee and Matthews",Healthcare,63.0,Referral,2024-09-29,4,False,1,1,False,
L004424,Vazquez Group,,,Partner,2025-09-11,4,False,1,2,False,
L004425,Hobbs-Nguyen,SaaS,280.0,Referral,2025-05-13,4,False,2,1,False,
L004426,Ford-Nolan,Healthcare,363.0,Paid Search,2025-03-26,1,False,2,3,False,
L004427,Hernandez-Rojas,Real Estate,240.0,organic-search,2025-08-10,1,False,1,6,False,
L004428,Barnes-Johnson,Fintech,246.0,Referral,2023-07-27,2,True,0,2,True,2023-10-18
L004429,Kramer Group,Logistics,209.0,Organic Search,2023-11-26,3,True,0,1,False,
L004430,"Hernandez, Diaz and Hamilton",Education,879.0,Paid Search,2026-03-22,2,True,1,4,True,2026-05-25
L004431,"Whitehead, Hernandez and Shah",Logistics,30.0,Partner,2025-07-20,3,False,1,4,False,
L004432,Davis Group,Software,49.0,Outbound SDR,2026-09-01,4,True,0,4,False,
L004433,Hernandez-Rogers,Logistics,129.0,Outbound SDR,2023-04-22,2,False,0,3,False,
L004434,Crawford and Sons,Manufacturing,117.0,Outbound SDR,2024-06-13,3,False,0,6,False,
L004435,Gallegos-Nash,Fintech,71.0,Event/Webinar,2025-07-11,5,False,1,3,True,2025-09-13
L004436,Perez-Tucker,Education,,Outbound SDR,2024-11-17,3,False,2,2,False,
L004437,"Porter, Graham and York",Real Estate,34.0,Referral,2023-08-17,3,True,2,5,False,
L004438,Costa-Brown,Healthcare,75.0,Outbound SDR,2025-12-24,2,True,1,3,False,
L004439,Jones LLC,,200.0,Partner,2023-06-13,4,False,1,1,True,2023-07-02
L004440,"Woods, Roberts and Young",SaaS,190.0,Referral,2026-04-23,3,False,2,5,True,2026-05-26
L004441,Lara-Butler,Retail,992.0,Event/Webinar,2026-06-12,4,True,3,3,True,2026-08-09
L004442,Frye Ltd,Logistics,26.0,organic-search,2025-08-09,2,False,2,0,False,
L004443,Morgan LLC,Manufacturing,179.0,Organic Search ,2023-09-06,3,False,0,1,False,
L004444,"Montgomery, Carr and George",Media,1631.0,Outbound SDR,2025-01-21,5,False,3,4,False,
L004445,"Campbell, Hardy and Roman",SAAS,48.0,Event/Webinar,2025-01-26,2,False,1,2,False,
L004446,Wood Group,Manufacturing,,Outbound SDR,2024-11-22,2,True,1,7,True,2025-02-16
L004447,Smith LLC,Manufacturing,175.0,Organic Search,2026-01-16,4,False,0,2,False,
L004448,Sanchez-Blackburn,Manufacturing,129.0,Paid Search,2024-08-23,3,False,0,3,False,
L004449,"Hall, Wiggins and Edwards",Education,28.0,Outbound SDR,2023-02-05,2,False,3,0,False,
L004450,Buchanan-Peters,Media,288.0,Referral,2024-09-01,6,False,2,1,True,2024-11-21
L004451,"Leon, Hale and Winters",SaaS,10.0,Event/Webinar,2023-08-17,3,False,2,3,False,
L004452,Harrington-Armstrong,Education,416.0,Partner,2023-03-16,2,True,2,1,True,2023-05-23
L004453,Erickson PLC,Logistics,29.0,Paid Search,2023-12-25,6,False,1,2,True,2024-01-04
L004454,Li and Sons,Real Estate,,Organic Search,2023-09-16,3,False,2,1,False,
L004455,Elliott-Zamora,Health Care,30.0,Partner,2025-10-07,3,True,3,2,True,2025-12-01
L004456,Dixon-Davis,Manufacturing,122.0,Referral,2025-07-27,4,True,0,3,True,2025-10-23
L004457,Hanson Inc,Consulting,33.0,Paid Search,2025-12-08,4,False,2,0,False,
L004458,"Henry, Morrison and Macdonald",Consulting,104.0,Outbound SDR,2023-03-25,3,False,0,1,False,
L004459,"Adams, Cole and Waters",,2858.0,Referral,2025-02-02,9,True,4,1,True,2025-02-06
L004460,Joseph-Cox,Healthcare,40.0,Event/Webinar,2026-07-30,5,True,1,4,False,
L004461,Wells and Sons,FinTech,40.0,Outbound SDR,2025-11-15,5,False,2,3,False,
L004462,"Smith, Kelly and Oliver",Fintech,184.0,Referral,2026-07-28,6,False,3,3,False,
L004463,"Thomas, Nelson and Flores",Manufacturing,24.0,Outbound SDR,2025-03-31,2,False,1,1,False,
L004464,Jacobs-Herrera,SaaS,104.0,Paid Search,2024-06-10,7,True,1,2,False,
L004465,"Lopez, Bradshaw and Jacobs",financial tech,324.0,Outbound SDR,2023-08-27,2,False,1,2,False,
L004466,Quinn-Moss,Retail,25.0,Event/Webinar,2024-06-18,2,False,0,6,False,
L004467,Mills PLC,Manufacturing,45.0,Event/Webinar,2025-11-18,4,False,1,6,False,
L004468,Wright-Bennett,Real Estate,48.0,Paid Search,2023-04-11,2,False,2,3,False,
L004469,"Cardenas, Smith and Green",Education,,Event/Webinar,2025-08-26,2,False,1,0,False,
L004470,Phillips Inc,Retail,,Outbound SDR,2024-07-16,1,False,2,3,False,
L004471,"Schneider, Fisher and Richardson",,574.0,Referral,2025-10-24,4,False,1,3,False,
L004472,Griffin Group,Software,64.0,Event/Webinar,2025-03-27,4,False,2,2,True,2025-04-19
L004473,"Moore, Wallace and Edwards",Manufacturing,109.0,Referral,2023-01-11,3,True,5,2,True,2023-03-04
L004474,Bryant-Gonzalez,Retail,163.0,organic-search,2025-04-28,3,False,0,1,False,
L004475,"Chavez, Martin and Anderson",Healthcare,99.0,Referral,2024-06-30,5,False,2,7,False,
L004476,Martinez LLC,Media,70.0,Event/Webinar,2026-07-24,3,True,1,3,False,
L004477,"Woods, Thomas and Decker",Education,66.0,Organic Search,2024-03-29,2,True,2,2,True,2024-04-26
L004478,Pierce-Fuller,SaaS,99.0,Partner,2024-10-26,3,False,1,8,True,2024-11-23
L004479,"Nguyen, Thompson and Austin",Fintech,,Event/Webinar,2024-08-12,4,False,1,4,True,2024-10-28
L004480,Schneider LLC,Media,47.0,Event/Webinar,2025-05-11,5,False,1,5,True,2025-07-31
L004481,"Avila, Williams and Hunt",Consulting,105.0,Referral,2026-01-13,3,True,2,3,True,2026-03-03
L004482,"Love, Anderson and Brown",Media,51.0,Event/Webinar,2023-01-26,4,False,1,2,False,
L004483,Taylor Inc,Education,176.0,Referral,2024-10-16,5,False,1,2,True,2024-11-29
L004484,"Martin, Reeves and Davis",Media,118.0,Paid Search,2025-08-04,5,False,1,2,True,2025-10-06
L004485,Compton-Morgan,Retail,70.0,Event/Webinar,2023-12-15,3,True,0,3,True,2024-03-10
L004486,Cooper-Jones,,33.0,Referral,2025-04-05,2,False,1,4,False,
L004487,Gardner-Warren,SaaS,79.0,Partner,2026-03-16,3,True,0,3,True,2026-03-26
L004488,"Clarke, Neal and Kelley",Media,211.0,Event/Webinar,2024-12-08,2,False,4,0,False,
L004489,Olsen Group,Fintech,32.0,Paid Search,2025-12-20,1,False,0,3,False,
L004490,Wilson LLC,,44.0,Referral,2024-08-20,6,False,1,2,True,2024-09-29
L004491,Allen Ltd,Media,164.0,Partner,2025-08-15,3,False,3,3,True,2025-08-18
L004492,"Grant, Williams and Cameron",,69.0,Event/Webinar,2026-04-12,2,False,0,3,False,
L004493,Mendoza Inc,Healthcare,103.0,Event/Webinar,2024-12-21,3,False,0,1,False,
L004494,Blake and Sons,,14.0,Outbound SDR,2025-04-30,3,True,2,2,False,
L004495,Mason LLC,SaaS,297.0,Referral,2026-02-13,2,True,2,2,False,
L004496,Avila-Santiago,Media,,Paid Search,2025-02-07,3,False,2,2,False,
L004497,Dixon LLC,Real Estate,563.0,Paid Search,2025-02-14,1,True,0,2,True,2025-05-02
L004498,Johnson-Espinoza,Fintech,23.0,Organic Search,2025-03-21,2,False,1,1,False,
L004499,Pierce-Williams,,55.0,Paid Search,2023-08-15,2,True,4,6,True,2023-10-27
L004500,"Johnson, Perez and Henry",Manufacturing,,Paid Search,2023-11-22,4,False,1,5,True,2024-01-12
L004501,Miles-Perkins,Real Estate,42.0,Outbound SDR,2024-12-21,3,False,1,2,True,2025-01-17
L004502,Hicks-Calderon,Logistics,476.0,Event/Webinar,2024-07-25,6,False,3,3,False,
L004503,Lewis-Herrera,Education,54.0,Referral,2026-07-14,4,False,1,2,True,2026-07-20
L004504,"Garner, Campbell and Hawkins",Education,25.0,Event/Webinar,2026-01-01,4,True,5,5,True,2026-03-10
L004505,"Price, Davenport and Webster",Logistics,31.0,Paid Search,2025-04-07,1,False,1,2,False,
L004506,Cook-Murphy,Media,20.0,Outbound SDR,2024-08-09,1,True,1,6,True,2024-10-05
L004507,Long-Santos,,719.0,Paid Search,2025-03-30,1,True,2,2,False,
L004508,Johnson-Morrison,Manufacturing,146.0,Organic Search,2025-12-26,3,False,0,2,False,
L004509,"Powers, Carrillo and Harris",Education,,Outbound SDR,2023-12-19,5,False,2,2,True,2024-03-15
L004510,Williams Inc,Fintech,159.0,Outbound SDR,2026-04-03,2,False,2,1,False,
L004511,"Fitzpatrick, Harris and Wolf",Logistics,106.0,Outbound SDR,2025-04-20,2,False,1,4,False,
L004512,"Burgess, Whitaker and Craig",Retail,85.0,Partner,2023-03-01,3,False,2,3,False,
L004513,"Meyers, Ward and Brown",Consulting,59.0,Paid Search,2023-10-11,2,True,3,1,False,
L004514,"Hall, Zamora and Bridges",Consulting,201.0,Event/Webinar,2025-10-27,4,True,2,1,True,2025-11-06
L004515,Dixon LLC,Consulting,116.0,Event/Webinar,2025-04-17,2,False,0,3,False,
L004516,Robinson and Sons,SaaS,77.0,Referral,2026-06-02,2,True,0,6,False,
L004517,Clark-Arroyo,Retail,1074.0,Paid Search,2026-03-11,5,False,2,3,False,
L004518,Cortez-Ellis,Media,36.0,Partner,2023-07-06,4,True,1,2,True,2023-08-22
L004519,Guzman-Martin,SaaS,108.0,Partner,2026-05-16,2,False,3,2,False,
L004520,Castillo-Carlson,Logistics,750.0,Event/Webinar,2025-11-13,5,False,0,2,False,
L004521,"Mathews, Wright and Jensen",Retail,27.0,Paid Search,2025-07-26,5,False,0,3,False,
L004522,Farrell PLC,Education,,Partner,2024-05-05,4,False,1,5,False,
L004523,Vincent LLC,Healthcare,76.0,Outbound SDR,2024-02-14,3,False,3,3,False,
L004524,Turner Group,Education,286.0,Paid Search,2024-08-23,2,True,1,3,True,2024-08-31
L004525,"Carroll, Moore and Brown",SaaS,11.0,Paid Search,2026-03-28,4,False,1,1,True,2026-05-26
L004526,Brewer Group,Media,4.0,Paid Search,2026-05-20,3,False,0,6,False,
L004527,"Walter, Jones and Butler",Media,124.0,Paid Search,2023-12-29,5,True,2,4,False,
L004528,Evans Inc,Media,351.0,Event/Webinar,2026-08-06,5,False,2,4,False,
L004529,Turner LLC,Fintech,252.0,Event/Webinar,2024-11-09,4,False,1,6,False,
L004530,Conrad-Clay,healthcare,50.0,Paid Search,2025-08-04,2,False,1,1,False,
L004531,Martinez Ltd,Fintech,26.0,Organic Search ,2023-03-08,3,True,2,2,True,2023-06-03
L004532,"Farley, Mcguire and Beard",Logistics,70.0,Event/Webinar,2025-08-20,2,False,6,1,False,
L004533,Thompson-Rodriguez,Logistics,100.0,Organic Search,2025-05-04,6,False,1,3,True,2025-06-06
L004534,"Young, Kane and Riley",Real Estate,,Organic search,2026-05-28,1,True,5,5,True,2026-08-18
L004535,"Nelson, Johnson and Hart",Real Estate,59.0,Partner,2023-02-18,4,True,0,2,True,2023-04-15
L004536,Simon and Sons,Media,101.0,Partner,2023-05-03,6,False,2,5,True,2023-06-09
L004537,Brown Ltd,Logistics,9.0,Partner,2023-03-23,3,True,1,2,True,2023-05-08
L004538,Johnson-Jimenez,Logistics,5.0,Partner,2025-11-13,1,False,1,2,True,2026-02-01
L004539,Gutierrez-Dudley,Media,103.0,Outbound SDR,2023-09-12,4,False,1,2,False,
L004540,"Merritt, Douglas and Chung",,713.0,Paid Search,2024-06-21,1,True,0,0,True,2024-09-03
L004541,Mckinney-Higgins,Fintech,16.0,Partner,2023-12-13,2,True,0,1,False,
L004542,Pham Inc,Education,26.0,Outbound SDR,2024-11-26,2,True,0,5,True,2024-12-14
L004543,"Nelson, Wiggins and Young",Retail,52.0,Outbound SDR,2024-03-06,5,False,2,4,True,2024-04-08
L004544,Patrick-Forbes,Fintech,1631.0,Referral,2026-08-07,5,True,0,5,True,2026-08-29
L004545,Russo Group,Fintech,,Outbound SDR,2025-10-03,3,False,1,3,False,
L004546,"Crane, Freeman and Hall",Retail,175.0,Referral,2024-12-02,5,True,2,3,True,2025-01-08
L004547,"Williams, Cox and George",,340.0,Referral,2025-07-11,3,False,2,4,False,
L004548,Hoover-Stephens,Manufacturing,12.0,Event/Webinar,2024-07-17,2,True,2,5,True,2024-10-01
L004549,Hopkins-Watson,SaaS,84.0,Paid Search,2023-10-31,5,False,1,3,False,
L004550,"Fernandez, Flores and Fowler",Real Estate,69.0,Referral,2023-02-23,5,False,1,3,False,
L004551,Thompson-Morales,Retail,60.0,Referral,2026-02-28,3,False,2,2,False,
L004552,Lucero-Saunders,Education,18.0,Partner,2024-08-19,4,True,2,4,False,
L004553,Olsen Group,Manufacturing,90.0,Partner,2023-11-21,3,False,1,1,False,
L004554,"Daniels, Ward and Reynolds",Consulting,111.0,Partner,2024-09-16,2,False,2,4,False,
L004555,"King, Taylor and Middleton",Media,407.0,Partner,2025-06-19,1,False,2,4,True,2025-09-13
L004556,"Owens, Molina and Hensley",Manufacturing,35.0,Paid Search,2023-09-21,1,False,2,3,False,
L004557,Preston LLC,Healthcare,,Event/Webinar,2024-08-21,3,False,1,4,False,
L004558,"Hull, Mcgrath and Thomas",Logistics,118.0,Referral,2026-07-28,5,False,1,5,False,
L004559,Fernandez-Collier,Retail,124.0,Organic Search,2024-03-09,2,False,0,3,True,2024-05-22
L004560,Rosales PLC,Manufacturing,71.0,Paid Search,2026-04-11,3,False,0,4,False,
L004561,Rowland and Sons,SaaS,153.0,Referral,2025-01-15,4,False,2,2,False,
L004562,"Sanders, Colon and Gilmore",Real Estate,77.0,Partner,2025-11-24,2,False,0,1,True,2026-01-14
L004563,"Stephens, Stone and Johnston",Media,77.0,Event/Webinar,2023-12-15,1,False,4,6,True,2024-01-28
L004564,Michael-Ortega,healthcare,118.0,Event/Webinar,2025-10-23,1,True,1,3,True,2025-12-02
L004565,Singh Ltd,Real Estate,884.0,Referral,2025-02-13,3,True,4,4,True,2025-04-16
L004566,"French, Burns and Nguyen",Healthcare,20.0,Event/Webinar,2025-09-14,1,False,1,2,False,
L004567,Kelley-Foster,,398.0,Outbound SDR,2025-02-16,2,False,3,4,False,
L004568,"Weiss, Robinson and Bell",,165.0,Partner,2023-05-13,2,True,0,0,True,2023-06-25
L004569,Watts-Travis,,37.0,Referral,2024-02-27,3,False,0,3,False,
L004570,Bowman Group,Retail,,Paid Search,2024-07-23,3,False,2,6,False,
L004571,Flowers and Sons,Consulting,112.0,Partner,2023-09-02,1,True,1,4,True,2023-11-24
L004572,"Smith, Leon and Wagner",Retail,107.0,Referral,2025-10-18,3,True,1,1,False,
L004573,Simpson Inc,Media,204.0,Event/Webinar,2026-07-31,6,True,2,3,True,2026-07-31
L004574,"Clements, Allen and Sullivan",,,Paid Search,2024-02-19,3,False,2,1,False,
L004575,Weaver Inc,Education,59.0,Partner,2023-03-09,1,False,2,4,False,
L004576,Johnson Inc,Logistics,616.0,Partner,2023-07-22,1,True,0,5,True,2023-09-02
L004577,Martinez-Lopez,Real Estate,60.0,Organic Search,2024-07-09,3,False,0,1,False,
L004578,"Jones, King and Tapia",Real Estate,44.0,Event/Webinar,2026-01-06,4,False,1,2,False,
L004579,Duffy-Stanley,Fintech,,organic-search,2025-07-03,4,True,0,1,False,
L004580,Wolfe LLC,Consulting,242.0,Event/Webinar,2024-05-22,6,False,2,2,False,
L004581,Hughes-Clark,Retail,59.0,Referral,2024-01-10,9,False,5,1,False,
L004582,Harvey-Gillespie,Retail,233.0,Paid Search,2025-07-23,1,True,1,1,False,
L004583,"Mendez, Williams and Henry",Healthcare,183.0,Organic Search,2026-06-01,2,False,2,3,True,2026-07-05
L004584,Porter LLC,Real Estate,1301.0,Referral,2023-07-07,2,False,0,3,False,
L004585,Scott Group,Retail,322.0,Partner,2023-05-11,2,True,3,4,False,
L004586,Mullins-Carrillo,Healthcare,23.0,Event/Webinar,2024-09-12,5,False,0,4,True,2024-09-19
L004587,Barker-Oliver,Retail,24.0,Paid Search,2024-05-14,4,False,5,1,False,
L004588,Avery-Cohen,Consulting,,Event/Webinar,2025-09-04,4,True,0,4,False,
L004589,James Group,Media,37.0,Organic Search,2026-01-04,6,False,0,1,False,
L004590,Wells PLC,saas ,137.0,Referral,2026-07-22,8,False,0,5,True,2026-07-26
L004591,Miller Ltd,Retail,29.0,Outbound SDR,2023-08-27,2,False,4,1,False,
L004592,"Welch, Davis and James",Media,19.0,Organic Search,2025-09-01,3,False,1,3,False,
L004593,Allen-Riggs,Retail,10.0,Organic Search,2026-01-15,3,True,2,2,False,
L004594,Morris PLC,Consulting,1569.0,Paid Search,2026-05-10,3,False,2,2,False,
L004595,"Bond, Robinson and Jenkins",Media,104.0,Referral,2026-03-11,4,False,2,0,False,
L004596,Sutton PLC,SaaS,17.0,Event/Webinar,2025-05-30,2,False,0,2,False,
L004597,"Norman, Walls and Wallace",FinTech,17.0,Partner,2025-06-25,5,False,0,4,True,2025-09-15
L004598,"White, Hill and Cunningham",Retail,171.0,Event/Webinar,2026-07-24,3,False,1,1,False,
L004599,"Valdez, Williams and Richards",Consulting,175.0,Outbound SDR,2023-01-02,2,False,2,3,False,
L004600,"Black, Thompson and Hayes",Manufacturing,69.0,Outbound SDR,2026-05-16,3,False,0,1,False,
L004601,Williams PLC,Manufacturing,281.0,Outbound SDR,2026-07-16,2,False,1,3,False,
L004602,Simmons-Mcdaniel,Healthcare,179.0,Referral,2025-11-04,3,False,1,4,True,2026-01-04
L004603,Gonzalez Group,Real Estate,,Referral,2026-08-14,5,False,4,2,True,2026-08-23
L004604,Smith Ltd,Manufacturing,66.0,Event/Webinar,2024-05-24,7,False,1,5,True,2024-07-06
L004605,"Whitehead, Barton and Williams",Manufacturing,520.0,Partner,2026-02-23,1,False,3,3,True,2026-04-28
L004606,Walker Ltd,Manufacturing,991.0,Partner,2025-06-20,2,False,0,5,False,
L004607,"Bruce, Perez and Wallace",Fintech,,Paid Search,2025-09-25,3,True,4,4,False,
L004608,"Gould, Wilson and Martin",Software,27.0,Referral,2025-11-09,3,False,2,2,True,2026-01-08
L004609,Yang PLC,Media,256.0,Paid Search,2024-01-02,3,False,1,2,False,
L004610,"Johnson, Crawford and Bauer",Fintech,133.0,Outbound SDR,2024-09-15,4,False,0,2,False,
L004611,Smith-Warren,Fintech,134.0,Outbound SDR,2024-12-02,3,False,2,7,False,
L004612,"Richardson, Stephens and Barnes",Real Estate,245.0,Paid Search,2024-02-01,6,False,1,0,False,
L004613,Ramirez PLC,Fintech,52.0,Paid Search,2024-03-12,3,False,0,5,False,
L004614,"Henderson, Brown and Baker",Manufacturing,172.0,Event/Webinar,2024-09-17,3,True,1,1,False,
L004615,"Howard, Morales and Calhoun",Education,131.0,Event/Webinar,2025-08-24,1,True,1,1,True,2025-09-06
L004616,Martinez and Sons,Manufacturing,84.0,Event/Webinar,2024-03-06,3,False,0,3,False,
L004617,Hudson Ltd,Consulting,1582.0,Partner,2023-11-13,1,False,4,3,False,
L004618,Griffin PLC,Education,168.0,Paid Search,2024-01-29,1,False,3,3,False,
L004619,Grant-Woods,Logistics,153.0,Paid Search,2023-11-20,1,False,1,4,False,
L004620,"Lopez, Gutierrez and Castro",Consulting,55.0,Partner,2023-11-18,2,True,3,4,False,
L004621,Harris LLC,Education,,Event/Webinar,2025-08-28,3,False,2,7,True,2025-11-19
L004622,Francis Group,Consulting,115.0,Outbound SDR,2024-07-05,2,False,2,3,False,
L004623,Watson PLC,Retail,34.0,Referral,2025-08-24,5,False,2,2,False,
L004624,Rodriguez Ltd,Manufacturing,111.0,Referral,2023-10-24,5,False,1,4,False,
L004625,Richards-Smith,Manufacturing,43.0,Referral,2024-12-25,5,False,2,1,True,2025-02-03
L004626,Flores and Sons,Media,77.0,Referral,2025-05-21,3,False,0,2,False,
L004627,Solis-Lopez,Consulting,385.0,Outbound SDR,2025-05-04,3,False,1,5,True,2025-05-04
L004628,Mendoza-Lewis,Logistics,134.0,Organic Search,2025-04-17,4,False,0,0,False,
L004629,Hughes Ltd,Education,1076.0,Partner,2023-10-14,5,False,1,3,True,2023-12-11
L004630,"Weaver, Lara and Thomas",Manufacturing,10.0,Organic Search,2024-02-19,2,False,3,3,False,
L004631,Hodge and Sons,Retail,30.0,Partner,2024-06-08,2,False,1,3,False,
L004632,Woods Inc,,23.0,Referral,2023-02-18,4,False,4,2,False,
L004633,"Martin, Sims and Gutierrez",Education,177.0,Outbound SDR,2025-02-22,6,True,1,1,False,
L004634,"Ward, Perez and Baker",,69.0,Event/Webinar,2026-02-20,4,False,2,3,False,
L004635,Goodwin Inc,Retail,158.0,Paid Search,2026-06-18,3,False,3,2,True,2026-08-21
L004636,Norman-Johnson,Media,3.0,Referral,2023-08-07,3,True,3,0,False,
L004637,"Barber, Brooks and Cole",Fintech,413.0,Paid Search,2023-11-25,2,True,1,2,False,
L004638,Goodman and Sons,Education,32.0,Partner,2025-09-09,5,False,1,5,True,2025-11-23
L004639,Mendez-Tyler,Media,363.0,Organic Search,2025-03-09,3,False,0,2,True,2025-06-05
L004640,Lucas-Campos,,92.0,Paid Search,2024-07-27,4,False,5,3,False,
L004641,Allen PLC,Consulting,404.0,Event/Webinar,2025-02-07,2,False,2,4,False,
L004642,Crawford-Jones,SaaS,195.0,Organic Search,2023-04-25,4,True,0,1,True,2023-07-15
L004643,"Johnson, Jones and Miller",Education,82.0,Referral,2026-01-06,3,True,0,3,True,2026-02-22
L004644,Mejia Inc,Media,35.0,Referral,2023-08-16,4,False,0,3,True,2023-10-15
L004645,Ramirez-Campbell,Healthcare,106.0,Partner,2023-06-01,3,False,0,3,True,2023-07-12
L004646,"Roman, Stark and Turner",Logistics,27.0,Paid Search,2023-11-05,4,False,1,2,True,2024-01-19
L004647,"Jacobs, Calhoun and Wyatt",Manufacturing,82.0,Event/Webinar,2024-02-14,1,True,3,2,False,
L004648,Dixon-Hughes,Real Estate,87.0,Organic Search,2025-06-16,2,False,0,7,False,
L004649,"Lawrence, Castro and Fleming",Retail,,Referral,2026-03-18,4,False,1,1,False,
L004650,"Guerrero, Berry and Harrison",Real Estate,112.0,Partner,2024-06-17,4,False,1,8,True,2024-08-27
L004651,Holt LLC,Real Estate,66.0,Referral,2023-02-14,3,True,0,3,True,2023-03-03
L004652,"Black, Welch and King",Fintech,220.0,Partner,2024-10-04,4,False,1,3,True,2024-11-19
L004653,Villa-Baxter,Media,36.0,Partner,2024-03-15,4,False,4,5,False,
L004654,"Palmer, Edwards and Bullock",Healthcare,43.0,Referral,2025-08-17,7,False,1,0,False,
L004655,Knight LLC,Retail,17.0,Outbound SDR,2025-01-11,4,False,2,2,False,
L004656,Lee-Rogers,,11.0,Paid Search,2024-06-14,1,True,1,4,True,2024-07-16
L004657,"Jenkins, Baker and Coleman",Consulting,7.0,Partner,2023-02-17,4,False,1,1,False,
L004658,"Lopez, Austin and Buchanan",Healthcare,,Organic Search,2026-08-08,2,False,4,4,True,2026-08-21
L004659,"Phillips, Mcdaniel and Ward",Logistics,566.0,Outbound SDR,2025-09-23,1,False,0,5,False,
L004660,"Tran, Harris and Ford",SaaS,163.0,Event/Webinar,2023-05-04,2,False,2,2,False,
L004661,"Thompson, Hardy and Walter",Real Estate,19.0,Referral,2023-02-03,2,True,4,3,True,2023-04-16
L004662,"Wright, George and Schultz",Logistics,40.0,Organic Search,2025-10-29,3,False,0,0,False,
L004663,White-Holland,Education,,Event/Webinar,2025-10-04,3,False,3,1,True,2025-11-09
L004664,Brooks-Myers,Consulting,4.0,Referral,2026-07-23,3,True,0,3,False,
L004665,"Nelson, Carroll and Medina",Fintech,219.0,Partner,2023-06-04,2,False,2,2,False,
L004666,Scott Inc,Consulting,36.0,Organic Search,2026-02-17,2,False,0,4,True,2026-03-03
L004667,Martinez-Bennett,Real Estate,33.0,Paid Search,2025-11-17,3,False,2,3,False,
L004668,"Riggs, Smith and Lopez",Fintech,,Event/Webinar,2025-08-17,2,False,1,3,True,2025-11-03
L004669,Reilly-Gibson,Retail,,Organic Search,2025-06-01,4,False,0,4,False,
L004670,"Silva, Hill and Bradley",Manufacturing,407.0,Outbound SDR,2025-07-13,1,False,0,1,False,
L004671,Baker Group,Healthcare,,Partner,2024-11-07,1,False,1,3,True,2024-11-16
L004672,"Holden, Larson and Alvarez",Healthcare,279.0,Partner,2026-03-24,3,False,6,5,False,
L004673,Edwards-Taylor,,8.0,Outbound SDR,2025-12-16,3,False,1,4,True,2026-03-14
L004674,Ward Inc,Logistics,137.0,Organic Search,2025-04-02,4,True,1,5,False,
L004675,Boone LLC,,136.0,Referral,2023-01-14,2,False,1,5,True,2023-04-03
L004676,Dunn LLC,Logistics,52.0,Organic Search,2023-01-18,2,True,1,4,True,2023-02-15
L004677,Bowers Ltd,Education,194.0,Outbound SDR,2023-11-05,5,False,0,3,False,
L004678,"Henderson, Williams and Keller",Manufacturing,400.0,Paid Search,2026-04-11,3,True,1,3,True,2026-07-06
L004679,Smith LLC,Education,78.0,Event/Webinar,2025-07-26,3,True,1,3,True,2025-10-17
L004680,"Ball, Mitchell and Allen",Retail,96.0,Event/Webinar,2024-12-27,5,False,2,1,False,
L004681,Montgomery PLC,Consulting,910.0,Paid Search,2024-01-22,2,False,3,4,True,2024-02-09
L004682,Reilly-Gomez,Retail,128.0,Referral,2024-01-07,3,True,1,4,False,
L004683,Hernandez PLC,Fintech,62.0,Organic Search,2025-12-28,4,False,2,2,False,
L004684,"Stewart, Robinson and Shaffer",Consulting,305.0,Organic Search,2023-09-18,2,False,2,1,False,
L004685,Harris-Jensen,Real Estate,2063.0,Referral,2023-05-22,5,False,1,4,True,2023-07-02
L004686,Davis Ltd,Education,74.0,Paid Search,2024-03-03,5,True,3,3,True,2024-03-28
L004687,"Irwin, Nelson and Tucker",Manufacturing,28.0,Paid Search,2025-05-18,3,True,1,0,False,
L004688,Sanchez Group,Manufacturing,,Paid Search,2024-03-20,2,False,1,5,True,2024-05-04
L004689,Allen PLC,SAAS,,Paid Search,2025-06-19,3,False,1,1,False,
L004690,Mcclain and Sons,FinTech,57.0,Outbound SDR,2023-02-22,6,True,0,1,False,
L004691,Rodriguez-Allen,Media,35.0,Partner,2024-03-03,2,False,3,5,True,2024-04-20
L004692,Graham-Valencia,,394.0,Outbound SDR,2025-06-17,3,False,1,3,False,
L004693,Griffin-Hall,Logistics,,Paid Search,2024-02-26,5,False,2,3,False,
L004694,Ortiz Group,Logistics,40.0,Event/Webinar,2023-09-13,2,False,1,4,False,
L004695,Hernandez-Beasley,Fintech,310.0,Paid Search,2025-11-03,3,True,4,2,True,2026-01-16
L004696,"Christensen, Johnson and Hubbard",Real Estate,32.0,Organic Search,2023-11-30,1,False,0,4,False,
L004697,Macias Group,Retail,398.0,Organic Search,2025-09-28,1,False,1,3,False,
L004698,Clarke-Warren,Consulting,50.0,Referral,2024-10-10,6,False,1,8,True,2024-12-02
L004699,Smith-Romero,,39.0,Paid Search,2023-07-05,2,False,2,1,False,
L004700,Massey-Obrien,Real Estate,,Referral,2025-09-05,3,False,2,4,True,2025-10-07
L004701,Thomas-Jones,Real Estate,47.0,Organic Search,2025-07-24,5,True,2,4,True,2025-07-26
L004702,"Vega, Jackson and Powell",SaaS,30.0,Outbound SDR,2025-05-10,1,False,2,0,False,
L004703,Edwards Group,,49.0,Organic Search,2024-12-27,3,False,1,7,True,2025-02-11
L004704,Wright-Roberts,Manufacturing,157.0,Organic Search ,2025-06-08,4,True,0,1,False,
L004705,Gray Group,Manufacturing,40.0,Paid Search,2023-06-22,4,False,3,2,True,2023-09-13
L004706,Parks PLC,,35.0,Outbound SDR,2023-02-02,6,False,2,2,True,2023-03-09
L004707,Brewer Inc,Education,63.0,Organic Search,2023-10-16,1,False,1,1,False,
L004708,Marquez-Johnson,Retail,88.0,Paid Search,2026-03-02,4,False,3,6,False,
L004709,"Reed, James and Henry",SaaS,23.0,Paid Search,2025-11-28,2,False,1,3,False,
L004710,"Griffin, Coleman and Kim",healthcare,79.0,Paid Search,2025-08-20,3,False,2,5,False,
L004711,Perez-Richardson,SAAS,170.0,Organic Search,2026-05-06,2,False,2,2,True,2026-06-01
L004712,Mendoza-Jackson,Manufacturing,,Referral,2026-06-18,5,False,1,3,True,2026-08-10
L004713,"Newman, George and Patrick",Healthcare,613.0,Outbound SDR,2023-12-20,5,False,0,4,True,2024-01-11
L004714,Werner LLC,,15.0,Paid Search,2024-01-07,2,True,1,1,False,
L004715,Hodges Inc,Education,31.0,Organic Search,2023-11-29,1,True,3,4,True,2023-12-02
L004716,"Moon, Davis and Dominguez",Media,318.0,Paid Search,2024-09-18,2,True,3,4,True,2024-11-08
L004717,Wright PLC,Education,24.0,Referral,2026-06-27,4,True,1,3,True,2026-08-07
L004718,Chavez-Carter,,,Organic Search,2024-11-10,3,True,1,4,False,
L004719,Ramirez-Moon,SaaS,299.0,Outbound SDR,2023-03-12,2,False,2,5,True,2023-03-30
L004720,Ortiz and Sons,Logistics,156.0,Organic Search,2026-01-09,2,False,1,2,True,2026-02-26
L004721,"Jones, Wiggins and Oliver",Consulting,58.0,Partner,2025-12-11,2,False,0,2,False,
L004722,"Pena, Mueller and Mckay",Healthcare,342.0,Paid Search,2023-07-25,3,False,4,3,False,
L004723,"Thompson, Kelley and Mcmahon",SaaS,157.0,Referral,2024-04-01,2,True,1,4,False,
L004724,Young and Sons,Fintech,31.0,Outbound SDR,2023-05-16,7,True,0,3,True,2023-05-30
L004725,"Marquez, Jones and Garcia",Media,164.0,Outbound SDR,2025-04-30,3,False,2,3,False,
L004726,Ferguson Group,Real Estate,46.0,Outbound SDR,2023-10-03,3,False,2,4,False,
L004727,"Hodges, Cummings and Hernandez",Consulting,19.0,Partner,2023-01-02,2,False,2,5,True,2023-02-10
L004728,Sanchez Inc,Media,76.0,Outbound SDR,2024-06-10,4,False,3,3,True,2024-06-26
L004729,Foley-Miranda,Education,14.0,Partner,2026-01-10,1,False,1,2,True,2026-02-25
L004730,"Li, Mason and Jacobson",Consulting,28.0,Partner,2023-07-17,3,False,3,5,False,
L004731,Taylor-Williams,Media,134.0,Outbound SDR,2026-03-15,1,False,0,1,False,
L004732,Bradford and Sons,Retail,320.0,Paid Search,2024-03-25,3,False,2,5,True,2024-05-29
L004733,"Flowers, Berry and Ramirez",Healthcare,94.0,Paid Search,2024-04-06,5,True,3,2,False,
L004734,Gibson Ltd,,233.0,Partner,2023-07-14,4,False,1,3,True,2023-09-03
L004735,Reeves and Sons,Manufacturing,230.0,Event/Webinar,2023-08-04,4,False,5,1,True,2023-09-04
L004736,"Obrien, Williams and Mcgrath",Retail,219.0,Referral,2024-01-14,4,False,4,4,True,2024-04-07
L004737,Smith Group,Manufacturing,36.0,Referral,2025-08-04,6,False,2,8,True,2025-10-28
L004738,"Lindsey, Byrd and Foster",Consulting,62.0,Event/Webinar,2025-11-24,1,True,0,5,False,
L004739,"Barber, Oneal and Owens",Consulting,124.0,Referral,2023-09-27,3,False,2,3,False,
L004740,"Harding, Gomez and Jacobs",Education,70.0,Outbound SDR,2025-02-06,4,False,1,2,False,
L004741,"Monroe, Sullivan and King",Healthcare,16.0,Event/Webinar,2023-03-12,1,False,1,4,False,
L004742,Jackson-Hodge,Logistics,26.0,Partner,2023-04-09,2,False,3,4,False,
L004743,Ballard and Sons,Retail,29.0,Paid Search,2023-01-30,4,False,1,4,False,
L004744,Greene LLC,Healthcare,77.0,Partner,2023-03-11,5,False,2,5,False,
L004745,Wilson-Strong,Retail,12.0,Paid Search,2025-03-23,2,False,1,2,False,
L004746,Bennett-Brooks,Education,114.0,Organic Search,2026-03-17,1,False,1,2,False,
L004747,Freeman-Christensen,,79.0,Outbound SDR,2024-12-05,4,False,2,2,False,
L004748,Graham Ltd,Retail,127.0,Partner,2026-03-28,4,False,1,2,False,
L004749,Cole PLC,Logistics,97.0,Outbound SDR,2024-03-15,2,False,2,4,False,
L004750,"Taylor, Leon and Sanders",Media,445.0,Event/Webinar,2024-06-22,1,False,2,2,False,
L004751,Smith and Sons,Real Estate,382.0,Outbound SDR,2023-08-30,5,False,0,5,False,
L004752,King-Ross,Manufacturing,41.0,Partner,2025-11-19,2,False,2,2,True,2026-01-01
L004753,"Marshall, Khan and Ford",Education,115.0,Paid Search,2024-06-06,2,False,1,5,False,
L004754,Moyer-Sanchez,Education,228.0,Outbound SDR,2026-01-29,5,False,2,0,False,
L004755,Prince Inc,Media,872.0,Partner,2023-07-17,2,True,3,4,False,
L004756,Brooks-Bell,Education,238.0,Event/Webinar,2024-06-22,6,False,0,2,True,2024-06-30
L004757,Eaton-Wiggins,Education,325.0,Outbound SDR,2026-08-08,3,True,0,4,True,2026-08-08
L004758,George LLC,Real Estate,280.0,Paid Search,2023-07-13,2,True,2,2,False,
L004759,"Arnold, Williams and Jarvis",Retail,170.0,Outbound SDR,2023-08-16,4,False,1,6,False,
L004760,Jones-Rivera,Fintech,74.0,Event/Webinar,2024-08-28,3,False,2,3,True,2024-09-13
L004761,Weeks-Martin,Education,380.0,Referral,2025-07-15,2,True,1,1,True,2025-09-08
L004762,Thomas Ltd,Real Estate,,Organic Search,2025-10-30,2,False,3,1,False,
L004763,"Nelson, Johnson and Robinson",Healthcare,,Outbound SDR,2025-11-12,1,True,1,2,False,
L004764,"Watson, West and Cook",Retail,100.0,Paid Search,2024-03-30,3,False,1,2,False,
L004765,"Stevens, Howell and Mitchell",SAAS,41.0,Paid Search,2024-12-25,4,False,1,2,False,
L004766,Solis PLC,Real Estate,84.0,Event/Webinar,2023-11-07,2,True,0,4,True,2024-01-18
L004767,Stephenson Group,Real Estate,86.0,Event/Webinar,2023-04-07,2,False,0,3,False,
L004768,Gallagher-Johnson,Real Estate,25.0,Referral,2026-01-09,4,True,2,5,False,
L004769,"Chandler, Knight and Jones",Retail,271.0,Partner,2025-12-23,3,False,2,4,True,2026-01-13
L004770,Fitzpatrick Group,Education,460.0,Paid Search,2023-07-25,4,False,3,6,False,
L004771,Guerrero-Gonzales,Healthcare,402.0,Partner,2026-07-23,2,False,1,3,False,
L004772,"Reid, Thomas and Gill",Consulting,28.0,Paid Search,2023-11-08,3,False,0,3,True,2024-01-16
L004773,Davis Group,Consulting,24.0,Outbound SDR,2024-02-19,3,True,2,1,False,
L004774,Foster-Williams,Manufacturing,53.0,Organic Search,2025-03-31,2,True,3,1,False,
L004775,Smith-Anderson,Manufacturing,34.0,Outbound SDR,2025-12-04,4,True,4,6,True,2026-01-26
L004776,Hudson-Butler,Media,,Outbound SDR,2024-10-21,3,False,0,5,False,
L004777,Simmons PLC,Healthcare,136.0,Partner,2024-09-06,2,False,0,3,True,2024-09-06
L004778,Mooney-Clark,Fintech,37.0,Referral,2026-02-12,5,False,1,1,False,
L004779,Martin Inc,Manufacturing,57.0,Paid Search,2026-06-09,1,False,1,2,True,2026-08-24
L004780,Acosta-Buchanan,Fintech,304.0,Organic Search,2025-04-20,3,False,2,7,False,
L004781,Mcdonald and Sons,Healthcare,,Paid Search,2025-09-11,3,False,1,2,False,
L004782,"Snyder, Miller and Stevens",Healthcare,753.0,Paid Search,2025-03-12,2,False,2,3,False,
L004783,Jensen-Krause,Healthcare,218.0,Partner,2025-05-08,2,False,0,2,False,
L004784,Sosa-Scott,Logistics,29.0,Event/Webinar,2024-02-01,4,True,1,4,True,2024-03-03
L004785,"Kelley, Valenzuela and Harmon",Education,,Organic Search,2024-04-08,2,False,3,0,False,
L004786,"Ortega, Rose and Contreras",Manufacturing,143.0,Paid Search,2025-04-02,2,False,1,1,False,
L004787,"Lawrence, Fleming and Drake",,27.0,Partner,2026-04-14,3,False,1,5,True,2026-07-09
L004788,Perez Inc,healthcare,39.0,Paid Search,2025-06-27,4,False,0,0,False,
L004789,Webb-Murphy,healthcare,49.0,Partner,2024-07-18,3,False,1,2,True,2024-08-28
L004790,"Turner, Kaufman and Esparza",SaaS,362.0,Partner,2023-08-29,4,False,1,1,False,
L004791,Crane LLC,,12.0,Referral,2025-12-09,4,True,2,5,True,2025-12-22
L004792,Rodriguez-Hernandez,Consulting,319.0,Outbound SDR,2024-04-20,2,False,0,7,False,
L004793,Richard and Sons,Media,62.0,Referral,2023-09-13,5,True,2,3,False,
L004794,Marshall and Sons,Real Estate,19.0,Partner,2026-06-03,4,True,1,4,True,2026-07-31
L004795,Terry PLC,Healthcare,342.0,Organic Search,2024-11-30,3,True,0,2,False,
L004796,Gutierrez-Ross,Manufacturing,48.0,Organic Search,2025-02-20,3,True,3,4,False,
L004797,"Rivera, Miller and Martin",Manufacturing,171.0,Organic Search,2026-07-07,2,False,0,2,False,
L004798,Fry-Bates,Media,,Outbound SDR,2026-04-13,3,False,1,2,False,
L004799,Howe-Brown,Healthcare,104.0,Partner,2025-09-24,2,False,2,3,True,2025-10-31
L004800,Briggs-Moore,Retail,329.0,Event/Webinar,2023-07-31,1,False,2,5,True,2023-08-11
L004801,Good-Cook,Consulting,209.0,Event/Webinar,2025-01-12,2,True,3,0,True,2025-02-11
L004802,Wilson-Young,Media,40.0,Partner,2025-06-04,2,True,1,4,True,2025-07-27
L004803,Reilly-Sanders,SaaS,,Partner,2023-08-04,1,False,1,4,False,
L004804,Sullivan and Sons,Manufacturing,139.0,Partner,2024-07-18,2,False,4,4,False,
L004805,Sanchez-Ballard,Manufacturing,411.0,Partner,2025-11-06,2,True,3,3,False,
L004806,Moore-Murphy,Education,148.0,Outbound SDR,2024-05-29,4,False,0,3,False,
L004807,Castaneda-Garcia,Education,504.0,organic-search,2023-01-27,4,False,1,4,False,
L004808,Hogan Inc,Fintech,11.0,Partner,2025-09-21,2,False,5,0,True,2025-10-22
L004809,Fernandez Group,Consulting,213.0,Outbound SDR,2024-03-29,2,False,1,1,False,
L004810,Michael Ltd,Consulting,193.0,Outbound SDR,2024-06-28,1,False,2,1,True,2024-07-11
L004811,"Hernandez, Williams and Ruiz",Media,261.0,Event/Webinar,2026-05-27,3,True,1,3,True,2026-08-07
L004812,Anderson LLC,Logistics,30.0,Event/Webinar,2025-11-28,4,False,0,2,False,
L004813,"Jennings, Serrano and Howard",Logistics,159.0,Organic Search,2026-05-17,3,True,1,7,False,
L004814,"Miller, Martin and Collins",,,Event/Webinar,2026-08-09,2,True,0,5,True,2026-08-12
L004815,Williams PLC,Consulting,66.0,Organic Search,2023-08-29,4,False,3,2,False,
L004816,Mcneil PLC,,732.0,Referral,2026-04-03,4,False,1,5,False,
L004817,Underwood and Sons,Consulting,36.0,Outbound SDR,2025-03-17,5,False,3,3,False,
L004818,Prince Group,SaaS,405.0,Referral,2026-08-18,4,False,3,1,True,2026-08-30
L004819,Adams LLC,Media,8.0,Outbound SDR,2026-03-20,4,True,0,2,False,
L004820,"Copeland, Jones and Salazar",Real Estate,27.0,Organic Search,2025-03-27,5,False,1,2,True,2025-06-15
L004821,Brown PLC,Logistics,119.0,Partner,2023-02-22,2,False,2,3,False,
L004822,Moore-Parsons,Retail,57.0,Event/Webinar,2024-01-06,3,False,0,1,False,
L004823,"Davis, Obrien and Barker",SaaS,200.0,Partner,2024-11-04,1,False,1,3,False,
L004824,Long LLC,Fintech,154.0,Referral,2025-04-24,4,False,2,3,True,2025-04-27
L004825,"Martin, Kennedy and Chavez",Media,83.0,Referral,2025-01-04,4,False,3,2,True,2025-04-01
L004826,"Torres, Valdez and Briggs",,786.0,Referral,2024-05-24,3,False,0,1,False,
L004827,Roman-Young,Manufacturing,279.0,Outbound SDR,2023-04-08,4,False,2,2,False,
L004828,Wade-Clark,Education,58.0,Outbound SDR,2026-07-24,3,False,0,3,False,
L004829,Hernandez-Moore,Manufacturing,50.0,Paid Search,2024-03-04,4,True,1,3,False,
L004830,Brown Inc,Real Estate,42.0,Event/Webinar,2026-08-20,3,False,2,2,False,
L004831,Rodriguez Group,Education,11.0,Partner,2025-04-01,1,False,0,3,False,
L004832,Hernandez Inc,Education,381.0,Paid Search,2025-10-20,5,False,3,3,False,
L004833,Townsend-Watts,Fintech,492.0,Referral,2024-12-21,4,False,1,5,False,
L004834,"Allen, Olson and Ortiz",Consulting,378.0,Event/Webinar,2024-04-11,2,True,1,3,False,
L004835,"Barnett, Powers and Daniel",Education,14.0,Referral,2023-07-27,6,False,4,4,False,
L004836,Pineda-Clark,Fintech,18.0,Partner,2025-04-11,2,False,2,1,False,
L004837,Douglas-Diaz,Education,341.0,Event/Webinar,2025-10-15,3,False,2,1,False,
L004838,Lee-Jones,Healthcare,63.0,Outbound SDR,2024-02-19,3,False,2,2,False,
L004839,Randall LLC,Manufacturing,246.0,Partner,2025-09-21,3,True,0,1,True,2025-11-04
L004840,Lopez-Jimenez,Education,,Outbound SDR,2025-01-10,3,True,2,4,False,
L004841,"Levy, Bowers and Huffman",Health Care,521.0,Paid Search,2024-10-23,1,False,2,4,False,
L004842,Anderson-Murphy,saas ,76.0,Organic Search,2024-01-24,4,True,2,1,True,2024-04-07
L004843,"Henderson, Edwards and Sexton",Manufacturing,137.0,Event/Webinar,2026-08-08,2,True,2,5,True,2026-08-25
L004844,"Parrish, White and Booth",Manufacturing,123.0,Event/Webinar,2026-01-07,1,False,1,3,True,2026-01-29
L004845,Best Group,Logistics,16.0,Event/Webinar,2023-06-05,3,True,4,9,False,
L004846,Tucker LLC,Retail,150.0,Organic search,2023-07-05,5,True,1,2,False,
L004847,Williams and Sons,Consulting,254.0,Partner,2025-04-08,1,True,1,5,False,
L004848,Hunt Group,Manufacturing,15.0,Paid Search,2024-11-27,2,False,2,1,False,
L004849,Solomon-Le,Real Estate,253.0,Referral,2025-03-23,2,False,2,2,False,
L004850,Johnson-Smith,healthcare,113.0,Outbound SDR,2023-08-01,1,False,0,4,False,
L004851,Dawson-Mcbride,Manufacturing,481.0,Event/Webinar,2026-03-13,6,False,0,5,True,2026-03-23
L004852,Rogers-Garcia,Education,32.0,Paid Search,2025-06-25,1,False,0,2,False,
L004853,"Harris, Hernandez and Becker",SaaS,88.0,Paid Search,2026-01-27,6,False,2,1,False,
L004854,"Manning, Hill and Myers",healthcare,6.0,Partner,2024-07-14,3,True,2,3,False,
L004855,"Chaney, Salazar and Salazar",SaaS,,Outbound SDR,2024-04-04,2,False,1,0,True,2024-07-01
L004856,Carrillo-Simon,Retail,77.0,Paid Search,2024-04-07,3,False,4,3,False,
L004857,Gibson Ltd,Media,43.0,Partner,2024-03-18,2,False,3,4,False,
L004858,"Payne, Ryan and Campos",,109.0,Organic Search,2024-08-30,2,False,2,1,False,
L004859,Mitchell Inc,,157.0,Organic Search,2026-06-07,5,False,0,4,True,2026-08-07
L004860,Lawrence-Hanna,Media,6.0,Outbound SDR,2026-02-13,3,False,2,2,True,2026-04-24
L004861,Wells Group,Consulting,3.0,Paid Search,2025-04-24,1,False,3,2,True,2025-05-17
L004862,Sloan-Lynch,Real Estate,42.0,Event/Webinar,2025-03-29,1,False,1,4,False,
L004863,Leblanc PLC,Consulting,444.0,Outbound SDR,2024-06-19,4,False,5,3,True,2024-09-17
L004864,Cole LLC,Education,20.0,Referral,2025-06-02,3,False,1,2,False,
L004865,"Phelps, Montoya and Barnett",Education,77.0,Referral,2024-04-25,4,True,1,7,False,
L004866,"King, Baker and Schmidt",Education,35.0,Event/Webinar,2025-01-01,1,False,1,3,False,
L004867,Walker Group,financial tech,241.0,Partner,2023-10-03,3,True,1,5,True,2023-11-13
L004868,Sanders Group,Retail,188.0,Event/Webinar,2026-03-31,4,False,2,1,False,
L004869,Benjamin LLC,Healthcare,105.0,Organic search,2025-11-05,4,False,1,1,False,
L004870,"Olsen, Payne and Butler",Media,122.0,Event/Webinar,2024-10-04,3,False,1,3,True,2024-10-17
L004871,"Oneill, Oconnor and Wang",Consulting,63.0,Paid Search,2024-12-14,3,False,1,5,False,
L004872,Mack-Alvarado,Real Estate,74.0,Paid Search,2025-08-10,2,True,2,1,True,2025-09-13
L004873,Zhang-Lewis,Consulting,144.0,Organic Search,2025-07-31,1,False,2,2,False,
L004874,"Tran, Chan and Wyatt",Consulting,21.0,Outbound SDR,2025-10-15,2,False,2,3,False,
L004875,Castro-Murphy,Consulting,68.0,Outbound SDR,2023-05-13,2,False,1,3,True,2023-06-03
L004876,"Douglas, Smith and Jordan",SaaS,22.0,Event/Webinar,2025-07-07,4,True,5,0,False,
L004877,Lucas-Potts,Real Estate,37.0,Partner,2023-04-28,4,True,3,4,True,2023-06-11
L004878,Garcia Ltd,Media,17.0,Partner,2023-10-30,2,False,0,5,False,
L004879,"Scott, Sandoval and Powers",Fintech,109.0,Partner,2024-12-26,3,True,0,3,True,2025-01-03
L004880,Martin-Simmons,Manufacturing,307.0,Event/Webinar,2024-05-31,2,False,1,5,True,2024-06-03
L004881,"Martin, Davis and Huynh",Consulting,226.0,Outbound SDR,2025-06-01,3,True,3,0,True,2025-08-30
L004882,Cuevas-Holt,Healthcare,14.0,Outbound SDR,2024-03-16,3,False,2,1,False,
L004883,"Jones, Mcgrath and Marks",Media,41.0,Referral,2026-01-07,9,False,1,5,False,
L004884,Mckay Inc,Manufacturing,11.0,Referral,2024-04-21,2,False,1,4,False,
L004885,Sanford-Wilson,Consulting,72.0,Event/Webinar,2025-04-13,4,False,3,5,False,
L004886,Morgan-Mason,Healthcare,220.0,Event/Webinar,2026-04-16,3,False,2,4,True,2026-05-26
L004887,"Marshall, Martinez and Contreras",SaaS,408.0,Event/Webinar,2023-04-19,3,True,0,5,False,
L004888,Floyd-Kelly,Education,36.0,Event/Webinar,2023-09-03,4,False,0,1,False,
L004889,Gomez Group,Fintech,101.0,Event/Webinar,2023-05-11,5,True,3,3,False,
L004890,Gardner LLC,Real Estate,40.0,Outbound SDR,2023-11-27,3,False,4,3,False,
L004891,"Smith, Sloan and Brock",Retail,118.0,Paid Search,2026-05-16,4,False,1,4,False,
L004892,Gay and Sons,healthcare,,Paid Search,2023-03-02,2,False,0,4,False,
L004893,Peterson PLC,Media,107.0,Partner,2023-09-02,2,False,0,3,False,
L004894,"Nichols, Mendoza and Middleton",Education,25.0,organic-search,2023-07-12,1,False,2,5,False,
L004895,"Bell, Peterson and Price",Logistics,8.0,Event/Webinar,2025-03-04,4,False,3,2,True,2025-04-25
L004896,Garcia-Hunt,Logistics,115.0,Partner,2025-08-29,2,False,2,5,True,2025-09-15
L004897,Lewis-Lee,,115.0,Paid Search,2023-07-16,4,False,0,2,True,2023-08-24
L004898,"Webb, Willis and Terry",Education,9.0,Paid Search,2025-05-31,5,False,2,4,True,2025-07-02
L004899,"Perez, Sandoval and Durham",Media,,Organic Search,2024-01-13,1,False,1,3,False,
L004900,Grant-Ellis,Manufacturing,232.0,Outbound SDR,2024-02-15,2,False,0,3,False,
L004901,Day-Gonzalez,Retail,26.0,Referral,2026-08-18,7,False,4,2,True,2026-08-28
L004902,Johnson and Sons,FinTech,3.0,Referral,2025-07-14,3,False,1,3,False,
L004903,Duncan Inc,Fintech,95.0,Event/Webinar,2024-06-11,4,False,0,2,True,2024-06-13
L004904,"Peck, Wong and Perry",Consulting,218.0,Organic Search,2026-02-14,3,False,1,8,True,2026-02-21
L004905,Montes Group,Education,103.0,Organic Search,2023-12-12,6,False,2,5,True,2023-12-12
L004906,Anderson Inc,Real Estate,89.0,Organic Search,2023-01-10,3,False,2,1,False,
L004907,"Meyer, Miranda and Watkins",Education,,Outbound SDR,2024-09-19,3,False,2,7,False,
L004908,Snyder-Ferrell,SaaS,,Event/Webinar,2026-02-27,4,False,0,2,True,2026-04-15
L004909,"Juarez, Wilson and Cochran",financial tech,201.0,Paid Search,2024-01-22,1,True,0,3,False,
L004910,"Stewart, Collins and Short",Consulting,304.0,Outbound SDR,2024-01-08,5,True,3,3,True,2024-03-16
L004911,Williams-Rodriguez,Retail,32.0,Referral,2023-07-18,3,False,2,3,True,2023-10-13
L004912,Ortega-Murillo,Healthcare,248.0,Event/Webinar,2025-02-05,5,False,2,6,False,
L004913,"Green, Gray and Hernandez",Consulting,29.0,Paid Search,2025-06-21,3,False,0,3,False,
L004914,Atkinson-Zavala,Healthcare,32.0,Event/Webinar,2023-11-01,2,False,1,3,False,
L004915,"Cox, Jimenez and Rodgers",Media,268.0,organic-search,2026-06-28,2,True,1,0,False,
L004916,Johnson-Zavala,SaaS,27.0,Event/Webinar,2023-09-04,4,False,0,7,False,
L004917,Lopez-Davis,Manufacturing,156.0,Referral,2023-08-09,5,False,0,0,False,
L004918,Velazquez PLC,,9.0,Partner,2024-01-05,4,False,3,4,False,
L004919,"York, Cox and Davis",Consulting,103.0,Event/Webinar,2023-12-09,4,False,3,4,True,2023-12-21
L004920,Tate-Flores,Media,253.0,Paid Search,2026-05-20,2,True,1,7,True,2026-06-08
L004921,White and Sons,Consulting,43.0,Referral,2025-07-20,3,True,2,1,True,2025-10-12
L004922,"Mcbride, Hall and Hill",Real Estate,315.0,Outbound SDR,2025-07-06,1,True,1,2,False,
L004923,"Fischer, Durham and Miller",Fintech,128.0,Partner,2026-02-09,2,True,1,2,False,
L004924,"Dunn, Ray and Vaughn",FinTech,654.0,Referral,2024-05-19,3,False,1,1,False,
L004925,Escobar-Barrett,Education,64.0,Paid Search,2024-05-05,1,True,1,3,True,2024-07-06
L004926,Woodard Inc,Retail,214.0,Outbound SDR,2023-03-27,1,False,0,6,True,2023-05-11
L004927,Ellison-Fisher,SaaS,82.0,Outbound SDR,2026-04-25,3,False,3,1,True,2026-05-07
L004928,"Cook, Figueroa and Taylor",Real Estate,102.0,Organic Search,2024-10-18,3,False,2,6,False,
L004929,Rush PLC,,467.0,Event/Webinar,2026-03-23,2,False,2,5,False,
L004930,Rodriguez Group,Real Estate,71.0,Event/Webinar,2025-03-18,4,False,2,3,False,
L004931,Harrison LLC,Real Estate,51.0,Partner,2024-02-16,2,False,5,3,False,
L004932,Weaver-Baker,,176.0,Referral,2023-10-05,6,True,3,5,True,2023-12-01
L004933,"Ayers, Jacobson and Wright",Retail,38.0,Referral,2026-07-06,3,False,0,1,False,
L004934,Jackson-Wong,Logistics,97.0,Outbound SDR,2025-06-10,5,False,2,5,False,
L004935,"Haynes, Garcia and Burnett",Logistics,315.0,Organic Search,2025-10-01,1,False,1,1,False,
L004936,Robinson-Erickson,SAAS,92.0,Outbound SDR,2023-08-02,1,False,2,2,False,
L004937,Rojas Ltd,Education,1355.0,Event/Webinar,2025-09-18,3,False,3,2,True,2025-12-05
L004938,"Allen, Russell and Maldonado",Logistics,43.0,Referral,2025-10-16,2,True,3,2,False,
L004939,Ray-Blair,Manufacturing,1370.0,Partner,2023-04-23,2,False,1,6,False,
L004940,Vasquez and Sons,Real Estate,20.0,Organic Search,2024-01-21,3,False,1,4,True,2024-02-01
L004941,Jordan PLC,,31.0,Event/Webinar,2026-03-15,5,False,2,2,False,
L004942,"Price, Bryan and Carter",,44.0,Paid Search,2026-08-05,2,False,0,1,False,
L004943,Sullivan PLC,Education,966.0,Partner,2023-04-09,3,False,1,3,False,
L004944,Bartlett-Roberts,Real Estate,501.0,Organic Search,2023-04-07,5,True,4,3,False,
L004945,Jensen Inc,Manufacturing,729.0,Outbound SDR,2024-01-21,2,False,2,5,False,
L004946,"Fisher, Wong and Jimenez",Education,120.0,Event/Webinar,2023-04-18,2,False,3,3,False,
L004947,Sullivan and Sons,Logistics,,Partner,2025-11-07,4,False,0,5,False,
L004948,"King, Anderson and Lopez",Real Estate,101.0,Paid Search,2025-11-07,4,False,2,5,True,2025-12-24
L004949,"Carpenter, Coffey and Wright",SaaS,12.0,Paid Search,2023-07-22,7,False,0,7,False,
L004950,"Williams, Bolton and Mcgee",Media,397.0,Paid Search,2024-03-29,2,False,1,5,False,
L004951,"Jones, Foster and Sanford",,68.0,Organic Search,2024-02-21,3,True,3,7,False,
L004952,Chung-Andrews,Media,112.0,Paid Search,2026-03-15,2,False,1,6,False,
L004953,"Clark, Rodriguez and Horton",Consulting,29.0,Organic Search,2023-04-03,1,False,1,5,False,
L004954,Rodriguez-Clark,Logistics,46.0,Paid Search,2023-08-27,2,False,1,2,False,
L004955,Thomas Ltd,Manufacturing,,Organic Search,2024-05-07,2,False,3,4,False,
L004956,Melton LLC,Education,8.0,Paid Search,2025-03-09,3,False,0,4,False,
L004957,Gray-Stone,Retail,,Referral,2025-04-03,3,False,0,2,False,
L004958,Ramos-Harris,saas ,31.0,Paid Search,2023-10-18,3,True,1,4,True,2024-01-02
L004959,"Thomas, Price and Lopez",Retail,191.0,Event/Webinar,2024-06-12,2,False,3,6,False,
L004960,"Hodge, Bates and Burns",Logistics,8.0,Partner,2026-03-14,2,False,2,7,False,
L004961,Kim-King,Manufacturing,169.0,Paid Search,2026-08-31,6,True,0,1,False,
L004962,Ford-Brown,Manufacturing,139.0,Outbound SDR,2023-01-21,5,True,0,2,True,2023-03-15
L004963,Goodman PLC,Logistics,148.0,Outbound SDR,2024-07-23,3,False,0,2,True,2024-08-16
L004964,Harris-Rodriguez,,,Referral,2026-05-14,5,False,4,5,False,
L004965,Taylor-Ramirez,SaaS,44.0,Partner,2025-03-20,1,False,1,3,True,2025-03-25
L004966,Hammond-Kennedy,Media,124.0,Paid Search,2024-04-01,5,False,5,4,True,2024-04-10
L004967,"Brown, Gibson and Turner",Fintech,25.0,Organic Search,2023-11-22,7,True,2,3,True,2024-01-23
L004968,Cole Ltd,Fintech,69.0,Paid Search,2026-01-04,3,False,1,2,False,
L004969,Franco-Stuart,Education,79.0,Paid Search,2024-06-09,2,False,0,8,False,
L004970,Martin-Walker,Logistics,26.0,Referral,2026-01-03,5,False,0,2,False,
L004971,Smith and Sons,Manufacturing,38.0,Referral,2026-03-13,2,True,3,1,False,
L004972,"Tucker, Robinson and Fry",Manufacturing,168.0,Organic Search,2023-09-02,4,False,1,3,False,
L004973,"May, Thomas and Adams",Logistics,241.0,Paid Search,2023-06-27,4,False,3,4,False,
L004974,Boyd-Vaughn,Real Estate,37.0,Outbound SDR,2024-02-16,2,False,0,3,False,
L004975,Atkins-Black,,17.0,Event/Webinar,2023-03-15,4,False,1,4,False,
L004976,Francis-Smith,,7.0,Outbound SDR,2023-08-12,3,False,1,10,False,
L004977,"Krueger, Rodriguez and Roach",Fintech,205.0,Paid Search,2023-03-19,2,False,1,2,False,
L004978,Pacheco-Todd,Logistics,125.0,Paid Search,2023-06-21,2,True,2,6,False,
L004979,"Velazquez, Foley and Andrews",Fintech,117.0,Paid Search,2025-06-11,2,False,2,7,False,
L004980,"Weeks, Burton and Madden",Consulting,423.0,Referral,2025-06-16,6,False,3,1,False,
L004981,Hernandez Inc,Healthcare,22.0,Outbound SDR,2026-05-07,3,False,1,2,True,2026-05-12
L004982,Mack-Carrillo,Real Estate,2483.0,Paid Search,2024-03-06,2,False,0,4,False,
L004983,Bradley-Smith,Education,430.0,Organic Search,2026-03-10,4,True,0,4,True,2026-03-11
L004984,Lopez Ltd,Healthcare,456.0,Referral,2024-05-28,4,False,1,4,False,
L004985,Le-Coleman,healthcare,254.0,Referral,2025-08-04,3,True,1,2,False,
L004986,"Ballard, Willis and Fuller",Retail,,Partner,2023-04-26,4,True,1,3,False,
L004987,"Wilkinson, Guzman and Elliott",Logistics,15.0,Outbound SDR,2023-11-10,1,False,1,2,False,
L004988,James PLC,,65.0,Event/Webinar,2023-05-11,2,False,1,6,False,
L004989,Zamora LLC,Retail,104.0,Paid Search,2026-07-08,2,True,0,0,False,
L004990,Hodge LLC,Retail,705.0,Referral,2025-06-17,4,True,1,2,False,
L004991,Blake-Patel,SAAS,78.0,Outbound SDR,2023-05-23,2,False,2,3,False,
L004992,Perez-Bernard,Retail,75.0,Event/Webinar,2025-12-18,2,True,3,1,False,
L004993,Norris Inc,Manufacturing,32.0,Event/Webinar,2023-11-26,5,False,2,1,False,
L004994,"Huang, Hall and Delacruz",,552.0,Event/Webinar,2024-10-12,4,True,0,0,True,2024-10-19
L004995,Mcdonald PLC,,29.0,Partner,2023-05-14,4,False,0,3,False,
L004996,"Jones, Becker and Daugherty",Logistics,51.0,Event/Webinar,2025-12-30,2,True,1,2,True,2026-01-01
L004997,Higgins-Walker,Consulting,,Partner,2023-12-14,1,False,1,4,False,
L004998,Robinson Inc,Education,142.0,Referral,2023-03-20,4,False,2,2,False,
L004999,Scott PLC,Health Care,776.0,Organic Search,2024-04-23,3,False,1,3,False,
L001501_DUP,Harper-Robles,SaaS,16.0,Partner,2023-06-23,3,True,0,1,True,2023-07-13
L002586_DUP,Mccall PLC,,113.0,Paid Search,2025-07-07,3,False,3,5,False,
L002653_DUP,Stevens-Johnston,Health Care,1655.0,Organic Search,2025-01-06,3,False,2,6,False,
L001055_DUP,Watson Group,Manufacturing,5.0,Organic Search,2024-10-14,5,False,1,5,True,2024-10-06
L000705_DUP,"Morris, Campbell and Owens",Fintech,461.0,Event/Webinar,2026-01-22,4,False,1,4,True,2026-03-06
L000106_DUP,"Wright, Garcia and Deleon",Real Estate,300.0,Organic Search,2026-02-20,5,False,4,3,True,2026-03-19
L000589_DUP,"Patton, Parsons and Lane",Logistics,198.0,Referral,2025-12-15,4,True,0,1,True,2026-02-10
L002468_DUP,Garcia-Thomas,Media,100.0,Paid Search,2026-02-27,2,False,4,3,False,
L002413_DUP,West PLC,Consulting,142.0,Organic Search,2023-11-05,2,False,1,4,True,2023-12-06
L001600_DUP,"Wagner, Walker and Roberts",Logistics,112.0,Event/Webinar,2025-05-26,4,False,1,3,True,2025-06-27
L002464_DUP,White Inc,Education,551.0,Partner,2024-09-11,7,False,3,3,True,2024-10-23
L000228_DUP,Rowe Group,Education,24.0,Referral,2024-12-03,4,False,2,5,False,
L000915_DUP,"Herrera, Jensen and Ramirez",Real Estate,176.0,Event/Webinar,2026-08-04,4,False,0,1,False,
L000794_DUP,"Barnes, Johnson and Schmitt",SaaS,103.0,Event/Webinar,2026-05-19,3,False,0,3,False,
L003021_DUP,"Phillips, Galloway and Garrett",,23.0,Outbound SDR,2025-04-29,4,False,0,1,False,
L003543_DUP,Martin Inc,Media,68.0,Organic Search,2023-08-29,1,False,1,5,False,
L001073_DUP,Miller PLC,Consulting,226.0,Paid Search,2025-01-28,1,False,0,4,False,
L003351_DUP,"Figueroa, Mcpherson and Howard",financial tech,97.0,Outbound SDR,2024-04-10,3,False,1,2,False,
L001744_DUP,Brooks Inc,Real Estate,65.0,Paid Search,2024-12-30,3,True,2,2,True,2025-01-10
L001084_DUP,Vaughn-Williams,SaaS,474.0,Outbound SDR,2023-06-20,2,False,2,2,True,2023-07-20
L000926_DUP,Brady LLC,SaaS,136.0,Outbound SDR,2023-08-26,2,False,4,0,False,
L003049_DUP,Hunt Group,Real Estate,7.0,Referral,2024-11-04,6,False,2,2,False,
L001117_DUP,"Lynch, Evans and Rodriguez",Fintech,30.0,Partner,2024-06-02,3,False,3,5,False,
L000642_DUP,Green LLC,SaaS,69.0,Paid Search,2025-06-25,3,False,1,3,False,
L004767_DUP,Stephenson Group,Real Estate,86.0,Event/Webinar,2023-04-27,2,False,0,3,False,
L000501_DUP,Paul-Kline,,35.0,Referral,2025-02-12,2,False,3,1,True,2025-03-10
L004066_DUP,Moss and Sons,Fintech,10.0,Event/Webinar,2025-03-14,2,False,2,2,False,
L000333_DUP,Davis PLC,Media,140.0,Paid Search,2024-09-30,2,False,4,4,True,2024-09-08
L004684_DUP,"Stewart, Robinson and Shaffer",Consulting,305.0,organic-search,2023-09-21,2,False,2,1,False,
L000486_DUP,"Hartman, Romero and Smith",,36.0,Outbound SDR,2026-07-28,3,False,1,2,False,
L001962_DUP,"Carroll, Ramirez and Rodriguez",Fintech,,Paid Search,2026-04-24,1,False,2,3,False,
L000393_DUP,"Miller, Ramos and Coleman",,389.0,Organic Search,2026-02-13,4,False,3,4,False,
L004842_DUP,Anderson-Murphy,saas ,76.0,Organic Search,2024-02-10,4,True,2,1,True,2024-04-07
L004866_DUP,"King, Baker and Schmidt",Education,35.0,Event/Webinar,2025-01-29,1,False,1,3,False,
L001755_DUP,"Edwards, Lane and Collins",Manufacturing,8.0,Outbound SDR,2024-01-30,5,False,3,0,False,
L002515_DUP,Lee-Gregory,Consulting,581.0,Organic Search,2023-05-21,2,False,1,4,False,
L003585_DUP,Elliott PLC,Healthcare,14.0,Partner,2026-03-02,4,False,2,1,False,
L004315_DUP,Pineda-Newman,,66.0,Event/Webinar,2025-06-29,3,False,4,8,False,
L004966_DUP,Hammond-Kennedy,Media,124.0,Paid Search,2024-04-19,5,False,5,4,True,2024-04-10
L002099_DUP,"Harris, Santana and Lopez",Fintech,174.0,Paid Search,2023-10-20,1,False,0,1,False,
L003599_DUP,Phillips-Rodriguez,SaaS,220.0,Event/Webinar,2025-10-09,4,True,2,4,True,2025-09-22
L004121_DUP,Myers and Sons,Real Estate,125.0,Event/Webinar,2023-06-20,2,False,0,1,False,
L000029_DUP,"Snyder, Campos and Callahan",Media,40.0,Paid Search,2024-07-15,6,False,2,2,False,
L000065_DUP,Morton-Chase,Manufacturing,101.0,Partner,2025-10-07,2,True,0,4,False,
L000838_DUP,Mckinney-Wallace,Consulting,320.0,Outbound SDR,2025-09-29,1,False,1,1,False,
L003906_DUP,"Frank, Holland and Ferguson",Logistics,59.0,Partner,2024-11-04,3,False,0,4,False,
L003773_DUP,"Welch, Alvarez and Mcdonald",Education,972.0,Paid Search,2026-03-20,2,False,2,7,True,2026-03-04
L004635_DUP,Goodwin Inc,Retail,158.0,Paid Search,2026-07-05,3,False,3,2,True,2026-08-21
L003161_DUP,Carroll-Huerta,,8.0,Organic search,2025-01-25,3,False,2,2,True,2025-02-25
L002659_DUP,Hale Inc,Logistics,331.0,Organic Search,2024-06-17,5,False,2,4,False,
L004615_DUP,"Howard, Morales and Calhoun",Education,131.0,Event/Webinar,2025-08-29,1,True,1,1,True,2025-09-06
L004628_DUP,Mendoza-Lewis,Logistics,134.0,Organic search,2025-05-08,4,False,0,0,False,
L002451_DUP,"Hogan, Zimmerman and Hoffman",Real Estate,74.0,Partner,2026-06-25,2,False,2,7,False,
L002846_DUP,"Gonzalez, Curtis and Cox",FinTech,152.0,Paid Search,2026-07-05,1,False,2,1,True,2026-08-29
L001144_DUP,"Brown, Hayes and Clark",Media,584.0,Event/Webinar,2025-10-13,2,False,1,4,False,
L003078_DUP,"Robinson, Miller and Ward",Media,27.0,Referral,2024-09-23,4,False,2,2,False,
L001103_DUP,"Arnold, Cooper and Monroe",,208.0,organic-search,2026-05-16,4,False,1,4,False,
L000168_DUP,"Yates, Ramsey and Pittman",Retail,115.0,Organic Search,2025-08-12,3,False,0,2,False,
L001670_DUP,"Liu, Buchanan and Meyer",Fintech,42.0,Organic Search,2025-10-09,2,False,6,2,True,2025-12-22
L002570_DUP,"Wilson, Roberts and Lee",Retail,134.0,Outbound SDR,2024-03-28,6,False,1,5,True,2024-04-09
L002377_DUP,Villegas PLC,saas ,28.0,Organic Search,2026-01-16,1,True,4,3,False,
L004395_DUP,Brown and Sons,Manufacturing,19.0,Event/Webinar,2025-12-17,4,False,1,3,False,
L004257_DUP,"Adkins, Duncan and Thompson",Manufacturing,49.0,Partner,2024-12-04,5,True,1,4,True,2024-12-11
L003862_DUP,"Porter, Patel and Jackson",Consulting,,Referral,2025-09-08,2,False,1,4,False,
L000023_DUP,Morales-Jones,Healthcare,165.0,Event/Webinar,2024-05-23,2,True,1,6,True,2024-06-05
L002633_DUP,Carroll-Lloyd,Logistics,67.0,Referral,2025-04-13,7,True,2,2,True,2025-06-12
L003340_DUP,Fuentes PLC,Retail,58.0,Partner,2025-02-26,3,True,1,2,False,
L002215_DUP,Cox Ltd,Logistics,421.0,Organic Search,2026-08-09,1,False,2,2,True,2026-08-28
L003682_DUP,Jackson-Pratt,Education,431.0,Event/Webinar,2025-06-16,3,False,1,1,False,
L004724_DUP,Young and Sons,Fintech,31.0,Outbound SDR,2023-05-24,7,True,0,3,True,2023-05-30
L001907_DUP,Johnson PLC,Real Estate,99.0,Partner,2023-02-24,5,False,3,5,True,2023-02-19
L000084_DUP,"Evans, Stewart and Walton",Media,472.0,Paid Search,2024-01-27,3,True,1,2,False,
L000227_DUP,"Duran, Obrien and Gibbs",Education,734.0,Paid Search,2025-10-01,2,True,0,5,True,2025-10-22
L000296_DUP,Howard-Jordan,Retail,36.0,Event/Webinar,2025-01-21,4,True,2,0,True,2025-03-30
L001001_DUP,Garcia Ltd,Education,70.0,Organic Search,2026-01-03,6,False,1,1,False,
L002138_DUP,Wolf Ltd,Fintech,170.0,Partner,2026-08-02,3,False,0,3,False,
L000711_DUP,Tran-Silva,healthcare,,Organic Search,2026-06-17,3,False,0,1,False,
L002801_DUP,"Glover, Moran and Johnson",SaaS,110.0,Outbound SDR,2024-12-21,3,False,1,1,True,2024-12-25
L002527_DUP,Murphy Inc,Retail,41.0,Outbound SDR,2026-08-15,4,False,0,2,False,
L003752_DUP,White Inc,Media,138.0,Partner,2025-11-05,2,False,1,5,False,
L003321_DUP,"Reilly, Lee and Lopez",Education,21.0,Event/Webinar,2024-01-10,2,False,0,3,False,
L003181_DUP,"Russell, Meyer and Smith",Real Estate,66.0,Partner,2025-10-07,2,False,3,3,False,
L004183_DUP,"Haney, Johnson and Walker",Logistics,453.0,Paid Search,2024-02-12,2,False,2,3,True,2024-03-09
L001615_DUP,Gonzalez LLC,Education,1156.0,Event/Webinar,2024-08-13,2,False,0,4,False,
L003024_DUP,"Sandoval, Parrish and Crosby",Health Care,24.0,Outbound SDR,2024-05-21,3,False,1,5,False,
L001413_DUP,"Herman, Bailey and Richmond",Media,32.0,Paid Search,2025-04-20,5,False,1,2,False,
L000763_DUP,Ward-Nelson,Manufacturing,57.0,Partner,2023-03-14,4,False,3,2,False,
L000655_DUP,Wilson-Harris,,21.0,Outbound SDR,2024-10-05,1,False,3,2,False,
L004797_DUP,"Rivera, Miller and Martin",Manufacturing,171.0,Organic Search,2026-07-21,2,False,0,2,False,
L003849_DUP,Berry-Lewis,Logistics,425.0,Outbound SDR,2023-08-03,3,False,0,3,True,2023-08-24
L004153_DUP,Berry-Mills,Real Estate,6.0,Event/Webinar,2026-04-19,1,False,0,3,False,
L000468_DUP,Brown-Shaw,,54.0,Referral,2023-09-08,6,True,1,3,False,
L000157_DUP,"Miller, Hernandez and Reyes",Consulting,,Referral,2023-08-02,2,False,2,4,False,
L001295_DUP,Andrews and Sons,Logistics,5.0,Outbound SDR,2023-04-09,4,False,1,2,False,
L000497_DUP,Robertson-Hays,Fintech,86.0,Referral,2023-07-15,4,True,3,3,False,
L004740_DUP,"Harding, Gomez and Jacobs",Education,70.0,Outbound SDR,2025-03-04,4,False,1,2,False,
L002940_DUP,"Long, Leblanc and Hickman",Retail,59.0,Organic Search,2026-05-31,2,True,0,2,True,2026-07-31
L003456_DUP,Nielsen-King,Retail,108.0,Event/Webinar,2025-03-21,3,False,0,3,False,
L000373_DUP,"Watson, Anderson and Brown",Consulting,305.0,Event/Webinar,2024-11-26,4,True,1,6,True,2025-01-19
L000079_DUP,"Hensley, Powell and David",Healthcare,86.0,Outbound SDR,2025-10-13,3,False,1,5,False,
L001553_DUP,"Moore, Campbell and Ortiz",Retail,,Organic Search,2024-07-18,2,False,1,4,False,
L001669_DUP,"Crosby, Armstrong and Herrera",Education,266.0,Paid Search,2023-09-03,4,False,1,5,False,
L002131_DUP,Tate Inc,Consulting,10.0,Referral,2023-03-31,4,False,1,2,True,2023-03-14
L004439_DUP,Jones LLC,,200.0,Partner,2023-06-18,4,False,1,1,True,2023-07-02
L000465_DUP,Cole-Palmer,Logistics,50.0,Organic Search ,2025-08-10,2,True,2,4,True,2025-08-08
L000248_DUP,Johnston-Hines,Real Estate,,Paid Search,2024-07-23,3,False,5,2,False,
L000931_DUP,Moore-Ayala,Education,46.0,Outbound SDR,2023-08-02,2,False,1,0,False,
L001335_DUP,Vance PLC,Education,298.0,Paid Search,2023-12-06,3,False,3,4,False,
L004524_DUP,Turner Group,Education,286.0,Paid Search,2024-09-12,2,True,1,3,True,2024-08-31
L001338_DUP,Bates PLC,,,Partner,2023-02-21,1,False,1,2,False,
L001406_DUP,"Mitchell, Johnson and Greene",Education,10.0,Event/Webinar,2026-07-20,3,False,0,1,False,
L001090_DUP,Adams-Butler,Consulting,13.0,Outbound SDR,2024-02-13,3,False,1,1,False,
L004209_DUP,Lewis-Hayes,Logistics,,Outbound SDR,2025-06-28,3,False,3,2,True,2025-08-17
L000742_DUP,Lewis Ltd,SaaS,199.0,Referral,2026-09-27,3,True,1,2,True,2026-09-01
L002323_DUP,"Carroll, King and Scott",Real Estate,35.0,Partner,2023-05-28,4,False,1,5,False,
L003601_DUP,Baker-Lin,SaaS,115.0,Referral,2024-08-15,2,False,2,2,False,
L002123_DUP,Neal-Madden,healthcare,154.0,Partner,2025-05-23,2,False,0,3,True,2025-06-28
L002094_DUP,Smith Group,Real Estate,63.0,Organic Search,2025-07-15,2,False,1,3,False,
L000240_DUP,Jones and Sons,Manufacturing,91.0,Referral,2024-04-27,3,False,2,3,False,
L002351_DUP,Freeman Group,Retail,866.0,Outbound SDR,2025-02-16,2,True,1,2,False,
L001370_DUP,Carlson-Jones,Education,253.0,Paid Search,2023-08-25,1,False,5,4,False,
L001057_DUP,Marshall-Perez,Real Estate,7.0,Referral,2025-04-03,4,False,1,5,True,2025-05-25
L004816_DUP,Mcneil PLC,,732.0,Referral,2026-04-05,4,False,1,5,False,
L000199_DUP,Christensen PLC,Media,13.0,Organic search,2026-01-10,3,True,2,1,True,2026-01-15
L002280_DUP,Martin-Mcdonald,Retail,71.0,Partner,2024-11-09,3,False,2,1,False,
L004749_DUP,Cole PLC,Logistics,97.0,Outbound SDR,2024-03-31,2,False,2,4,False,
L002220_DUP,Fowler-Haynes,Logistics,919.0,Partner,2024-02-22,3,False,2,2,False,
L004771_DUP,Guerrero-Gonzales,Healthcare,402.0,Partner,2026-08-04,2,False,1,3,False,
L002819_DUP,"Richardson, Castaneda and Finley",Healthcare,200.0,Partner,2025-11-22,1,False,0,6,True,2026-01-23
L003150_DUP,"Nicholson, Smith and Farrell",Real Estate,24.0,Referral,2024-02-09,3,True,2,2,True,2024-03-07
L004256_DUP,"Guerra, Lopez and Davis",Media,43.0,Referral,2025-05-19,5,False,0,3,False,
L003107_DUP,Martin-Pratt,Fintech,14.0,Outbound SDR,2024-10-13,3,False,1,3,True,2024-11-18
L001973_DUP,Baird-Williams,Healthcare,105.0,Outbound SDR,2026-03-01,3,True,1,1,True,2026-03-21
L001375_DUP,"Gordon, Wilson and Olson",Fintech,25.0,Outbound SDR,2026-05-15,3,False,3,6,False,
L003968_DUP,Chambers-Davis,Media,76.0,Outbound SDR,2025-09-18,4,False,1,3,True,2025-11-09
L004062_DUP,Johnson and Sons,Real Estate,729.0,Referral,2023-03-10,4,False,2,2,True,2023-05-11
L004445_DUP,"Campbell, Hardy and Roman",SAAS,48.0,Event/Webinar,2025-02-12,2,False,1,2,False,
L003557_DUP,Steele Group,Education,178.0,Event/Webinar,2025-09-05,2,False,1,4,True,2025-09-14
L000964_DUP,Moore and Sons,SaaS,48.0,Referral,2023-02-08,4,False,0,3,True,2023-03-23
L000179_DUP,Howell and Sons,Retail,84.0,Outbound SDR,2023-12-02,5,True,4,5,True,2024-02-07
L003698_DUP,"Hansen, Perez and Fuller",Software,99.0,Referral,2024-04-22,6,True,1,2,True,2024-06-06
L003821_DUP,Coleman-Harmon,Media,274.0,Partner,2023-11-24,5,True,1,1,False,
L004878_DUP,Garcia Ltd,Media,17.0,Partner,2023-11-20,2,False,0,5,False,
L003899_DUP,Robles Group,Healthcare,,Organic Search,2024-07-15,1,False,3,5,True,2024-07-26
L004487_DUP,Gardner-Warren,SaaS,79.0,Partner,2026-03-22,3,True,0,3,True,2026-03-26
L003238_DUP,White Inc,Consulting,14.0,Partner,2025-11-01,3,False,2,0,True,2025-11-03
L002974_DUP,"White, Riddle and Garza",Education,9.0,Event/Webinar,2024-09-08,3,True,2,3,True,2024-10-28
L003580_DUP,"Hendricks, Zuniga and Miller",Consulting,10.0,Event/Webinar,2024-09-27,4,True,1,3,True,2024-12-17
L002887_DUP,Santos-Martin,Fintech,174.0,Outbound SDR,2023-10-07,3,False,1,2,True,2023-09-26
L002575_DUP,White Inc,Education,78.0,Event/Webinar,2025-05-28,3,False,0,4,False,
L001419_DUP,"Wright, Ramos and Bennett",Media,67.0,Outbound SDR,2026-05-19,2,True,0,1,True,2026-06-24
L003907_DUP,Gonzales Ltd,Consulting,13.0,Paid Search,2024-03-06,4,False,2,4,False,
L004673_DUP,Edwards-Taylor,,8.0,Outbound SDR,2026-01-03,3,False,1,4,True,2026-03-14
L004902_DUP,Johnson and Sons,FinTech,3.0,Referral,2025-08-10,3,False,1,3,False,
L001860_DUP,Blanchard-Reynolds,FinTech,125.0,Paid Search,2026-09-14,2,False,3,3,True,2026-08-29
L000008_DUP,Garcia-James,Consulting,99.0,Referral,2023-02-04,5,False,1,1,True,2023-02-03
L002894_DUP,Stewart Group,Consulting,649.0,Referral,2023-02-12,4,True,0,4,True,2023-05-01
L002847_DUP,"Garcia, Floyd and Garrison",Consulting,315.0,Organic Search,2026-03-29,4,False,3,5,True,2026-05-18
L003664_DUP,Sanders and Sons,,56.0,Outbound SDR,2023-01-30,4,True,2,4,False,
L000144_DUP,Hernandez Ltd,Fintech,10.0,Partner,2024-11-27,2,False,3,4,False,
L002104_DUP,"Hines, Rice and Baldwin",Retail,321.0,Partner,2024-10-12,1,False,0,0,True,2024-11-17
L003143_DUP,Williams-Trevino,Consulting,46.0,Outbound SDR,2024-11-22,4,True,0,5,False,
L000841_DUP,Medina and Sons,Real Estate,,Partner,2024-08-01,1,True,1,4,True,2024-09-22
L001128_DUP,"Evans, Jackson and Sandoval",Fintech,158.0,Paid Search,2026-09-10,2,True,0,2,True,2026-08-29
L000151_DUP,"Simmons, Meadows and Griffin",Logistics,,Event/Webinar,2023-01-21,3,False,3,5,True,2023-02-08
L003591_DUP,Hill-Gonzales,Fintech,31.0,Organic Search,2025-02-04,4,False,2,2,False,
L001052_DUP,Anthony-Parker,Real Estate,,Outbound SDR,2025-05-31,3,False,1,2,False,
L001590_DUP,"Warner, Weiss and Davis",Media,1030.0,Event/Webinar,2026-05-15,3,False,4,4,True,2026-05-02
L003008_DUP,Hart-Myers,Media,10.0,Paid Search,2024-11-13,4,True,1,0,False,
L002029_DUP,Sullivan Group,,25.0,Event/Webinar,2023-02-20,2,False,0,3,False,
L003418_DUP,Estes-Mcdonald,Education,866.0,Outbound SDR,2025-10-28,3,True,1,4,False,
L001807_DUP,"Long, Flores and Reyes",Real Estate,23.0,Outbound SDR,2024-02-10,3,True,0,1,False,
L002696_DUP,Smith-Lewis,Manufacturing,23.0,Event/Webinar,2023-07-15,2,False,1,7,True,2023-08-20
L003039_DUP,Smith-Serrano,Retail,103.0,Paid Search,2024-03-25,3,False,3,5,False,
L000472_DUP,Moody-Taylor,Fintech,,Paid Search,2025-07-02,5,False,1,0,False,
L003289_DUP,"Barrera, Wood and Leach",Education,31.0,Outbound SDR,2024-01-25,2,True,0,1,False,
L004074_DUP,Anderson-Douglas,Consulting,156.0,Referral,2025-01-30,4,True,1,5,False,
L003496_DUP,"Sampson, Tucker and Miller",Consulting,128.0,Event/Webinar,2024-03-05,4,False,2,3,True,2024-04-23
L000279_DUP,"Reyes, Chase and Jenkins",Media,80.0,Outbound SDR,2023-07-12,5,False,1,1,False,
L001741_DUP,Crawford and Sons,Real Estate,23.0,Paid Search,2023-07-07,3,True,6,5,True,2023-08-28
L004624_DUP,Rodriguez Ltd,Manufacturing,111.0,Referral,2023-11-08,5,False,1,4,False,
L002886_DUP,Pierce LLC,Consulting,219.0,Organic Search,2024-09-21,4,False,4,0,False,
L001941_DUP,"Robinson, Townsend and Hopkins",,512.0,Outbound SDR,2023-10-29,2,False,1,4,True,2023-10-29
L000100_DUP,Figueroa PLC,Consulting,237.0,Event/Webinar,2023-08-15,3,False,1,1,False,
L002804_DUP,Friedman-Olson,Manufacturing,2.0,Referral,2026-03-20,5,False,2,3,True,2026-06-13
L003570_DUP,Bass Inc,Fintech,93.0,organic-search,2026-03-20,5,False,1,2,True,2026-05-03
L003684_DUP,Ross-Phillips,Media,73.0,Outbound SDR,2025-02-25,4,True,2,4,False,
L003661_DUP,"Ferguson, Sanchez and Smith",Manufacturing,,Paid Search,2024-02-15,4,True,2,5,True,2024-03-26
L000530_DUP,Hicks-Martinez,Healthcare,33.0,Paid Search,2026-06-12,2,False,2,2,False,
L001886_DUP,"Vasquez, Thomas and Mack",Healthcare,6.0,Partner,2023-07-04,2,False,1,1,False,
L000681_DUP,"Robinson, Shields and Brown",,140.0,Referral,2024-11-18,4,False,5,4,False,
L003794_DUP,Turner Inc,Manufacturing,122.0,Partner,2025-08-10,1,False,1,6,False,
L003944_DUP,"Medina, Miller and Yates",Media,109.0,Partner,2026-06-29,3,True,0,0,True,2026-07-02
L004666_DUP,Scott Inc,Consulting,36.0,Organic Search ,2026-03-17,2,False,0,4,True,2026-03-03
L002018_DUP,Watson-Roberts,Manufacturing,50.0,Referral,2025-11-19,4,False,0,2,False,
L001096_DUP,"Johnson, Lee and Whitaker",Fintech,672.0,Paid Search,2025-12-26,3,False,1,3,False,
L000829_DUP,Brooks and Sons,Media,62.0,Outbound SDR,2023-12-28,3,False,2,3,False,
L002805_DUP,"Allen, Lewis and Mullins",Healthcare,25.0,Partner,2025-03-09,3,False,0,2,False,
L003829_DUP,Martinez Group,SaaS,,Outbound SDR,2024-01-25,2,False,3,2,False,
L004381_DUP,Terry-Rogers,Education,,Organic Search,2023-12-01,4,False,1,6,True,2024-01-14
