opp_id,lead_id,company_name,deal_size,num_stakeholders,competitor_present,current_stage,date_entered_prospecting,date_entered_qualified,date_entered_proposal,date_entered_negotiation,close_date,won
O000000,L000006,Blake and Sons,15043.0,3,False,Qualified,2026-03-20,2026-04-28 18:22:52.042177,,,,
O000001,L000007,"Henderson, Ramirez and Lewis",33548.0,2,True,Negotiation,2024-05-23,2024-06-10 21:54:07.363926,2024-08-05 04:49:45.676233,2024-08-13 06:17:02.058555,2024-08-29 02:32:10.291873,True
O000002,L000008,Garcia-James,1298.0,4,False,Negotiation,2023-02-03,2023-02-15 11:28:52.134755,2023-03-17 19:53:05.860742,2023-04-09 16:10:10.734891,2023-04-12 06:18:33.315799,False
O000003,L000011,Dudley Group,,4,False,Negotiation,2025-03-01,2025-03-22 21:53:09.309239,2025-04-08 18:49:35.093233,2025-05-19 01:27:07.338074,2025-05-21 20:09:30.755158,True
O000004,L000014,Williams and Sons,17290.0,3,True,Proposal Sent,2025-02-24,2025-04-01 23:13:01.770712,2025-05-16 23:38:29.360291,,,
O000005,L000015,Galloway-Wyatt,3454.0,5,False,Prospecting,2026-08-19,,,,,
O000006,L000019,"Reid, Ferguson and Sanchez",16272.0,4,False,Negotiation,2024-09-19,2024-10-09 02:59:35.797432,2024-10-14 15:19:19.798556,2024-11-11 17:15:23.361749,2024-11-18 15:35:36.421448,True
O000007,L000023,Morales-Jones,11963.0,3,False,Negotiation,2024-06-05,2024-06-26 22:39:35.425485,2024-07-12 12:33:58.920179,2024-07-30 18:00:18.369253,2024-08-08 02:08:02.608843,False
O000008,L000025,Wilkerson-Day,,3,True,Qualified,2024-11-02,2024-11-05 10:19:52.818987,,,,
O000009,L000026,Baker and Sons,6722.0,4,False,Qualified,2024-11-28,2024-12-08 20:31:07.459092,,,,
O000010,L000027,"Hoffman, Baker and Richards",59278.0,4,False,Contract/Legal,2024-05-19,2024-05-29 16:47:05.225256,2024-07-05 03:37:36.258984,2024-07-19 21:01:40.539023,2024-07-25 20:11:05.331064,True
O000011,L000028,"Ross, Robinson and Bright",5258.0,2,False,Negotiation,2025-12-08,2025-12-11 17:02:23.472534,2026-01-26 19:35:49.670042,2026-03-08 05:02:08.948362,2026-03-17 15:12:31.226309,True
O000012,L000033,Frazier Inc,12770.0,3,False,Negotiation,2023-12-15,2024-01-04 23:27:25.176900,2024-02-11 00:35:49.244416,2024-02-16 03:07:08.273607,2024-03-19 21:14:34.441422,False
O000013,L000035,Rodriguez-Graham,19862.0,2,False,Negotiation,2026-07-19,2026-07-26 15:20:04.886529,2026-08-21 15:21:21.814132,2026-08-29 17:12:02.000580,,
O000014,L000037,"Baker, Mason and White",4742.0,1,False,Proposal,2026-07-03,2026-07-17 05:41:51.470157,2026-08-06 19:23:41.470570,,,
O000015,L000043,Allen-Allen,5572.0,4,False,Negotiation,2024-08-26,2024-09-10 09:24:46.905956,2024-11-04 11:10:30.361050,2024-11-09 09:31:03.451661,2024-11-15 20:06:05.672950,True
O000016,L000048,Hickman Ltd,2034.0,2,True,negotiation,2026-06-21,2026-07-15 05:18:37.117064,2026-08-09 06:12:49.130343,2026-08-24 09:20:16.511166,2026-08-29 11:07:15.364155,False
O000017,L000049,"Harris, Collins and Carney",15673.0,2,True,Proposal,2023-10-03,2023-10-16 02:53:13.291702,2023-12-05 03:05:08.596886,,,
O000018,L000052,Chapman and Sons,11541.0,6,True,Proposal,2025-09-30,2025-10-03 09:13:33.538781,2025-11-17 04:18:32.999438,,,
O000019,L000054,Jones Inc,18470.0,5,False,Proposal,2024-01-07,2024-01-27 16:11:45.739974,2024-03-10 09:30:45.168084,,,
O000020,L000057,"Johnston, Sanchez and Kennedy",18023.0,3,True,Prospecting,2026-08-28,,,,,
O000021,L000059,Gomez-Jenkins,16776.0,2,False,Contract/Legal,2024-04-13,2024-04-19 10:26:57.391999,2024-05-08 10:15:38.524418,2024-05-12 00:23:41.530522,2024-05-24 04:31:13.295294,True
O000022,L000060,"Brown, Valdez and Lucas",2719.0,3,False,Proposal,2026-06-28,2026-07-03 23:18:35.240189,2026-08-01 13:59:58.737927,,,
O000023,L000061,Powell LLC,11807.0,3,True,negotiation,2024-03-27,2024-04-05 09:51:48.690630,2024-04-20 21:43:59.626204,2024-05-13 13:32:50.238151,2024-05-16 08:07:06.476748,False
O000024,L000063,"West, Henderson and Ramirez",10327.0,6,False,Negotiation,2023-05-23,2023-06-17 08:49:21.525183,2023-07-12 18:20:26.168034,2023-08-04 10:17:55.232070,2023-08-18 12:44:02.411618,False
O000025,L000064,Baxter Inc,38555.0,6,False,Proposal,2025-12-18,2025-12-23 06:04:35.749841,2026-01-19 15:48:40.433277,,,
O000026,L000066,Williams PLC,12903.0,5,False,Qualified,2023-12-10,2024-02-01 15:13:26.957907,,,,
O000027,L000069,Hancock Inc,18075.0,3,False,Qualified,2025-07-16,2025-07-20 02:18:38.495885,,,,
O000028,L000070,Gray Group,34695.0,2,False,Negotiation,2025-08-20,2025-08-30 11:41:27.762246,2025-09-16 20:17:04.071575,2025-09-22 04:36:33.809249,,
O000029,L000071,House-Glover,17920.0,3,False,Contract/Legal,2025-05-17,2025-05-29 01:43:48.610059,2025-07-20 11:45:42.603223,2025-07-31 04:32:20.158865,2025-09-07 05:09:24.856106,True
O000030,L000078,Jones Inc,21980.0,2,False,Negotiation,2023-08-10,2023-09-06 09:08:35.238790,2023-10-06 22:05:50.267306,2023-10-21 14:17:33.252108,2023-10-23 16:06:53.968526,False
O000031,L000082,Donovan-Harris,7219.0,1,True,Negotiation,2024-08-24,2024-10-01 08:44:30.930109,2024-12-31 15:49:06.191588,2025-01-08 19:12:02.448691,2025-01-31 00:30:44.343231,False
O000032,L000087,Anderson-Bailey,9481.0,7,False,negotiation,2024-10-11,2024-10-22 23:15:33.309499,2024-11-23 15:07:40.079112,2025-01-01 21:59:51.277169,2025-01-04 15:43:13.736680,False
O000033,L000088,Suarez LLC,31872.0,4,True,Qualified,2025-11-06,2025-12-04 23:12:06.233732,,,,
O000034,L000089,Moore-Bass,22302.0,3,False,Negotiation,2023-07-01,2023-07-27 01:00:24.885587,2023-08-31 08:23:18.069172,2023-09-07 22:31:04.763614,2023-09-15 01:52:56.072341,False
O000035,L000091,"Smith, Montoya and Evans",27873.0,2,False,Negotiation,2024-06-16,2024-06-22 04:28:23.727160,2024-07-07 15:02:44.487027,2024-07-26 04:29:40.599581,2024-08-04 23:40:30.305440,False
O000036,L000092,"Garcia, Humphrey and Baker",23983.0,1,False,Negotiation,2024-08-01,2024-09-01 18:45:00.276862,2024-09-18 14:32:58.604399,2024-10-11 08:52:30.488231,2024-10-14 18:12:48.045036,True
O000037,L000095,Harris-Walters,5678.0,4,True,Negotiation,2024-11-11,2024-12-02 08:39:16.538905,2025-01-17 13:21:33.376995,2025-02-03 07:46:16.694506,2025-03-08 09:46:23.084134,False
O000038,L000096,Wagner-King,51068.0,2,False,Proposal,2024-11-04,2024-11-15 09:28:28.133542,2024-11-22 22:20:00.251673,,,
O000039,L000102,"Mckee, Gardner and Davenport",,2,False,Negotiation,2023-11-12,2023-11-22 00:27:49.234047,2023-12-10 10:02:31.109042,2023-12-18 14:20:26.620178,,
O000040,L000103,"Tran, Jordan and Williams",86820.0,3,True,Negotiation,2025-03-03,2025-03-13 07:26:02.533976,2025-06-22 03:41:01.060880,2025-07-15 15:39:14.860342,2025-07-24 20:09:22.835847,False
O000041,L000106,"Wright, Garcia and Deleon",12320.0,3,True,Qualified,2026-03-19,2026-04-01 01:50:17.486152,,,,
O000042,L000108,Hancock and Sons,84092.0,1,True,Negotiation,2026-02-26,2026-03-18 10:09:06.412309,2026-04-29 12:52:01.148793,2026-05-21 21:13:47.805986,2026-05-28 21:35:16.391153,False
O000043,L000109,Johnson-Doyle,30870.0,2,True,Negotiation,2026-06-18,2026-06-23 21:00:55.669815,2026-07-19 21:36:15.106860,2026-08-02 17:13:09.733021,2026-08-07 14:21:40.143862,False
O000044,L000114,Torres-Pope,3191.0,2,True,Negotiation,2023-12-15,2024-01-03 07:48:16.557456,2024-02-11 11:30:05.448141,2024-02-17 18:38:00.961096,2024-02-24 14:56:36.931784,False
O000045,L000116,Ross LLC,2891.0,3,False,Proposal,2025-08-04,2025-08-20 08:32:02.419478,2025-09-14 23:07:21.841831,,,
O000046,L000119,"Rivera, Johnson and Wiley",43963.0,2,False,Negotiation,2026-02-23,2026-03-02 05:08:10.722504,2026-04-11 20:55:15.324461,2026-04-21 15:28:23.804562,2026-05-10 02:08:50.169417,True
O000047,L000120,White-Estes,20488.0,3,False,Proposal,2023-05-05,2023-05-13 06:12:08.071554,2023-07-17 00:12:56.640761,,,
O000048,L000128,"Mccall, Hanson and Alvarado",,2,True,Contract/Legal,2023-09-27,2023-10-25 14:22:57.503093,2024-01-13 04:24:41.406178,2024-01-24 11:30:23.764728,2024-02-01 23:26:46.939546,False
O000049,L000129,Cortez LLC,14316.0,3,False,Negotiation,2024-04-25,2024-04-29 07:02:09.375468,2024-05-26 19:26:25.003468,2024-06-08 06:49:33.563166,2024-06-12 01:34:41.840869,True
O000050,L000130,"Parker, Ortiz and Powell",34598.0,4,False,negotiation,2024-10-16,2024-11-17 12:31:01.630697,2024-12-21 20:10:27.051982,2025-01-05 09:27:21.050890,2025-01-19 21:59:50.391441,False
O000051,L000131,Spencer-Lee,4633.0,3,True,Qualified,2024-03-22,2024-04-10 10:55:57.618454,,,,
O000052,L000136,"Lewis, Kennedy and Santana",23497.0,2,False,Negotiation,2026-05-07,2026-05-27 02:06:20.880437,2026-06-14 10:21:39.154173,2026-06-19 15:18:05.263270,2026-06-29 01:48:48.444121,True
O000053,L000138,"Harvey, Davis and Crane",9131.0,2,False,Negotiation,2024-11-28,2024-12-24 18:29:53.520406,2025-01-23 14:22:34.446994,2025-02-14 05:19:14.341760,2025-03-01 23:54:50.394725,False
O000054,L000139,Chambers and Sons,6937.0,3,False,Qualified,2023-10-13,2023-10-30 07:34:44.721306,,,,
O000055,L000148,Bryant Group,14542.0,1,False,Qualified,2023-10-12,2023-10-25 06:13:28.020853,,,,
O000056,L000150,Salazar-Ball,13637.0,4,True,Qualified,2026-04-18,2026-04-28 05:06:45.619969,,,,
O000057,L000151,"Simmons, Meadows and Griffin",4584.0,1,True,Negotiation,2023-02-08,2023-02-19 12:46:18.136441,2023-03-25 13:25:12.705686,2023-04-01 00:49:46.433565,,
O000058,L000154,"Ramirez, Strickland and Washington",36899.0,2,False,Negotiation,2025-09-18,2025-10-02 16:40:02.618186,2025-11-07 05:08:31.518422,2025-11-22 23:21:56.924386,2025-11-30 07:54:02.741053,False
O000059,L000155,Hill Inc,76871.0,3,False,Qualified,2025-09-17,2025-09-22 16:06:59.973696,,,,
O000060,L000161,Stein-Silva,79656.0,3,False,Qualified,2023-07-27,2023-08-20 01:26:09.193283,,,,
O000061,L000162,"Smith, Gilmore and Johnston",8786.0,2,False,negotiation,2026-04-17,2026-04-28 20:17:26.493133,2026-05-18 07:39:17.730301,2026-06-05 16:07:40.179868,2026-06-10 15:27:31.347248,True
O000062,L000169,Hooper PLC,8105.0,4,False,Proposal,2026-03-04,2026-03-20 12:35:20.271983,2026-04-30 01:19:43.840531,,,
O000063,L000170,Meadows PLC,7240.0,2,False,Negotiation,2025-09-11,2025-09-25 03:38:19.138958,2025-11-08 03:01:52.158536,2025-11-18 17:34:50.783441,2025-11-23 05:04:48.580482,True
O000064,L000175,King-Miller,,3,True,Qualified,2025-06-28,2025-07-15 21:37:54.677975,,,,
O000065,L000179,Howell and Sons,11453.0,1,False,Negotiation,2024-02-07,2024-03-11 18:55:14.922425,2024-05-01 06:43:09.045757,2024-05-13 12:44:50.102017,2024-05-21 00:35:16.436350,True
O000066,L000183,"Higgins, Strickland and Martin",4485.0,1,False,Negotiation,2025-05-21,2025-05-28 16:37:48.390041,2025-07-19 16:12:33.601558,2025-08-04 08:08:52.072142,2025-08-17 10:16:11.455850,True
O000067,L000188,Garcia LLC,13157.0,2,True,Negotiation,2025-10-24,2025-11-06 12:36:31.279843,2025-11-27 16:04:45.921470,2025-12-03 16:13:26.834269,2025-12-22 12:20:51.148833,False
O000068,L000189,"Burke, Martinez and Riggs",16130.0,4,False,Negotiation,2025-09-24,2025-10-12 18:08:22.851042,2025-12-10 04:09:24.715877,2025-12-28 22:56:26.491440,2026-01-10 23:51:48.972265,False
O000069,L000191,"Wood, Hunter and Peterson",4123.0,2,False,Proposal,2023-12-07,2023-12-20 00:30:05.126439,2024-01-08 11:10:44.193987,,,
O000070,L000193,Reid-Poole,4598.0,2,False,Negotiation,2023-03-07,2023-05-07 06:15:43.816736,2023-06-02 06:29:27.817164,2023-06-29 18:33:15.100517,2023-07-21 09:03:59.223845,True
O000071,L000195,"Nelson, Morton and Medina",9806.0,4,False,Negotiation,2024-08-03,2024-08-14 05:56:30.830510,2024-10-20 15:43:10.756657,2024-11-02 04:31:34.493586,2024-11-14 07:34:10.734696,True
O000072,L000196,Marshall-Petersen,4846.0,3,False,Negotiation,2025-08-30,2025-09-07 02:59:23.701770,2025-10-03 17:28:15.964711,2025-10-08 23:24:49.023623,2025-11-11 00:27:43.312924,True
O000073,L000199,Christensen PLC,11549.0,3,False,Negotiation,2026-01-15,2026-01-25 17:38:01.226828,2026-02-22 18:33:40.198385,2026-03-04 07:55:05.586908,2026-03-25 09:54:25.551973,True
O000074,L000201,White-Lewis,16198.0,3,False,Qualified,2023-03-27,2023-04-24 21:09:02.388742,,,,
O000075,L000207,Davis and Sons,10845.0,3,True,Qualified,2023-09-12,2023-09-26 15:49:04.527961,,,,
O000076,L000209,"Wood, Tran and Cooper",27104.0,2,False,Negotiation,2026-06-19,2026-07-03 23:07:44.449769,2026-07-20 01:11:24.089768,2026-07-29 03:12:42.084856,2026-08-03 16:17:23.571948,True
O000077,L000211,King-Martinez,19856.0,1,False,Qualified,2026-07-23,2026-07-31 14:09:48.844015,,,,
O000078,L000218,Williams-Brown,21209.0,1,False,Proposal,2025-07-22,2025-08-10 11:55:23.271911,2025-09-03 01:41:16.627848,,,
O000079,L000222,Sheppard LLC,11599.0,3,False,Proposal,2025-08-25,2025-09-15 21:39:04.109072,2025-11-02 19:56:58.877080,,,
O000080,L000223,Wilson-Jones,34041.0,4,False,Negotiation,2024-05-28,2024-06-15 02:08:58.274189,2024-07-17 08:43:00.761513,2024-07-30 02:31:09.747130,2024-08-05 21:58:04.474867,True
O000081,L000224,Jones-Soto,3795.0,3,False,Negotiation,2024-07-12,2024-07-31 18:23:06.034844,2024-08-30 00:11:27.319830,2024-09-15 07:43:55.448295,2024-09-18 19:31:18.187388,True
O000082,L000227,"Duran, Obrien and Gibbs",8676.0,2,False,negotiation,2025-10-22,2025-11-14 10:33:35.956874,2025-11-28 23:40:32.961452,2025-12-10 18:29:09.999456,,
O000083,L000230,"Branch, Torres and Oliver",22615.0,3,True,Negotiation,2025-12-18,2026-01-09 15:13:11.690512,2026-02-16 21:07:35.555111,2026-03-07 09:38:05.221864,2026-03-28 14:00:51.673492,False
O000084,L000231,"Choi, Garcia and Farmer",92912.0,3,False,negotiation,2025-06-13,2025-07-04 11:14:11.984427,2025-07-15 14:51:59.746306,2025-07-23 08:44:26.769499,2025-08-01 02:08:50.987361,True
O000085,L000236,Warner-Gibson,14479.0,2,False,negotiation,2026-05-23,2026-06-29 03:17:11.436332,2026-08-14 01:14:15.167751,2026-08-20 01:41:57.291384,2026-08-27 10:22:52.655666,False
O000086,L000239,"Walker, Hernandez and Baker",1000.0,2,False,Negotiation,2025-08-21,2025-09-05 16:42:25.490725,2025-10-10 03:48:27.824391,2025-10-13 10:00:41.885995,2025-10-21 17:08:27.237817,True
O000087,L000241,Larson-Holloway,31870.0,4,False,Negotiation,2024-03-10,2024-04-01 01:34:40.224404,2024-05-15 19:24:48.910547,2024-05-18 03:59:38.419641,2024-05-23 23:40:37.840434,True
O000088,L000245,Navarro-Munoz,3310.0,5,True,Negotiation,2024-08-14,2024-09-06 10:29:23.474773,2024-09-26 11:48:52.502883,2024-10-05 13:27:39.007483,2024-10-24 10:48:39.591604,True
O000089,L000246,Davis Ltd,22327.0,2,False,Negotiation,2024-05-26,2024-06-06 04:02:46.693869,2024-07-20 04:42:18.156420,2024-09-05 20:54:24.816791,2024-09-10 00:53:17.833935,False
O000090,L000250,Moon-White,29752.0,4,False,Proposal,2023-12-06,2023-12-14 21:58:54.162407,2024-02-29 18:56:00.002437,,,
O000091,L000252,Bailey-Cook,,2,False,Proposal,2025-10-19,2025-10-21 22:59:15.780623,2025-11-28 07:55:41.878304,,,
O000092,L000253,"Garcia, Martin and Jenkins",1197.0,4,False,Negotiation,2024-01-19,2024-02-01 04:00:48.948068,2024-05-19 01:35:14.716681,2024-06-23 00:33:59.627754,2024-06-29 01:34:59.262721,True
O000093,L000255,"Johnson, Miller and King",1060.0,2,False,Negotiation,2025-10-13,2025-10-19 00:01:26.225783,2025-10-26 01:36:42.721546,2025-11-10 16:32:57.323543,2025-11-25 23:45:23.724817,True
O000094,L000256,Cordova Group,148767.0,2,False,Proposal,2023-05-09,2023-05-17 05:34:43.489802,2023-06-07 03:18:35.076582,,,
O000095,L000257,"Bryan, Smith and Booth",14624.0,4,True,Negotiation,2024-09-24,2024-09-29 22:47:13.358158,2024-11-10 00:45:44.181376,2024-12-10 03:24:07.936524,2024-12-26 10:27:30.434152,False
O000096,L000258,Gutierrez-Lopez,,3,False,Negotiation,2026-04-10,2026-04-20 04:42:01.242455,2026-07-03 15:31:22.371980,2026-07-18 03:32:29.089424,,
O000097,L000259,Dean-Jimenez,55782.0,5,True,Qualified,2026-07-18,2026-07-31 16:56:53.782391,,,,
O000098,L000261,"Anderson, Roberts and Gilmore",23640.0,4,True,Negotiation,2026-06-13,2026-06-22 01:22:22.854252,2026-08-09 08:23:50.013437,2026-08-18 13:32:26.266803,2026-08-20 08:43:41.759053,False
O000099,L000263,"Lloyd, Mckinney and Collins",1898.0,1,False,Negotiation,2023-08-18,2023-09-06 23:46:48.301043,2023-10-08 02:46:16.128515,2023-10-12 01:06:19.229593,,
O000100,L000264,Tran Inc,2798.0,3,True,Negotiation,2023-07-06,2023-08-16 02:01:08.409877,2023-09-21 15:25:33.778136,2023-11-03 06:19:03.803953,2023-11-16 17:45:08.174729,True
O000101,L000266,Valentine-Holland,2783.0,2,True,Negotiation,2023-02-27,2023-03-20 05:44:43.866441,2023-04-02 22:16:48.017189,2023-04-17 02:00:50.411492,,
O000102,L000268,Hicks-Hill,11844.0,1,False,Contract/Legal,2023-04-06,2023-04-15 22:12:38.342039,2023-05-14 01:45:20.073787,2023-06-16 01:28:36.900567,2023-06-27 13:41:40.172314,False
O000103,L000271,"Suarez, Shields and Hill",,2,False,Qualified,2026-07-15,2026-08-09 00:36:10.635399,,,,
O000104,L000273,Hoover-Campbell,73462.0,2,True,Prospecting,2026-08-21,,,,,
O000105,L000275,"Burns, Hernandez and Ryan",18839.0,4,False,Proposal,2024-12-06,2024-12-16 09:06:39.376048,2025-02-05 16:35:35.455887,,,
O000106,L000278,Pollard and Sons,17976.0,3,True,proposal,2025-12-29,2026-03-04 07:35:01.287548,2026-04-22 17:11:07.253794,,,
O000107,L000281,Hughes-Alvarado,26204.0,2,False,Proposal Sent,2024-05-30,2024-07-08 08:47:59.059811,2024-10-15 07:48:23.553090,,,
O000108,L000282,"Pollard, Simpson and Johnson",59332.0,2,False,Negotiation,2026-06-07,2026-06-10 14:16:07.913287,2026-07-05 19:45:44.733151,2026-07-27 22:38:50.517309,2026-08-22 01:27:21.204233,False
O000109,L000287,Morgan-Schwartz,,5,False,Prospecting,2026-08-24,,,,,
O000110,L000290,Brennan-Johnson,28503.0,3,False,Qualified,2024-12-28,2025-01-28 14:09:48.986287,,,,
O000111,L000293,Good-Hodges,14721.0,2,True,Proposal,2024-07-11,2024-07-30 18:34:31.519089,2024-09-10 02:58:52.117997,,,
O000112,L000294,"Brennan, Wallace and Benson",37478.0,4,False,Qualified,2025-11-19,2025-11-29 18:17:16.429736,,,,
O000113,L000295,Williams Inc,13810.0,1,False,Negotiation,2025-05-02,2025-05-16 12:40:59.413133,2025-06-19 15:16:20.294219,2025-07-07 19:46:20.748387,2025-07-25 06:24:10.023364,False
O000114,L000296,Howard-Jordan,20102.0,3,False,Negotiation,2025-03-30,2025-04-15 04:00:21.815579,2025-05-25 13:01:43.046413,2025-06-10 02:49:36.574254,,
O000115,L000297,Schmidt PLC,35722.0,2,False,Contract/Legal,2025-06-30,2025-07-12 16:37:27.723121,2025-08-25 15:32:38.598613,2025-09-11 06:24:11.323878,2025-09-16 10:04:23.520715,False
O000116,L000298,"Sparks, Jackson and Miller",4691.0,8,True,proposal,2026-02-14,2026-03-05 18:00:41.145308,2026-05-09 00:34:50.164175,,,
O000117,L000300,"Thomas, Murray and King",11822.0,1,True,Prospecting,2026-08-21,,,,,
O000118,L000302,Santana-Byrd,39479.0,6,False,Negotiation,2023-04-09,2023-04-18 05:25:58.533246,2023-07-13 17:44:44.655955,2023-09-08 03:41:37.070722,2023-09-17 08:49:33.538409,False
O000119,L000303,Jones LLC,2510.0,3,False,Contract/Legal,2024-04-19,2024-04-28 12:40:09.798598,2024-05-21 11:42:18.483110,2024-06-16 03:37:38.193742,2024-06-23 23:52:52.533218,True
O000120,L000305,Bruce-Gonzalez,39533.0,4,False,Proposal,2024-10-24,2024-12-06 12:21:02.632412,2024-12-19 06:59:36.410231,,,
O000121,L000307,Armstrong-Andrews,7902.0,1,False,Proposal,2025-10-02,2025-10-24 14:30:17.231793,2026-01-16 09:10:29.300269,,,
O000122,L000312,Robinson-Lee,6529.0,3,False,Negotiation,2024-11-17,2024-11-21 18:29:17.245550,2025-03-23 08:44:11.971684,2025-04-08 02:10:33.163006,2025-04-26 14:35:05.291074,True
O000123,L000313,Byrd-Le,10138.0,3,True,Proposal,2025-10-18,2025-11-06 05:54:32.295054,2025-11-21 08:43:52.167153,,,
O000124,L000315,"Lucas, Parker and Alexander",22266.0,2,True,proposal,2026-04-14,2026-04-26 03:55:37.696551,2026-05-19 20:03:14.922631,,,
O000125,L000320,Coffey-Phillips,5544.0,2,False,Negotiation,2025-04-09,2025-04-15 09:27:12.277440,2025-05-16 14:31:29.277237,2025-05-30 03:30:53.822847,2025-05-31 00:36:06.736712,True
O000126,L000321,Brock-Mcdonald,10292.0,3,False,Negotiation,2023-04-02,2023-04-10 23:03:31.075866,2023-04-27 07:14:21.753668,2023-05-07 01:10:54.508947,2023-05-12 15:54:40.377870,False
O000127,L000322,Taylor and Sons,5956.0,4,False,Contract/Legal,2024-11-22,2024-12-08 18:44:23.807829,2024-12-28 20:54:08.816813,2025-02-04 17:21:46.959648,2025-02-20 18:40:37.270344,False
O000128,L000325,"Martinez, Richardson and Curry",5314.0,1,True,Negotiation,2023-11-22,2023-12-05 12:37:33.349510,2024-02-12 01:10:33.610549,2024-03-14 11:24:43.956249,2024-03-22 15:06:28.475013,True
O000129,L000326,Richards-Carson,22146.0,4,True,Qualified,2025-02-11,2025-02-20 15:35:40.430838,,,,
O000130,L000327,Rodriguez-Hall,22336.0,3,False,Qualified,2023-07-26,2023-08-07 00:12:10.934095,,,,
O000131,L000329,Herman-Walker,7887.0,1,False,Qualified,2023-06-02,2023-06-09 02:25:50.498880,,,,
O000132,L000332,Torres Group,15492.0,4,True,Qualified,2026-07-27,2026-08-05 09:29:23.603558,,,,
O000133,L000333,Davis PLC,5724.0,4,False,Negotiation,2024-09-08,2024-09-27 03:50:03.112006,2024-10-26 04:29:57.953018,2024-10-31 02:06:16.219810,2024-11-01 12:35:27.481746,True
O000134,L000337,Bass PLC,14675.0,4,False,Negotiation,2026-05-31,2026-06-15 22:58:56.614894,2026-07-09 21:40:30.163974,2026-07-17 06:02:55.124009,,
O000135,L000343,Davis-Lewis,50649.0,4,True,Negotiation,2024-08-30,2024-09-29 14:04:36.420290,2024-10-27 04:31:49.272699,2024-11-17 06:59:00.697303,2024-11-28 03:12:17.870613,True
O000136,L000346,Jones PLC,40787.0,2,True,Proposal,2026-05-26,2026-06-06 20:13:38.404771,2026-06-08 09:14:37.489840,,,
O000137,L000347,Willis and Sons,13613.0,3,True,Qualified,2024-07-24,2024-08-24 05:41:38.956310,,,,
O000138,L000349,"Smith, Garrison and Thomas",1472.0,5,False,Qualified,2024-06-17,2024-07-07 10:30:41.986791,,,,
O000139,L000350,Fernandez and Sons,11566.0,2,True,Negotiation,2026-04-29,2026-05-13 18:17:41.388920,2026-07-25 09:49:59.977571,2026-08-18 22:22:57.490236,2026-09-10 22:16:06.019381,True
O000140,L000356,Hayes and Sons,16407.0,2,True,negotiation,2024-08-22,2024-09-17 00:19:01.446310,2024-11-23 02:15:45.482415,2024-12-01 10:55:35.185116,2024-12-16 00:47:45.390557,False
O000141,L000357,"Williams, Logan and Camacho",16047.0,7,False,Proposal,2023-10-06,2023-10-18 14:35:32.317642,2023-11-18 09:08:32.069384,,,
O000142,L000360,Henry Group,,4,True,Proposal,2024-10-07,2024-10-21 04:55:31.858676,2024-12-16 00:30:48.293296,,,
O000143,L000365,"Wilson, Pena and Rich",6464.0,7,False,Negotiation,2024-12-08,2024-12-25 03:53:39.337451,2025-02-04 18:20:14.736969,2025-02-25 06:08:13.000306,2025-03-02 06:00:14.196583,True
O000144,L000366,"Le, Lewis and Hayes",59570.0,3,True,Negotiation,2023-11-13,2023-11-25 18:32:08.065595,2024-01-01 12:24:07.229077,2024-01-13 20:45:27.953422,2024-01-27 16:00:55.499250,False
O000145,L000370,Mcdaniel Group,4890.0,1,False,Qualified,2024-09-02,2024-09-20 10:12:33.232930,,,,
O000146,L000371,Davis Inc,47925.0,5,False,Contract/Legal,2025-02-12,2025-02-28 19:03:55.873706,2025-03-26 12:26:00.095322,2025-04-09 00:56:45.889862,2025-04-29 14:22:06.971223,True
O000147,L000373,"Watson, Anderson and Brown",23745.0,1,False,Qualified,2025-01-19,2025-01-27 01:53:03.785002,,,,
O000148,L000374,"Hoffman, Santiago and Jenkins",4531.0,2,False,Proposal,2023-07-30,2023-09-07 13:15:16.831847,2023-11-02 22:24:31.986232,,,
O000149,L000377,Bell-Lane,12443.0,2,False,Negotiation,2024-11-17,2024-12-13 22:25:35.833507,2025-01-19 12:29:36.043173,2025-01-29 07:24:39.168348,2025-02-05 02:22:19.972321,False
O000150,L000384,"Farmer, Dorsey and Bell",28776.0,2,False,Contract/Legal,2025-02-24,2025-03-14 08:45:59.086806,2025-03-26 15:35:06.789172,2025-04-17 05:19:46.079590,2025-04-27 10:47:34.692672,False
O000151,L000387,Davis PLC,10626.0,3,False,Negotiation,2025-01-11,2025-01-19 07:16:33.995905,2025-03-14 07:57:53.566914,2025-03-20 11:26:14.154505,2025-03-20 15:35:12.115854,False
O000152,L000391,Ware and Sons,15451.0,4,False,Qualified,2023-05-26,2023-06-24 03:34:01.422716,,,,
O000153,L000397,"Estrada, Williams and Foster",4110.0,5,False,Qualified,2026-02-12,2026-02-18 12:32:03.499131,,,,
O000154,L000405,Atkins PLC,18429.0,3,False,negotiation,2023-10-08,2023-10-24 13:36:12.836112,2023-11-27 21:40:54.565328,2023-12-19 12:04:12.300793,2023-12-29 13:46:33.226987,True
O000155,L000411,Graham Group,8800.0,1,False,Qualified,2025-07-06,2025-08-01 12:39:18.915890,,,,
O000156,L000414,Dixon Inc,2691.0,2,True,Prospecting,2026-08-26,,,,,
O000157,L000415,"Hicks, Bullock and Bailey",15359.0,4,False,Qualified,2024-12-14,2025-01-28 00:14:02.521658,,,,
O000158,L000416,"Mullen, Brewer and Hernandez",,2,False,Negotiation,2024-10-23,2024-11-02 01:37:17.804801,2024-12-06 21:05:10.533299,2024-12-12 08:57:36.398229,,
O000159,L000418,Morrison Ltd,41979.0,1,True,Qualified,2023-11-14,2023-11-28 09:20:50.768289,,,,
O000160,L000419,Thompson Ltd,29375.0,7,True,Negotiation,2024-05-10,2024-05-23 08:48:58.443781,2024-07-10 21:43:46.259827,2024-07-22 09:21:30.622784,2024-07-24 04:27:41.933470,True
O000161,L000422,"Downs, Morris and Maddox",14445.0,2,False,Negotiation,2023-08-23,2023-09-07 01:20:06.781429,2023-10-21 14:40:43.166769,2023-12-03 08:53:23.522638,2023-12-09 11:35:08.470250,True
O000162,L000437,"Williams, Mccoy and Cook",127333.0,6,True,Negotiation,2024-06-01,2024-06-13 17:46:44.395580,2024-07-11 05:34:40.741210,2024-08-03 12:26:36.635110,2024-08-08 22:40:48.839131,True
O000163,L000439,King-York,73928.0,5,False,Qualified,2026-08-24,2026-08-28 13:55:04.261544,,,,
O000164,L000440,"Marks, Cook and Aguilar",56922.0,1,True,Qualified,2024-02-08,2024-02-24 16:53:05.320520,,,,
O000165,L000441,Rangel LLC,9822.0,4,False,proposal,2024-12-19,2024-12-22 02:38:58.034690,2025-02-05 03:17:54.991439,,,
O000166,L000443,Collins Group,16808.0,3,True,Negotiation,2024-01-07,2024-01-16 12:36:36.143235,2024-02-15 04:17:04.552332,2024-02-28 23:28:00.355666,2024-03-08 23:55:28.549005,False
O000167,L000446,"Henderson, Cox and Cox",88108.0,4,False,Negotiation,2024-01-05,2024-01-15 09:02:13.301260,2024-01-25 12:57:17.168165,2024-02-03 23:45:33.362875,2024-02-18 01:22:35.295307,True
O000168,L000447,Bean LLC,8941.0,2,False,Contract/Legal,2025-01-06,2025-02-01 22:55:21.042957,2025-03-04 11:43:11.538748,2025-03-12 17:38:02.732122,2025-03-21 15:17:15.572846,False
O000169,L000448,Lee-Cooke,,3,True,Qualified,2023-05-07,2023-05-17 16:27:30.472297,,,,
O000170,L000449,Jones Inc,14862.0,2,False,Negotiation,2023-07-07,2023-08-07 09:36:37.996259,2023-10-02 11:31:56.835192,2023-10-07 19:59:24.799755,2023-10-09 10:19:45.718293,True
O000171,L000455,Diaz-Ball,55204.0,3,True,Qualified,2026-06-30,2026-07-09 13:51:52.733492,,,,
O000172,L000458,Mckee-Lee,27962.0,2,False,Qualified,2023-02-11,2023-03-04 16:41:33.905309,,,,
O000173,L000459,"Valentine, Joyce and Murray",107260.0,4,False,Proposal,2023-11-10,2023-11-21 17:53:20.264795,2023-12-19 04:31:40.997933,,,
O000174,L000460,Strickland-Shaw,13260.0,5,True,Proposal,2023-09-03,2023-09-05 02:21:00.379057,2023-12-03 14:27:19.018054,,,
O000175,L000461,Burch-Montoya,13743.0,4,False,Negotiation,2025-06-22,2025-07-07 23:54:19.055740,2025-09-07 19:32:20.148328,2025-10-07 02:51:59.602574,2025-10-16 03:47:35.883086,True
O000176,L000464,"Rosales, Mitchell and Hines",5316.0,3,False,Negotiation,2025-03-29,2025-04-08 06:53:10.424255,2025-05-21 13:06:17.001589,2025-06-05 00:04:25.242456,2025-06-14 15:00:19.368619,False
O000177,L000465,Cole-Palmer,1975.0,5,True,Negotiation,2025-08-08,2025-09-20 20:33:20.666889,2025-11-03 08:14:27.934857,2025-11-16 08:06:09.329357,2025-11-26 18:03:04.617334,False
O000178,L000470,Walker-Flores,2338.0,2,False,Qualified,2025-10-27,2025-11-22 05:37:18.047790,,,,
O000179,L000474,Blake Group,100796.0,2,False,Negotiation,2024-11-09,2024-11-18 17:08:50.449201,2024-11-30 04:53:15.949910,2024-12-06 09:55:33.578427,2024-12-08 06:08:57.154727,True
O000180,L000476,Scott and Sons,16075.0,5,False,Qualified,2026-07-27,2026-08-06 09:51:27.571840,,,,
O000181,L000477,"Bentley, Lynch and Henderson",16077.0,6,False,Negotiation,2024-03-17,2024-04-13 20:43:15.487282,2024-04-28 23:53:54.730380,2024-05-04 12:47:07.690368,2024-05-12 21:59:22.574217,True
O000182,L000478,Young-Martinez,25441.0,2,False,Prospecting,2026-08-18,,,,,
O000183,L000481,Carlson-Smith,13484.0,4,False,Negotiation,2023-06-26,2023-07-16 04:48:07.327995,2023-08-22 21:01:06.537214,2023-08-29 04:02:34.706520,2023-08-31 09:39:01.508682,True
O000184,L000484,"Butler, Beck and Miller",24432.0,3,False,Qualified,2026-07-28,2026-08-12 06:44:16.118393,,,,
O000185,L000488,King-Smith,4900.0,1,True,Negotiation,2025-11-14,2025-12-08 14:04:01.540045,2026-01-17 09:37:44.837006,2026-01-30 12:07:46.671148,2026-02-03 15:07:33.231651,False
O000186,L000491,Anderson-Bell,10880.0,1,False,Prospecting,2026-08-15,,,,,
O000187,L000492,Li-Thompson,6894.0,3,True,Qualified,2025-12-23,2026-01-23 04:14:54.594353,,,,
O000188,L000495,Carter Inc,77484.0,2,True,Qualified,2026-07-23,2026-07-30 14:41:43.213864,,,,
O000189,L000496,Blackwell LLC,31933.0,1,False,Negotiation,2023-07-03,2023-08-11 00:09:18.423923,2023-09-21 22:51:30.702075,2023-10-02 00:50:33.659288,2023-10-14 17:05:00.524589,True
O000190,L000498,"Kennedy, Johnson and Lucas",,5,False,Negotiation,2023-12-25,2024-01-22 18:49:25.164670,2024-03-27 00:48:57.038735,2024-04-05 17:49:29.749248,2024-04-09 18:15:05.268466,False
O000191,L000499,Kelly-Norman,24487.0,2,False,Negotiation,2025-08-10,2025-09-04 21:54:35.890153,2025-10-04 21:28:31.072818,2025-10-16 13:19:10.301894,,
O000192,L000501,Paul-Kline,18044.0,2,False,Negotiation,2025-03-10,2025-03-25 03:30:37.650895,2025-04-21 03:24:21.045723,2025-05-03 22:16:56.785294,2025-05-06 07:18:54.707303,False
O000193,L000506,"Carter, Garcia and Murphy",16044.0,3,False,Negotiation,2026-06-07,2026-06-28 15:22:42.944451,2026-07-25 15:50:50.881190,2026-08-22 14:33:35.596003,2026-09-12 04:57:42.041089,True
O000194,L000509,Williams-Berg,6570.0,3,False,Qualified,2026-08-01,2026-08-17 18:54:08.920889,,,,
O000195,L000515,Osborne LLC,6757.0,2,False,Negotiation,2024-02-01,2024-02-13 16:38:24.433166,2024-03-29 19:52:08.164125,2024-04-25 02:41:59.906307,,
O000196,L000516,Reyes-Bradley,17354.0,3,False,Contract/Legal,2024-02-26,2024-03-12 05:07:31.418198,2024-04-22 15:59:31.940539,2024-05-18 10:59:19.046587,2024-05-28 08:03:29.741135,True
O000197,L000517,"Hernandez, Cole and Watson",40995.0,3,True,Negotiation,2023-07-15,2023-08-05 14:23:26.922147,2023-08-28 09:01:19.544327,2023-11-01 08:42:13.816110,2023-11-22 20:43:19.467879,False
O000198,L000521,Holmes-Mcintyre,16360.0,6,False,Negotiation,2023-12-22,2024-01-19 16:29:52.588503,2024-02-07 23:56:59.593839,2024-03-15 06:03:31.623890,2024-03-25 11:22:05.283164,True
O000199,L000522,Green LLC,20251.0,4,True,Negotiation,2025-06-20,2025-07-05 22:24:20.762797,2025-09-05 14:12:51.316621,2025-09-29 17:54:12.499111,2025-10-21 04:39:43.217673,False
O000200,L000526,Osborn-Cochran,47233.0,4,True,Contract/Legal,2025-09-11,2025-10-04 19:28:40.613623,2025-11-10 11:38:32.066845,2025-12-12 21:37:37.986518,2025-12-22 01:01:59.424845,False
O000201,L000527,Contreras-Mckinney,18466.0,5,False,Negotiation,2026-05-09,2026-05-24 13:19:35.405063,2026-06-18 16:36:34.543241,2026-07-13 01:21:01.881353,2026-07-21 06:45:24.737000,False
O000202,L000533,Mcdonald-Bird,36786.0,5,False,Negotiation,2025-12-07,2025-12-31 22:32:57.079083,2026-02-07 19:45:21.070168,2026-03-27 00:15:05.121860,,
O000203,L000536,"Mendoza, Jenkins and Ortiz",32915.0,2,False,Negotiation,2023-08-04,2023-08-19 23:39:36.537692,2023-10-05 08:00:37.520842,2023-10-09 10:21:17.862657,2023-10-22 13:08:08.451942,True
O000204,L000540,"Matthews, Saunders and Anderson",12740.0,3,False,Negotiation,2025-03-06,2025-04-02 08:32:17.954019,2025-05-01 23:33:47.027498,2025-05-12 10:22:04.645209,2025-05-27 12:17:47.753400,True
O000205,L000542,Torres and Sons,2588.0,2,True,Negotiation,2023-10-13,2023-10-31 16:11:58.100088,2023-12-05 15:43:03.280624,2023-12-21 04:57:36.119646,2023-12-25 22:54:24.960600,False
O000206,L000543,Donovan-Perez,14389.0,3,True,Negotiation,2024-01-10,2024-01-25 11:27:28.021192,2024-02-11 02:31:24.218336,2024-02-17 23:49:43.152502,2024-02-27 18:58:53.518562,False
O000207,L000544,"Jacobson, Singleton and King",12223.0,2,False,Qualified,2026-06-14,2026-07-11 09:05:29.006269,,,,
O000208,L000545,"Huber, Hill and Weber",9316.0,2,False,Negotiation,2024-07-05,2024-07-19 10:39:46.454779,2024-09-14 20:59:16.763195,2024-10-10 19:04:10.953516,2024-10-15 17:55:09.678212,False
O000209,L000549,Miller Ltd,4976.0,2,False,Qualified,2024-06-25,2024-07-10 23:38:49.652757,,,,
O000210,L000550,"Baker, Clark and Armstrong",18672.0,2,False,Negotiation,2023-05-23,2023-07-15 08:38:08.860228,2023-08-24 02:45:13.573317,2023-09-13 22:30:00.364760,,
O000211,L000554,Evans-Jones,1283.0,6,True,Negotiation,2023-03-23,2023-04-18 13:49:02.862717,2023-05-10 10:29:03.562011,2023-05-16 16:06:03.475920,2023-05-22 15:45:54.120726,True
O000212,L000557,Edwards Ltd,29513.0,3,False,Qualified,2023-07-25,2023-08-02 10:31:51.289023,,,,
O000213,L000561,Wright-Davis,26117.0,1,False,Negotiation,2024-06-05,2024-06-12 04:14:31.088600,2024-08-17 00:23:17.390738,2024-09-16 05:47:00.391068,,
O000214,L000565,"Edwards, Hines and Jimenez",8210.0,1,False,Proposal,2025-03-01,2025-03-11 15:06:20.824413,2025-03-31 12:33:24.290652,,,
O000215,L000566,"Owens, Koch and Jimenez",8549.0,4,False,Negotiation,2024-03-21,2024-03-25 00:06:28.402268,2024-07-02 13:57:24.205672,2024-07-29 07:46:49.766293,,
O000216,L000571,"Smith, Rodriguez and Anderson",3899.0,5,False,Contract/Legal,2024-12-01,2024-12-08 22:36:10.371771,2025-01-20 23:51:37.605661,2025-01-26 16:13:52.511922,,
O000217,L000573,Williams-Williams,6087.0,3,False,Prospecting,2026-08-23,,,,,
O000218,L000575,"Cole, Pierce and Bryan",22342.0,3,False,Negotiation,2023-10-29,2023-11-16 14:11:50.118689,2024-03-07 17:24:53.985478,2024-03-19 00:31:03.522528,2024-03-20 08:52:29.913526,False
O000219,L000578,"Mcmillan, Fischer and Gonzalez",22475.0,5,False,Proposal,2025-12-01,2025-12-14 09:37:55.712844,2026-04-06 15:23:05.033634,,,
O000220,L000579,"Morales, Williams and Williams",69051.0,1,True,Qualified,2023-08-12,2023-09-03 16:55:09.730122,,,,
O000221,L000582,Martin-Ewing,26983.0,4,False,Proposal,2023-07-24,2023-08-17 10:51:29.624892,2023-09-06 16:12:24.045225,,,
O000222,L000584,"Patel, Erickson and Evans",3167.0,5,False,Qualified,2025-06-12,2025-06-21 23:17:20.713203,,,,
O000223,L000587,Robles-Swanson,,6,True,negotiation,2024-10-05,2024-10-23 05:11:29.970626,2024-11-27 13:04:39.379095,2024-12-07 15:02:40.749219,2024-12-12 05:57:30.762702,True
O000224,L000589,"Patton, Parsons and Lane",42151.0,1,False,Negotiation,2026-02-10,2026-03-09 12:16:13.484308,2026-05-26 04:21:52.309836,2026-06-06 01:48:37.898933,,
O000225,L000593,Smith LLC,12710.0,3,False,Proposal,2025-03-07,2025-03-16 06:51:29.255166,2025-05-14 07:01:45.551759,,,
O000226,L000594,Hernandez-Vaughn,7255.0,4,True,Proposal,2023-05-24,2023-06-08 08:48:38.013849,2023-07-17 18:41:33.206803,,,
O000227,L000595,Shaw-Carr,12169.0,2,False,Proposal,2025-08-26,2025-09-19 06:17:23.381577,2025-10-04 15:58:26.616507,,,
O000228,L000600,Stevens PLC,21070.0,1,False,Negotiation,2024-03-20,2024-03-25 10:31:34.370507,2024-04-23 11:45:24.033912,2024-05-06 08:19:51.872369,2024-05-22 11:40:33.924888,True
O000229,L000602,"Becker, Lara and Baker",7446.0,1,False,Proposal,2024-09-15,2024-10-06 22:22:13.346739,2024-10-20 00:28:12.140717,,,
O000230,L000603,Lee-Wright,13254.0,3,False,Qualified,2026-07-13,2026-08-10 16:22:22.000017,,,,
O000231,L000615,Sanchez Ltd,14882.0,4,False,Negotiation,2025-10-24,2025-11-16 23:49:35.603362,2025-12-31 17:02:49.669671,2026-01-05 23:46:58.943999,2026-01-11 10:35:03.950039,False
O000232,L000617,Love-Garcia,31896.0,1,False,Negotiation,2025-05-26,2025-06-22 06:07:31.868569,2025-09-22 06:46:57.530136,2025-09-30 22:26:48.839347,2025-10-07 11:33:50.012233,True
O000233,L000619,Russell Group,9000.0,4,True,Negotiation,2023-10-24,2023-11-05 14:25:50.329083,2023-12-21 01:23:11.820388,2023-12-29 02:40:38.792362,2023-12-30 09:48:25.779488,False
O000234,L000620,Santos-Avila,31610.0,4,False,Contract/Legal,2025-11-07,2025-11-23 12:28:05.023755,2026-02-04 00:02:55.569613,2026-02-13 23:57:50.909576,2026-02-21 08:10:06.972746,False
O000235,L000623,"Rodgers, Jefferson and Johnson",31805.0,4,False,Negotiation,2025-08-08,2025-08-11 06:28:22.055700,2025-08-23 22:11:38.620513,2025-09-02 15:25:03.183602,2025-09-15 07:41:31.123071,True
O000236,L000625,Osborn Group,,3,True,Negotiation,2023-12-24,2024-01-18 05:33:05.653781,2024-03-08 07:06:35.816658,2024-03-24 11:28:06.853026,2024-04-07 12:07:06.333458,True
O000237,L000626,Lopez-Curry,42884.0,1,False,Negotiation,2024-05-20,2024-06-04 08:18:35.988119,2024-09-07 00:08:37.874769,2024-09-14 08:00:45.795870,2024-09-21 18:08:21.400692,True
O000238,L000627,Mcdowell-Smith,16346.0,2,True,Negotiation,2023-07-13,2023-07-18 04:58:58.820557,2023-09-16 07:42:56.106118,2023-09-24 07:38:56.969790,2023-09-30 13:07:12.544056,False
O000239,L000628,"Morrison, Hebert and Rogers",46354.0,2,True,Qualified,2026-03-09,2026-04-07 16:34:00.248697,,,,
O000240,L000629,Hays-Daniels,14756.0,1,False,Proposal,2024-11-29,2024-12-12 06:56:43.641887,2025-01-10 15:09:40.762296,,,
O000241,L000633,Higgins-Smith,21349.0,2,False,Negotiation,2026-03-05,2026-04-07 13:19:32.573161,2026-05-03 03:20:54.545081,2026-05-26 14:07:27.168513,2026-05-30 08:23:26.475014,True
O000242,L000645,"Carrillo, Vaughn and Fowler",153443.0,3,True,Proposal Sent,2024-11-28,2024-12-28 15:04:52.272273,2025-02-19 11:49:44.586768,,,
O000243,L000648,"Zhang, Brooks and Miles",13963.0,3,False,Negotiation,2025-08-28,2025-09-18 20:00:15.252768,2025-10-15 11:37:17.142131,2025-11-10 00:12:56.397514,2025-11-21 07:17:29.213740,False
O000244,L000653,"Leach, Harris and Herrera",27794.0,6,False,Qualified,2024-10-26,2024-11-18 16:06:28.008963,,,,
O000245,L000658,Bryant-Brown,5279.0,3,False,Proposal,2026-05-24,2026-06-04 03:39:15.072248,2026-07-08 03:31:36.278052,,,
O000246,L000659,Chambers-Parker,52885.0,2,True,Qualified,2024-10-01,2024-10-06 20:51:02.645613,,,,
O000247,L000660,Foster Inc,27191.0,7,False,Qualified,2025-09-26,2025-09-30 00:53:14.213210,,,,
O000248,L000663,Andersen Group,12570.0,5,True,Negotiation,2025-01-24,2025-02-14 07:40:54.590112,2025-04-12 20:41:57.505109,2025-04-21 10:25:25.979799,2025-04-28 22:00:11.832584,True
O000249,L000664,Mitchell and Sons,19833.0,3,False,Negotiation,2026-05-23,2026-06-11 13:33:49.930316,2026-06-27 10:40:09.750965,2026-07-08 15:54:45.258105,2026-07-24 12:27:51.224129,True
O000250,L000666,"Stuart, Brooks and Vance",143792.0,3,False,Qualified,2025-05-05,2025-06-07 04:28:48.077408,,,,
O000251,L000667,Kane-Knox,11328.0,1,False,Negotiation,2024-10-13,2024-11-01 19:23:59.501929,2024-12-03 20:46:56.173190,2024-12-21 09:40:26.341525,2025-01-03 18:59:31.657780,False
O000252,L000673,"Gray, Hall and Murray",12754.0,4,False,Negotiation,2023-04-07,2023-04-23 17:42:17.883362,2023-06-03 23:38:49.352071,2023-06-15 08:55:15.137327,2023-06-28 16:03:06.404359,True
O000253,L000674,Hill Ltd,12600.0,3,True,negotiation,2026-01-26,2026-02-05 01:13:32.068697,2026-03-23 15:37:08.843549,2026-05-11 00:10:03.466519,,
O000254,L000675,Johnson Ltd,50077.0,2,False,Negotiation,2025-12-08,2025-12-22 23:19:39.396321,2026-02-14 12:17:24.763455,2026-02-17 09:35:26.314787,2025-12-06 00:00:00.000000,False
O000255,L000679,"Powers, Brennan and Sanchez",128662.0,3,True,Negotiation,2026-02-26,2026-03-08 09:56:24.928782,2026-04-12 11:26:29.220774,2026-04-24 14:18:08.546743,2026-04-29 20:31:38.043870,False
O000256,L000682,"Holder, Young and Hendricks",11499.0,1,False,Negotiation,2026-05-19,2026-06-05 05:26:09.670323,2026-06-17 16:34:13.484382,2026-06-29 02:25:53.813343,2026-07-15 00:32:17.795125,False
O000257,L000689,"Flores, Butler and Hernandez",26772.0,2,False,Negotiation,2023-09-07,2023-09-19 07:51:25.330414,2023-10-27 12:47:16.402313,2023-11-14 02:04:57.537513,2023-11-19 20:51:42.200387,False
O000258,L000692,"Thomas, Ford and Brown",16376.0,2,False,Contract/Legal,2026-01-10,2026-01-26 14:02:50.896200,2026-02-17 07:53:01.000108,2026-02-23 00:44:47.380182,2026-02-24 16:02:56.322628,True
O000259,L000693,Faulkner-Grant,9418.0,4,False,Negotiation,2023-08-06,2023-08-31 11:50:33.363850,2023-09-13 04:46:00.855030,2023-10-08 12:33:02.909707,,
O000260,L000695,Rivera Inc,6396.0,4,True,Proposal,2025-11-12,2025-12-08 23:21:54.221059,2026-02-24 03:56:53.155088,,,
O000261,L000696,Boone-Davis,17014.0,3,True,Contract/Legal,2024-02-17,2024-03-11 14:03:21.904664,2024-04-27 20:00:04.156133,2024-05-04 21:11:56.473548,,
O000262,L000701,Giles Ltd,9547.0,2,False,negotiation,2024-05-13,2024-06-04 20:26:03.783719,2024-06-22 14:50:21.850272,2024-07-04 02:33:08.596370,2024-07-21 07:53:56.042637,True
O000263,L000703,Dominguez Ltd,4064.0,1,True,Qualified,2025-10-23,2025-11-16 19:49:49.344810,,,,
O000264,L000704,Sanders and Sons,30212.0,4,True,Negotiation,2024-08-19,2024-09-12 18:15:21.768935,2024-10-15 23:52:40.718867,2024-11-05 15:00:46.394550,2024-11-14 19:45:42.478246,False
O000265,L000705,"Morris, Campbell and Owens",10839.0,2,False,Negotiation,2026-03-06,2026-03-23 09:41:21.948139,2026-06-17 17:13:04.201785,2026-07-29 09:47:35.891687,2026-08-08 12:53:49.821292,True
O000266,L000706,"Howard, Green and Hunt",9453.0,3,False,Qualified,2023-12-03,2023-12-26 22:43:46.543223,,,,
O000267,L000707,Owens-Lang,38562.0,5,False,Negotiation,2023-07-25,2023-08-10 01:12:09.310519,2023-11-22 07:14:54.318040,2023-12-04 23:04:40.501902,2023-12-13 07:41:24.044933,True
O000268,L000709,Edwards-Williams,,2,False,Negotiation,2024-04-26,2024-06-05 08:02:28.925530,2024-08-29 04:33:45.347030,2024-09-15 03:05:49.846660,2024-09-28 15:50:52.385553,False
O000269,L000716,Murray-Oconnor,15231.0,3,False,Negotiation,2025-09-06,2025-09-15 16:54:08.379389,2025-11-13 14:32:11.968459,2025-11-21 01:59:22.001679,,
O000270,L000717,Jackson-Cortez,17901.0,2,True,Proposal Sent,2026-02-21,2026-03-02 20:22:39.811602,2026-05-05 17:50:52.915150,,,
O000271,L000722,Kirby and Sons,61310.0,3,False,negotiation,2026-01-04,2026-01-14 13:12:46.647328,2026-03-19 09:33:04.876059,2026-03-31 06:02:13.724444,2026-04-14 00:02:56.296415,False
O000272,L000723,Mann Inc,12127.0,3,False,Negotiation,2023-12-31,2024-01-22 13:56:31.541125,2024-02-15 21:34:38.555628,2024-02-22 00:42:22.205944,,
O000273,L000725,Williamson Ltd,12678.0,4,False,Negotiation,2023-02-26,2023-03-22 04:40:32.913973,2023-04-05 19:06:23.588779,2023-04-15 07:56:30.710052,2023-04-16 02:13:14.309463,False
O000274,L000727,"Arnold, Smith and Moreno",14038.0,2,True,Qualified,2025-10-09,2025-11-02 10:18:02.887367,,,,
O000275,L000728,Nichols-Mitchell,14536.0,1,False,Negotiation,2025-10-25,2025-11-13 10:24:48.822895,2025-12-05 21:05:21.560850,2025-12-27 10:40:46.563629,,
O000276,L000731,"Hernandez, Lee and Fox",89810.0,3,False,Negotiation,2025-10-18,2025-10-26 16:33:45.189354,2025-11-08 23:27:45.506609,2025-11-30 19:04:31.880992,2025-12-11 21:31:41.701212,False
O000277,L000732,Adams-Sanders,33402.0,9,True,Negotiation,2024-01-18,2024-02-19 05:41:23.401816,2024-03-01 19:21:06.910649,2024-03-23 08:39:02.991440,2024-03-27 20:06:00.519496,True
O000278,L000735,Sutton-Abbott,14139.0,3,False,Contract/Legal,2026-01-01,2026-01-29 08:26:29.111139,2026-02-21 16:02:55.771357,2026-02-25 21:01:39.144192,,
O000279,L000742,Lewis Ltd,14213.0,2,False,Prospecting,2026-09-01,,,,,
O000280,L000744,Lam-Elliott,28262.0,1,True,Negotiation,2024-01-14,2024-01-23 08:46:58.017289,2024-02-24 14:37:57.623187,2024-03-15 01:46:40.362124,2024-04-14 02:37:55.934787,False
O000281,L000750,"Rivera, Campos and Taylor",1979.0,2,False,Negotiation,2026-03-30,2026-04-23 04:39:38.940993,2026-06-08 15:44:16.824740,2026-06-20 16:38:47.960632,2026-06-23 15:02:51.772496,False
O000282,L000751,"Ramsey, Mason and Mccann",33187.0,3,True,Negotiation,2024-04-23,2024-05-18 15:34:31.292614,2024-06-17 08:03:51.614634,2024-07-11 09:40:38.751790,2024-07-17 11:58:34.870341,False
O000283,L000756,Kelly Group,18207.0,1,False,Proposal,2026-01-23,2026-01-31 17:56:58.655376,2026-03-03 05:22:04.829349,,,
O000284,L000757,Lopez-Willis,25665.0,3,False,Contract/Legal,2026-01-26,2026-02-19 03:21:58.998103,2026-04-12 17:19:16.781750,2026-05-08 08:17:37.529514,,
O000285,L000760,Moore-Dawson,9333.0,1,False,Qualified,2023-06-21,2023-07-02 01:59:00.991748,,,,
O000286,L000761,"Moore, Price and Ward",4652.0,3,False,Qualified,2025-06-27,2025-07-25 19:55:33.519417,,,,
O000287,L000762,Smith LLC,6522.0,5,True,Negotiation,2026-04-18,2026-05-17 04:38:45.239281,2026-06-22 02:06:27.128878,2026-07-08 13:05:36.356789,2026-07-29 20:03:56.831453,True
O000288,L000764,Miller Group,12208.0,3,False,Contract/Legal,2023-02-03,2023-02-18 01:24:27.620640,2023-06-16 13:15:05.015354,2023-06-28 16:45:18.354815,2023-07-05 23:29:03.036144,False
O000289,L000766,Johnson LLC,12445.0,2,True,Negotiation,2023-07-19,2023-08-19 16:56:39.535281,2023-09-28 11:25:53.399169,2023-10-15 11:08:32.291863,2023-10-25 15:35:49.523761,False
O000290,L000767,"Davis, George and Nguyen",16632.0,5,True,Proposal Sent,2025-08-28,2025-09-05 17:51:05.938597,2025-09-21 01:40:46.086909,,,
O000291,L000768,Smith-Gutierrez,13481.0,3,False,Negotiation,2024-01-21,2024-02-05 01:21:06.474772,2024-03-04 21:00:17.797374,2024-04-07 18:29:02.035883,2024-04-16 05:21:18.426966,False
O000292,L000775,"Weber, Wheeler and Gonzalez",18736.0,4,False,Qualified,2023-03-26,2023-05-01 17:37:18.627220,,,,
O000293,L000776,Taylor Inc,29588.0,1,False,negotiation,2026-03-15,2026-03-26 15:23:09.618503,2026-05-30 22:58:22.462330,2026-06-25 16:16:58.661660,2026-07-05 02:59:15.468794,True
O000294,L000792,Ewing-Mendoza,2614.0,4,True,Negotiation,2025-12-31,2026-01-27 18:55:55.797106,2026-03-03 00:28:19.838549,2026-03-05 04:39:00.935151,2026-03-06 00:45:10.151051,True
O000295,L000796,Rodriguez and Sons,14867.0,3,True,Proposal,2023-05-21,2023-05-27 19:48:47.607998,2023-06-18 12:44:48.143233,,,
O000296,L000797,"Ortega, Jackson and Salazar",6450.0,3,False,Proposal,2025-01-11,2025-01-18 15:32:14.025458,2025-03-19 02:26:06.473429,,,
O000297,L000801,"Burgess, Grant and Watts",18621.0,5,True,Negotiation,2023-12-21,2023-12-26 02:05:49.608087,2024-01-30 07:37:29.272720,2024-02-20 22:12:51.320138,2024-02-25 01:27:15.159709,True
O000298,L000802,Griffin Group,10922.0,2,True,Negotiation,2025-06-17,2025-07-26 20:56:42.034989,2025-09-21 03:51:04.141250,2025-10-03 21:00:16.191831,2025-10-10 05:53:05.426653,False
O000299,L000804,"Hernandez, Cuevas and Webb",17403.0,2,False,Proposal,2024-07-02,2024-07-12 17:24:18.007079,2024-09-14 15:25:34.725010,,,
O000300,L000805,Perry-Nixon,16355.0,3,True,Negotiation,2023-08-07,2023-08-14 18:01:27.382732,2023-10-31 20:46:17.292690,2023-11-17 17:17:00.312693,2023-11-27 22:14:41.701021,False
O000301,L000807,Bailey LLC,12109.0,2,False,Negotiation,2024-08-20,2024-09-16 12:50:54.565202,2024-12-29 10:40:17.151456,2025-01-17 00:37:10.266049,2025-01-26 16:25:50.693726,False
O000302,L000809,Alvarez-Kim,69486.0,4,True,Qualified,2026-07-12,2026-07-20 16:51:48.298077,,,,
O000303,L000812,"Marsh, Spears and Yang",21412.0,1,True,Negotiation,2024-02-09,2024-02-21 23:51:11.674545,2024-03-27 23:15:06.491857,2024-05-10 23:49:09.725524,2024-05-19 14:40:07.303765,True
O000304,L000815,Lopez Ltd,32954.0,4,False,Qualified,2024-09-19,2024-10-01 08:42:41.597120,,,,
O000305,L000816,Foster-Mclaughlin,15364.0,4,False,Prospecting,2026-08-26,,,,,
O000306,L000823,Rose-Fowler,7751.0,2,True,Proposal,2026-04-22,2026-04-26 22:09:47.123602,2026-07-20 15:16:09.110295,,,
O000307,L000827,Powers LLC,12719.0,5,True,Negotiation,2025-12-28,2026-01-19 15:41:11.614649,2026-03-17 01:27:59.921186,2026-04-11 03:39:15.340386,,
O000308,L000831,Lopez-Reid,1363.0,4,False,Negotiation,2024-03-21,2024-04-14 16:01:25.685708,2024-04-24 00:02:07.315787,2024-05-04 14:02:25.906166,2024-05-05 07:17:34.249889,True
O000309,L000833,Burns and Sons,17715.0,3,True,Qualified,2023-04-10,2023-04-30 18:02:21.963047,,,,
O000310,L000834,Edwards Group,12507.0,1,False,Proposal,2026-07-29,2026-08-03 00:51:16.946462,2026-08-25 14:53:38.072964,,,
O000311,L000835,"Brown, Howard and Smith",118778.0,2,False,Proposal,2023-11-07,2023-12-17 19:33:51.430691,2024-03-15 06:51:02.785244,,,
O000312,L000839,Miller Inc,1000.0,3,True,Qualified,2026-03-05,2026-04-12 13:29:20.008996,,,,
O000313,L000841,Medina and Sons,26420.0,1,False,Negotiation,2024-09-22,2024-10-06 08:11:40.790477,2024-12-08 03:08:17.338966,2024-12-17 13:37:59.678000,,
O000314,L000842,Cunningham-Barton,103064.0,3,False,Qualified,2026-01-22,2026-02-15 14:52:54.761598,,,,
O000315,L000852,Martin-Taylor,20565.0,3,False,Negotiation,2026-04-06,2026-04-18 06:56:49.162617,2026-06-05 00:58:25.939564,2026-07-05 08:06:20.229769,2026-08-07 12:14:14.117790,True
O000316,L000853,Li Inc,10681.0,4,False,Qualified,2023-04-19,2023-05-03 02:35:53.888515,,,,
O000317,L000856,"Adams, Hodge and Duke",7527.0,2,True,Proposal,2025-12-22,2026-01-17 13:40:17.308176,2026-04-09 14:26:48.175228,,,
O000318,L000858,Sellers-Riddle,107061.0,2,False,negotiation,2023-04-15,2023-04-30 05:11:23.968543,2023-06-23 21:58:29.155140,2023-07-16 07:07:51.434874,2023-07-26 03:23:15.830571,True
O000319,L000860,"Morris, Wright and Bridges",4286.0,2,False,Negotiation,2024-10-08,2024-10-24 08:44:52.672829,2025-01-06 22:29:20.952928,2025-01-18 03:04:11.084524,2025-01-27 12:06:12.273811,True
O000320,L000861,Burns-Ray,,3,False,Proposal,2023-12-12,2024-01-23 12:53:18.456876,2024-03-12 20:19:01.866108,,,
O000321,L000862,Burton-Brooks,5927.0,3,False,Negotiation,2024-02-09,2024-02-22 07:08:51.921437,2024-03-22 17:39:41.201507,2024-04-12 06:26:25.786948,,
O000322,L000864,Robertson-Ramirez,4053.0,2,False,Qualified,2025-03-14,2025-04-10 19:58:24.918591,,,,
O000323,L000867,"Stanton, Reid and Terry",12038.0,2,True,Negotiation,2025-02-13,2025-03-01 03:28:33.614895,2025-04-20 17:37:02.498290,2025-04-29 13:50:14.916954,2025-05-03 01:47:48.696795,False
O000324,L000871,Kelley-Anderson,7938.0,4,False,Negotiation,2026-03-26,2026-04-23 14:22:52.881031,2026-05-06 22:40:20.389581,2026-05-11 20:27:50.106170,,
O000325,L000873,Williams Ltd,8188.0,3,False,Qualified,2026-07-27,2026-08-05 23:36:20.748676,,,,
O000326,L000875,Alexander Inc,47412.0,2,False,negotiation,2023-12-30,2024-01-18 06:00:12.164320,2024-02-12 10:24:41.939288,2024-02-19 22:41:05.062754,,
O000327,L000876,Harris-Barker,45833.0,1,False,Negotiation,2025-04-17,2025-05-07 08:37:17.365483,2025-05-29 20:34:57.843628,2025-06-02 04:42:31.836156,2025-06-09 04:18:40.186857,False
O000328,L000880,Watson Ltd,12649.0,1,False,Qualified,2024-03-14,2024-04-05 21:23:01.669083,,,,
O000329,L000881,Williams Ltd,5560.0,3,True,Negotiation,2026-04-16,2026-04-30 11:49:30.668572,2026-06-10 20:48:51.493439,2026-06-16 04:07:31.102757,2026-07-02 11:05:43.374592,True
O000330,L000887,Mcneil Group,20259.0,2,False,Negotiation,2026-03-22,2026-04-03 08:41:57.516970,2026-04-30 14:25:32.199630,2026-05-20 14:13:05.624385,,
O000331,L000889,"Shaffer, Garcia and Richardson",17580.0,2,True,Negotiation,2023-11-15,2023-12-07 02:56:12.673650,2024-02-07 18:58:34.575273,2024-02-23 04:10:24.990813,2024-02-29 06:41:28.166307,False
O000332,L000890,Taylor-Ayala,20575.0,6,False,Qualified,2025-10-24,2025-10-30 12:08:23.121129,,,,
O000333,L000891,May Ltd,9721.0,3,False,Proposal,2025-07-14,2025-08-06 05:55:57.390033,2025-08-31 20:21:36.208636,,,
O000334,L000893,Bishop and Sons,69612.0,3,True,negotiation,2024-06-30,2024-07-05 18:57:22.974837,2024-07-24 19:07:46.509252,2024-07-31 07:34:01.403946,2024-08-01 16:19:20.695993,True
O000335,L000894,Bell-Lewis,2452.0,3,False,proposal,2026-07-11,2026-08-06 18:55:56.130677,2026-08-15 06:12:00.453974,,,
O000336,L000895,"Hernandez, Jenkins and Parks",4864.0,4,False,Negotiation,2023-11-12,2023-11-27 20:49:57.847953,2023-12-17 02:00:13.266804,2024-01-06 11:01:49.421632,2024-01-20 01:44:27.938909,True
O000337,L000896,Miller Inc,30977.0,4,False,Qualified,2025-01-29,2025-04-04 04:37:34.284502,,,,
O000338,L000898,"Cruz, Richmond and Edwards",,4,False,Prospecting,2026-08-30,,,,,
O000339,L000899,Wright Ltd,13917.0,4,True,Negotiation,2025-01-03,2025-01-11 01:58:22.799833,2025-04-09 04:08:30.720222,2025-04-27 13:01:43.990619,2025-05-07 14:35:13.179311,True
O000340,L000900,Wright PLC,3072.0,4,False,Qualified,2024-10-27,2024-11-11 04:25:50.438622,,,,
O000341,L000901,"Griffith, Mitchell and Pugh",19466.0,3,False,Proposal,2024-11-15,2024-11-30 02:00:41.730327,2024-12-14 23:31:42.494412,,,
O000342,L000902,Abbott Ltd,24531.0,3,False,Proposal,2024-06-21,2024-07-06 07:06:41.274506,2024-08-30 23:33:58.499372,,,
O000343,L000903,Harris-Lawson,19547.0,4,False,Contract/Legal,2025-04-30,2025-05-22 09:01:34.062367,2025-07-19 19:22:23.146462,2025-08-15 13:57:05.055565,2025-09-01 10:32:48.694070,True
O000344,L000905,"Brown, Hurst and Blevins",5733.0,1,True,negotiation,2024-03-31,2024-04-03 12:56:22.180040,2024-05-19 23:06:15.384966,2024-06-04 17:11:44.703731,2024-06-13 03:46:41.937329,False
O000345,L000909,"Fisher, Payne and Thompson",18841.0,2,True,Negotiation,2024-10-12,2024-11-03 13:33:17.925897,2025-02-01 07:30:17.084973,2025-02-18 08:36:26.818228,2025-02-22 00:04:21.625123,False
O000346,L000910,Best-Townsend,21747.0,2,True,Proposal,2024-01-05,2024-01-13 14:32:12.651485,2024-02-18 08:17:56.635622,,,
O000347,L000911,Matthews Inc,9059.0,3,False,Negotiation,2025-09-22,2025-10-06 10:59:47.852544,2025-11-03 16:07:42.791307,2025-11-19 19:10:21.885780,2025-11-30 10:02:26.307017,True
O000348,L000916,Miller-Mccall,,2,False,Negotiation,2024-08-15,2024-09-02 00:01:08.135363,2024-10-02 15:46:38.201318,2024-10-13 01:21:27.418335,2024-10-17 09:56:32.505486,False
O000349,L000921,Wilson-Salazar,5656.0,3,False,Qualified,2026-01-16,2026-01-25 15:57:46.528436,,,,
O000350,L000923,"Yang, Wilson and Zimmerman",14436.0,2,False,Negotiation,2025-03-27,2025-04-12 23:20:35.113601,2025-06-18 18:11:13.319727,2025-07-01 23:24:03.083174,2025-07-13 17:22:34.504442,True
O000351,L000924,"Smith, Crawford and Reed",2691.0,6,False,Proposal,2026-07-17,2026-08-09 19:08:10.624404,2026-08-25 19:45:06.623275,,,
O000352,L000930,"Ward, Porter and Bradley",103719.0,4,False,Qualified,2026-02-02,2026-02-17 19:18:52.066641,,,,
O000353,L000934,Williams LLC,,4,False,negotiation,2023-08-26,2023-08-31 07:25:35.574503,2023-09-21 04:27:05.163729,2023-10-11 06:26:58.679007,2023-10-12 00:03:16.640236,False
O000354,L000935,Mora-White,10858.0,3,True,Negotiation,2023-11-06,2023-11-27 17:15:28.216850,2023-12-07 13:18:46.438670,2023-12-27 05:16:43.998554,2024-01-01 23:12:29.115381,True
O000355,L000937,"Rios, Walker and Wright",35093.0,2,False,Qualified,2026-02-24,2026-03-24 04:19:37.073324,,,,
O000356,L000939,Shaw Inc,6129.0,5,False,Negotiation,2025-06-28,2025-07-26 11:47:49.525478,2025-08-21 04:15:11.564254,2025-09-09 14:00:59.994515,2025-09-20 01:08:38.410883,True
O000357,L000942,Cline-Ayala,5390.0,2,False,Negotiation,2025-09-22,2025-10-06 14:45:21.356343,2025-12-26 06:51:06.929823,2026-01-02 19:25:04.885312,2026-01-13 17:17:48.304976,False
O000358,L000946,Vargas-Snyder,14829.0,3,False,Negotiation,2025-03-01,2025-04-13 11:46:15.305352,2025-05-12 02:45:02.936155,2025-06-02 17:28:26.544763,,
O000359,L000947,Oconnor PLC,23363.0,4,False,Negotiation,2023-09-24,2023-11-11 16:40:32.531911,2023-12-19 03:28:16.119339,2023-12-29 15:12:32.091875,,
O000360,L000950,"Franco, Wiley and Tapia",15032.0,2,False,negotiation,2026-05-01,2026-05-07 03:39:34.263453,2026-06-12 21:15:38.159376,2026-07-06 03:02:05.895568,2026-07-15 23:14:18.435039,False
O000361,L000951,Blake Group,16760.0,2,False,Negotiation,2025-10-13,2025-10-30 09:24:40.740055,2025-11-12 06:38:33.917165,2025-12-15 10:04:16.207728,2025-12-22 20:06:26.274972,False
O000362,L000952,"Acosta, Garcia and Moreno",26700.0,2,False,proposal,2024-11-18,2024-11-29 16:38:09.884840,2025-01-20 02:34:05.784148,,,
O000363,L000956,Haynes-Watson,58476.0,2,True,Negotiation,2023-12-21,2023-12-30 15:58:47.805881,2024-01-29 09:20:06.857282,2024-02-24 17:32:49.640888,2024-02-29 12:45:51.014451,True
O000364,L000958,Jones-Bradley,41232.0,6,False,Qualified,2025-04-19,2025-05-17 17:25:28.721740,,,,
O000365,L000962,Chavez-Hall,37946.0,4,False,Qualified,2023-11-07,2023-11-21 07:38:27.701694,,,,
O000366,L000964,Moore and Sons,100750.0,2,True,Contract/Legal,2023-03-23,2023-04-06 17:32:35.663884,2023-06-01 10:02:17.954152,2023-06-08 06:33:50.367692,2023-06-19 08:31:35.077485,False
O000367,L000968,Aguirre LLC,1795.0,2,False,Qualified,2025-08-29,2025-09-11 02:19:33.829846,,,,
O000368,L000973,Crane Group,22885.0,2,True,Negotiation,2025-12-20,2026-01-17 02:10:22.310496,2026-02-25 08:31:20.061294,2026-03-06 13:16:58.285434,,
O000369,L000975,Martinez Inc,5297.0,3,True,Negotiation,2026-03-04,2026-04-14 15:44:42.504554,2026-06-04 09:56:55.866670,2026-06-14 14:26:27.154637,2026-03-03 00:00:00.000000,True
O000370,L000976,Anderson Group,9441.0,2,False,Negotiation,2025-08-30,2025-09-15 14:10:17.042964,2025-11-02 04:32:24.421120,2025-11-15 21:07:49.554271,,
O000371,L000980,Orr Group,4217.0,1,True,Qualified,2023-09-28,2023-10-08 21:29:02.729482,,,,
O000372,L000982,Williams Group,11169.0,5,False,Prospecting,2026-08-22,,,,,
O000373,L000984,Underwood-Foster,12387.0,4,True,Negotiation,2024-03-06,2024-04-13 12:33:06.582825,2024-05-06 13:49:57.720678,2024-05-15 06:13:47.555497,2024-05-31 07:36:01.066411,True
O000374,L000995,Castillo-Harrington,22608.0,4,False,Negotiation,2025-06-15,2025-07-06 02:03:53.917163,2025-09-01 07:54:47.733553,2025-09-14 17:59:07.535099,2025-09-19 04:44:12.583421,True
O000375,L000996,Durham-Shaw,24434.0,4,True,Qualified,2026-07-26,2026-08-02 01:02:31.586931,,,,
O000376,L001002,Adams Ltd,43841.0,5,True,Proposal,2025-06-25,2025-07-23 08:31:55.741143,2025-08-18 00:54:07.279006,,,
O000377,L001003,Gallagher and Sons,15191.0,2,False,Proposal,2024-11-28,2024-12-07 17:02:47.654890,2025-02-23 16:45:21.789659,,,
O000378,L001008,"Thomas, Vaughan and Copeland",17605.0,2,False,Negotiation,2023-10-02,2023-10-29 15:11:51.255188,2023-12-01 08:47:07.139429,2023-12-24 10:36:06.824444,,
O000379,L001011,"Robinson, Fox and Smith",71496.0,5,False,Negotiation,2024-07-26,2024-08-25 08:56:42.464622,2024-09-26 19:09:11.078292,2024-10-06 02:05:03.062230,2024-10-14 20:54:39.278411,False
O000380,L001013,Brown-Hernandez,9615.0,3,False,Prospecting,2026-08-23,,,,,
O000381,L001015,Yu-Brooks,,5,False,Negotiation,2024-06-17,2024-06-19 07:26:29.349904,2024-08-14 05:52:13.625258,2024-08-24 10:49:02.276841,2024-08-25 05:46:55.150742,True
O000382,L001016,"Foster, Garcia and Turner",35462.0,1,False,Negotiation,2023-07-14,2023-08-11 22:56:24.238609,2023-10-06 12:31:38.572066,2023-10-26 00:53:16.046539,2023-11-08 09:27:30.479052,True
O000383,L001021,Gray Ltd,4398.0,3,False,Negotiation,2023-11-28,2023-12-15 16:16:44.957206,2024-01-04 16:15:00.126836,2024-01-26 07:08:38.063238,2024-01-29 00:04:37.000772,False
O000384,L001023,"Fry, Myers and Gamble",32396.0,3,True,Negotiation,2023-08-11,2023-09-01 06:27:38.523092,2023-10-10 01:05:12.077646,2023-10-22 05:31:59.456721,2023-10-24 13:52:09.823764,False
O000385,L001024,"Johnson, Guzman and Mccall",3426.0,2,True,Qualified,2024-09-21,2024-10-11 16:06:32.165338,,,,
O000386,L001025,"Walker, Cunningham and Zuniga",9743.0,5,False,Prospecting,2026-08-27,,,,,
O000387,L001043,"Martin, Preston and Moore",28809.0,4,False,Contract/Legal,2024-07-10,2024-08-03 04:40:03.641355,2024-08-13 21:50:54.371018,2024-08-27 08:38:54.669570,2024-09-16 08:23:24.888498,False
O000388,L001044,Rivera and Sons,23793.0,2,True,Negotiation,2025-12-18,2026-01-17 03:46:13.464880,2026-02-16 19:14:30.704695,2026-03-05 10:22:24.997433,2026-03-18 05:08:18.824682,False
O000389,L001045,Terry-Bowen,20747.0,3,False,Proposal,2023-11-16,2023-12-20 01:28:07.080442,2024-02-07 16:04:43.976716,,,
O000390,L001047,Williams PLC,5244.0,4,False,Negotiation,2024-02-18,2024-03-04 04:50:02.881993,2024-04-16 00:53:38.723450,2024-05-04 03:50:51.796491,2024-05-24 08:44:12.841436,False
O000391,L001048,"Larsen, Hernandez and Ward",7416.0,7,True,Contract/Legal,2026-04-25,2026-05-08 13:54:25.739176,2026-06-27 14:01:30.018653,2026-07-20 23:06:31.299467,2026-07-26 15:21:40.843183,True
O000392,L001053,Ruiz-Jacobson,45463.0,2,False,Prospecting,2026-08-21,,,,,
O000393,L001055,Watson Group,24883.0,3,False,Negotiation,2024-10-06,2024-11-12 23:52:23.068807,2024-12-23 00:28:18.925328,2024-12-28 16:43:50.473654,2025-01-29 15:24:48.475557,True
O000394,L001057,Marshall-Perez,25242.0,3,False,negotiation,2025-05-25,2025-06-07 01:23:23.191969,2025-06-13 21:31:24.665459,2025-06-26 09:10:36.189731,2025-07-01 05:55:02.017884,True
O000395,L001070,Harris-Carson,,2,False,Qualified,2026-06-14,2026-07-10 23:08:07.051286,,,,
O000396,L001071,Flowers LLC,19929.0,4,True,Negotiation,2025-09-24,2025-10-21 17:55:00.959905,2025-12-07 13:43:34.511775,2025-12-29 01:06:13.059748,2026-01-12 03:57:48.196638,True
O000397,L001074,Arnold-Gates,87144.0,3,False,Qualified,2023-10-11,2023-10-14 20:50:16.075814,,,,
O000398,L001075,"Ellis, Marks and Buchanan",2246.0,3,True,Negotiation,2025-11-08,2025-11-28 16:15:06.679644,2025-12-31 22:39:01.363147,2026-01-23 08:52:13.616573,2026-02-02 01:31:18.800265,False
O000399,L001077,Hernandez PLC,9416.0,3,False,Negotiation,2025-03-05,2025-03-18 05:34:03.833472,2025-07-07 05:56:55.052824,2025-07-16 20:09:14.649022,2025-07-29 08:21:10.567243,False
O000400,L001080,Humphrey-Baker,19111.0,5,False,Contract/Legal,2024-07-15,2024-08-01 21:26:31.638474,2024-08-29 19:20:04.715110,2024-10-02 04:16:53.312414,2024-10-05 23:59:44.955274,True
O000401,L001082,Powell-Montgomery,5557.0,2,False,Negotiation,2023-11-05,2023-11-26 11:21:00.259840,2023-12-29 14:34:23.848965,2024-01-17 07:07:53.786908,2024-01-26 04:09:26.014625,False
O000402,L001083,"Steele, Williams and Preston",18237.0,2,True,Qualified,2024-06-07,2024-06-13 23:17:47.531617,,,,
O000403,L001084,Vaughn-Williams,58250.0,6,False,Qualified,2023-07-20,2023-08-07 09:27:51.092716,,,,
O000404,L001085,Mccall-Prince,28338.0,2,False,Negotiation,2024-11-12,2024-11-23 15:07:56.992285,2025-02-01 11:08:46.523524,2025-02-19 21:57:39.107488,,
O000405,L001087,Ramirez-Vasquez,5731.0,3,False,Negotiation,2024-10-31,2024-11-21 08:07:25.086105,2024-12-14 05:18:51.985915,2024-12-28 01:14:14.564450,2025-01-05 02:00:44.636164,False
O000406,L001094,Jones Ltd,43685.0,3,True,Negotiation,2023-03-28,2023-04-12 21:16:39.499110,2023-04-29 05:15:23.586341,2023-05-08 14:55:04.275723,2023-05-20 19:45:28.324803,False
O000407,L001099,Hill Group,32475.0,3,False,Negotiation,2024-06-24,2024-07-08 15:06:28.149716,2024-08-08 02:25:56.208885,2024-08-20 05:47:27.642622,2024-08-30 02:19:10.681687,True
O000408,L001101,Watson PLC,2804.0,2,True,Qualified,2023-09-05,2023-09-17 22:24:09.234244,,,,
O000409,L001109,"Smith, Buck and Holland",14652.0,3,False,Proposal,2026-04-25,2026-06-02 11:33:27.492361,2026-08-27 02:45:47.749951,,,
O000410,L001111,Marquez-Fletcher,49384.0,4,True,Qualified,2024-11-26,2024-12-23 07:15:51.406250,,,,
O000411,L001112,Coleman-Bennett,21586.0,3,True,Proposal,2025-01-29,2025-02-18 05:17:33.149069,2025-04-02 08:13:05.556991,,,
O000412,L001113,Stevens-Robinson,,3,False,Contract/Legal,2025-09-08,2025-09-15 04:47:02.623160,2025-10-21 18:51:58.276185,2025-10-31 11:09:05.055454,2025-11-03 15:53:14.585124,False
O000413,L001114,Byrd-Holloway,28349.0,3,False,Negotiation,2024-02-14,2024-02-27 13:52:17.682886,2024-03-17 19:22:42.181503,2024-04-09 03:45:25.628329,,
O000414,L001115,Silva-Smith,3497.0,1,False,Negotiation,2026-05-25,2026-06-07 04:38:24.940167,2026-07-21 18:56:05.454891,2026-08-23 09:30:55.758951,,
O000415,L001119,"Nguyen, Hill and Douglas",14950.0,3,False,Negotiation,2024-10-07,2024-10-31 23:57:07.655738,2024-12-16 23:52:34.807162,2024-12-23 06:41:40.113726,2025-01-09 14:17:27.153831,False
O000416,L001122,Guerrero-Becker,3800.0,7,False,Negotiation,2025-08-17,2025-09-17 13:42:34.283725,2025-10-31 15:05:11.506560,2025-11-28 22:19:56.871456,2025-12-02 21:30:35.720165,True
O000417,L001123,"Johnson, Jimenez and Phillips",9126.0,4,False,Qualified,2023-02-01,2023-03-04 09:10:28.103016,,,,
O000418,L001128,"Evans, Jackson and Sandoval",89996.0,1,True,Prospecting,2026-08-29,,,,,
O000419,L001130,Hardy-Hansen,31621.0,1,True,Negotiation,2025-08-08,2025-08-16 04:19:03.241722,2025-09-20 14:44:06.967317,2025-10-17 09:30:04.293439,2025-10-27 07:41:21.546440,False
O000420,L001133,Fisher-Eaton,10173.0,4,True,Negotiation,2025-06-14,2025-06-22 18:41:44.318356,2025-08-09 12:04:20.068548,2025-08-15 21:06:01.629343,2025-08-30 20:32:45.182182,True
O000421,L001137,Mason Ltd,53522.0,5,True,Proposal Sent,2024-08-08,2024-09-08 20:11:40.137242,2024-10-24 03:44:01.563018,,,
O000422,L001139,Taylor and Sons,25433.0,2,True,Qualified,2023-05-16,2023-06-02 14:06:48.577532,,,,
O000423,L001142,Maxwell Group,4054.0,3,True,Prospecting,2026-08-18,,,,,
O000424,L001146,Glover-Chan,31715.0,2,False,Qualified,2024-07-30,2024-08-07 06:54:32.919230,,,,
O000425,L001155,Bryant-Meyer,8127.0,3,True,Qualified,2026-06-07,2026-07-25 05:56:10.095594,,,,
O000426,L001156,"Morgan, Barron and Cowan",15176.0,6,True,Negotiation,2023-05-28,2023-06-07 03:53:53.759874,2023-07-18 05:12:57.539336,2023-07-26 08:52:30.060312,2023-08-03 16:27:35.074954,False
O000427,L001158,Martin Group,,2,False,Negotiation,2024-03-24,2024-04-12 10:28:31.198721,2024-04-23 01:15:26.086499,2024-05-25 18:14:37.180214,2024-05-30 13:42:00.927556,False
O000428,L001163,Wise-Dean,17327.0,4,False,Negotiation,2025-01-27,2025-02-20 14:47:54.558709,2025-03-24 06:46:09.916745,2025-03-30 15:18:29.836239,2025-04-01 01:12:00.561201,True
O000429,L001168,"Jennings, Smith and Fisher",14133.0,3,False,Qualified,2025-05-05,2025-05-23 00:13:54.859730,,,,
O000430,L001173,Gonzalez-Gonzalez,22867.0,2,False,Qualified,2026-05-23,2026-06-08 20:08:49.370105,,,,
O000431,L001182,Williams-Li,5086.0,3,True,Negotiation,2023-07-09,2023-07-15 04:03:55.352752,2023-08-24 21:58:33.813193,2023-09-03 07:35:48.610934,2023-09-12 18:55:26.740684,False
O000432,L001183,Phelps LLC,9237.0,2,True,Qualified,2024-02-29,2024-03-12 23:52:37.316129,,,,
O000433,L001186,"Holland, Murphy and Kline",7625.0,2,True,Negotiation,2024-08-22,2024-08-27 08:03:49.506781,2024-09-07 01:32:55.446421,2024-09-13 11:22:14.048725,2024-09-24 14:17:07.211098,False
O000434,L001187,"Adams, Quinn and Watson",3541.0,2,False,Proposal,2024-06-22,2024-08-12 15:36:56.797955,2024-09-11 11:51:04.547645,,,
O000435,L001188,White-Morales,9016.0,2,False,Negotiation,2025-04-26,2025-05-14 21:31:54.671380,2025-06-22 03:14:21.397326,2025-07-25 11:27:01.302154,2025-08-09 19:39:53.934213,True
O000436,L001191,Wilson Ltd,5144.0,2,True,Negotiation,2023-09-26,2023-10-24 11:08:12.786600,2023-11-27 14:13:09.139518,2023-12-11 20:39:57.314718,2023-12-15 09:31:18.593138,False
O000437,L001193,Pruitt-Webb,7481.0,2,False,Negotiation,2023-06-04,2023-06-25 08:35:47.518259,2023-07-13 10:51:55.954255,2023-08-08 17:30:59.267834,2023-08-19 18:34:55.894171,False
O000438,L001196,"Mcpherson, Anderson and Knapp",18975.0,2,True,Negotiation,2025-02-27,2025-03-02 22:11:34.547094,2025-04-07 07:08:09.858579,2025-04-18 09:06:37.003966,2025-04-27 17:05:34.921145,False
O000439,L001197,Clay Group,5247.0,5,False,negotiation,2023-08-22,2023-09-03 22:28:23.273701,2023-10-26 00:47:41.217736,2023-11-12 10:11:49.787211,2023-11-19 07:54:24.631004,True
O000440,L001201,"Marks, Stone and Watts",25012.0,6,False,negotiation,2023-09-07,2023-09-22 23:42:44.936341,2023-10-10 22:15:28.413681,2023-10-29 05:12:25.292041,2023-11-07 06:34:48.034217,True
O000441,L001203,Alvarado-Davidson,35466.0,4,False,Negotiation,2026-02-13,2026-04-02 10:43:13.665616,2026-05-26 22:16:55.977025,2026-06-14 08:26:50.648885,2026-06-21 17:33:50.159269,True
O000442,L001204,Combs PLC,10885.0,5,True,Qualified,2024-05-13,2024-05-24 03:49:23.907995,,,,
O000443,L001205,"Brown, Schneider and Moore",46981.0,3,False,Negotiation,2026-05-25,2026-06-12 20:00:19.675757,2026-07-06 23:50:01.820379,2026-07-21 05:28:05.107390,2026-07-26 02:18:09.811902,False
O000444,L001210,"Gray, Montoya and Miller",4752.0,1,False,Contract/Legal,2024-03-20,2024-03-24 08:48:32.791640,2024-05-23 21:43:37.912640,2024-07-01 12:21:10.300548,2024-07-20 08:29:49.461319,False
O000445,L001214,Gutierrez-Hawkins,16544.0,4,False,Proposal,2026-03-09,2026-03-31 14:56:02.011496,2026-05-15 21:06:40.405804,,,
O000446,L001215,Petersen PLC,25584.0,4,False,Negotiation,2025-04-08,2025-05-01 21:23:31.706296,2025-05-25 20:45:05.047315,2025-06-13 06:00:15.522040,2025-06-23 19:23:01.402988,True
O000447,L001218,Velasquez Group,102176.0,4,True,Qualified,2024-09-14,2024-10-12 10:13:26.513115,,,,
O000448,L001219,Castro-Harvey,3083.0,3,False,Negotiation,2023-07-28,2023-08-09 16:59:36.175675,2023-09-03 01:24:00.624239,2023-09-21 04:43:15.614299,,
O000449,L001224,"Rodriguez, Prince and Vasquez",1960.0,2,False,Negotiation,2025-10-10,2025-10-23 18:57:33.651507,2025-11-26 01:26:05.749119,2025-12-08 11:31:44.409656,2025-12-19 17:19:53.811236,False
O000450,L001225,"Newton, Ortiz and King",9873.0,1,True,Negotiation,2023-05-16,2023-06-17 04:53:44.728777,2023-08-31 18:37:56.794748,2023-09-24 10:40:01.176919,2023-05-15 00:00:00.000000,False
O000451,L001226,Lopez Group,3320.0,6,False,Qualified,2026-06-10,2026-06-29 12:43:20.411417,,,,
O000452,L001228,"Morgan, Sherman and Williams",28546.0,2,False,Qualified,2024-01-05,2024-01-21 18:34:24.398298,,,,
O000453,L001235,"Ochoa, Garcia and Sandoval",4054.0,1,False,Negotiation,2026-01-27,2026-02-13 05:24:03.877770,2026-02-24 08:00:44.045067,2026-03-04 04:31:22.852411,2026-03-07 06:56:29.164995,False
O000454,L001240,"Tanner, Hunt and Cameron",10786.0,3,True,Negotiation,2023-10-16,2023-11-01 06:22:47.701672,2023-11-23 15:31:46.005033,2023-12-15 01:09:24.466386,2023-12-24 21:47:14.008342,False
O000455,L001241,"Valencia, Joseph and Walls",3131.0,2,False,Negotiation,2026-02-14,2026-02-28 23:28:17.802572,2026-03-21 08:14:01.888636,2026-03-27 18:38:19.082083,2026-04-01 06:57:17.848363,True
O000456,L001244,"Hester, Thompson and Daniels",8679.0,4,False,Proposal,2024-01-23,2024-02-04 02:11:14.117967,2024-03-02 15:21:18.644121,,,
O000457,L001245,"Morris, Wilson and Bell",10832.0,4,False,Qualified,2026-08-10,2026-08-20 00:46:17.423877,,,,
O000458,L001246,Aguilar-Bender,4291.0,3,False,Proposal,2025-02-05,2025-02-23 04:05:54.414986,2025-03-26 22:45:38.833725,,,
O000459,L001256,"Stevenson, Hancock and Newton",36801.0,4,True,Proposal,2023-06-30,2023-07-28 00:24:23.597254,2023-08-03 13:58:48.532948,,,
O000460,L001257,"Price, Dixon and Robles",26146.0,4,True,Proposal,2024-12-28,2025-01-10 17:44:01.661968,2025-02-08 10:15:34.608516,,,
O000461,L001258,"Roberts, Beck and House",11925.0,1,False,Contract/Legal,2023-12-11,2023-12-27 01:46:56.780691,2024-01-20 08:04:37.144232,2024-03-04 13:55:01.864136,,
O000462,L001259,Butler-French,16497.0,3,True,Negotiation,2024-01-15,2024-01-24 08:53:20.876704,2024-02-21 04:28:03.769892,2024-03-27 20:34:59.377556,2024-04-06 08:34:23.655571,False
O000463,L001267,"Palmer, Bennett and Patterson",4579.0,1,False,Negotiation,2024-02-28,2024-04-06 00:24:59.949966,2024-08-01 02:58:47.303349,2024-08-03 03:49:42.588278,2024-08-13 16:56:20.715202,False
O000464,L001268,"Baker, Martin and Singleton",5368.0,2,False,Negotiation,2025-01-30,2025-02-10 12:45:42.040262,2025-03-28 19:39:30.241454,2025-04-11 03:25:34.739674,2025-04-23 06:40:06.959104,True
O000465,L001273,Bowers LLC,6618.0,1,True,Negotiation,2024-04-02,2024-04-12 10:32:49.450638,2024-05-13 04:35:40.218803,2024-05-24 05:22:19.896663,2024-06-08 08:46:41.349069,True
O000466,L001275,"Moore, Daniels and Powell",27523.0,2,False,Proposal,2023-12-19,2023-12-30 15:54:41.384853,2024-01-07 13:46:19.493877,,,
O000467,L001285,Williams-Villanueva,5617.0,5,False,Qualified,2026-07-17,2026-08-13 06:12:45.793055,,,,
O000468,L001292,"Parks, Johnson and Love",13115.0,1,False,Contract/Legal,2025-01-11,2025-01-24 17:54:57.053050,2025-03-29 22:27:23.780838,2025-04-26 00:53:40.304558,2025-05-05 13:28:44.836735,False
O000469,L001293,Miller Inc,20257.0,2,False,Negotiation,2023-05-16,2023-05-20 22:43:46.108416,2023-07-25 22:47:44.395680,2023-08-10 01:55:55.107431,,
O000470,L001294,Bauer PLC,4276.0,2,True,Negotiation,2024-08-07,2024-08-12 13:30:23.589664,2024-10-12 22:33:12.251657,2024-11-10 05:08:48.254215,2024-11-13 16:11:36.650788,False
O000471,L001296,Russell-Hayes,20413.0,4,False,Negotiation,2026-04-10,2026-04-19 21:28:23.434629,2026-05-09 09:38:51.974108,2026-05-31 07:44:45.889817,2026-06-08 12:54:51.985333,True
O000472,L001298,"Wilson, Smith and Cortez",,1,False,Negotiation,2025-11-25,2025-12-05 03:52:48.961927,2026-01-31 18:40:34.194844,2026-02-20 06:56:19.661650,2026-03-01 05:55:43.727663,True
O000473,L001300,Haynes Inc,33654.0,3,False,Negotiation,2026-03-12,2026-04-05 09:56:04.068330,2026-04-19 09:37:19.942400,2026-04-25 04:14:57.437365,2026-05-07 18:51:28.458037,True
O000474,L001302,"Turner, Miller and Hubbard",77828.0,3,True,Negotiation,2024-08-23,2024-08-29 11:30:04.803231,2024-10-13 15:32:23.766361,2024-10-17 16:29:02.161286,2024-10-20 22:05:28.569110,False
O000475,L001303,James-Short,,5,False,Qualified,2025-02-09,2025-02-13 16:32:35.659306,,,,
O000476,L001305,Taylor Group,40683.0,4,False,Negotiation,2024-11-12,2024-12-02 04:17:44.044420,2025-01-12 13:20:40.708567,2025-01-26 01:29:49.201476,2025-02-01 11:44:52.802299,True
O000477,L001306,"Phillips, Walters and Evans",7341.0,3,False,Qualified,2024-08-30,2024-09-04 02:04:54.933500,,,,
O000478,L001308,"Thomas, Williams and Armstrong",34492.0,4,False,Prospecting,2026-08-29,,,,,
O000479,L001311,"Cooper, Gutierrez and Brewer",6413.0,2,False,Negotiation,2025-04-28,2025-05-16 08:45:22.781565,2025-06-04 11:46:58.904140,2025-06-14 01:50:12.463971,2025-06-20 16:21:55.054664,False
O000480,L001317,"Carpenter, Lynn and Howard",,1,True,Qualified,2024-02-07,2024-02-14 02:49:11.667792,,,,
O000481,L001326,Hampton-Tucker,13694.0,1,True,Negotiation,2026-01-16,2026-02-03 15:39:30.397486,2026-02-17 18:36:56.237122,2026-03-26 10:16:03.736111,2026-04-21 09:27:47.082986,False
O000482,L001328,Wilkinson and Sons,25583.0,5,False,Negotiation,2025-01-14,2025-02-07 17:28:33.507235,2025-04-11 00:03:59.736561,2025-04-18 08:49:05.995588,2025-05-03 05:28:37.276864,True
O000483,L001330,"Jones, Smith and Hunter",10375.0,5,True,Qualified,2024-10-09,2024-10-14 00:28:16.203115,,,,
O000484,L001332,Hammond-Lewis,3216.0,2,False,Negotiation,2026-02-15,2026-03-02 13:57:25.359416,2026-05-06 21:43:56.274983,2026-05-30 21:27:54.340129,2026-06-10 20:03:03.323493,True
O000485,L001333,Arnold PLC,46225.0,3,False,Negotiation,2025-09-02,2025-10-02 06:51:55.275791,2025-12-27 05:37:21.787229,2026-01-24 01:23:05.662379,2026-02-11 06:38:44.218155,True
O000486,L001340,Knight PLC,,5,False,Qualified,2026-08-25,2026-08-30 00:26:10.129496,,,,
O000487,L001341,"Brennan, Thomas and Dennis",9188.0,2,False,Contract/Legal,2024-08-14,2024-08-20 03:55:23.530214,2024-11-24 13:27:05.144121,2025-01-16 21:25:01.915707,2025-01-20 08:23:39.295550,False
O000488,L001342,Williams-Juarez,20499.0,5,False,Negotiation,2026-05-07,2026-05-27 03:18:43.427804,2026-07-26 17:05:26.800441,2026-08-27 02:36:24.599864,2026-09-08 13:39:03.482753,True
O000489,L001344,Williams and Sons,,3,False,Negotiation,2023-10-18,2023-10-27 23:39:20.828010,2023-11-19 20:55:00.682865,2023-12-09 14:41:55.334533,2023-10-11 00:00:00.000000,True
O000490,L001349,"Hudson, Bennett and Gray",,1,False,proposal,2026-01-04,2026-01-18 13:56:54.687787,2026-02-19 12:04:48.806266,,,
O000491,L001350,"Valdez, Houston and Black",18144.0,5,False,Contract/Legal,2023-11-30,2023-12-14 12:27:30.551533,2024-01-10 01:43:10.108171,2024-01-31 01:36:32.487267,,
O000492,L001352,Gomez-Parrish,7552.0,4,False,Proposal,2023-09-04,2023-10-08 21:11:04.599642,2023-12-04 19:59:29.212651,,,
O000493,L001355,Martin-Jones,4878.0,1,True,Negotiation,2025-05-26,2025-06-03 12:51:39.603062,2025-06-10 08:44:57.505817,2025-06-29 07:08:10.276747,2025-07-02 07:02:06.445625,True
O000494,L001356,"Campbell, Hernandez and Moore",34110.0,1,False,negotiation,2026-03-31,2026-05-10 05:12:16.542770,2026-06-21 02:21:55.671108,2026-07-11 18:00:50.673871,2026-07-21 15:24:21.049253,True
O000495,L001357,"Love, Wilson and Hall",8094.0,4,False,Proposal,2025-10-23,2025-11-22 00:31:03.842654,2025-12-08 07:13:07.170550,,,
O000496,L001360,"Whitaker, Johnson and Williams",29045.0,2,False,Negotiation,2023-09-07,2023-09-20 17:46:33.420040,2023-10-19 21:14:54.223321,2023-10-31 12:16:17.764754,2023-11-21 09:37:14.459281,True
O000497,L001362,"Thomas, Jackson and Nielsen",5849.0,1,False,Negotiation,2024-06-15,2024-06-20 09:48:59.417869,2024-07-26 02:04:22.919199,2024-07-31 23:27:06.495853,2024-08-12 13:22:47.633438,True
O000498,L001364,Johns Ltd,4528.0,5,False,Proposal,2023-12-29,2024-01-07 04:43:06.544169,2024-02-26 00:26:44.525043,,,
O000499,L001366,"Haney, Dillon and Jackson",5570.0,1,True,Negotiation,2023-09-07,2023-09-17 22:39:25.408635,2023-10-26 14:57:43.373029,2023-11-12 06:19:45.447147,2023-11-14 15:06:29.137217,False
O000500,L001367,Burke-Norton,6321.0,3,False,Negotiation,2024-01-03,2024-01-12 08:57:08.372571,2024-04-18 19:55:27.992379,2024-05-01 01:42:18.511603,,
O000501,L001368,Hanson PLC,4975.0,3,True,Proposal,2025-02-27,2025-03-09 16:32:36.982874,2025-04-04 23:44:38.203422,,,
O000502,L001369,Jackson-Jennings,6350.0,4,False,Negotiation,2023-08-26,2023-09-11 01:35:07.181475,2023-10-03 09:48:29.741851,2023-10-20 15:14:59.542346,2023-10-30 22:00:56.892458,True
O000503,L001373,"Barnes, Hernandez and Davis",15959.0,5,False,Negotiation,2023-12-22,2023-12-24 03:51:35.503801,2024-01-26 23:00:28.390852,2024-01-29 02:59:29.818079,2023-12-13 00:00:00.000000,True
O000504,L001374,Valenzuela-Greene,2832.0,2,True,Negotiation,2023-05-21,2023-06-08 16:34:28.124271,2023-06-16 22:34:23.788956,2023-06-19 08:38:33.515795,2023-06-22 06:11:56.709752,False
O000505,L001376,Winters PLC,8085.0,2,False,Negotiation,2025-07-09,2025-08-03 04:26:20.770690,2025-09-08 21:38:48.267708,2025-09-24 03:31:00.770433,2025-10-03 12:09:38.892245,False
O000506,L001377,Prince Ltd,14779.0,4,True,Negotiation,2025-03-23,2025-04-20 12:15:51.089816,2025-05-13 13:06:13.772992,2025-05-27 05:48:26.943151,2025-06-08 22:26:35.733359,False
O000507,L001379,"Moreno, Perez and Lang",,3,False,Proposal,2023-10-11,2023-10-25 05:23:59.417820,2023-11-23 01:27:42.649062,,,
O000508,L001382,Kent Inc,138114.0,3,False,Negotiation,2026-02-21,2026-03-05 10:19:21.410084,2026-08-08 04:46:08.525131,2026-08-13 22:55:08.212732,2026-08-22 23:12:15.834236,False
O000509,L001384,Lopez-Fletcher,22102.0,3,True,Qualified,2026-07-02,2026-08-06 14:16:26.337646,,,,
O000510,L001386,"Smith, Pena and Watts",82454.0,3,False,Qualified,2026-08-18,2026-08-27 16:25:59.772919,,,,
O000511,L001390,"Sanders, Harris and Arnold",22515.0,3,False,Negotiation,2023-08-04,2023-08-13 12:24:33.074271,2023-09-12 05:42:51.479241,2023-10-02 18:05:32.685829,2023-11-13 12:19:54.193650,True
O000512,L001398,Brock and Sons,13629.0,5,True,Prospecting,2026-08-31,,,,,
O000513,L001408,Allen-Smith,18403.0,1,False,Negotiation,2023-10-11,2023-11-13 05:31:04.875915,2023-12-11 15:37:07.641733,2023-12-24 14:16:31.998325,2023-12-28 03:05:22.741894,False
O000514,L001411,"Gonzalez, Smith and Padilla",22628.0,2,True,negotiation,2025-05-04,2025-05-16 15:26:01.264735,2025-07-12 12:16:47.852211,2025-07-27 23:09:01.173904,2025-08-08 21:48:08.125232,False
O000515,L001414,Perez-Mccarty,33403.0,3,True,Qualified,2026-06-30,2026-07-14 17:33:22.628305,,,,
O000516,L001418,"Frye, Walter and Li",19776.0,3,False,Qualified,2026-05-05,2026-05-10 07:20:13.279137,,,,
O000517,L001419,"Wright, Ramos and Bennett",3906.0,1,True,Qualified,2026-06-24,2026-07-09 16:06:02.303871,,,,
O000518,L001422,Olson LLC,12696.0,3,False,Qualified,2026-06-13,2026-07-02 09:48:07.505755,,,,
O000519,L001423,Reyes and Sons,20938.0,3,False,Negotiation,2026-04-21,2026-05-16 03:15:04.609682,2026-06-23 01:14:41.426115,2026-07-15 08:59:46.604081,2026-07-29 20:43:15.315747,False
O000520,L001427,"Goodman, Peterson and Spencer",5011.0,3,False,Negotiation,2024-06-27,2024-07-15 17:50:41.480354,2024-09-06 07:45:23.689307,2024-09-22 13:49:23.199457,2024-10-11 19:27:27.255466,False
O000521,L001429,Shannon LLC,,5,True,Qualified,2023-12-01,2023-12-14 14:31:12.726280,,,,
O000522,L001430,Valentine Ltd,8695.0,1,False,Negotiation,2025-12-23,2026-01-03 01:55:30.476633,2026-02-23 12:57:36.654627,2026-03-11 05:32:27.062450,,
O000523,L001433,Perez and Sons,102966.0,4,True,Negotiation,2024-11-13,2024-12-02 23:03:04.016087,2024-12-22 08:00:22.930015,2025-01-07 17:37:48.002445,2025-01-24 08:13:41.669211,False
O000524,L001439,"Melton, Henry and Joyce",32109.0,4,False,Negotiation,2025-05-16,2025-05-28 05:22:37.527586,2025-07-17 23:21:59.781400,2025-08-24 21:08:42.203840,2025-09-09 22:20:04.756238,True
O000525,L001442,Ayers-Johnson,5897.0,3,False,Negotiation,2024-07-20,2024-08-11 14:57:42.482849,2024-10-08 16:12:34.798262,2024-10-22 07:17:26.851133,2024-10-29 13:56:07.874741,False
O000526,L001446,"Clark, Carpenter and Nguyen",40799.0,2,False,Negotiation,2023-10-15,2023-10-20 05:19:09.783587,2023-11-19 16:30:18.021198,2023-12-08 10:08:30.870817,2024-01-06 12:25:33.146064,True
O000527,L001449,White-Coleman,59832.0,4,True,Contract/Legal,2024-11-08,2024-11-28 12:55:48.978946,2025-02-10 10:35:48.916289,2025-03-01 12:53:31.928017,2025-03-05 17:52:42.721778,False
O000528,L001452,Krause Ltd,2686.0,3,False,Proposal Sent,2023-02-28,2023-04-05 22:45:06.572983,2023-06-05 19:23:16.963622,,,
O000529,L001456,"Hernandez, Shaffer and Thompson",13069.0,7,False,Negotiation,2024-03-09,2024-03-18 00:36:56.220057,2024-05-29 09:32:53.151306,2024-06-14 21:26:01.231824,2024-06-30 14:39:25.716446,True
O000530,L001458,"Holmes, Le and Floyd",2438.0,3,False,Negotiation,2025-12-03,2025-12-29 03:27:14.579708,2026-02-20 06:27:16.921123,2026-03-31 02:31:48.834888,2026-04-15 15:50:25.681560,True
O000531,L001460,Ross Ltd,,1,True,Negotiation,2024-07-11,2024-07-21 07:33:24.976571,2024-08-13 17:04:41.811419,2024-08-28 06:04:40.242102,2024-08-30 09:32:05.952245,False
O000532,L001462,Combs-Davis,6179.0,2,False,Negotiation,2025-11-11,2025-11-27 04:08:35.025504,2026-01-11 19:18:50.663676,2026-01-14 19:48:26.787989,2025-11-07 00:00:00.000000,False
O000533,L001469,"Griffin, Miller and Austin",18999.0,4,False,Qualified,2025-11-20,2025-12-10 03:20:39.715609,,,,
O000534,L001471,Davidson LLC,5974.0,2,False,Negotiation,2025-01-13,2025-02-12 16:19:57.098871,2025-04-21 15:40:15.444935,2025-04-29 18:39:01.021686,2025-05-16 12:01:53.419069,True
O000535,L001475,Page-Jacobs,8564.0,2,False,Prospecting,2026-08-22,,,,,
O000536,L001476,Nelson-Wallace,56361.0,4,True,Proposal,2025-02-04,2025-02-23 03:04:41.958093,2025-06-16 17:07:34.910025,,,
O000537,L001478,Gutierrez-White,6145.0,3,True,Qualified,2023-06-18,2023-07-01 03:08:21.281010,,,,
O000538,L001480,"King, Manning and Brady",,1,False,Negotiation,2026-02-16,2026-03-07 09:54:08.986983,2026-04-29 08:24:34.050924,2026-05-30 06:12:56.548570,2026-06-08 18:02:45.300867,False
O000539,L001486,Perez-Rojas,12838.0,2,False,Contract/Legal,2023-04-06,2023-04-27 10:24:15.503835,2023-05-17 02:47:39.059107,2023-05-21 04:10:39.575514,2023-05-26 22:02:44.178890,False
O000540,L001487,Sims-Anderson,4948.0,2,True,Prospecting,2026-08-31,,,,,
O000541,L001490,Mcdonald-Pitts,,3,True,Proposal Sent,2023-08-23,2023-09-08 01:51:12.113086,2023-10-03 20:10:26.460975,,,
O000542,L001496,Diaz-Green,5718.0,2,False,Contract/Legal,2025-09-30,2025-10-13 20:11:42.133089,2025-12-28 02:00:54.074564,2026-01-15 01:16:52.038665,2026-02-04 03:14:34.375585,False
O000543,L001501,Harper-Robles,8056.0,5,False,Negotiation,2023-07-13,2023-07-25 17:41:01.018492,2023-08-20 12:06:59.500344,2023-08-31 23:28:59.683419,2023-10-02 01:29:19.039808,True
O000544,L001503,Wright-Espinoza,13518.0,2,False,Negotiation,2023-08-02,2023-08-21 10:01:40.431253,2023-09-18 20:18:25.970745,2023-10-16 22:13:25.159579,2023-10-22 13:33:09.042431,True
O000545,L001504,"Price, Gray and Baker",10486.0,2,True,Negotiation,2025-06-12,2025-06-26 02:24:26.138249,2025-08-07 06:00:00.994208,2025-08-15 21:11:38.494292,2025-08-22 08:47:34.415063,False
O000546,L001505,Garrett-Black,71103.0,4,False,Qualified,2024-01-24,2024-01-28 08:27:52.177590,,,,
O000547,L001506,"Aguirre, Cohen and Mitchell",104203.0,2,True,Proposal,2025-05-19,2025-06-06 07:43:44.114345,2025-08-11 17:31:12.061964,,,
O000548,L001507,"Patel, Adams and Lopez",43682.0,2,False,Negotiation,2023-11-30,2023-12-05 10:20:38.106103,2023-12-30 03:08:13.169003,2024-01-07 09:47:11.404784,2024-01-25 01:06:45.714545,True
O000549,L001508,White LLC,79575.0,2,True,Negotiation,2026-04-19,2026-05-09 14:38:37.723556,2026-07-21 08:32:36.708331,2026-08-12 02:49:44.963716,2026-08-25 16:34:46.341320,False
O000550,L001509,Walsh PLC,32370.0,3,True,Proposal,2023-03-27,2023-04-08 08:37:23.663656,2023-05-23 07:25:26.351285,,,
O000551,L001511,Flores and Sons,12672.0,3,False,Negotiation,2023-08-02,2023-08-19 02:48:21.579567,2023-09-20 00:36:16.831281,2023-10-17 00:43:04.923364,2023-10-20 17:24:03.222280,True
O000552,L001512,Booker Inc,43046.0,2,False,negotiation,2025-01-01,2025-01-06 00:09:27.753130,2025-03-07 22:30:01.738756,2025-03-23 21:12:35.522757,,
O000553,L001513,Compton LLC,17149.0,3,False,negotiation,2025-12-03,2025-12-26 04:30:49.248546,2026-01-25 01:18:33.471879,2026-02-11 10:46:46.274225,2026-02-23 10:40:39.655703,False
O000554,L001514,Martinez-Gonzales,2241.0,3,False,Qualified,2024-06-14,2024-06-30 06:48:37.725934,,,,
O000555,L001518,Ford-Moody,11097.0,1,True,Negotiation,2024-11-11,2024-11-30 04:03:21.280804,2025-01-04 03:45:08.761303,2025-01-13 05:34:41.547420,2025-01-19 19:40:51.911878,False
O000556,L001522,Huang LLC,10358.0,2,False,Negotiation,2024-05-07,2024-05-30 18:21:00.173390,2024-06-22 02:26:44.259223,2024-07-01 09:08:57.505023,2024-07-23 08:16:24.002291,True
O000557,L001523,Clayton-Martinez,23332.0,2,True,Negotiation,2023-06-16,2023-07-09 07:56:23.998287,2023-10-16 12:35:26.375860,2023-11-16 12:55:48.102418,,
O000558,L001524,"Wright, Wise and Ramos",36453.0,2,True,Negotiation,2025-08-22,2025-09-17 09:10:09.825695,2025-10-30 16:05:14.330508,2025-12-09 20:42:52.021015,2026-01-02 02:27:16.414084,True
O000559,L001528,Moore-Chandler,52550.0,7,False,Proposal Sent,2023-02-19,2023-02-28 19:32:24.787887,2023-04-16 06:37:55.388714,,,
O000560,L001531,"Robinson, Rodriguez and Chen",11865.0,3,False,Contract/Legal,2025-01-10,2025-01-14 12:48:19.881258,2025-03-06 14:31:54.898818,2025-03-11 22:13:48.197132,2025-03-25 13:09:09.044362,True
O000561,L001532,Smith-Bauer,,4,False,Negotiation,2025-02-12,2025-03-18 04:00:19.911606,2025-04-17 01:57:38.060899,2025-05-12 02:52:07.278378,,
O000562,L001533,"Wilson, Mccormick and Smith",,4,True,Qualified,2023-09-02,2023-10-04 21:54:42.751606,,,,
O000563,L001542,Howard-Taylor,20740.0,3,True,Negotiation,2025-11-15,2025-11-30 19:31:36.514069,2026-01-03 06:45:47.453728,2026-01-21 09:57:58.262360,,
O000564,L001543,Washington Group,43639.0,4,False,Negotiation,2025-04-11,2025-05-17 00:44:18.153181,2025-06-13 07:56:46.602150,2025-06-20 14:49:59.948024,2025-07-03 14:51:20.335210,True
O000565,L001544,"Phillips, Terry and Lopez",12241.0,6,False,Proposal,2024-09-04,2024-09-12 23:24:20.816953,2024-12-08 02:04:44.824474,,,
O000566,L001548,Weaver-Gibson,36209.0,3,False,Proposal,2024-02-09,2024-03-13 10:06:32.122684,2024-04-24 20:27:37.507457,,,
O000567,L001551,"Brown, Coffey and Fuentes",5642.0,2,False,Negotiation,2025-11-01,2025-11-15 12:12:10.641397,2026-01-07 22:58:53.254372,2026-01-21 07:56:37.232759,2026-01-22 16:50:19.858221,False
O000568,L001554,Rodriguez-Mills,20278.0,2,False,Negotiation,2023-06-22,2023-07-19 16:37:27.076925,2023-08-10 19:31:43.617285,2023-09-06 22:01:12.191240,2023-10-01 11:37:30.729540,True
O000569,L001556,Russo and Sons,2303.0,3,False,negotiation,2025-07-25,2025-07-30 03:08:39.776917,2025-08-22 02:05:55.637422,2025-08-28 06:19:17.706769,2025-08-29 06:02:50.200791,False
O000570,L001571,"Ray, Craig and Park",7886.0,3,False,Negotiation,2025-03-29,2025-04-17 03:16:29.201017,2025-05-17 00:36:11.138638,2025-05-29 15:43:03.692161,2025-06-21 04:50:57.130175,True
O000571,L001580,Smith-Johnson,119732.0,1,False,Negotiation,2026-04-05,2026-04-11 02:39:50.392647,2026-05-01 11:37:58.939588,2026-05-17 10:17:56.902956,2026-05-21 15:02:13.815818,False
O000572,L001581,Larson-Holmes,5299.0,3,True,Proposal,2024-07-05,2024-08-17 07:23:57.454419,2024-09-09 06:01:49.100967,,,
O000573,L001582,Smith-Joyce,13110.0,2,True,Qualified,2026-07-23,2026-08-06 15:46:32.648845,,,,
O000574,L001583,Foley Inc,16660.0,3,False,Negotiation,2024-08-13,2024-08-25 19:50:51.928429,2024-10-24 12:00:51.804293,2024-11-07 18:33:49.034404,2024-11-15 03:19:26.753401,True
O000575,L001590,"Warner, Weiss and Davis",,3,False,Proposal,2026-05-02,2026-05-21 01:21:25.255273,2026-07-13 08:14:00.780532,,,
O000576,L001597,"Cunningham, Murphy and Wolfe",6360.0,3,True,Negotiation,2023-09-09,2023-09-17 09:57:40.997170,2023-09-27 01:56:47.541785,2023-10-07 10:31:31.979996,2023-10-13 04:58:48.527124,True
O000577,L001600,"Wagner, Walker and Roberts",20419.0,2,False,Qualified,2025-06-27,2025-07-07 21:21:10.319690,,,,
O000578,L001605,Castillo and Sons,15849.0,5,False,Negotiation,2025-10-03,2025-11-08 19:00:32.048799,2025-12-06 05:24:27.417961,2025-12-12 02:32:26.949143,,
O000579,L001612,"Rios, Carrillo and Jackson",15705.0,3,False,Proposal,2023-08-26,2023-09-04 15:57:00.490206,2023-10-08 04:48:04.645119,,,
O000580,L001613,Jensen-Branch,24433.0,5,False,Proposal,2026-05-15,2026-05-22 00:32:48.076433,2026-06-07 16:22:46.469785,,,
O000581,L001614,Hanson-Alexander,21611.0,6,True,Negotiation,2025-07-28,2025-09-08 18:15:00.667512,2025-09-20 01:04:56.807819,2025-10-16 03:13:09.883136,2025-10-19 05:47:04.954915,True
O000582,L001626,"Williamson, Brown and Pena",5929.0,2,True,Proposal,2023-05-07,2023-06-05 01:49:44.954019,2023-07-22 12:20:50.603630,,,
O000583,L001628,Alvarado-Durham,,1,False,Contract/Legal,2025-11-07,2025-11-16 00:06:07.941544,2025-12-13 05:20:59.331819,2026-01-06 02:11:53.894434,,
O000584,L001629,Lin-Smith,10312.0,1,True,Negotiation,2023-06-14,2023-06-29 16:16:36.395998,2023-07-12 20:10:59.039078,2023-08-18 10:52:17.510126,2023-08-23 15:02:15.975641,False
O000585,L001630,"Hughes, Whitney and Romero",,5,False,Qualified,2023-08-29,2023-09-25 09:44:59.535792,,,,
O000586,L001636,Garrett-Young,8207.0,3,False,Proposal,2026-01-02,2026-01-09 08:03:25.048610,2026-03-14 15:53:10.100501,,,
O000587,L001638,Zamora-Briggs,16498.0,4,True,Negotiation,2024-07-06,2024-07-16 16:10:41.784831,2024-08-02 06:39:28.217717,2024-08-21 17:59:32.198608,2024-08-25 17:34:55.385878,False
O000588,L001639,Raymond LLC,69466.0,4,True,Negotiation,2023-04-30,2023-05-15 01:57:26.733085,2023-06-11 12:22:41.431409,2023-06-21 10:48:16.749918,2023-07-03 17:01:34.452102,False
O000589,L001641,"Taylor, Blair and Meyer",45562.0,3,False,Negotiation,2024-09-08,2024-09-18 20:35:12.663180,2024-11-12 14:01:57.451107,2024-11-18 21:19:26.373324,,
O000590,L001644,Browning-Murphy,17957.0,2,True,Proposal,2023-06-01,2023-06-10 23:41:22.369070,2023-07-17 05:59:14.678864,,,
O000591,L001645,"Anderson, Delgado and Carpenter",4866.0,4,False,Negotiation,2026-05-04,2026-05-25 10:59:27.476824,2026-08-22 22:34:50.680202,2026-08-28 10:55:38.173006,2026-09-14 03:31:25.204904,True
O000592,L001646,"Mcbride, Huffman and Parker",36071.0,2,True,Negotiation,2024-08-17,2024-08-28 02:07:55.123275,2024-09-05 03:28:16.778143,2024-09-14 01:41:08.784746,,
O000593,L001648,Douglas PLC,15969.0,2,True,Negotiation,2023-02-12,2023-02-27 16:04:52.209548,2023-03-12 17:06:03.745735,2023-04-07 12:13:27.923601,,
O000594,L001649,Stewart PLC,20453.0,3,True,Negotiation,2025-11-15,2025-11-30 08:05:17.781086,2025-12-19 18:32:08.291111,2026-01-02 19:04:28.799644,2026-01-19 16:58:12.332354,True
O000595,L001653,"Peck, Shannon and Mahoney",12344.0,2,False,Proposal,2025-08-12,2025-08-17 11:17:41.915369,2025-09-05 11:18:52.547955,,,
O000596,L001659,Shaw PLC,3147.0,4,False,Negotiation,2025-06-08,2025-06-16 08:38:13.404417,2025-07-29 04:42:38.606852,2025-08-16 14:43:20.065333,2025-08-27 01:47:57.484024,True
O000597,L001663,Schaefer Group,4671.0,3,False,Negotiation,2024-03-01,2024-03-17 23:08:01.441953,2024-05-18 02:29:49.400688,2024-05-30 22:22:50.288226,2024-06-07 01:12:27.104732,False
O000598,L001666,"Burns, Nguyen and Ellis",16507.0,4,True,Proposal,2024-03-14,2024-03-30 05:05:19.106940,2024-06-11 06:33:19.616378,,,
O000599,L001667,Patterson Inc,13685.0,3,True,Contract/Legal,2024-03-28,2024-04-15 13:02:36.881823,2024-05-31 06:30:10.933168,2024-06-18 16:30:16.646428,2024-07-06 11:27:49.015616,False
O000600,L001670,"Liu, Buchanan and Meyer",9316.0,4,False,negotiation,2025-12-22,2026-01-06 17:29:23.612379,2026-02-23 18:04:46.559755,2026-03-08 10:59:15.500241,2026-03-16 18:54:05.261459,True
O000601,L001673,"Williams, Hughes and Hubbard",5339.0,5,True,Contract/Legal,2026-04-26,2026-04-27 22:24:53.101462,2026-07-24 03:46:25.399279,2026-08-25 09:07:27.779900,,
O000602,L001676,Murray-Henderson,12505.0,4,False,Qualified,2023-06-27,2023-07-17 10:01:09.623500,,,,
O000603,L001677,"Ellison, Vaughn and Mckee",17178.0,1,True,Qualified,2026-01-16,2026-01-28 05:26:30.302846,,,,
O000604,L001678,Gallegos-Hayes,21222.0,4,True,Negotiation,2025-06-12,2025-06-26 15:29:50.596096,2025-10-05 01:30:48.120716,2025-10-25 07:19:50.128826,2025-11-17 03:30:24.779961,True
O000605,L001685,Wilson Group,28234.0,4,False,Negotiation,2024-09-03,2024-09-16 03:29:48.864448,2024-10-01 02:08:25.759732,2024-10-14 10:19:38.988143,2024-10-19 17:46:28.808913,True
O000606,L001686,"Cox, Mills and Cruz",142969.0,3,False,Qualified,2025-02-11,2025-02-17 06:12:09.195936,,,,
O000607,L001688,Tate LLC,8842.0,3,False,Negotiation,2025-03-19,2025-03-25 02:19:34.225202,2025-04-16 04:10:58.852685,2025-04-18 11:53:51.770272,2025-04-30 10:18:48.332557,True
O000608,L001692,"Mack, Griffin and Sims",,5,False,Negotiation,2024-08-05,2024-09-03 10:40:40.722592,2024-09-16 19:49:45.799080,2024-10-06 18:53:58.727896,2024-10-12 01:29:33.111699,False
O000609,L001693,Roach and Sons,66888.0,1,False,Proposal,2025-03-16,2025-03-31 11:41:31.136213,2025-05-03 06:39:49.791647,,,
O000610,L001694,Dean LLC,11434.0,3,True,Negotiation,2024-01-02,2024-02-04 08:54:42.055654,2024-05-05 15:39:12.121115,2024-06-05 09:56:54.856458,2024-06-12 12:24:20.030943,True
O000611,L001696,"Aguirre, Franklin and Snyder",32425.0,1,True,Qualified,2026-08-17,2026-08-22 05:45:22.534378,,,,
O000612,L001697,Chapman Group,67083.0,3,True,Negotiation,2024-12-09,2024-12-19 17:58:53.545296,2024-12-20 09:32:31.684798,2025-01-09 03:54:21.047934,2025-01-19 08:39:11.573164,False
O000613,L001700,"Grant, Bryan and Williams",21989.0,5,False,Negotiation,2023-12-08,2023-12-17 02:58:05.863470,2024-01-01 15:45:17.254505,2024-01-11 01:33:44.456604,2024-01-23 02:38:16.320703,False
O000614,L001704,Williams Group,22989.0,2,False,Negotiation,2024-07-25,2024-08-09 11:54:28.901183,2024-11-03 07:35:15.032674,2024-11-09 00:09:04.676359,2024-11-16 21:01:16.422500,True
O000615,L001710,Chang PLC,,6,True,Contract/Legal,2025-07-14,2025-07-26 21:37:08.292628,2025-10-29 22:34:58.900048,2025-11-27 12:00:05.438849,2025-11-30 03:29:54.632871,False
O000616,L001711,Carter and Sons,,1,True,Proposal,2024-10-07,2024-10-20 07:21:59.162122,2024-12-04 15:38:41.823497,,,
O000617,L001715,"Rice, Miller and Ramsey",19270.0,1,False,Proposal,2024-01-10,2024-01-27 01:35:02.646511,2024-02-27 13:27:19.007903,,,
O000618,L001717,"Abbott, Green and Andrews",6255.0,2,False,Qualified,2024-09-16,2024-09-25 04:10:23.808776,,,,
O000619,L001732,"Huang, Ford and Olsen",1190.0,7,True,Negotiation,2023-10-02,2023-11-01 02:54:18.660045,2024-01-16 01:28:05.054024,2024-01-31 06:07:47.381595,2024-02-22 16:15:40.734361,False
O000620,L001734,"Stewart, Herrera and Clark",116183.0,1,False,Proposal,2025-02-10,2025-03-12 06:14:33.173613,2025-04-13 05:38:35.755143,,,
O000621,L001738,"Ferguson, Martin and Obrien",14078.0,4,False,Proposal,2026-07-05,2026-07-27 17:21:16.411074,2026-08-27 01:11:58.471157,,,
O000622,L001740,"Hodge, Mckinney and Nelson",14971.0,4,False,Proposal,2025-02-11,2025-02-14 10:18:38.835033,2025-03-30 10:01:50.667556,,,
O000623,L001741,Crawford and Sons,2649.0,2,False,Negotiation,2023-08-28,2023-08-30 10:32:24.963696,2023-09-27 08:02:35.127733,2023-10-08 13:27:32.539984,2023-11-11 17:41:36.280859,True
O000624,L001742,Hayes-Sampson,4825.0,6,False,Proposal Sent,2025-05-27,2025-06-15 06:54:49.261368,2025-07-07 02:26:58.676025,,,
O000625,L001743,Warren and Sons,17338.0,3,False,negotiation,2023-01-22,2023-02-03 14:40:15.202429,2023-02-28 16:13:45.452136,2023-03-03 16:44:47.363347,2023-03-09 06:48:38.993542,True
O000626,L001744,Brooks Inc,26702.0,4,False,Contract/Legal,2025-01-10,2025-01-20 01:20:51.037719,2025-02-27 06:10:48.590265,2025-03-09 04:58:38.832395,2025-04-01 04:19:15.459146,True
O000627,L001746,"Johnson, Webb and Porter",21444.0,1,False,Proposal,2024-09-06,2024-09-19 14:15:45.687767,2024-10-19 11:24:29.485184,,,
O000628,L001748,"Russo, Collins and Murphy",16290.0,3,False,Negotiation,2026-03-15,2026-03-20 06:01:09.112488,2026-05-11 15:55:33.826048,2026-06-01 15:53:56.372191,2026-06-01 21:54:35.892116,True
O000629,L001749,Short PLC,2648.0,2,True,Negotiation,2026-04-18,2026-05-16 04:22:18.700651,2026-06-15 17:51:04.238820,2026-07-12 15:04:26.220861,2026-07-19 11:59:05.070350,False
O000630,L001751,Reeves-Boyd,10083.0,5,False,Qualified,2024-04-29,2024-05-13 05:07:23.230108,,,,
O000631,L001753,"Charles, Wiggins and Cook",4201.0,3,False,Qualified,2026-07-13,2026-08-10 08:33:15.689579,,,,
O000632,L001756,Flores and Sons,19733.0,3,True,Negotiation,2023-11-13,2023-12-04 23:28:54.985060,2023-12-17 17:41:22.799961,2023-12-29 19:07:09.139247,2024-01-06 15:19:12.844813,False
O000633,L001757,Hill-Flores,19409.0,2,False,Negotiation,2025-10-08,2025-10-21 04:31:27.803809,2025-11-17 13:30:09.730843,2025-12-23 08:41:56.810268,2025-12-27 04:19:30.660623,True
O000634,L001758,Lambert-Nelson,40932.0,2,False,Prospecting,2026-08-30,,,,,
O000635,L001759,Hill Inc,7875.0,4,False,Negotiation,2023-02-28,2023-03-18 18:08:48.183084,2023-04-12 04:28:41.676902,2023-04-30 18:26:42.271946,2023-05-05 02:39:54.027969,True
O000636,L001764,Williams-Johnson,13012.0,2,False,Proposal,2025-11-03,2025-11-24 14:01:26.020843,2026-03-02 03:58:32.429471,,,
O000637,L001765,"Williams, Reyes and Miller",5244.0,2,False,Qualified,2024-12-02,2025-02-01 09:15:08.710679,,,,
O000638,L001768,Edwards-Roth,8133.0,4,True,Negotiation,2025-03-23,2025-04-04 19:04:22.240142,2025-05-02 07:07:23.696670,2025-05-10 03:18:09.047134,2025-05-11 22:51:28.727660,True
O000639,L001772,"Miranda, Ruiz and Meza",27828.0,3,True,Negotiation,2024-05-25,2024-05-29 13:28:11.998254,2024-06-15 23:00:41.289263,2024-06-26 21:24:00.923981,,
O000640,L001774,Durham-Myers,40450.0,2,True,negotiation,2024-05-01,2024-05-15 23:40:58.114655,2024-06-20 15:08:21.594623,2024-07-14 22:19:08.910712,2024-07-26 17:47:11.618521,False
O000641,L001778,Campbell LLC,12716.0,2,False,Negotiation,2024-08-02,2024-08-19 19:08:31.611452,2024-10-20 07:22:28.418353,2024-10-24 06:15:13.248414,2024-10-28 19:22:38.874140,True
O000642,L001779,"Andrews, Romero and Sullivan",22522.0,3,False,Negotiation,2025-01-14,2025-02-22 22:22:39.989785,2025-05-04 02:25:59.651525,2025-05-16 16:18:51.251504,2025-05-22 02:10:32.356421,False
O000643,L001780,"Robles, Nguyen and Banks",20930.0,1,False,Negotiation,2024-07-18,2024-08-17 22:14:13.350693,2024-09-27 10:30:41.334403,2024-10-13 05:05:07.347371,2024-10-16 04:07:13.909370,False
O000644,L001781,Patel-Morales,35400.0,3,False,Negotiation,2023-02-21,2023-03-23 01:44:31.704245,2023-04-21 07:46:12.827754,2023-04-30 20:13:29.217459,2023-02-20 00:00:00.000000,True
O000645,L001784,Peterson Ltd,3883.0,3,True,Negotiation,2025-11-27,2025-12-26 02:42:28.130819,2026-02-10 21:56:10.485538,2026-02-19 00:27:08.675966,2026-02-25 03:55:51.711191,True
O000646,L001787,"Caldwell, Stevenson and Joseph",12912.0,3,False,Qualified,2026-08-02,2026-08-27 19:27:04.979097,,,,
O000647,L001788,Wilson-Carlson,23345.0,1,False,negotiation,2025-03-21,2025-04-17 21:06:35.900232,2025-05-05 21:43:45.705612,2025-05-22 17:22:08.344758,2025-05-31 12:52:20.007552,False
O000648,L001790,Parker Group,9537.0,2,False,Negotiation,2025-10-25,2025-11-07 07:25:24.682985,2025-11-20 15:19:45.982069,2025-12-04 03:51:10.764401,,
O000649,L001793,"Brown, Robinson and Taylor",,3,True,Negotiation,2025-03-29,2025-04-14 07:55:41.257671,2025-06-04 18:21:10.372978,2025-06-23 11:50:55.125724,2025-07-01 14:31:37.012852,True
O000650,L001798,Hudson-Gentry,6126.0,2,False,Contract/Legal,2025-01-23,2025-02-13 23:49:53.599004,2025-03-05 06:59:23.134948,2025-03-15 14:45:51.610525,2025-04-02 06:43:43.452586,True
O000651,L001806,Young Ltd,53015.0,1,False,Negotiation,2024-10-26,2024-10-28 04:19:13.274738,2024-12-15 05:31:19.165333,2024-12-27 15:57:09.874429,2025-01-06 17:07:39.717123,True
O000652,L001808,Graham-Clark,,2,True,negotiation,2025-12-24,2026-01-11 16:42:08.569633,2026-02-04 20:18:22.388631,2026-02-18 14:43:00.383166,2026-03-14 07:07:27.418325,False
O000653,L001813,"Smith, Griffith and Tucker",3645.0,3,False,Qualified,2024-01-05,2024-01-15 02:34:17.124021,,,,
O000654,L001815,May Group,,2,False,Negotiation,2023-05-19,2023-05-29 02:54:36.478497,2023-09-26 03:54:53.988574,2023-10-22 06:20:26.843255,2023-10-23 16:06:47.461942,True
O000655,L001820,Lane Ltd,7515.0,3,True,Negotiation,2025-10-13,2025-10-23 09:12:22.543464,2025-11-16 16:10:40.283455,2025-12-03 16:03:00.366118,2025-12-09 15:09:23.044899,True
O000656,L001824,Bush-Wilson,15663.0,6,False,Qualified,2025-12-24,2026-02-06 00:58:47.550652,,,,
O000657,L001825,Nixon-Miller,10027.0,3,False,Negotiation,2023-07-06,2023-07-18 06:10:16.031789,2023-11-09 17:22:57.345831,2023-11-28 08:19:21.554570,2023-12-08 15:43:12.715767,False
O000658,L001826,"Simon, Terrell and Terrell",15052.0,5,False,Negotiation,2023-08-25,2023-09-01 04:25:13.279263,2023-09-18 20:34:50.641680,2023-10-17 10:04:07.760388,2023-08-20 00:00:00.000000,True
O000659,L001827,Marshall-Miller,7067.0,2,False,Negotiation,2024-02-17,2024-03-10 03:19:54.732049,2024-06-14 11:20:13.355514,2024-07-02 01:37:05.334805,2024-07-12 00:04:19.333186,True
O000660,L001828,"Davis, Kennedy and Harmon",6571.0,2,True,Negotiation,2024-08-04,2024-08-16 10:47:16.166847,2024-10-03 09:56:15.153759,2024-10-17 18:04:55.555822,2024-10-21 15:34:55.575164,True
O000661,L001831,"Osborne, Harrison and Hunt",6006.0,2,False,Negotiation,2025-10-25,2025-11-30 04:00:24.267839,2026-03-10 10:20:21.497209,2026-03-17 13:34:29.029646,2026-03-21 16:34:03.150683,True
O000662,L001834,Jackson-Neal,23166.0,1,False,Negotiation,2024-01-27,2024-03-01 23:46:43.094019,2024-03-31 17:27:56.280909,2024-04-06 07:50:21.115231,2024-04-10 02:52:24.326606,False
O000663,L001838,Lamb-Weber,,2,False,Qualified,2025-01-09,2025-02-03 14:25:17.066292,,,,
O000664,L001840,York LLC,50415.0,1,False,Negotiation,2026-03-04,2026-04-10 13:41:37.279810,2026-04-25 01:30:48.688722,2026-04-28 06:33:30.255355,2026-05-10 19:45:10.272973,True
O000665,L001842,Smith-Rodriguez,33113.0,4,False,Negotiation,2023-04-17,2023-05-07 19:23:56.721051,2023-07-02 05:02:20.070063,2023-07-11 10:11:57.276064,2023-07-21 16:04:10.670410,True
O000666,L001843,Kent Ltd,12278.0,3,True,Negotiation,2025-12-13,2026-01-02 13:05:02.817414,2026-03-13 09:44:25.537922,2026-03-26 05:18:10.051850,2026-04-01 06:23:29.049657,True
O000667,L001845,Green Ltd,7905.0,1,True,Proposal,2024-10-08,2024-11-02 11:41:10.771913,2025-01-03 01:52:40.017933,,,
O000668,L001850,Young-Alexander,3469.0,4,True,Qualified,2025-04-05,2025-04-14 12:25:14.138232,,,,
O000669,L001852,May Inc,3408.0,5,False,Negotiation,2026-05-04,2026-05-16 10:42:51.756122,2026-06-10 14:43:41.087776,2026-06-17 04:25:28.963845,2026-06-30 03:43:48.150905,True
O000670,L001857,Roberts Group,5288.0,6,False,Negotiation,2026-05-13,2026-06-11 04:06:02.316476,2026-07-02 22:16:26.972155,2026-07-22 18:05:18.898303,2026-09-01 02:34:59.209573,True
O000671,L001860,Blanchard-Reynolds,35068.0,3,True,Prospecting,2026-08-29,,,,,
O000672,L001861,"Garrison, Rogers and Adams",9577.0,2,False,Contract/Legal,2024-11-22,2024-12-19 10:57:26.275678,2025-02-18 05:25:34.495849,2025-03-12 10:31:33.271256,2025-03-14 23:57:42.214893,True
O000673,L001862,Scott PLC,5244.0,5,True,Contract/Legal,2026-03-23,2026-04-14 08:50:28.908884,2026-05-02 01:43:32.039488,2026-05-16 20:27:00.585346,2026-05-20 00:59:06.196084,False
O000674,L001863,Murray-Leonard,6734.0,2,False,Negotiation,2026-01-22,2026-01-30 20:20:35.596388,2026-05-15 16:58:19.168416,2026-06-25 02:49:20.764554,2026-07-11 12:33:58.187373,False
O000675,L001864,Navarro PLC,23916.0,2,False,Negotiation,2023-07-09,2023-08-25 11:27:50.946242,2023-11-03 16:37:21.428083,2023-11-11 21:18:57.033921,,
O000676,L001865,Meyer Ltd,6864.0,2,False,Qualified,2026-07-15,2026-07-21 15:58:35.598495,,,,
O000677,L001867,Decker Inc,,2,False,Negotiation,2025-04-05,2025-04-10 23:17:10.684505,2025-08-21 00:54:21.170931,2025-09-28 10:06:45.608760,2025-10-15 10:49:36.882607,True
O000678,L001868,Davis-Garcia,4983.0,3,True,Qualified,2023-08-18,2023-09-12 02:41:01.705929,,,,
O000679,L001869,Bell-Hardy,,4,True,Negotiation,2023-06-20,2023-06-28 20:40:53.974809,2023-07-14 20:20:39.818848,2023-08-04 14:41:26.509551,2023-08-21 07:06:15.211873,False
O000680,L001879,Hammond-Schwartz,,1,False,Negotiation,2025-06-20,2025-07-08 13:14:06.825505,2025-08-02 09:14:52.091054,2025-08-06 20:55:18.511617,,
O000681,L001880,"Carrillo, Morris and Martin",58097.0,2,False,Negotiation,2024-03-07,2024-03-18 12:37:01.320273,2024-07-17 08:00:41.885926,2024-08-13 17:40:31.880116,,
O000682,L001882,Price-Ferrell,18214.0,4,False,Negotiation,2025-03-05,2025-03-12 07:03:48.527007,2025-04-03 09:35:03.363356,2025-04-22 09:04:05.665204,2025-05-12 07:02:23.500422,True
O000683,L001887,Mendez Inc,43119.0,3,False,Negotiation,2023-05-23,2023-06-07 03:30:08.764010,2023-08-02 10:57:56.872879,2023-08-24 10:18:27.252666,2023-09-03 17:20:38.583037,False
O000684,L001890,Waters-Smith,12621.0,2,False,Negotiation,2025-08-24,2025-08-30 23:08:59.845003,2025-09-11 20:34:33.944845,2025-10-13 22:19:03.528039,2025-10-20 00:46:52.100449,False
O000685,L001892,Ortega LLC,5328.0,2,False,Qualified,2026-03-31,2026-04-11 12:07:32.390790,,,,
O000686,L001893,Graves Group,12339.0,3,True,Proposal,2025-12-04,2025-12-22 20:52:48.516065,2026-01-13 14:37:59.972782,,,
O000687,L001900,Chen Ltd,7366.0,3,False,Proposal,2024-10-01,2024-10-27 13:08:09.697528,2024-12-25 23:52:09.300306,,,
O000688,L001903,"Harris, Spencer and Ponce",8949.0,3,False,Negotiation,2026-02-05,2026-02-23 06:18:42.705232,2026-04-09 09:07:10.815212,2026-04-25 17:10:53.896476,2026-05-06 10:56:15.192608,False
O000689,L001906,Moss-Taylor,22315.0,2,False,Contract/Legal,2025-12-19,2025-12-22 18:08:07.026845,2026-01-05 22:09:15.889408,2026-01-20 16:29:49.188032,2026-01-30 16:44:49.510482,False
O000690,L001907,Johnson PLC,21471.0,1,False,Qualified,2023-02-19,2023-03-22 02:37:20.940560,,,,
O000691,L001911,Brown-French,,1,False,Qualified,2026-07-23,2026-08-11 18:53:16.417620,,,,
O000692,L001917,Haynes and Sons,,4,True,Qualified,2025-04-28,2025-05-24 16:01:50.371657,,,,
O000693,L001918,Jackson Inc,,4,True,Proposal,2024-06-02,2024-06-11 04:40:41.823783,2024-07-29 04:40:50.225189,,,
O000694,L001924,"Gardner, Morris and Oconnell",83090.0,1,True,Negotiation,2024-12-21,2025-01-07 19:33:53.433448,2025-02-09 23:51:47.729915,2025-03-05 04:36:59.785847,,
O000695,L001929,"Williams, Garcia and Boone",35446.0,3,True,Proposal,2023-10-29,2023-11-06 11:35:39.475330,2023-11-27 17:31:59.650579,,,
O000696,L001930,"Bennett, Moore and Hobbs",9885.0,3,False,negotiation,2025-05-30,2025-06-11 01:20:34.906744,2025-07-11 08:41:43.402973,2025-07-25 17:15:44.526317,2025-07-31 07:58:23.641789,False
O000697,L001933,Butler-Aguirre,4591.0,4,False,Negotiation,2024-01-17,2024-02-05 11:57:16.180839,2024-02-28 20:43:48.381665,2024-04-19 20:59:08.266429,2024-04-28 05:57:19.547331,True
O000698,L001935,"Nelson, Cole and Allen",1000.0,2,True,Qualified,2026-07-07,2026-07-27 19:15:08.687256,,,,
O000699,L001941,"Robinson, Townsend and Hopkins",,2,False,Negotiation,2023-10-29,2023-11-14 07:58:52.772324,2023-12-26 06:18:52.347926,2024-01-13 19:02:31.077802,2024-01-24 03:46:57.464386,False
O000700,L001943,Jennings Group,4728.0,2,False,Negotiation,2024-08-27,2024-09-15 15:14:37.881593,2024-10-06 14:18:36.581907,2024-10-24 08:36:28.731105,2024-10-29 19:29:26.431195,False
O000701,L001944,Thompson-Santiago,33038.0,5,True,Qualified,2024-03-17,2024-04-01 06:05:52.503341,,,,
O000702,L001947,"Trujillo, Chang and Williams",10020.0,5,True,Negotiation,2025-07-15,2025-07-30 02:59:55.688102,2025-09-24 14:31:26.843860,2025-10-07 02:49:31.288530,2025-10-11 02:17:55.529948,True
O000703,L001951,Watkins-Nguyen,3786.0,1,True,negotiation,2023-05-25,2023-06-04 05:45:45.973995,2023-06-23 12:44:10.162322,2023-06-30 23:07:09.294154,2023-07-05 14:23:48.056794,False
O000704,L001952,Burgess LLC,12788.0,2,False,Negotiation,2025-07-29,2025-08-27 10:23:54.958497,2025-10-06 20:08:20.191984,2025-11-09 06:42:18.996007,2025-11-11 02:49:33.638253,False
O000705,L001956,Jones PLC,11163.0,5,False,Qualified,2024-10-14,2024-10-16 20:30:17.123801,,,,
O000706,L001957,Brown-Graham,5648.0,4,False,Negotiation,2024-10-06,2024-11-08 22:17:33.704196,2025-01-03 00:33:29.615652,2025-01-10 22:24:32.304942,2025-01-15 21:48:36.666911,False
O000707,L001960,Cortez-Chen,6986.0,3,False,Prospecting,2026-08-30,,,,,
O000708,L001969,Hood-Ramirez,17083.0,4,True,Negotiation,2023-09-22,2023-10-19 01:07:41.205555,2023-11-12 07:00:25.067599,2023-11-23 04:36:04.959018,2023-11-27 18:02:13.638939,True
O000709,L001970,"Patterson, Salas and Wright",6752.0,2,True,Qualified,2025-09-28,2025-10-09 01:56:24.696076,,,,
O000710,L001972,"Shah, Mcintyre and Villanueva",38913.0,3,True,Proposal Sent,2026-01-30,2026-02-03 03:03:59.748982,2026-03-28 16:43:15.131551,,,
O000711,L001973,Baird-Williams,61857.0,2,False,Negotiation,2026-03-21,2026-03-27 01:50:51.126971,2026-07-05 15:57:39.893423,2026-07-16 12:31:56.647914,2026-08-04 12:44:05.683137,True
O000712,L001975,Schmidt-Mendoza,14878.0,1,False,Negotiation,2023-11-24,2023-12-04 14:30:22.081992,2024-03-25 13:52:30.271102,2024-04-23 15:36:54.997060,2024-04-25 07:07:12.879453,False
O000713,L001978,Anderson LLC,65251.0,1,False,Qualified,2026-07-17,2026-08-08 20:50:29.886403,,,,
O000714,L001980,Castillo LLC,20028.0,3,True,Negotiation,2024-06-03,2024-06-16 17:02:49.625415,2024-07-18 22:24:17.118539,2024-08-06 11:23:16.111244,2024-08-16 02:17:32.902150,False
O000715,L001981,Warner PLC,27048.0,2,True,Qualified,2025-12-26,2026-01-11 04:21:14.903121,,,,
O000716,L001982,"Silva, Bray and Ford",12321.0,4,False,Negotiation,2025-11-06,2025-11-14 02:54:52.932400,2025-12-21 14:45:08.606687,2026-02-01 18:52:11.892875,2026-02-05 19:11:22.727810,True
O000717,L001983,Sawyer Group,20603.0,6,True,Negotiation,2025-10-29,2025-11-08 07:12:31.124915,2025-12-31 23:20:31.099028,2026-01-02 10:32:22.295348,2026-01-05 16:03:15.700163,True
O000718,L001984,Clarke LLC,12689.0,5,False,Negotiation,2023-08-27,2023-09-20 05:45:03.415445,2023-12-08 19:34:21.276243,2024-01-07 20:28:04.136706,,
O000719,L001985,"Marshall, Schultz and Dalton",41781.0,2,False,Negotiation,2024-07-25,2024-08-01 15:18:44.546772,2024-09-29 12:27:31.248412,2024-10-17 20:38:55.859844,2024-11-11 07:05:54.382636,True
O000720,L001987,Schmidt-Phillips,100868.0,3,False,Contract/Legal,2023-05-04,2023-05-26 15:52:24.717215,2023-06-01 14:07:10.924101,2023-06-20 00:33:38.181148,2023-06-23 04:51:52.583865,True
O000721,L001989,"Norton, French and Miller",35095.0,3,False,Negotiation,2023-10-29,2023-11-03 21:00:48.221782,2023-11-18 07:28:35.745351,2023-12-07 12:40:21.008423,2023-10-21 00:00:00.000000,True
O000722,L001990,Fitzgerald-Brown,5946.0,3,False,Negotiation,2024-10-15,2024-11-03 13:26:40.317107,2025-01-05 09:17:22.800125,2025-01-25 10:23:25.530091,2025-02-03 14:01:44.890028,False
O000723,L001993,Wong Ltd,11944.0,4,False,Qualified,2026-07-15,2026-08-15 00:53:09.612253,,,,
O000724,L001994,Castro and Sons,57571.0,2,True,Negotiation,2025-10-03,2025-10-10 15:46:23.052130,2025-11-05 06:41:12.958334,2025-11-28 08:15:31.214437,2025-12-02 07:33:09.052742,True
O000725,L001998,Flores LLC,4328.0,4,True,Qualified,2024-10-21,2024-11-03 07:42:30.743001,,,,
O000726,L002001,Harrison PLC,35850.0,1,False,Negotiation,2024-05-21,2024-05-31 17:39:29.922449,2024-09-12 15:23:58.609691,2024-09-20 03:11:27.862783,2024-10-03 23:40:49.663935,False
O000727,L002011,Rojas-Smith,1000.0,2,True,negotiation,2024-09-10,2024-09-16 21:03:47.295150,2024-10-14 03:44:02.414676,2024-10-18 14:49:41.412082,,
O000728,L002012,Brown and Sons,86034.0,7,False,Qualified,2023-04-19,2023-04-22 03:57:28.031212,,,,
O000729,L002013,"Newman, Jenkins and Cooper",33955.0,1,True,Negotiation,2024-05-17,2024-05-24 05:11:39.656919,2024-06-17 23:34:00.662503,2024-07-15 00:33:43.248185,2024-07-22 15:21:16.477368,False
O000730,L002016,Villanueva LLC,4458.0,1,False,Qualified,2026-08-10,2026-08-22 08:38:31.224643,,,,
O000731,L002027,Watson PLC,8708.0,6,True,negotiation,2023-06-30,2023-07-12 03:19:12.912229,2023-08-04 02:04:55.822328,2023-08-17 12:30:34.253614,2023-08-23 02:05:40.994137,True
O000732,L002032,"Cantrell, Rivera and Thornton",29422.0,2,False,Negotiation,2025-01-12,2025-01-23 00:09:18.097075,2025-02-12 23:24:32.703744,2025-03-01 17:19:48.988600,2025-03-16 03:06:49.464368,False
O000733,L002033,Kemp-Montes,25543.0,2,False,proposal,2026-05-31,2026-06-04 20:29:30.822090,2026-07-14 03:36:57.422032,,,
O000734,L002034,"Estrada, Marsh and Chandler",13751.0,1,False,Qualified,2026-05-17,2026-06-11 16:08:58.580191,,,,
O000735,L002037,"Wilson, Johnson and Williamson",22937.0,4,False,Negotiation,2024-06-17,2024-06-21 20:12:34.015835,2024-07-31 19:08:49.052507,2024-08-10 03:21:23.538107,2024-08-12 04:32:50.125773,True
O000736,L002039,Brown-Davidson,36087.0,2,True,Qualified,2024-01-08,2024-01-31 15:11:17.097315,,,,
O000737,L002042,Rhodes-Rosario,4418.0,2,False,negotiation,2025-11-09,2025-11-18 02:22:11.037680,2025-12-14 21:21:58.432566,2025-12-28 06:35:42.455597,2026-01-02 20:11:16.405339,False
O000738,L002044,"Harding, Kerr and Ward",40115.0,4,False,Qualified,2024-11-19,2024-12-06 22:25:20.453277,,,,
O000739,L002045,Baldwin Group,42169.0,3,True,Negotiation,2023-10-25,2023-11-01 09:07:03.110759,2024-01-05 22:27:03.040255,2024-01-11 01:32:17.478007,,
O000740,L002049,Lara-Roberts,4924.0,4,True,Negotiation,2025-08-19,2025-09-28 19:38:45.513501,2025-11-24 18:39:14.327803,2025-12-01 04:58:39.590023,2025-12-18 22:00:43.091258,False
O000741,L002051,Houston PLC,11122.0,2,True,Negotiation,2024-12-21,2025-03-03 00:12:04.598989,2025-04-01 22:19:49.365030,2025-04-16 16:21:10.640031,2025-05-05 07:29:32.096188,True
O000742,L002052,Thomas LLC,8991.0,3,True,Qualified,2024-03-10,2024-03-20 20:20:37.072300,,,,
O000743,L002059,Davenport-Torres,51956.0,3,False,negotiation,2024-11-17,2024-12-21 19:45:10.792938,2025-01-13 07:34:54.145986,2025-01-19 06:31:04.727366,2025-01-26 22:23:37.580745,False
O000744,L002060,"Singh, Walker and Moody",14309.0,3,True,negotiation,2024-10-15,2024-10-20 08:58:03.192028,2024-12-03 18:00:29.169653,2024-12-15 14:57:32.332720,2024-12-27 04:07:20.325225,False
O000745,L002062,"Kennedy, Valdez and Stafford",14210.0,2,True,Negotiation,2025-02-01,2025-02-20 19:11:26.285146,2025-04-02 17:05:19.455070,2025-04-22 15:01:50.352548,2025-05-07 19:16:38.479940,True
O000746,L002063,White-Knox,5259.0,2,False,Negotiation,2023-09-27,2023-10-21 17:54:51.874905,2023-11-20 08:38:16.552323,2023-11-30 13:27:28.927577,2023-12-09 14:55:51.078336,True
O000747,L002067,"Alvarez, Benson and Wilson",20121.0,1,False,Qualified,2026-07-19,2026-08-10 04:03:12.893946,,,,
O000748,L002068,"Quinn, Smith and Green",6110.0,4,True,Negotiation,2025-02-06,2025-02-10 16:21:37.457093,2025-03-13 19:55:28.928570,2025-03-22 21:49:00.778736,2025-04-02 02:24:41.063275,True
O000749,L002069,"Brown, Flores and Johns",15504.0,4,False,Qualified,2026-01-07,2026-01-25 20:29:36.052766,,,,
O000750,L002070,Howard Inc,8819.0,2,False,Proposal,2023-10-08,2023-11-13 02:42:27.562651,2024-01-16 09:25:45.573289,,,
O000751,L002071,Ward-Fields,14947.0,3,True,Qualified,2025-08-30,2025-10-26 14:43:13.690381,,,,
O000752,L002078,Smith PLC,173901.0,5,False,Negotiation,2025-11-05,2025-11-16 22:13:00.751937,2026-02-27 07:16:03.199888,2026-03-11 03:02:50.325030,2026-03-22 13:00:16.455837,True
O000753,L002082,Pope PLC,25806.0,2,False,Negotiation,2026-05-06,2026-05-17 19:29:49.552886,2026-07-22 18:25:10.138666,2026-08-04 03:31:12.011234,2026-08-07 09:58:01.680808,True
O000754,L002087,Collins-Cox,36247.0,4,False,Qualified,2023-06-28,2023-07-05 06:10:44.616657,,,,
O000755,L002091,Watts LLC,10985.0,3,False,Proposal,2023-08-21,2023-09-06 19:09:48.203506,2023-12-18 09:08:52.356936,,,
O000756,L002096,"Palmer, Brown and Wilson",30237.0,1,False,Contract/Legal,2023-11-06,2023-11-14 08:30:44.123909,2023-11-19 01:26:10.185178,2023-11-27 09:14:23.977232,2023-12-06 17:25:48.067806,False
O000757,L002101,"Mcmahon, Rush and Bailey",1979.0,2,False,Negotiation,2023-12-29,2024-02-15 09:17:01.717419,2024-04-18 02:30:29.947823,2024-05-05 22:44:08.767271,2024-05-11 19:01:41.816723,False
O000758,L002102,Wyatt Ltd,14464.0,4,False,Proposal,2025-05-26,2025-06-30 16:43:11.080480,2025-07-17 12:21:34.278374,,,
O000759,L002104,"Hines, Rice and Baldwin",9988.0,2,False,Negotiation,2024-11-17,2024-12-03 13:01:36.520928,2024-12-14 14:44:36.759209,2025-01-02 07:14:41.977022,2025-01-11 22:53:31.014791,False
O000760,L002108,Richardson-Lawrence,23324.0,6,True,Negotiation,2025-04-23,2025-05-04 21:03:29.240734,2025-06-04 18:20:56.672239,2025-06-10 13:18:48.731971,2025-06-22 14:24:22.696149,True
O000761,L002110,Zavala-Coleman,25651.0,3,False,Negotiation,2023-04-02,2023-04-17 05:33:21.433311,2023-05-16 07:33:56.624162,2023-06-03 05:14:02.753466,2023-06-11 07:31:06.932941,True
O000762,L002111,"Perez, Rodriguez and Rollins",47157.0,2,False,Negotiation,2023-09-18,2023-10-09 18:27:37.815770,2024-01-17 17:28:01.399748,2024-02-05 02:34:47.645123,,
O000763,L002117,Spencer LLC,6933.0,3,True,Negotiation,2024-04-01,2024-04-22 01:39:03.920983,2024-05-05 18:36:34.496419,2024-05-25 13:16:54.869620,2024-06-09 06:47:34.137533,False
O000764,L002118,Lopez-Jones,19115.0,2,False,Negotiation,2025-05-23,2025-06-01 04:52:52.210604,2025-07-08 07:40:51.772129,2025-07-27 11:05:24.175784,2025-08-06 11:05:31.163167,True
O000765,L002119,Crosby-Richardson,26279.0,4,False,Qualified,2023-10-02,2023-11-06 19:49:08.568407,,,,
O000766,L002120,Lutz Group,12028.0,1,False,Prospecting,2026-08-20,,,,,
O000767,L002123,Neal-Madden,,2,True,Negotiation,2025-06-28,2025-07-08 17:26:45.139201,2025-08-28 16:41:02.515109,2025-09-21 10:51:03.854505,2025-10-10 23:53:46.849943,False
O000768,L002125,Morgan PLC,,5,False,Proposal,2026-01-02,2026-01-30 20:03:45.273504,2026-02-09 00:30:29.422063,,,
O000769,L002127,"Porter, Hubbard and Miranda",58271.0,3,False,Qualified,2024-03-10,2024-03-20 06:43:46.013396,,,,
O000770,L002128,"Nelson, Clarke and Schneider",7452.0,6,True,Qualified,2026-05-31,2026-06-07 20:16:44.510247,,,,
O000771,L002131,Tate Inc,55680.0,2,False,Negotiation,2023-03-14,2023-03-27 12:44:19.183679,2023-05-29 14:18:50.864653,2023-06-29 04:03:42.473451,2023-07-09 21:25:01.370402,True
O000772,L002132,King Group,6242.0,4,False,Qualified,2025-02-07,2025-02-10 13:56:47.873170,,,,
O000773,L002137,Hernandez-Howell,7708.0,5,False,Qualified,2025-11-13,2025-11-21 09:46:08.887120,,,,
O000774,L002140,"Jimenez, Wagner and Daniels",6036.0,1,False,Qualified,2025-02-10,2025-03-03 07:28:43.929877,,,,
O000775,L002141,"Payne, Cisneros and Johnson",8557.0,1,False,Qualified,2025-09-21,2025-10-07 12:55:11.119081,,,,
O000776,L002147,Freeman-Rodriguez,,2,False,Negotiation,2024-02-24,2024-03-18 09:39:49.578453,2024-05-21 02:19:47.554202,2024-05-31 12:13:44.594767,2024-06-04 18:43:51.001512,True
O000777,L002149,Alvarez-Dickerson,4364.0,4,False,Negotiation,2024-10-11,2024-11-05 02:28:10.003024,2024-12-07 02:10:49.127820,2024-12-26 23:09:24.178378,2025-01-04 17:06:53.072048,True
O000778,L002151,Jensen-Gomez,26868.0,2,True,Negotiation,2024-06-16,2024-07-03 10:42:45.984962,2024-07-12 08:23:07.739193,2024-07-29 01:27:19.177387,2024-07-31 08:21:23.072735,False
O000779,L002152,Flores-Johnson,22069.0,2,False,Negotiation,2024-08-18,2024-09-08 01:15:34.358663,2024-10-19 03:50:42.855150,2024-10-25 08:22:02.791623,2024-11-09 19:27:22.830403,True
O000780,L002153,Anderson LLC,10113.0,2,False,Negotiation,2023-11-02,2023-11-19 23:12:56.730380,2023-12-29 06:37:05.578850,2024-01-12 23:51:16.939039,2024-01-17 18:44:59.819827,False
O000781,L002156,Jenkins-Brown,31897.0,2,False,Negotiation,2024-06-29,2024-07-11 19:13:22.569075,2024-09-18 16:06:40.548462,2024-10-10 19:20:03.308923,,
O000782,L002158,Watkins-Lozano,,2,False,Negotiation,2024-01-09,2024-02-12 20:41:37.754785,2024-04-12 17:57:42.940394,2024-04-28 00:55:48.267426,2024-05-01 02:49:53.358535,True
O000783,L002159,Melton Inc,6941.0,5,False,Negotiation,2025-06-13,2025-06-29 09:36:33.261799,2025-08-07 09:25:51.970746,2025-08-12 20:44:14.240453,2025-08-21 17:02:41.341490,True
O000784,L002160,Jackson-Ryan,4314.0,3,False,Negotiation,2025-09-09,2025-09-17 15:48:37.725775,2025-11-03 08:59:34.334368,2025-11-21 21:07:10.810675,2025-11-28 21:41:41.270004,False
O000785,L002162,"Robertson, Fisher and Smith",18640.0,4,False,Prospecting,2026-08-16,,,,,
O000786,L002163,Chapman-Odom,1008.0,4,False,Qualified,2024-02-07,2024-02-20 15:58:36.997944,,,,
O000787,L002164,Hudson-Morris,13579.0,5,False,Negotiation,2024-11-08,2024-11-30 17:41:01.624951,2024-12-30 13:28:57.283530,2025-01-05 17:23:53.974079,,
O000788,L002171,Davies-Morales,21276.0,7,False,Qualified,2026-08-20,2026-08-29 12:54:01.749425,,,,
O000789,L002174,Knight PLC,,5,True,Negotiation,2024-08-28,2024-08-31 20:40:44.191037,2024-11-17 23:48:57.109359,2024-12-03 08:51:29.387759,2024-12-29 05:43:48.566788,False
O000790,L002177,"Brock, Reynolds and Fernandez",5578.0,3,False,Negotiation,2025-02-16,2025-03-03 11:23:30.433622,2025-04-08 15:16:07.280880,2025-06-03 14:25:22.547382,2025-06-07 08:58:19.924017,False
O000791,L002179,"Robertson, Powers and Kelley",17787.0,6,True,Negotiation,2023-01-26,2023-02-14 23:34:24.948283,2023-03-03 08:37:50.845784,2023-03-06 12:55:21.075580,2023-03-11 16:44:57.689196,False
O000792,L002182,"Hayden, Harmon and Mcdonald",41233.0,1,False,Proposal,2024-09-04,2024-09-26 08:26:14.497477,2024-11-12 09:25:18.866019,,,
O000793,L002185,Boyd LLC,108252.0,5,False,Proposal,2024-06-04,2024-06-29 10:53:27.359939,2024-07-29 19:50:53.417010,,,
O000794,L002188,Walters Group,,4,False,Prospecting,2026-08-28,,,,,
O000795,L002191,Wilson and Sons,18802.0,4,True,Proposal,2025-08-21,2025-09-02 09:52:56.050092,2025-09-19 05:23:42.898586,,,
O000796,L002196,Clarke-Ramirez,7963.0,3,False,Qualified,2024-02-25,2024-03-11 15:39:53.257332,,,,
O000797,L002207,Murphy-Silva,25474.0,3,False,Negotiation,2025-04-13,2025-04-28 17:05:26.798174,2025-05-30 07:37:56.967000,2025-06-21 14:20:46.625278,2025-07-09 06:35:35.131764,True
O000798,L002210,Booker Group,10956.0,4,True,Qualified,2025-12-01,2025-12-25 00:21:23.358323,,,,
O000799,L002211,King-Lawrence,8016.0,3,True,Negotiation,2023-08-01,2023-08-10 14:26:33.288763,2023-10-16 03:36:34.397964,2023-10-28 10:37:31.208924,,
O000800,L002213,Stewart Group,,1,True,Qualified,2026-05-14,2026-06-06 05:34:24.644463,,,,
O000801,L002215,Cox Ltd,20033.0,4,True,Prospecting,2026-08-28,,,,,
O000802,L002222,Smith-Yu,5340.0,2,True,Negotiation,2025-03-08,2025-03-14 02:41:52.629129,2025-03-24 05:56:24.750958,2025-04-06 09:53:54.968460,2025-04-19 05:17:39.806942,False
O000803,L002226,"Sullivan, Johnson and Delacruz",20132.0,3,False,negotiation,2025-03-15,2025-04-04 09:42:48.804283,2025-05-10 13:04:12.026211,2025-05-21 19:55:23.387930,2025-06-08 00:10:00.322490,False
O000804,L002230,Hunter-Bell,13424.0,1,True,Qualified,2023-05-19,2023-06-08 14:03:13.512407,,,,
O000805,L002231,"Daniel, Kelley and Murphy",7790.0,4,False,Prospecting,2026-09-01,,,,,
O000806,L002234,Fuller LLC,42322.0,3,False,Prospecting,2026-09-01,,,,,
O000807,L002236,"Hines, Bradford and Jennings",56684.0,5,False,Prospecting,2026-08-23,,,,,
O000808,L002246,Burke-Hernandez,9770.0,2,False,Negotiation,2023-06-18,2023-06-30 21:33:06.124130,2023-10-05 21:08:45.488882,2023-11-17 22:29:50.373080,,
O000809,L002247,Jackson-Bradley,48553.0,4,False,Negotiation,2023-05-25,2023-06-03 13:59:36.591417,2023-06-12 10:37:59.351394,2023-06-29 12:49:34.970979,2023-07-10 13:37:59.734617,True
O000810,L002253,"Lewis, Holloway and Acosta",36611.0,5,False,Negotiation,2023-11-22,2023-12-27 06:26:09.973179,2024-01-28 10:21:47.154171,2024-02-02 14:19:53.215575,2024-02-11 03:27:28.068559,True
O000811,L002262,Hawkins Inc,108568.0,4,False,Negotiation,2026-01-06,2026-01-27 14:49:45.900196,2026-04-18 13:42:28.483305,2026-05-04 06:09:52.973314,2026-05-19 16:34:54.423711,True
O000812,L002266,"Harvey, Turner and Foster",38457.0,5,False,Negotiation,2023-10-02,2023-10-13 05:01:45.384617,2023-12-27 19:05:45.438107,2024-01-01 23:54:10.554474,2024-01-13 00:20:01.057262,True
O000813,L002267,Anderson-Mcclain,53982.0,1,False,Negotiation,2025-12-03,2025-12-15 18:32:41.465271,2026-02-03 13:00:39.933063,2026-02-17 02:59:52.794670,2026-02-17 11:49:36.244354,True
O000814,L002269,Gordon LLC,103106.0,1,False,negotiation,2024-02-15,2024-03-06 10:57:12.666654,2024-04-15 21:14:30.693509,2024-04-27 08:14:26.006241,2024-05-13 10:00:55.649794,False
O000815,L002271,"Hamilton, Green and Edwards",6168.0,2,True,Negotiation,2024-02-17,2024-02-23 01:53:04.895143,2024-03-16 06:55:52.781245,2024-03-25 08:11:56.077814,2024-03-26 12:54:15.495860,False
O000816,L002272,Porter LLC,12481.0,3,True,Prospecting,2026-08-24,,,,,
O000817,L002274,Austin-Juarez,43110.0,1,True,Qualified,2026-08-14,2026-08-27 23:49:33.759267,,,,
O000818,L002276,Stewart Group,8149.0,1,False,Qualified,2023-11-23,2023-11-29 23:54:11.379297,,,,
O000819,L002278,"Yates, Brown and Hernandez",1484.0,1,False,Proposal,2025-09-12,2025-10-29 10:23:29.278931,2025-11-25 05:56:23.382826,,,
O000820,L002281,Carney Group,21465.0,2,False,Negotiation,2024-11-27,2024-12-13 05:57:06.119952,2025-01-13 12:55:30.623808,2025-01-28 04:12:44.572471,,
O000821,L002284,Martinez Inc,50094.0,4,False,Proposal,2026-06-14,2026-06-29 02:48:07.556161,2026-08-04 20:48:58.137572,,,
O000822,L002285,Oneill and Sons,92793.0,3,False,Negotiation,2023-11-20,2023-12-14 05:42:43.264548,2024-03-12 22:04:05.035985,2024-04-05 15:47:01.565615,2024-05-04 00:28:45.543238,True
O000823,L002286,Brady LLC,2329.0,3,False,Negotiation,2024-02-18,2024-03-19 02:27:13.331006,2024-04-06 01:28:55.674832,2024-04-19 01:05:22.231612,2024-04-25 17:35:17.079918,False
O000824,L002287,"Macdonald, Willis and Silva",11003.0,3,False,Negotiation,2025-08-19,2025-09-01 21:12:48.496963,2025-09-20 14:21:39.169624,2025-09-27 02:13:16.690004,,
O000825,L002288,Fox PLC,5710.0,2,True,Contract/Legal,2024-04-01,2024-04-09 16:26:26.242031,2024-04-29 08:00:49.442213,2024-05-10 07:11:05.063576,2024-05-14 08:25:45.989529,True
O000826,L002289,Butler Inc,14720.0,5,True,Negotiation,2026-03-17,2026-04-10 17:04:46.573006,2026-05-02 23:49:50.376890,2026-05-21 03:31:41.708074,2026-05-24 22:55:45.471207,False
O000827,L002292,Maldonado-Becker,16593.0,3,False,Negotiation,2024-05-02,2024-05-16 18:56:55.480842,2024-05-21 10:02:06.367684,2024-05-31 08:18:02.694771,2024-06-02 17:51:43.890827,True
O000828,L002293,Brooks-Hickman,82348.0,3,False,Prospecting,2026-08-09,,,,,
O000829,L002294,Hood and Sons,17590.0,1,True,Negotiation,2024-04-26,2024-05-10 16:25:23.988735,2024-05-31 03:00:13.804642,2024-06-29 04:25:56.170473,2024-07-03 22:29:31.659073,False
O000830,L002297,"Smith, Booker and Douglas",40379.0,2,False,Negotiation,2023-03-25,2023-04-05 15:27:39.065941,2023-05-25 09:57:25.575355,2023-07-18 23:36:11.173320,2023-07-21 11:43:59.503060,True
O000831,L002300,Solis LLC,9965.0,2,True,Proposal,2026-03-20,2026-04-14 01:08:35.556435,2026-05-01 05:54:58.251816,,,
O000832,L002301,Yates-Manning,15690.0,3,False,Negotiation,2023-05-23,2023-07-04 08:50:19.678696,2023-07-23 12:01:46.121371,2023-08-17 15:55:17.929868,2023-08-29 13:56:24.470790,True
O000833,L002302,"Crane, James and Ross",16385.0,4,False,Negotiation,2025-07-27,2025-08-02 16:20:22.451339,2025-09-05 19:38:18.242086,2025-10-01 11:02:59.057407,2025-10-12 22:30:58.056318,True
O000834,L002304,Smith and Sons,6436.0,1,False,Proposal Sent,2024-05-17,2024-05-29 03:27:31.293353,2024-06-16 22:15:25.668689,,,
O000835,L002305,Price Group,30592.0,3,False,Negotiation,2025-05-09,2025-05-21 03:39:18.637134,2025-06-30 05:14:15.063526,2025-07-07 14:41:44.944615,2025-07-12 20:00:59.086850,False
O000836,L002306,Holland-Best,5395.0,5,False,Negotiation,2024-09-27,2024-10-15 19:00:21.432386,2024-12-23 17:27:47.570307,2025-01-21 07:00:53.720743,,
O000837,L002310,Hunt-Burns,3967.0,2,False,Negotiation,2025-08-24,2025-08-29 09:07:13.338026,2025-10-21 09:55:46.315893,2025-11-21 19:45:27.332424,2025-12-13 06:23:00.435801,False
O000838,L002313,Austin-Hamilton,14558.0,5,False,Qualified,2023-07-13,2023-07-25 08:38:44.402763,,,,
O000839,L002315,Rhodes-Holland,6996.0,3,True,Contract/Legal,2024-10-03,2024-10-11 18:43:03.471339,2024-11-02 20:52:35.096262,2024-12-01 08:01:27.007260,,
O000840,L002317,"Miller, Mcdonald and Miller",12171.0,1,False,Negotiation,2023-09-02,2023-09-21 23:01:32.047157,2023-12-04 00:03:09.124291,2024-01-14 04:58:27.305147,2024-01-15 17:30:38.660343,True
O000841,L002320,Carroll-Arnold,3711.0,3,False,Negotiation,2025-04-10,2025-05-09 12:55:13.786455,2025-08-03 02:50:47.412831,2025-09-10 20:11:17.523018,2025-09-27 19:17:56.109895,True
O000842,L002324,Mack Inc,15974.0,3,True,Qualified,2024-03-12,2024-03-17 06:52:12.570203,,,,
O000843,L002325,Yang Group,8706.0,8,False,Qualified,2026-01-24,2026-02-04 07:40:25.345197,,,,
O000844,L002326,Hartman Group,31393.0,1,False,Qualified,2026-07-01,2026-07-06 22:52:32.110553,,,,
O000845,L002327,Miller Ltd,2231.0,4,False,Negotiation,2024-05-17,2024-06-04 17:05:47.327040,2024-06-29 15:10:51.337676,2024-07-01 07:04:27.947386,2024-05-11 00:00:00.000000,False
O000846,L002337,"Leonard, Ballard and Miller",10705.0,1,False,Qualified,2024-02-07,2024-02-20 10:56:21.571790,,,,
O000847,L002338,Smith Inc,15955.0,2,False,Negotiation,2024-01-08,2024-01-23 02:04:45.297322,2024-05-22 16:25:41.995975,2024-06-03 18:59:10.130318,2024-06-12 08:13:05.443798,False
O000848,L002339,Horton and Sons,7439.0,2,False,Proposal,2024-01-02,2024-01-17 03:22:25.386477,2024-03-28 22:03:00.801538,,,
O000849,L002340,Clark Ltd,10336.0,4,False,Negotiation,2026-02-20,2026-02-27 12:30:35.867649,2026-03-19 15:29:08.035452,2026-04-06 11:24:09.217668,2026-04-16 04:22:00.459120,True
O000850,L002342,"Garrison, Ryan and Miller",22410.0,1,True,Negotiation,2025-10-11,2025-11-01 17:13:42.274938,2026-01-01 06:58:07.241258,2026-03-06 10:03:47.240380,2026-03-13 17:13:35.637261,True
O000851,L002344,Martin and Sons,9223.0,2,False,Negotiation,2024-01-31,2024-02-20 09:20:20.221264,2024-05-11 03:27:44.206435,2024-05-18 10:37:06.938020,2024-05-20 02:08:35.806523,True
O000852,L002346,Richards-Harris,19864.0,5,False,Negotiation,2026-05-13,2026-05-17 13:05:18.857085,2026-06-10 02:04:10.893968,2026-06-22 18:06:40.219379,2026-06-28 04:58:32.703508,True
O000853,L002348,Mccoy Ltd,182665.0,2,False,Negotiation,2025-08-27,2025-09-16 22:34:42.475780,2025-09-25 18:20:56.230819,2025-09-28 10:03:01.774928,2025-10-08 08:22:39.358379,False
O000854,L002354,Henderson LLC,14737.0,5,False,Negotiation,2024-02-02,2024-02-26 09:00:58.329169,2024-03-29 16:16:00.340336,2024-04-02 02:42:40.923691,2024-04-09 16:41:28.595361,True
O000855,L002355,"Brown, Orozco and Butler",14267.0,2,False,Negotiation,2024-03-25,2024-03-31 03:31:04.463792,2024-07-08 16:56:17.538262,2024-07-17 16:01:04.935391,2024-08-03 22:01:41.072870,False
O000856,L002357,"Reed, Terry and Smith",9290.0,2,False,Negotiation,2024-12-22,2025-01-10 06:58:15.759693,2025-01-23 09:56:17.942863,2025-02-20 02:31:27.432223,2025-02-27 19:24:12.484463,True
O000857,L002359,Hall-Robinson,3345.0,2,True,Negotiation,2024-05-06,2024-05-20 17:19:32.566362,2024-08-30 11:19:10.557580,2024-09-13 16:52:30.255762,2024-09-17 03:25:49.907548,False
O000858,L002361,"Mcdonald, Ware and Sharp",11231.0,2,True,Negotiation,2025-03-31,2025-04-08 15:57:54.034670,2025-04-16 01:18:34.534543,2025-05-14 02:17:44.719184,2025-05-29 22:04:59.583308,True
O000859,L002362,Moyer-Whitaker,,8,True,Proposal,2026-02-04,2026-03-08 22:25:22.522721,2026-05-03 18:49:39.187341,,,
O000860,L002364,Howell LLC,22511.0,7,True,Proposal,2025-09-05,2025-09-16 04:53:46.003588,2025-10-24 11:54:53.271011,,,
O000861,L002366,Moore Group,17860.0,4,False,Prospecting,2026-08-29,,,,,
O000862,L002367,Leon Group,19961.0,3,True,Negotiation,2024-10-28,2024-11-25 08:49:41.355389,2024-12-26 22:36:30.118568,2025-01-15 20:51:43.710438,2025-01-17 18:25:07.166856,False
O000863,L002370,Rhodes-Thompson,,2,False,Contract/Legal,2024-01-07,2024-01-17 02:14:59.684193,2024-03-17 13:13:53.960096,2024-04-04 10:18:03.352264,2024-04-09 01:52:21.759735,True
O000864,L002372,"Perez, Hoffman and Tucker",10860.0,2,False,Proposal,2026-07-16,2026-07-26 21:32:33.078655,2026-08-30 15:48:54.759488,,,
O000865,L002373,Glover-Hammond,7787.0,2,False,Contract/Legal,2023-08-19,2023-08-31 08:31:42.765504,2023-11-18 03:44:27.104811,2023-12-01 12:30:45.130166,,
O000866,L002378,"Casey, Meza and Colon",23741.0,4,False,Proposal,2023-09-01,2023-09-21 01:24:42.533066,2023-10-22 21:52:23.541238,,,
O000867,L002383,Martinez and Sons,53068.0,3,False,Negotiation,2025-02-03,2025-03-02 23:29:05.864716,2025-03-12 20:15:22.379417,2025-03-17 00:49:11.583147,,
O000868,L002385,Sanchez Group,32769.0,2,True,Contract/Legal,2026-03-05,2026-04-10 04:09:25.942679,2026-05-15 03:01:32.082368,2026-05-28 06:34:04.161416,2026-06-19 19:29:05.214386,True
O000869,L002388,Soto-Sanchez,29203.0,3,False,Qualified,2025-07-10,2025-08-11 00:59:47.651012,,,,
O000870,L002389,"Fisher, Perez and Pham",25205.0,3,False,Proposal,2026-05-20,2026-05-28 15:03:51.041060,2026-06-28 17:17:04.358743,,,
O000871,L002390,Hardin-Villanueva,13501.0,5,False,Negotiation,2024-11-12,2024-11-29 17:08:10.494252,2024-12-28 00:50:52.180951,2025-01-04 17:25:33.307744,,
O000872,L002391,"Norton, Cox and Johnson",12658.0,2,False,Negotiation,2023-07-30,2023-08-23 14:45:33.424148,2023-12-24 15:58:16.869794,2024-01-18 01:56:07.061761,2024-02-02 01:23:20.808622,True
O000873,L002405,Medina Group,28147.0,3,False,Prospecting,2026-08-20,,,,,
O000874,L002408,"Peterson, Reid and Johnson",16979.0,2,True,Negotiation,2025-11-22,2026-01-03 04:17:03.910481,2026-02-12 09:10:46.695113,2026-03-21 19:17:07.762546,2026-03-26 13:48:58.714635,False
O000875,L002413,West PLC,6907.0,3,False,Negotiation,2023-12-06,2023-12-25 11:05:42.738301,2024-01-27 06:20:02.600830,2024-02-09 06:25:02.049936,2024-02-10 10:30:42.043081,True
O000876,L002414,"Smith, Morgan and Young",8768.0,6,False,Negotiation,2023-11-19,2023-11-26 11:24:07.313245,2023-12-30 01:22:27.678417,2024-01-16 20:34:06.148270,2024-01-22 01:55:40.960114,True
O000877,L002415,"Zhang, Cunningham and Kline",20021.0,4,False,Negotiation,2024-08-27,2024-09-12 05:50:06.329803,2024-10-03 18:41:56.234668,2024-11-06 09:28:18.394446,2024-11-21 05:14:31.272120,False
O000878,L002416,"Wade, Richard and Hall",39029.0,3,False,Negotiation,2025-01-05,2025-01-13 01:25:39.779475,2025-01-25 22:24:57.816992,2025-03-07 13:21:20.708291,2025-03-26 05:10:18.442707,True
O000879,L002419,"Wright, Murphy and Aguilar",8346.0,3,False,Proposal,2026-06-01,2026-06-26 00:48:47.840120,2026-07-23 09:01:50.263559,,,
O000880,L002420,Gibson-Thomas,7700.0,4,True,Negotiation,2025-01-04,2025-01-16 02:10:10.002305,2025-02-13 20:33:54.920418,2025-03-02 06:26:11.090683,2025-03-21 01:22:26.980266,False
O000881,L002426,"Henderson, Alexander and Galvan",28611.0,7,True,Qualified,2023-08-25,2023-09-11 15:19:52.530113,,,,
O000882,L002436,Tucker-Moody,39975.0,3,False,Proposal Sent,2023-09-28,2023-11-04 02:48:09.997943,2023-12-13 16:32:49.765908,,,
O000883,L002437,Bowers Group,13820.0,2,False,Negotiation,2024-01-15,2024-01-20 15:53:54.393705,2024-03-11 15:19:14.357615,2024-03-28 08:54:44.011492,2024-03-31 04:51:12.562424,False
O000884,L002438,Zuniga LLC,21178.0,2,False,Qualified,2023-10-10,2023-10-27 21:10:37.108078,,,,
O000885,L002442,Berry-Knight,2083.0,2,True,negotiation,2023-06-01,2023-06-22 07:46:21.354631,2023-07-01 15:36:55.665505,2023-07-25 20:25:00.301724,2023-07-29 19:48:10.532975,False
O000886,L002443,Harrington-Alvarez,8342.0,4,False,Negotiation,2023-07-01,2023-07-17 17:49:15.765264,2023-08-22 21:09:40.516348,2023-10-16 06:02:43.763894,,
O000887,L002446,"Nguyen, Marsh and Beck",5434.0,2,False,negotiation,2026-06-12,2026-07-02 17:52:22.429553,2026-07-18 01:33:35.253607,2026-07-31 12:37:25.887818,2026-08-09 21:59:05.608991,True
O000888,L002450,Mann PLC,4420.0,3,True,Proposal Sent,2025-01-11,2025-02-13 19:15:00.902710,2025-04-26 11:13:43.369180,,,
O000889,L002452,Schneider Inc,8631.0,2,False,Negotiation,2026-03-21,2026-03-28 03:30:08.561495,2026-04-14 20:43:08.393204,2026-05-17 06:56:26.416511,2026-05-19 03:12:53.925054,False
O000890,L002453,Friedman PLC,11756.0,3,False,negotiation,2023-04-06,2023-04-12 22:33:43.003675,2023-06-13 10:20:21.339108,2023-06-20 03:32:27.997627,2023-06-20 12:30:42.310514,False
O000891,L002454,"Todd, Bernard and Boyd",13973.0,3,False,Negotiation,2024-03-04,2024-03-27 13:09:39.651615,2024-04-13 03:30:30.994464,2024-04-24 12:11:59.055200,2024-05-12 17:31:58.689260,True
O000892,L002455,Shaw-Smith,39820.0,5,True,Proposal,2023-01-21,2023-02-04 14:31:31.530890,2023-03-20 12:11:21.416751,,,
O000893,L002461,Johnson-Rice,86016.0,3,True,Negotiation,2023-09-29,2023-10-24 05:17:33.248862,2023-12-10 00:47:16.928198,2024-01-24 09:54:31.148651,2024-01-26 14:08:46.646854,False
O000894,L002464,White Inc,,1,False,Contract/Legal,2024-10-23,2024-11-07 16:43:14.077797,2024-12-09 02:10:34.190424,2024-12-17 05:29:54.232854,2025-01-01 14:29:07.738430,True
O000895,L002465,Parker Group,20874.0,1,False,Negotiation,2025-01-04,2025-01-18 05:01:27.838377,2025-02-05 07:24:03.810662,2025-02-18 02:49:52.480883,2025-02-27 13:23:38.910929,False
O000896,L002473,Marshall-Russell,112976.0,4,True,Negotiation,2026-02-28,2026-03-20 13:35:58.279466,2026-04-15 07:00:07.340922,2026-04-27 13:26:13.749975,2026-05-01 17:51:55.685372,False
O000897,L002475,Adams PLC,24204.0,3,True,negotiation,2026-05-07,2026-06-07 23:56:18.085182,2026-07-06 12:20:08.962766,2026-07-15 04:35:56.650268,2026-07-17 14:56:47.016774,False
O000898,L002476,"Garcia, Hines and Pearson",26007.0,3,True,Negotiation,2025-02-08,2025-02-25 08:36:25.873949,2025-03-27 01:14:34.365201,2025-04-18 02:21:54.541587,2025-04-21 04:04:05.216657,False
O000899,L002477,Torres Group,15928.0,5,False,Qualified,2026-06-23,2026-07-07 08:46:10.117428,,,,
O000900,L002481,Medina Group,2373.0,2,True,Proposal,2025-11-25,2026-01-26 04:58:22.883134,2026-02-24 07:03:47.873998,,,
O000901,L002482,"Hayes, Smith and Marshall",16171.0,2,True,Negotiation,2025-11-23,2025-12-16 08:49:05.140000,2026-01-18 16:35:39.037053,2026-01-28 18:14:00.895896,2026-02-15 07:20:07.984363,True
O000902,L002484,Nelson-King,5135.0,1,False,Negotiation,2024-07-29,2024-08-29 08:13:02.565280,2024-09-24 08:59:59.628262,2024-10-10 01:35:43.403307,2024-10-16 19:42:36.117162,True
O000903,L002485,"James, Bell and Chen",5367.0,4,True,Qualified,2026-07-18,2026-08-12 12:43:05.832199,,,,
O000904,L002486,"Pittman, Campbell and Martin",3733.0,6,False,Proposal,2023-04-27,2023-06-03 13:34:13.764022,2023-07-26 18:15:11.858971,,,
O000905,L002487,"Hart, Turner and Foster",8751.0,5,False,negotiation,2023-03-18,2023-03-23 09:46:15.055775,2023-04-09 16:05:14.865781,2023-05-01 17:58:21.871556,,
O000906,L002491,Reid-Petty,6829.0,6,True,Qualified,2025-09-06,2025-10-16 16:14:28.364401,,,,
O000907,L002492,"Chavez, Sanchez and Bird",19582.0,3,True,Negotiation,2025-12-17,2026-01-18 01:46:12.103238,2026-01-31 23:09:40.402290,2026-02-14 13:26:44.435447,2026-03-09 21:50:56.268103,False
O000908,L002493,Clark-Haley,11755.0,1,True,Proposal,2026-02-27,2026-03-08 13:01:49.824355,2026-03-23 17:05:09.690673,,,
O000909,L002495,"Nielsen, Lynch and Smith",36076.0,1,False,Proposal,2023-10-20,2023-11-29 06:13:41.605440,2023-12-15 20:54:21.114387,,,
O000910,L002496,Chambers Group,5377.0,3,True,Negotiation,2025-04-06,2025-04-12 00:15:23.496734,2025-05-22 10:40:31.890187,2025-06-02 01:14:57.390770,2025-06-05 16:27:08.230215,False
O000911,L002500,"Martinez, Stanton and Bennett",10609.0,1,False,Negotiation,2025-05-08,2025-05-31 13:38:28.033418,2025-07-02 01:34:52.043965,2025-07-26 19:45:56.743875,2025-08-03 19:14:06.300888,False
O000912,L002501,"Howard, Thompson and Tate",3058.0,5,False,Contract/Legal,2025-12-24,2026-01-06 05:18:28.741287,2026-02-19 18:25:12.610616,2026-03-26 13:51:52.854247,,
O000913,L002502,"Terrell, Martinez and Wood",10205.0,3,False,Qualified,2026-03-23,2026-04-07 00:27:53.140140,,,,
O000914,L002505,Lee-Velasquez,3245.0,4,False,Negotiation,2025-12-24,2026-01-10 15:42:22.881172,2026-03-07 06:22:47.329406,2026-03-28 10:50:22.387198,2026-04-07 20:33:27.856012,True
O000915,L002510,Rodriguez-Ramirez,2490.0,4,False,Qualified,2026-07-25,2026-08-03 01:20:08.888272,,,,
O000916,L002514,"Foley, Ibarra and Daniel",6652.0,3,True,Prospecting,2026-08-24,,,,,
O000917,L002520,Frazier Group,,2,True,Negotiation,2023-05-11,2023-06-01 04:42:42.565402,2023-07-17 14:03:34.662484,2023-07-29 13:42:19.123180,2023-08-01 23:45:21.926821,False
O000918,L002521,Ward-Blake,5147.0,1,False,Negotiation,2023-03-27,2023-04-04 07:44:34.584697,2023-06-08 00:17:28.556320,2023-07-19 10:28:40.657965,2023-08-14 09:19:04.367412,True
O000919,L002523,Stewart-Myers,4052.0,3,True,Negotiation,2023-09-20,2023-10-06 06:03:50.283946,2023-11-14 20:14:55.651697,2023-11-21 14:20:40.565078,2023-11-29 19:24:45.287758,True
O000920,L002524,Miller-Armstrong,1241.0,2,False,Negotiation,2024-04-09,2024-04-25 09:37:41.244183,2024-06-24 04:31:44.008206,2024-07-05 03:58:11.758274,2024-07-23 08:36:49.988933,False
O000921,L002525,Mooney and Sons,16987.0,2,False,Negotiation,2024-12-17,2025-01-10 08:09:36.734972,2025-02-25 20:08:08.659414,2025-04-08 22:20:30.808494,2025-04-10 01:27:56.647170,True
O000922,L002526,"Coleman, Jones and Wright",34197.0,2,False,Negotiation,2025-03-10,2025-03-28 20:54:35.948639,2025-05-20 00:44:21.232640,2025-06-01 22:37:26.263674,2025-06-23 02:48:13.350750,True
O000923,L002532,Underwood PLC,15300.0,1,False,Qualified,2026-06-09,2026-06-24 07:13:30.289706,,,,
O000924,L002534,"Gonzales, Davis and Griffin",11619.0,3,False,Negotiation,2025-06-19,2025-07-05 01:25:34.789511,2025-07-25 04:56:44.731272,2025-09-09 03:08:32.462047,2025-10-08 11:17:45.214370,False
O000925,L002537,Patton Inc,5679.0,2,False,Negotiation,2026-02-19,2026-03-07 14:57:33.121309,2026-04-24 22:20:54.845158,2026-06-02 23:00:55.688279,2026-06-03 17:18:27.492243,True
O000926,L002540,"Williams, Horn and Morales",14200.0,3,False,Negotiation,2026-02-18,2026-03-13 19:43:31.352134,2026-04-13 04:49:58.924662,2026-05-04 08:13:34.326917,2026-05-09 02:45:49.571495,True
O000927,L002543,Hobbs-Harvey,8357.0,3,False,Negotiation,2025-09-18,2025-10-15 13:00:50.651851,2025-12-02 06:10:58.170810,2025-12-29 06:02:44.067322,2026-01-12 10:30:42.853729,True
O000928,L002545,Gibson LLC,34542.0,3,True,Qualified,2026-07-10,2026-08-12 17:56:15.097208,,,,
O000929,L002547,Watkins and Sons,14099.0,3,False,Proposal,2024-05-26,2024-06-21 04:08:49.826927,2024-08-13 15:32:53.881700,,,
O000930,L002549,Hardy-Wallace,30859.0,2,False,Prospecting,2026-08-04,,,,,
O000931,L002558,Davidson and Sons,34048.0,1,False,Negotiation,2023-04-03,2023-05-10 15:22:06.820050,2023-08-01 14:14:34.335267,2023-08-22 09:18:13.802172,2023-09-04 10:56:05.456084,True
O000932,L002560,Neal-Holden,6749.0,2,True,Qualified,2023-05-29,2023-06-23 12:19:34.157091,,,,
O000933,L002565,Steele Group,7748.0,2,False,Negotiation,2026-05-18,2026-05-21 09:52:25.356852,2026-06-13 11:30:15.351607,2026-06-26 12:39:06.975891,2026-07-09 20:31:15.237022,True
O000934,L002568,Lopez-Fritz,16721.0,2,True,Qualified,2026-05-28,2026-06-28 13:47:21.473388,,,,
O000935,L002569,Smith-Howard,10711.0,3,False,Proposal,2026-05-30,2026-06-11 09:00:52.206449,2026-08-07 07:31:38.296598,,,
O000936,L002570,"Wilson, Roberts and Lee",26784.0,7,False,Negotiation,2024-04-09,2024-04-17 02:54:50.689739,2024-06-20 05:49:36.737075,2024-07-07 02:33:54.536423,2024-07-24 12:19:16.199025,True
O000937,L002571,"Durham, Ward and Hester",4473.0,3,False,Qualified,2024-04-18,2024-05-02 21:02:46.944004,,,,
O000938,L002576,Cameron Inc,17336.0,5,True,Qualified,2024-06-23,2024-07-07 11:12:36.228448,,,,
O000939,L002577,Decker and Sons,3386.0,4,False,Negotiation,2025-10-17,2025-10-26 05:53:53.163132,2025-11-18 04:09:21.526576,2025-11-29 13:43:53.994656,2025-12-03 15:45:21.979164,True
O000940,L002580,Wood LLC,9866.0,4,True,Qualified,2026-03-26,2026-04-04 12:11:06.324693,,,,
O000941,L002588,Wright-Soto,67860.0,5,True,Negotiation,2023-08-15,2023-09-02 15:46:05.683566,2023-11-04 20:22:24.234178,2023-11-22 03:40:58.839987,2023-11-29 11:44:16.626305,False
O000942,L002590,"Blackwell, Clark and Miller",10687.0,2,False,Negotiation,2025-05-27,2025-06-08 15:02:43.856325,2025-07-13 07:11:03.864830,2025-07-29 12:55:50.426826,,
O000943,L002591,Gibbs-Mendez,8325.0,1,True,Negotiation,2024-08-21,2024-09-09 16:12:59.577109,2024-09-29 11:25:17.406270,2024-10-13 10:10:53.148867,2024-10-16 17:44:58.721444,False
O000944,L002594,"Brooks, Neal and Baldwin",8268.0,3,False,Contract/Legal,2023-03-04,2023-03-14 03:36:04.806628,2023-04-11 05:53:10.642333,2023-04-15 19:40:35.807635,2023-04-21 20:00:49.959873,True
O000945,L002597,Jacobson Group,45794.0,4,True,Negotiation,2024-10-27,2024-11-13 15:27:54.743863,2024-11-21 15:10:16.291208,2024-12-07 05:04:32.508305,,
O000946,L002601,Phillips PLC,5386.0,4,False,Negotiation,2025-09-23,2025-10-14 15:56:31.337481,2025-10-26 04:29:03.557160,2025-11-22 10:48:25.690844,2025-12-14 16:16:29.605595,False
O000947,L002603,"Oliver, Simmons and Mcdonald",25538.0,2,True,Qualified,2024-02-21,2024-04-01 23:42:35.703743,,,,
O000948,L002608,"Hunt, Schneider and Hartman",7483.0,2,True,Negotiation,2025-08-30,2025-09-23 18:34:00.829141,2025-10-28 13:45:02.512106,2025-11-30 08:48:58.392910,,
O000949,L002610,Johnson-Gonzalez,39917.0,4,True,Prospecting,2026-08-12,,,,,
O000950,L002615,"Daniels, Green and Carrillo",70094.0,3,False,Negotiation,2024-04-30,2024-05-16 15:26:52.871075,2024-07-20 05:21:44.420749,2024-08-04 11:05:05.707093,2024-08-14 17:36:20.035116,True
O000951,L002616,Short-Logan,30663.0,2,False,Qualified,2024-10-14,2024-10-28 17:21:18.626186,,,,
O000952,L002617,Bautista-Underwood,36494.0,4,False,Negotiation,2025-06-28,2025-07-11 10:02:21.696501,2025-07-28 12:47:23.211308,2025-08-20 16:59:52.196089,2025-08-27 12:22:28.154466,True
O000953,L002619,Grimes and Sons,6125.0,4,False,Qualified,2024-02-26,2024-04-06 12:52:39.318057,,,,
O000954,L002624,Carrillo-Wolfe,7419.0,5,False,Negotiation,2023-03-23,2023-05-15 01:59:41.303625,2023-06-17 18:44:47.168497,2023-07-12 20:27:14.300833,2023-07-27 19:55:01.726952,True
O000955,L002625,Gonzales PLC,37671.0,3,False,Negotiation,2025-06-20,2025-07-06 05:30:42.893910,2025-07-16 06:52:51.472135,2025-08-02 12:29:28.909583,2025-08-07 07:35:36.676286,True
O000956,L002628,Porter Ltd,6973.0,4,True,Negotiation,2023-09-24,2023-10-02 23:09:23.841034,2023-11-10 15:54:21.287833,2023-11-20 11:58:29.697890,2023-12-13 09:10:59.164009,False
O000957,L002630,"Goodwin, Farmer and Vaughn",12334.0,1,False,Qualified,2025-03-13,2025-03-14 20:59:18.076533,,,,
O000958,L002631,Nguyen-Johnson,2039.0,3,True,Proposal,2023-04-04,2023-04-18 09:26:03.095580,2023-05-07 08:07:25.758493,,,
O000959,L002633,Carroll-Lloyd,4384.0,2,False,Negotiation,2025-06-12,2025-06-17 18:56:20.892081,2025-07-11 04:48:41.962579,2025-07-21 16:10:54.373097,,
O000960,L002634,"Berry, Myers and James",16020.0,2,False,Negotiation,2026-02-24,2026-03-10 01:09:40.950003,2026-04-18 16:14:19.234162,2026-05-01 08:07:51.176194,2026-05-14 14:54:23.523913,False
O000961,L002637,Fowler-Torres,9006.0,2,False,Negotiation,2023-10-09,2023-10-15 12:35:26.297427,2023-12-26 20:18:24.441954,2024-01-04 11:02:28.696910,2024-01-10 14:35:00.870702,False
O000962,L002640,"Burns, Lopez and Jones",31971.0,3,False,Qualified,2023-04-17,2023-05-19 00:04:24.292713,,,,
O000963,L002641,Campbell-Hall,13144.0,2,True,Qualified,2025-03-04,2025-03-31 08:58:16.724472,,,,
O000964,L002642,"Warren, Gibson and Wood",5999.0,1,True,Proposal,2026-07-12,2026-07-19 05:08:59.748262,2026-08-26 08:34:14.779300,,,
O000965,L002644,Moore-Rodriguez,7856.0,3,False,Qualified,2025-10-22,2025-11-06 03:16:46.987411,,,,
O000966,L002647,Reynolds-Mckinney,18477.0,6,False,Negotiation,2024-05-08,2024-05-28 01:51:22.103699,2024-07-09 00:59:52.997874,2024-07-17 23:02:00.842293,,
O000967,L002649,Matthews-Shaw,48109.0,4,False,Proposal,2025-10-08,2025-10-31 08:45:34.803482,2025-12-13 07:56:29.853173,,,
O000968,L002650,"Stevens, Harris and Ritter",7427.0,2,True,Negotiation,2023-05-20,2023-06-09 17:38:04.622775,2023-08-15 03:40:22.828783,2023-09-12 09:10:13.272458,2023-09-15 21:15:28.338706,False
O000969,L002651,Brown-Ross,6553.0,3,False,Negotiation,2026-04-25,2026-05-07 07:58:35.637181,2026-05-29 04:22:01.932919,2026-06-08 00:30:16.440751,2026-06-20 16:59:57.647220,True
O000970,L002654,"Davis, Lucas and Ellison",12686.0,2,True,Qualified,2024-08-27,2024-09-18 05:06:18.474680,,,,
O000971,L002655,Graves-Dawson,8070.0,4,True,Proposal,2025-12-11,2025-12-21 19:19:19.415315,2026-01-01 10:14:50.698658,,,
O000972,L002660,Hale-Williams,52769.0,4,False,Negotiation,2023-08-24,2023-09-02 17:44:58.542384,2023-10-22 06:11:58.546811,2023-10-30 08:10:10.594176,2023-11-11 20:32:52.124833,True
O000973,L002663,"Barrera, Kerr and Jenkins",12406.0,1,True,Proposal,2023-11-14,2023-12-02 12:04:00.163082,2024-01-04 12:59:11.137507,,,
O000974,L002665,"Miranda, Nguyen and Hayes",,3,False,Qualified,2024-09-19,2024-09-28 21:17:19.476296,,,,
O000975,L002673,Reeves Group,84621.0,3,False,Proposal,2025-04-07,2025-04-24 06:16:08.383545,2025-06-17 04:03:12.740440,,,
O000976,L002675,Jackson Inc,4150.0,4,True,Negotiation,2024-10-27,2024-11-29 06:25:19.903430,2025-01-18 17:31:13.435142,2025-01-31 02:34:46.503962,2025-02-05 09:24:39.499310,True
O000977,L002679,Howard-Robinson,1524.0,2,False,Negotiation,2025-12-10,2026-01-05 23:31:07.091875,2026-04-07 18:45:26.328792,2026-04-17 03:21:21.217220,2026-04-20 08:49:31.281746,True
O000978,L002680,Stafford PLC,8105.0,3,True,Negotiation,2025-05-04,2025-06-06 16:07:01.697506,2025-07-11 10:16:36.152043,2025-07-25 02:49:52.601354,,
O000979,L002681,Ramos Inc,53133.0,2,False,Negotiation,2026-07-07,2026-07-18 03:42:00.949298,2026-08-11 01:17:11.847722,2026-08-15 19:02:15.917793,2026-08-18 23:53:06.994764,True
O000980,L002684,Williams-Smith,10851.0,6,False,Negotiation,2023-05-28,2023-06-21 22:17:46.238853,2023-07-29 19:21:55.649962,2023-08-05 23:37:23.644119,2023-08-08 02:01:28.322172,False
O000981,L002686,Kerr-Gonzalez,8534.0,2,True,Proposal,2026-03-05,2026-03-23 13:34:43.826128,2026-06-01 07:32:28.537881,,,
O000982,L002687,Fisher Inc,30241.0,4,False,negotiation,2024-10-16,2024-11-02 13:44:53.138125,2024-12-03 08:56:35.001158,2024-12-26 13:57:52.092082,2025-01-04 09:25:21.087913,False
O000983,L002688,Hoover-Frazier,6302.0,3,False,proposal,2025-10-13,2025-11-02 13:00:02.657274,2025-12-01 15:06:55.627765,,,
O000984,L002693,Mcmillan-Martinez,13278.0,2,False,Qualified,2026-01-04,2026-01-12 02:53:02.207034,,,,
O000985,L002696,Smith-Lewis,20042.0,3,False,Negotiation,2023-08-20,2023-09-28 19:51:28.705369,2023-11-01 05:15:30.435691,2023-11-09 02:51:34.409585,2023-11-19 21:04:26.399543,True
O000986,L002699,Turner-George,8714.0,1,False,Negotiation,2025-07-31,2025-08-23 10:25:21.290768,2025-09-03 06:05:43.719303,2025-10-17 22:08:33.738096,2025-10-21 01:49:17.847300,True
O000987,L002701,King Inc,20800.0,2,False,Negotiation,2025-09-27,2025-10-12 23:00:21.115793,2025-11-28 02:46:47.067000,2025-12-12 12:37:56.892762,2025-12-17 04:31:55.085208,True
O000988,L002702,"Nguyen, Mccoy and Price",1236.0,1,True,Negotiation,2024-02-15,2024-02-24 19:14:03.241648,2024-04-18 14:30:55.815773,2024-05-07 00:37:42.107807,2024-05-17 13:26:07.713251,False
O000989,L002703,"Anderson, Thompson and Gill",40076.0,1,False,Qualified,2026-06-24,2026-08-06 18:47:35.698153,,,,
O000990,L002705,Smith-Barr,18200.0,3,False,negotiation,2025-04-02,2025-05-03 11:35:28.691893,2025-05-19 13:11:54.719823,2025-05-27 12:49:41.977835,2025-06-05 12:18:42.377175,True
O000991,L002707,Gordon Ltd,1706.0,4,False,Qualified,2025-07-02,2025-07-22 01:54:42.304588,,,,
O000992,L002708,Hall PLC,12552.0,4,False,Negotiation,2025-10-31,2025-11-21 06:09:29.000929,2026-01-27 10:35:34.269490,2026-02-16 03:04:18.312233,,
O000993,L002719,"Mcneil, Solis and Horton",11793.0,2,False,Negotiation,2024-02-06,2024-02-23 17:49:51.949039,2024-03-18 03:57:50.104773,2024-04-11 13:18:54.156731,2024-04-23 16:36:38.308383,False
O000994,L002721,"Morris, Ramos and Smith",14951.0,4,False,Qualified,2026-05-14,2026-05-30 23:19:07.819055,,,,
O000995,L002722,Jones-Lee,,5,False,Negotiation,2026-05-01,2026-05-21 19:59:55.123291,2026-06-06 05:02:52.629902,2026-06-14 19:22:34.283209,2026-06-19 11:32:34.327095,False
O000996,L002727,Thompson-Wright,2290.0,5,False,Negotiation,2025-11-15,2025-11-24 09:14:54.502393,2025-12-14 19:27:40.317961,2026-01-10 11:58:46.632585,2026-01-17 22:23:27.059424,True
O000997,L002728,Ray-Faulkner,1352.0,4,False,Qualified,2026-07-12,2026-07-24 01:39:21.152244,,,,
O000998,L002731,Gray-Ruiz,26431.0,4,False,Negotiation,2026-02-15,2026-04-10 04:28:38.905771,2026-06-03 16:04:29.245271,2026-06-27 22:58:40.636803,2026-07-13 23:37:18.998300,True
O000999,L002733,Weiss Group,19177.0,2,False,proposal,2025-12-28,2026-01-03 09:13:38.353543,2026-02-03 00:08:24.344059,,,
O001000,L002735,Blake LLC,14039.0,4,False,Negotiation,2024-09-05,2024-09-11 21:24:40.303523,2024-11-08 16:26:30.355789,2024-11-26 06:54:30.404555,2024-12-13 11:06:07.968070,True
O001001,L002736,"Medina, Tran and Thompson",10960.0,3,False,negotiation,2025-07-15,2025-07-27 06:00:44.421127,2025-08-17 19:52:16.120840,2025-09-18 11:43:43.274392,2025-10-06 06:15:18.471085,True
O001002,L002738,Hart-Castillo,11014.0,1,False,Negotiation,2025-09-02,2025-09-17 12:17:46.059222,2025-10-26 06:58:39.198792,2025-11-05 20:09:00.960881,,
O001003,L002739,Taylor-Harrison,5944.0,3,True,Negotiation,2025-05-02,2025-05-10 10:32:38.152800,2025-06-15 10:41:02.281199,2025-06-24 05:27:34.051868,2025-07-05 10:52:29.627908,False
O001004,L002741,Hensley Ltd,17998.0,2,False,Negotiation,2024-10-28,2024-11-26 16:04:47.466202,2025-03-11 06:14:22.835752,2025-03-23 21:17:38.697330,,
O001005,L002745,Ortiz Inc,25199.0,4,False,Negotiation,2025-11-15,2025-12-01 20:43:28.187342,2026-03-06 00:18:04.033896,2026-03-11 06:35:31.776491,2026-03-16 16:18:48.068650,True
O001006,L002747,Lee Group,29396.0,3,True,Negotiation,2025-02-06,2025-02-17 23:30:38.766713,2025-04-02 04:50:05.300562,2025-04-05 20:35:24.720088,2025-01-28 00:00:00.000000,False
O001007,L002750,"Richardson, Brown and Cruz",19109.0,4,False,Contract/Legal,2025-06-14,2025-06-28 14:38:24.719641,2025-08-30 16:05:27.964879,2025-09-10 07:33:11.315587,2025-10-03 23:41:16.428124,True
O001008,L002751,Fitzgerald-Allen,13333.0,4,False,Negotiation,2023-11-15,2023-12-05 11:03:28.423837,2023-12-25 12:56:03.992891,2024-01-01 00:32:16.045408,,
O001009,L002753,"Mann, Johnson and Wade",4818.0,3,False,Qualified,2023-06-16,2023-07-21 09:12:58.547493,,,,
O001010,L002754,Green Group,6417.0,4,False,Qualified,2026-02-06,2026-03-06 21:26:05.724516,,,,
O001011,L002759,Martin-Simmons,10256.0,2,True,Negotiation,2024-02-27,2024-04-02 19:35:22.402693,2024-05-16 16:42:10.968599,2024-05-26 05:37:55.814642,2024-06-02 23:42:40.297997,False
O001012,L002768,"Jordan, Thompson and Lopez",16562.0,2,False,Proposal,2023-07-28,2023-08-11 14:36:46.355014,2023-08-23 12:46:51.848765,,,
O001013,L002777,Woods Ltd,6597.0,4,False,Negotiation,2025-01-02,2025-01-10 23:19:41.245831,2025-03-03 21:00:33.236537,2025-03-16 05:00:57.826660,2025-04-10 06:02:09.401001,True
O001014,L002781,Morrison-Hatfield,10004.0,2,True,Qualified,2025-06-28,2025-07-10 09:24:52.305554,,,,
O001015,L002789,Johnson Inc,29092.0,4,False,Negotiation,2023-06-26,2023-07-05 05:50:36.588025,2023-08-30 09:04:10.391483,2023-09-05 15:36:22.216473,2023-09-15 05:31:38.063046,False
O001016,L002794,Schultz Inc,10192.0,2,False,Prospecting,2026-08-04,,,,,
O001017,L002795,"Nguyen, Wallace and Lawson",12326.0,4,True,Proposal,2026-03-26,2026-04-10 05:25:46.280992,2026-07-03 04:09:15.468615,,,
O001018,L002797,Patterson-Huynh,13198.0,4,False,Proposal,2023-08-22,2023-09-10 00:21:43.901367,2023-10-16 18:47:42.234003,,,
O001019,L002798,Hatfield-Vincent,15053.0,4,False,Qualified,2026-08-09,2026-08-26 14:10:21.156994,,,,
O001020,L002799,Navarro LLC,48854.0,3,False,Qualified,2023-06-30,2023-07-28 01:45:01.050893,,,,
O001021,L002800,"Lee, Thomas and Meyer",8993.0,4,False,Proposal,2024-11-14,2024-11-19 15:01:29.048994,2025-01-08 16:41:55.309689,,,
O001022,L002801,"Glover, Moran and Johnson",3809.0,2,True,Negotiation,2024-12-25,2025-01-15 02:36:07.232819,2025-01-20 19:44:23.455308,2025-02-06 10:53:01.797208,2025-02-18 01:46:50.361035,False
O001023,L002803,"Davies, Archer and Owens",3647.0,4,False,Negotiation,2024-06-06,2024-06-25 03:07:52.026863,2024-07-14 20:24:11.448157,2024-07-21 12:27:27.120708,2024-08-05 06:30:33.516397,False
O001024,L002804,Friedman-Olson,57342.0,1,True,Negotiation,2026-06-13,2026-06-19 12:16:45.500008,2026-08-07 10:07:11.788549,2026-08-22 22:20:30.797491,2026-08-26 21:35:17.657716,False
O001025,L002810,"Martinez, Taylor and Nichols",4081.0,2,True,Negotiation,2023-06-28,2023-07-10 09:43:05.847623,2023-07-22 21:40:49.320433,2023-08-15 12:13:12.862817,2023-08-20 22:47:32.238449,False
O001026,L002813,Schneider Group,55563.0,4,True,Qualified,2026-02-02,2026-02-25 01:51:58.928511,,,,
O001027,L002814,"Paul, Hardy and Valdez",22426.0,2,False,Proposal,2026-01-17,2026-01-26 22:48:56.775506,2026-02-14 20:46:26.192129,,,
O001028,L002815,"Burch, Kim and Hall",5852.0,6,True,Qualified,2026-01-07,2026-01-11 03:59:10.044048,,,,
O001029,L002818,Garner Inc,28771.0,4,True,Qualified,2025-11-16,2025-12-09 02:39:50.526265,,,,
O001030,L002819,"Richardson, Castaneda and Finley",19955.0,5,False,Negotiation,2026-01-23,2026-01-29 17:38:20.550248,2026-03-19 12:59:00.755300,2026-04-17 03:41:10.257033,2026-05-11 21:57:20.298947,True
O001031,L002821,Boone Group,38507.0,2,False,Negotiation,2023-03-28,2023-04-03 04:04:20.359510,2023-05-16 12:26:11.807281,2023-05-27 15:33:51.789101,2023-05-31 11:01:42.047480,False
O001032,L002824,"Walker, Foster and Medina",19881.0,5,True,Negotiation,2026-04-22,2026-05-16 02:26:37.963971,2026-06-15 15:34:02.721557,2026-07-02 10:05:14.177987,2026-07-11 18:51:03.838651,False
O001033,L002825,Stewart-Cabrera,12552.0,2,True,Proposal,2023-11-25,2023-12-19 11:20:31.157502,2024-03-09 03:40:41.192435,,,
O001034,L002826,Hood-Porter,7746.0,2,True,Negotiation,2025-03-15,2025-03-29 08:11:48.929181,2025-05-26 17:58:47.290742,2025-06-09 07:37:34.231684,2025-06-13 18:05:40.553378,True
O001035,L002830,Shea-Mccarthy,5751.0,4,False,Proposal,2024-03-12,2024-03-20 09:00:02.448490,2024-05-03 00:13:27.388205,,,
O001036,L002832,Padilla-Bennett,30360.0,2,False,Negotiation,2023-05-25,2023-06-10 16:26:49.329315,2023-07-20 20:12:03.701054,2023-07-27 17:00:01.368347,2023-08-08 07:12:31.703362,False
O001037,L002837,Ritter PLC,38583.0,6,False,Negotiation,2025-07-27,2025-08-11 09:16:49.347794,2025-09-03 12:26:57.721733,2025-09-18 08:16:51.384311,2025-09-27 11:55:41.455442,True
O001038,L002840,"Acosta, Campbell and Leblanc",25723.0,3,True,Negotiation,2025-02-02,2025-02-14 11:44:09.189689,2025-03-05 19:57:48.797422,2025-03-25 00:58:00.742610,2025-04-06 19:56:02.777163,True
O001039,L002843,Ellis-Martin,5112.0,4,False,Negotiation,2023-05-04,2023-05-24 03:50:27.696617,2023-08-02 21:34:35.913588,2023-08-10 09:27:07.869623,2023-08-22 05:10:13.123059,True
O001040,L002846,"Gonzalez, Curtis and Cox",3046.0,2,True,Prospecting,2026-08-29,,,,,
O001041,L002847,"Garcia, Floyd and Garrison",24298.0,7,True,Negotiation,2026-05-18,2026-05-29 00:50:37.205867,2026-06-30 16:04:22.985862,2026-07-24 18:45:41.196025,,
O001042,L002848,Clements-Simmons,5993.0,3,True,negotiation,2025-10-28,2025-11-13 20:04:30.607774,2026-01-27 22:54:01.399258,2026-02-17 23:21:58.594853,2026-03-05 07:04:21.635761,False
O001043,L002854,Turner-Carlson,1306.0,3,True,Contract/Legal,2025-10-05,2025-10-24 04:07:05.203535,2025-11-24 07:21:42.154943,2025-12-01 17:43:50.757456,2025-12-15 20:19:01.932845,False
O001044,L002861,"Walker, Matthews and Archer",16367.0,3,False,Negotiation,2024-11-11,2024-11-22 06:04:56.170646,2025-01-20 17:19:54.380331,2025-01-28 12:51:46.731905,2025-02-21 08:34:51.664694,False
O001045,L002862,Hill-Mcgee,5608.0,3,True,Qualified,2026-07-23,2026-07-29 17:17:14.711439,,,,
O001046,L002864,Evans-Martinez,,3,False,Proposal,2023-08-31,2023-09-17 07:48:11.394918,2023-11-16 19:12:20.775077,,,
O001047,L002865,Brown-Stout,5072.0,4,False,Qualified,2024-11-27,2024-12-05 03:59:37.704525,,,,
O001048,L002866,"Lopez, Hess and Smith",6768.0,9,False,Contract/Legal,2023-05-12,2023-05-21 00:06:07.881315,2023-07-03 09:26:10.922976,2023-08-16 18:00:52.052786,2023-08-31 22:43:03.419936,True
O001049,L002868,Stone PLC,21025.0,4,True,Negotiation,2026-01-10,2026-02-20 13:43:21.579607,2026-05-17 18:18:45.816207,2026-05-27 01:00:53.150339,2026-06-10 11:23:02.760304,True
O001050,L002869,"Reeves, Tyler and Martinez",63187.0,3,False,Qualified,2024-07-12,2024-07-22 12:22:23.473590,,,,
O001051,L002870,Sheppard Inc,18922.0,5,True,Contract/Legal,2026-03-30,2026-04-12 00:28:21.728928,2026-05-04 23:14:30.525290,2026-05-19 05:28:06.795981,2026-05-21 03:58:21.919510,True
O001052,L002872,Smith Group,6010.0,4,False,Qualified,2024-04-25,2024-05-21 01:33:00.280783,,,,
O001053,L002875,"Scott, Mullins and Miller",29883.0,1,False,Qualified,2026-04-30,2026-05-24 06:54:40.836460,,,,
O001054,L002876,Hunter LLC,13769.0,4,False,Prospecting,2026-08-27,,,,,
O001055,L002877,"Jackson, Rowland and Barrett",10453.0,3,False,Qualified,2025-04-13,2025-05-01 17:32:22.275218,,,,
O001056,L002878,Turner PLC,16858.0,6,False,negotiation,2026-02-28,2026-04-04 22:20:46.620782,2026-04-27 21:48:40.225184,2026-05-13 12:52:27.265716,2026-05-17 06:06:02.413006,True
O001057,L002879,Hopkins-Wallace,10374.0,1,False,Qualified,2023-03-27,2023-04-08 08:07:09.947734,,,,
O001058,L002880,"Henry, Edwards and Bartlett",82482.0,2,True,Negotiation,2024-11-06,2024-11-19 01:07:31.125904,2025-01-19 09:55:26.068493,2025-03-10 11:47:03.738687,2025-03-21 13:02:59.200638,False
O001059,L002882,"Garcia, Weiss and Young",4222.0,3,False,Proposal,2026-06-10,2026-06-30 22:39:34.521467,2026-08-04 15:30:45.343742,,,
O001060,L002883,Thomas and Sons,40235.0,3,False,Qualified,2026-07-31,2026-08-14 17:46:08.521130,,,,
O001061,L002884,Guzman and Sons,,4,True,Negotiation,2024-08-04,2024-09-04 07:27:10.363257,2024-10-03 22:08:03.971486,2024-10-13 23:56:57.392348,2024-11-01 23:31:26.596050,False
O001062,L002887,Santos-Martin,12551.0,4,False,Proposal,2023-09-26,2023-10-01 03:59:31.143484,2023-10-12 07:52:00.368565,,,
O001063,L002890,Jones Ltd,4440.0,4,False,negotiation,2025-02-21,2025-03-17 02:10:05.831366,2025-04-25 21:37:22.856359,2025-04-29 22:59:47.993525,,
O001064,L002894,Stewart Group,,2,False,Negotiation,2023-05-01,2023-05-27 03:50:14.018465,2023-06-24 11:24:05.483472,2023-07-19 13:55:46.467822,,
O001065,L002895,Johnson-Munoz,2372.0,1,True,Qualified,2023-03-23,2023-04-10 16:50:47.825882,,,,
O001066,L002898,Murphy Inc,11599.0,4,False,Proposal,2026-01-17,2026-02-05 18:59:03.925282,2026-02-24 13:12:18.540383,,,
O001067,L002900,Melton and Sons,20580.0,3,True,Negotiation,2023-10-25,2023-11-09 09:00:35.129632,2023-12-12 06:27:32.318768,2023-12-18 12:02:45.156041,2023-12-26 17:19:37.956330,False
O001068,L002904,Chapman-Roman,46139.0,2,True,Qualified,2023-02-17,2023-02-28 20:06:31.221478,,,,
O001069,L002905,Rice Ltd,14229.0,1,False,Negotiation,2025-01-26,2025-02-03 08:58:00.005321,2025-03-05 17:24:17.701290,2025-03-09 00:00:36.084824,,
O001070,L002906,"Grimes, Arnold and Lawson",24988.0,6,False,Qualified,2026-07-23,2026-08-15 20:49:56.638900,,,,
O001071,L002909,"Faulkner, Schmidt and Wheeler",59507.0,3,False,Negotiation,2026-06-21,2026-06-29 21:19:12.251176,2026-08-12 09:05:19.349242,2026-08-24 15:50:27.155589,2026-08-30 10:18:04.861587,True
O001072,L002913,Bradley-Adams,33776.0,4,False,Qualified,2024-04-25,2024-05-01 05:06:22.146142,,,,
O001073,L002914,"Fowler, Wood and Waters",5269.0,3,True,Prospecting,2026-07-30,,,,,
O001074,L002919,Meza Group,96517.0,4,False,Negotiation,2023-05-16,2023-05-21 01:58:03.668353,2023-07-22 07:06:51.051757,2023-08-09 14:53:09.008119,,
O001075,L002923,"Mitchell, Noble and Stokes",17088.0,2,False,Negotiation,2025-07-26,2025-08-05 20:38:39.809209,2025-11-15 00:41:18.101565,2025-12-11 21:16:26.844399,2025-12-20 10:54:40.925344,False
O001076,L002929,Klein Ltd,11377.0,5,True,Negotiation,2024-03-16,2024-03-25 08:07:13.460298,2024-05-14 19:40:14.589194,2024-06-07 11:32:17.639977,2024-06-10 02:36:52.647974,False
O001077,L002935,Simpson-Jackson,1654.0,1,False,Proposal Sent,2025-11-03,2025-11-21 15:23:45.844129,2025-12-29 12:04:06.213531,,,
O001078,L002936,Morgan Ltd,8693.0,4,True,Qualified,2026-07-27,2026-08-02 11:10:15.902516,,,,
O001079,L002940,"Long, Leblanc and Hickman",,7,False,Proposal,2026-07-31,2026-08-11 13:42:24.555732,2026-08-18 04:32:06.612231,,,
O001080,L002941,"Robertson, Barry and Walls",24482.0,3,False,Qualified,2026-08-01,2026-08-15 10:29:07.111486,,,,
O001081,L002943,Murphy-Gomez,53605.0,1,False,Negotiation,2025-03-23,2025-04-15 03:10:39.639592,2025-05-03 10:52:59.842008,2025-05-21 23:50:48.356594,2025-06-13 22:09:02.311458,False
O001082,L002944,Bailey Ltd,,3,False,Negotiation,2023-07-02,2023-07-27 14:18:29.189221,2023-09-03 23:40:47.092180,2023-09-23 14:00:31.539940,2023-10-14 04:29:14.205816,False
O001083,L002945,Morales Inc,7069.0,2,True,Prospecting,2026-08-23,,,,,
O001084,L002946,Jordan and Sons,30747.0,3,True,Negotiation,2023-10-22,2023-11-10 15:33:19.563110,2023-11-17 03:54:55.277494,2023-11-28 01:15:50.394341,2023-12-04 11:52:20.184226,False
O001085,L002949,Hammond LLC,7218.0,3,True,Negotiation,2025-05-20,2025-06-04 20:08:12.242835,2025-08-23 01:58:14.371998,2025-09-17 22:14:56.409045,,
O001086,L002950,Ruiz LLC,3093.0,3,True,Qualified,2026-07-01,2026-07-14 18:59:42.694762,,,,
O001087,L002951,Diaz-Mcclain,3251.0,2,False,Negotiation,2025-10-01,2025-10-14 05:02:26.594435,2025-11-07 15:56:31.435064,2025-11-19 05:57:36.188864,,
O001088,L002952,"Cain, Rodriguez and Gonzales",14195.0,3,False,Proposal,2023-09-08,2023-09-18 04:39:11.013949,2023-12-01 01:09:13.331383,,,
O001089,L002953,Martin-Gomez,3037.0,3,False,Proposal,2026-01-06,2026-01-17 09:53:22.453448,2026-02-25 04:11:06.788396,,,
O001090,L002954,Smith-Stephenson,17346.0,5,False,Qualified,2023-08-23,2023-08-28 11:48:06.052311,,,,
O001091,L002959,Fisher PLC,13587.0,3,True,Prospecting,2026-08-20,,,,,
O001092,L002965,"Smith, Cohen and Williams",22148.0,4,True,Qualified,2025-09-27,2025-10-15 10:50:11.085318,,,,
O001093,L002966,Jordan-Harper,50709.0,3,False,Negotiation,2024-10-05,2024-10-21 05:14:47.761894,2024-11-09 01:30:39.750397,2024-12-11 04:45:37.672440,2024-12-18 01:12:28.491866,True
O001094,L002967,Hamilton LLC,17887.0,3,False,Qualified,2026-07-09,2026-08-10 05:27:44.693733,,,,
O001095,L002970,"Lopez, Campbell and Wilson",,5,True,Negotiation,2024-03-01,2024-03-03 21:03:04.489758,2024-06-10 12:30:32.737470,2024-06-20 01:31:32.309484,2024-06-25 16:00:37.202199,False
O001096,L002971,Gamble-Wright,4326.0,2,False,negotiation,2024-12-24,2025-01-16 16:41:45.692142,2025-02-24 05:11:52.263192,2025-03-11 08:25:59.337437,2025-03-12 14:34:18.776040,False
O001097,L002972,Gonzalez-Mccarthy,4705.0,4,False,Contract/Legal,2025-10-30,2025-12-05 16:25:04.284041,2026-01-05 00:26:37.501492,2026-01-19 08:22:16.396741,2026-01-27 10:30:24.363263,False
O001098,L002974,"White, Riddle and Garza",31842.0,3,False,Qualified,2024-10-28,2024-11-17 08:40:35.270308,,,,
O001099,L002976,Mooney-Hickman,6900.0,3,True,Negotiation,2025-11-09,2025-12-03 18:32:00.452132,2025-12-12 08:26:55.838975,2025-12-24 17:16:54.084800,2026-01-02 07:52:48.131058,False
O001100,L002977,Smith-Gonzalez,7164.0,6,False,Contract/Legal,2024-06-28,2024-07-09 01:40:42.536634,2024-09-07 15:22:11.410856,2024-09-27 23:43:57.004186,,
O001101,L002981,Hicks Ltd,8934.0,2,False,Qualified,2024-01-13,2024-01-28 06:54:57.237460,,,,
O001102,L002984,Wright-Jacobson,42200.0,4,False,Negotiation,2024-10-13,2024-10-14 11:38:26.108123,2024-10-31 02:48:01.796171,2024-11-15 22:10:05.315724,2024-12-04 20:23:02.057202,True
O001103,L002987,"Garcia, Lopez and Vaughan",24425.0,3,False,Qualified,2024-08-26,2024-09-09 15:22:14.915998,,,,
O001104,L002988,Cook-Rodriguez,16145.0,3,True,Qualified,2024-02-04,2024-02-14 04:05:14.560310,,,,
O001105,L002991,"Maxwell, Rice and Watson",2640.0,3,True,Qualified,2023-05-09,2023-05-24 23:20:49.911740,,,,
O001106,L002993,Anderson Ltd,11162.0,1,False,Negotiation,2024-11-13,2024-12-06 17:12:07.422525,2025-04-13 11:59:28.119122,2025-04-27 21:12:05.617625,,
O001107,L002995,"Roth, Lee and Griffin",69156.0,3,False,Prospecting,2026-08-24,,,,,
O001108,L002998,Ferguson and Sons,1231.0,2,True,Negotiation,2025-03-17,2025-04-02 16:40:11.944212,2025-05-22 17:55:06.334461,2025-05-31 17:30:58.075725,2025-06-09 08:16:26.312442,False
O001109,L002999,Anderson Group,7508.0,4,False,Prospecting,2026-08-10,,,,,
O001110,L003000,"Dawson, Snow and Malone",3429.0,2,False,Qualified,2026-05-11,2026-05-21 08:48:05.231666,,,,
O001111,L003001,"Hester, Jacobson and West",42391.0,2,True,Negotiation,2023-12-12,2023-12-21 23:23:44.839509,2024-01-26 21:37:39.950608,2024-02-10 01:30:18.281099,2024-02-14 20:48:34.262709,False
O001112,L003005,"Brown, Compton and Lee",,4,False,Proposal,2026-06-21,2026-06-27 14:19:30.663858,2026-07-13 20:13:27.964750,,,
O001113,L003007,"Mata, Martin and Christensen",5123.0,2,True,Negotiation,2025-12-23,2026-01-02 08:51:47.306970,2026-02-09 07:06:54.716013,2026-02-21 21:14:50.586184,,
O001114,L003009,"Nelson, White and Moore",,2,False,Qualified,2025-11-18,2025-12-02 15:27:22.038349,,,,
O001115,L003010,Vargas Inc,14300.0,2,False,Qualified,2026-05-26,2026-06-03 05:14:45.456227,,,,
O001116,L003015,Bowman LLC,18547.0,2,False,Qualified,2024-01-04,2024-01-28 07:04:28.601053,,,,
O001117,L003018,Smith LLC,73932.0,1,False,Proposal,2025-01-19,2025-01-24 18:04:05.418344,2025-03-06 11:05:45.227003,,,
O001118,L003019,"Jacobs, Wood and Miller",,2,True,Negotiation,2025-10-14,2025-10-29 10:41:39.323271,2025-11-11 13:38:04.215086,2025-11-26 18:01:32.835054,2025-12-09 21:53:23.172713,False
O001119,L003020,"Henson, Baker and Anderson",5094.0,3,True,Qualified,2025-07-18,2025-08-12 06:33:11.567327,,,,
O001120,L003025,"Rodriguez, Reese and Reyes",10384.0,2,True,negotiation,2023-07-20,2023-07-23 11:52:42.830351,2023-10-06 14:09:51.443206,2023-11-01 01:27:46.469195,2023-11-08 10:33:03.517839,False
O001121,L003026,"Scott, Sims and Munoz",62968.0,3,False,proposal,2025-12-28,2026-01-16 16:11:58.190345,2026-03-11 13:02:24.091579,,,
O001122,L003028,Adams-Perkins,2384.0,3,True,Negotiation,2023-08-05,2023-08-20 10:20:06.003408,2023-09-22 21:45:05.501745,2023-10-24 16:53:36.824443,2023-11-29 11:05:02.199267,True
O001123,L003034,Roth Ltd,56711.0,1,False,Negotiation,2026-02-19,2026-02-26 07:34:32.290058,2026-04-20 17:01:47.387151,2026-04-23 18:57:30.738115,2026-05-06 12:44:54.956477,True
O001124,L003037,Ramsey and Sons,21581.0,2,False,Negotiation,2023-03-26,2023-04-07 02:31:15.627866,2023-04-18 13:26:31.041941,2023-05-15 06:01:58.242118,2023-05-20 19:41:52.995505,True
O001125,L003041,Thomas-Burton,5804.0,3,True,Negotiation,2025-10-15,2025-10-28 04:34:25.447105,2025-11-07 05:11:37.895685,2025-11-23 17:53:38.826000,2025-12-01 21:23:12.834832,False
O001126,L003042,Sparks Inc,36880.0,2,False,Negotiation,2024-10-27,2024-12-07 03:26:05.860962,2024-12-25 22:08:21.026044,2025-01-10 00:42:30.031657,,
O001127,L003043,Daniels LLC,6471.0,2,False,Negotiation,2025-05-31,2025-06-09 19:42:14.950822,2025-07-13 06:42:29.831347,2025-07-23 20:41:44.869793,2025-07-28 10:21:41.320081,True
O001128,L003045,Ochoa-Parker,5006.0,4,False,Negotiation,2023-12-24,2024-01-04 15:58:19.300661,2024-03-19 02:10:16.556085,2024-04-08 20:36:00.392370,2024-04-19 04:14:34.338618,True
O001129,L003046,Moore-Brown,,2,False,negotiation,2023-03-24,2023-04-05 18:23:06.735407,2023-06-05 21:41:24.534823,2023-06-11 01:51:54.946616,,
O001130,L003052,Gomez LLC,73325.0,3,False,Qualified,2026-08-20,2026-08-30 08:45:32.372009,,,,
O001131,L003053,Dorsey Ltd,13846.0,2,True,Negotiation,2025-04-28,2025-05-04 06:57:19.106977,2025-06-20 16:44:17.830586,2025-07-24 12:52:15.536884,2025-07-27 08:06:22.004984,False
O001132,L003054,Mcdaniel-Espinoza,1850.0,4,False,Negotiation,2023-07-18,2023-08-07 13:32:47.332567,2023-09-05 07:46:17.181947,2023-10-11 19:56:43.474243,2023-11-04 00:56:17.367523,False
O001133,L003057,Jones-Cook,2730.0,5,False,Negotiation,2024-09-26,2024-10-03 21:02:22.960993,2024-11-06 12:12:24.144631,2024-11-14 18:59:51.150837,2024-11-15 13:57:45.491399,True
O001134,L003059,Munoz and Sons,,6,True,Qualified,2026-07-21,2026-08-05 19:22:02.989072,,,,
O001135,L003060,Moreno-Greene,9723.0,1,False,Contract/Legal,2024-02-20,2024-03-21 03:31:42.939290,2024-04-30 10:56:28.286276,2024-05-15 16:31:17.727174,2024-05-24 22:54:39.154021,True
O001136,L003065,Strickland and Sons,5756.0,3,False,Qualified,2025-06-10,2025-06-15 05:30:01.256159,,,,
O001137,L003066,Hernandez-Griffin,7889.0,4,False,Negotiation,2023-11-29,2024-01-17 22:58:32.081544,2024-03-05 11:26:19.655487,2024-03-20 12:22:25.141972,2024-04-16 07:21:24.116281,False
O001138,L003072,Guzman-Fields,7744.0,4,False,negotiation,2025-09-01,2025-09-16 03:33:43.077839,2025-11-07 06:32:18.316561,2025-11-23 11:24:32.722350,2025-12-11 10:11:44.663268,False
O001139,L003074,Reyes PLC,,1,True,Negotiation,2025-06-13,2025-06-22 20:42:02.544556,2025-07-09 02:43:56.283403,2025-07-21 00:52:32.241572,2025-08-06 19:43:34.854113,True
O001140,L003075,Ryan-Vasquez,48102.0,3,True,Negotiation,2025-01-15,2025-01-21 10:12:21.694923,2025-03-23 07:42:06.219753,2025-04-06 19:51:33.629945,2025-04-12 02:22:57.658854,False
O001141,L003077,Rose-Frank,2203.0,4,False,Qualified,2023-08-11,2023-08-17 18:18:03.930958,,,,
O001142,L003080,Grant-Rosario,32379.0,3,False,Proposal,2024-03-22,2024-04-07 20:20:25.791582,2024-05-24 09:03:01.999324,,,
O001143,L003086,Hayden Ltd,4072.0,2,False,Qualified,2025-07-01,2025-07-23 09:28:18.455815,,,,
O001144,L003087,Bennett Inc,14799.0,2,False,Negotiation,2023-06-19,2023-06-23 15:44:10.968424,2023-07-28 16:20:07.346303,2023-08-05 22:44:02.328387,,
O001145,L003090,Johnson LLC,44619.0,4,False,Negotiation,2023-05-31,2023-06-29 08:50:36.810623,2023-07-30 18:31:54.152271,2023-08-18 08:35:51.164837,2023-08-19 08:20:32.870369,True
O001146,L003092,Carroll Group,19610.0,2,False,Qualified,2025-01-24,2025-01-31 06:23:59.268403,,,,
O001147,L003098,Sanders Group,3384.0,2,False,Negotiation,2025-09-26,2025-11-14 00:22:00.933022,2025-12-15 00:11:00.863212,2026-01-09 12:40:17.101080,2026-01-10 09:11:03.323241,False
O001148,L003100,Ellison-Shaw,29337.0,3,False,Qualified,2024-02-04,2024-02-27 16:25:07.903676,,,,
O001149,L003101,"Perez, Huynh and Nelson",19857.0,1,False,Qualified,2025-04-01,2025-04-15 04:45:33.747892,,,,
O001150,L003102,Boyd and Sons,1194.0,3,True,Negotiation,2023-04-19,2023-05-10 10:02:57.675603,2023-06-27 11:25:35.167196,2023-07-07 06:17:42.289039,2023-07-12 22:20:43.375122,False
O001151,L003103,"Lewis, Montgomery and Robinson",7587.0,2,True,Negotiation,2025-08-05,2025-08-28 18:49:18.392352,2025-09-28 08:28:06.665230,2025-11-10 22:23:11.151848,2025-11-16 05:32:52.803482,False
O001152,L003104,Carson PLC,24529.0,5,False,Proposal,2023-06-06,2023-06-20 09:26:13.861958,2023-07-24 06:10:01.721754,,,
O001153,L003107,Martin-Pratt,,1,False,Qualified,2024-11-18,2024-11-26 14:37:44.325295,,,,
O001154,L003109,Morrison-Bradford,14340.0,5,False,Negotiation,2024-03-20,2024-04-10 14:09:55.734022,2024-04-20 07:41:55.234967,2024-05-06 00:13:56.226156,2024-05-13 06:50:45.602672,True
O001155,L003110,Allen and Sons,26816.0,2,False,Qualified,2024-02-25,2024-03-08 03:28:47.669263,,,,
O001156,L003112,Lopez-Harris,6629.0,1,True,Proposal,2024-04-25,2024-05-02 08:27:34.226368,2024-05-16 08:48:17.728807,,,
O001157,L003113,Allen Inc,1071.0,2,False,Negotiation,2023-10-10,2023-11-19 20:02:53.995734,2024-01-29 03:35:25.756698,2024-02-03 15:40:28.833146,2024-02-14 02:47:15.046994,False
O001158,L003115,Williams Inc,17413.0,2,False,Negotiation,2025-11-28,2025-12-11 14:19:43.428277,2026-01-07 06:13:15.198224,2026-02-05 18:23:44.318927,,
O001159,L003117,Benjamin-Porter,42283.0,5,False,Negotiation,2024-05-08,2024-05-25 19:38:21.961501,2024-08-20 17:10:22.496487,2024-09-15 11:46:14.703971,2024-09-19 07:24:30.474016,True
O001160,L003118,Walton-Swanson,9810.0,1,True,Negotiation,2023-10-04,2023-10-27 05:09:39.242247,2023-11-18 18:06:10.369962,2023-12-06 07:09:31.136510,2023-12-17 15:56:57.408011,False
O001161,L003119,Park Inc,3319.0,4,False,Proposal,2025-02-10,2025-03-11 12:27:40.647082,2025-04-24 07:51:06.729744,,,
O001162,L003120,Russell-Figueroa,30854.0,5,False,Negotiation,2025-06-25,2025-07-19 22:29:03.727674,2025-09-04 05:45:07.403570,2025-09-30 21:01:57.932720,,
O001163,L003123,Willis-Christian,7899.0,3,True,Proposal,2024-10-15,2024-10-30 23:20:09.439882,2024-12-06 15:30:02.796097,,,
O001164,L003128,"Black, Chandler and Curtis",9913.0,5,False,Negotiation,2024-06-11,2024-06-20 18:43:15.947558,2024-08-18 18:10:38.691845,2024-09-08 08:28:19.044668,2024-09-27 01:54:19.301480,True
O001165,L003129,West-Anderson,47146.0,4,False,Prospecting,2026-08-29,,,,,
O001166,L003132,"Hughes, Clark and Bishop",144567.0,3,False,Proposal,2025-09-22,2025-09-28 14:22:27.308288,2025-10-14 12:38:39.141779,,,
O001167,L003133,Rubio PLC,12927.0,1,True,Qualified,2026-08-13,2026-08-17 16:05:02.552357,,,,
O001168,L003139,Davis-White,20362.0,2,False,Negotiation,2023-06-19,2023-06-30 21:41:36.748262,2023-07-18 15:26:38.905921,2023-07-21 16:01:58.227391,,
O001169,L003140,Scott-Kennedy,17417.0,4,False,Qualified,2025-11-24,2025-12-10 17:16:28.134057,,,,
O001170,L003142,Case PLC,21163.0,3,False,Proposal,2023-04-18,2023-05-13 12:43:03.257426,2023-06-25 07:25:09.528813,,,
O001171,L003147,"Cole, Rich and Esparza",22151.0,4,True,Negotiation,2024-06-06,2024-06-11 04:04:22.890945,2024-07-16 00:32:34.635101,2024-08-01 23:13:04.858645,2024-08-06 19:55:19.718227,False
O001172,L003150,"Nicholson, Smith and Farrell",3398.0,4,True,Proposal,2024-03-07,2024-03-25 03:37:02.611555,2024-05-20 18:33:32.391910,,,
O001173,L003151,Bennett-Hudson,14514.0,4,False,Qualified,2025-10-11,2025-11-04 03:58:58.129963,,,,
O001174,L003156,Gonzalez-Murphy,39277.0,2,False,Negotiation,2025-07-20,2025-08-04 22:05:41.827141,2025-10-05 05:21:59.353414,2025-10-30 05:18:54.239630,2025-11-14 07:59:55.667031,True
O001175,L003157,Peterson-Munoz,8052.0,2,False,Negotiation,2024-03-11,2024-03-22 10:55:28.818105,2024-04-08 21:24:45.439087,2024-04-20 12:52:20.242892,2024-04-22 14:11:09.373409,False
O001176,L003159,Ramirez Inc,,2,True,Qualified,2024-10-19,2024-11-11 08:39:59.821345,,,,
O001177,L003160,"Moore, Harrison and Bowman",28017.0,3,False,Negotiation,2024-03-22,2024-04-13 03:21:23.222672,2024-06-11 23:55:27.281919,2024-07-24 10:40:19.083701,,
O001178,L003161,Carroll-Huerta,55147.0,3,True,Negotiation,2025-02-25,2025-03-15 18:28:12.125933,2025-05-09 17:27:26.997312,2025-05-25 02:16:07.098542,2025-06-14 20:19:58.356712,False
O001179,L003164,Parrish Ltd,21520.0,8,True,Negotiation,2025-06-25,2025-07-22 16:28:08.499870,2025-08-23 06:15:57.717437,2025-09-18 20:44:28.018188,,
O001180,L003165,Nelson-Reid,42370.0,3,False,Proposal,2025-04-15,2025-05-01 17:39:46.547692,2025-05-30 03:22:45.457496,,,
O001181,L003166,Thomas LLC,,3,False,Qualified,2026-07-10,2026-07-16 15:31:16.573919,,,,
O001182,L003168,Savage-Warren,62760.0,2,False,Proposal,2025-09-15,2025-10-02 06:24:56.243476,2025-10-23 07:20:57.646624,,,
O001183,L003170,Peterson-Mullins,52995.0,3,False,Negotiation,2025-09-20,2025-10-10 10:43:56.800467,2025-11-14 16:32:43.074444,2025-12-01 09:09:57.512071,2025-12-15 09:14:50.532265,False
O001184,L003171,Gonzalez Group,15322.0,4,False,Proposal,2025-09-13,2025-09-24 12:49:21.358866,2025-10-08 20:55:56.822559,,,
O001185,L003175,Hoffman PLC,13746.0,2,True,Proposal,2025-03-24,2025-04-29 19:07:12.676344,2025-06-06 00:26:47.808089,,,
O001186,L003179,Mosley and Sons,22348.0,3,False,Qualified,2024-03-28,2024-03-31 14:33:36.936743,,,,
O001187,L003182,Harding-Mathews,50074.0,6,True,Negotiation,2023-07-21,2023-08-01 21:43:41.346138,2023-09-04 07:02:40.547491,2023-10-07 09:03:08.597123,2023-10-16 10:59:05.470511,True
O001188,L003185,Horton-Schroeder,49154.0,3,False,Proposal,2023-05-27,2023-06-23 00:47:56.361078,2023-07-08 06:05:11.438564,,,
O001189,L003192,Ellis LLC,,3,False,Qualified,2024-03-16,2024-05-08 15:55:34.205579,,,,
O001190,L003193,Tran and Sons,33550.0,5,True,negotiation,2024-08-28,2024-09-04 12:15:57.657533,2024-09-13 19:08:02.825822,2024-10-27 22:34:25.593663,2024-11-13 23:04:58.648551,False
O001191,L003196,Cowan Inc,10022.0,2,True,Negotiation,2023-07-15,2023-08-27 01:23:29.200702,2023-11-03 23:04:45.758500,2023-12-07 16:18:24.640914,2023-12-13 14:12:51.537411,False
O001192,L003197,Banks PLC,8127.0,4,False,Negotiation,2023-11-23,2023-12-15 09:41:16.245526,2024-01-30 20:24:33.102118,2024-02-14 11:30:42.112107,2024-03-03 12:30:22.938793,True
O001193,L003201,Walker Group,6917.0,3,False,Proposal,2025-07-11,2025-08-19 09:24:49.930557,2025-10-24 22:33:03.271594,,,
O001194,L003205,"Foster, Ayers and Casey",,2,False,Negotiation,2024-03-12,2024-04-03 02:39:31.384152,2024-05-22 13:05:18.387881,2024-06-10 19:43:15.482930,,
O001195,L003206,"Campbell, Hobbs and Baker",18944.0,5,False,Proposal,2026-04-03,2026-04-24 00:34:40.620342,2026-06-30 00:23:09.245210,,,
O001196,L003207,Nunez-Smith,11145.0,4,False,Negotiation,2023-05-24,2023-06-04 18:18:40.508094,2023-07-29 17:53:47.187059,2023-08-07 08:32:58.165410,,
O001197,L003208,Johnson-Johnson,8824.0,3,False,Proposal,2025-06-12,2025-07-23 00:13:04.941003,2025-09-01 02:41:48.555030,,,
O001198,L003209,Randall-Stone,34559.0,1,False,Qualified,2026-08-06,2026-08-14 19:46:22.977837,,,,
O001199,L003210,"Greene, Rogers and Haley",6672.0,3,False,Qualified,2023-08-12,2023-09-17 21:48:17.225678,,,,
O001200,L003211,Allen-Beltran,12939.0,4,True,Negotiation,2023-06-24,2023-07-12 14:04:48.469386,2023-09-15 18:21:20.672784,2023-10-29 04:10:36.278632,,
O001201,L003217,Gordon Ltd,18782.0,2,True,Negotiation,2025-04-26,2025-05-07 07:54:09.230952,2025-07-10 20:00:44.276348,2025-08-08 00:42:47.301338,2025-08-19 04:59:40.401623,False
O001202,L003218,"Mueller, Cameron and Burton",35711.0,3,False,Negotiation,2025-11-21,2025-12-13 07:10:26.348374,2025-12-30 01:04:33.409295,2026-01-08 05:09:54.428912,2026-01-25 05:26:07.487413,False
O001203,L003221,Smith-Carrillo,7003.0,1,True,Negotiation,2025-04-04,2025-04-13 22:41:24.019928,2025-06-17 22:35:39.419335,2025-07-05 08:23:40.351293,2025-07-15 06:07:47.967922,False
O001204,L003223,"Knapp, Miller and Reyes",4547.0,3,False,Proposal,2024-11-19,2024-12-09 11:19:56.805158,2025-03-27 13:37:30.928445,,,
O001205,L003227,Barber Group,19713.0,3,False,Negotiation,2025-10-01,2025-10-17 11:27:58.078638,2025-10-31 07:59:19.756671,2025-11-27 21:34:19.009292,2025-12-03 14:57:03.809388,True
O001206,L003229,Burton Ltd,31223.0,1,False,Qualified,2026-08-19,2026-08-29 19:49:32.238732,,,,
O001207,L003231,Rodriguez LLC,77601.0,5,False,Proposal,2025-01-22,2025-03-05 14:25:17.932578,2025-03-25 05:37:50.524783,,,
O001208,L003237,Schultz-Hayes,9515.0,4,False,Negotiation,2023-12-26,2023-12-28 05:25:38.734323,2024-01-19 15:10:06.155361,2024-01-29 05:15:09.164309,2024-02-14 19:49:25.267728,True
O001209,L003238,White Inc,8692.0,1,False,Negotiation,2025-11-03,2025-11-28 03:34:52.919873,2025-12-31 02:27:52.132119,2026-01-19 20:04:51.988230,2026-02-21 15:21:24.036395,True
O001210,L003240,"Bond, Wilson and Cooper",13537.0,1,False,Negotiation,2026-03-28,2026-04-05 02:41:29.891824,2026-06-10 18:30:35.592397,2026-06-17 08:51:39.002400,2026-07-05 20:36:37.396110,True
O001211,L003242,"Smith, Boyd and Scott",6793.0,1,False,Proposal,2026-02-11,2026-03-02 18:06:23.254538,2026-03-13 19:43:18.948541,,,
O001212,L003246,Taylor-Miller,9676.0,4,False,Negotiation,2024-04-28,2024-05-24 03:12:07.921062,2024-06-05 00:23:49.876975,2024-06-21 08:44:25.659698,2024-07-03 14:59:48.588886,False
O001213,L003252,Hayden-Garcia,27355.0,6,False,Proposal,2025-05-14,2025-05-19 00:38:45.148005,2025-07-24 21:14:25.883749,,,
O001214,L003254,Hamilton-Griffin,14210.0,2,True,negotiation,2023-10-01,2023-10-06 21:41:55.050677,2023-10-22 04:26:24.691536,2023-11-08 01:50:48.970094,,
O001215,L003255,"Burgess, Cabrera and Dean",18666.0,4,False,Proposal Sent,2023-08-14,2023-08-29 13:52:19.311849,2023-09-27 04:44:10.564141,,,
O001216,L003262,Lewis LLC,6665.0,1,False,Proposal,2023-11-21,2023-12-06 22:27:37.797077,2023-12-28 17:53:23.975183,,,
O001217,L003263,Thomas-Edwards,11349.0,2,False,Proposal,2024-04-12,2024-04-22 19:05:58.710569,2024-06-17 12:00:41.740404,,,
O001218,L003265,"Murphy, Marshall and Pope",22880.0,6,False,Negotiation,2023-11-30,2023-12-16 09:05:24.782368,2023-12-29 18:25:15.597682,2024-01-12 15:27:00.351023,2024-01-22 09:29:52.859825,True
O001219,L003266,Hoffman Group,8370.0,3,False,Proposal,2025-08-09,2025-09-22 17:58:55.203034,2025-10-04 01:01:01.699976,,,
O001220,L003271,Li-Gonzalez,9084.0,3,True,Proposal,2024-05-19,2024-06-23 05:34:39.549622,2024-07-20 17:50:22.998567,,,
O001221,L003272,Lang Group,3069.0,1,True,Negotiation,2025-02-17,2025-03-03 14:21:52.156245,2025-03-12 17:00:23.996716,2025-04-13 10:56:46.128060,2025-04-22 16:01:49.247093,False
O001222,L003273,Mooney Group,,4,True,Proposal,2024-04-04,2024-05-21 05:48:44.743919,2024-06-19 08:02:31.321490,,,
O001223,L003274,Martinez and Sons,13375.0,2,True,Contract/Legal,2025-11-14,2025-11-23 03:31:03.926621,2026-01-02 13:26:20.597287,2026-01-18 04:35:14.821603,2026-02-08 14:12:49.598640,False
O001224,L003275,"Murphy, Reyes and Ray",2089.0,4,False,Negotiation,2023-11-25,2023-11-29 23:20:53.500495,2023-12-12 14:45:37.922517,2023-12-19 08:29:00.459632,,
O001225,L003277,"Travis, Buck and Mitchell",10117.0,3,False,Negotiation,2025-10-10,2025-11-05 21:18:01.370234,2026-01-03 09:25:49.491722,2026-01-18 14:24:04.423971,2026-01-27 16:25:12.504725,True
O001226,L003278,Johnson-Ferguson,1662.0,2,False,negotiation,2023-08-03,2023-08-14 22:40:34.027473,2023-08-31 18:14:14.441241,2023-10-03 20:29:59.940082,2023-10-18 17:37:28.614776,False
O001227,L003279,"Williams, Newman and Jones",7199.0,5,False,Qualified,2024-05-03,2024-05-07 15:33:56.467819,,,,
O001228,L003280,Gallegos Group,3143.0,4,False,Qualified,2023-08-04,2023-08-21 12:23:02.275735,,,,
O001229,L003281,"Turner, Stewart and Reed",5992.0,2,False,Negotiation,2023-07-20,2023-08-02 19:03:34.994145,2023-09-29 12:28:09.531304,2023-10-21 11:07:58.821919,,
O001230,L003282,Hawkins LLC,21870.0,2,False,Negotiation,2024-02-13,2024-03-02 03:33:24.062954,2024-05-21 05:50:08.509052,2024-06-20 06:06:46.177742,,
O001231,L003284,"Riggs, Snyder and Davidson",14892.0,2,False,Negotiation,2024-04-01,2024-05-05 16:32:07.593887,2024-06-10 19:58:18.970615,2024-07-03 00:57:27.418610,2024-07-07 02:14:08.471783,False
O001232,L003285,Cameron PLC,10701.0,3,False,Prospecting,2026-08-26,,,,,
O001233,L003286,Johnson Inc,48705.0,4,False,Proposal,2026-04-06,2026-04-25 04:37:10.258880,2026-05-14 08:44:18.952895,,,
O001234,L003298,Barnett-Boyd,6724.0,4,False,Prospecting,2026-08-29,,,,,
O001235,L003299,Lane Ltd,14820.0,4,False,Negotiation,2023-02-08,2023-03-03 17:00:10.377903,2023-04-09 12:49:02.464099,2023-05-07 17:59:37.929209,2023-05-13 15:55:53.102375,False
O001236,L003300,Bray-Morris,9886.0,4,False,Qualified,2023-11-08,2023-11-23 16:05:39.975808,,,,
O001237,L003302,"Miller, Hansen and Salas",80954.0,2,True,Negotiation,2026-05-18,2026-05-27 23:26:09.140747,2026-06-23 22:25:34.548770,2026-07-22 20:05:31.251080,2026-07-29 12:46:35.185323,False
O001238,L003323,"Snyder, Hamilton and Maldonado",9545.0,7,False,Negotiation,2023-06-10,2023-06-20 15:56:00.809151,2023-06-30 20:50:40.350176,2023-07-19 20:15:05.648454,2023-08-04 21:39:47.998958,True
O001239,L003324,"Wright, Rodriguez and Wilson",45211.0,3,False,Negotiation,2026-02-23,2026-03-17 02:56:03.515696,2026-05-28 13:54:01.834665,2026-06-06 17:42:06.946498,2026-06-25 02:38:12.700742,True
O001240,L003325,Johnston and Sons,15626.0,1,False,negotiation,2025-12-28,2026-01-05 08:15:56.189816,2026-04-17 06:39:29.914060,2026-05-03 06:56:21.172971,2026-05-17 20:28:54.230694,True
O001241,L003332,"Velez, Howell and Stevenson",27496.0,2,False,Qualified,2026-06-10,2026-06-16 12:37:24.538499,,,,
O001242,L003333,"Allen, Edwards and Jones",30080.0,4,False,Qualified,2026-08-21,2026-08-31 17:47:03.279240,,,,
O001243,L003334,Cook Group,5365.0,2,False,Qualified,2024-07-09,2024-07-17 15:05:36.110359,,,,
O001244,L003337,Ibarra-Jackson,71875.0,5,False,Qualified,2025-08-17,2025-08-23 13:00:26.256270,,,,
O001245,L003339,"Smith, Marks and Kennedy",36154.0,1,True,Contract/Legal,2024-09-24,2024-09-30 13:34:54.073421,2024-11-08 21:04:37.058399,2024-12-13 18:45:32.665751,2024-12-16 21:51:01.081872,False
O001246,L003344,Chavez-Navarro,25494.0,3,True,Qualified,2023-05-11,2023-06-04 08:10:39.794792,,,,
O001247,L003346,Carey LLC,2100.0,3,False,Negotiation,2023-11-09,2023-11-21 02:38:33.677188,2023-12-05 13:16:12.898571,2023-12-21 21:27:18.625032,2023-12-28 20:20:12.563343,True
O001248,L003349,"Smith, Irwin and Chase",5160.0,6,False,Negotiation,2024-07-31,2024-08-14 06:15:30.358351,2024-10-14 03:48:09.834823,2024-10-28 17:23:03.976565,2024-10-30 23:57:56.898325,True
O001249,L003355,"Thompson, Lozano and Bailey",25213.0,2,True,Qualified,2026-04-22,2026-05-15 06:34:22.595777,,,,
O001250,L003358,"Miles, Flowers and Martinez",20728.0,2,False,negotiation,2024-02-19,2024-03-03 13:06:37.603875,2024-03-30 15:39:03.992752,2024-04-07 02:39:27.354317,2024-04-13 07:40:50.959234,False
O001251,L003361,Ho-Thomas,3681.0,3,False,Proposal,2023-04-17,2023-05-05 05:23:43.514476,2023-05-21 22:13:47.645096,,,
O001252,L003363,"Martin, Tucker and Brown",17000.0,1,True,Negotiation,2025-04-27,2025-05-20 14:24:11.482876,2025-06-25 22:05:45.997899,2025-07-20 23:05:29.228696,2025-08-03 04:35:07.743029,False
O001253,L003364,Smith-Williams,3101.0,3,False,Prospecting,2026-08-13,,,,,
O001254,L003365,Petersen-Martinez,1429.0,3,True,Qualified,2026-07-23,2026-07-27 23:22:12.635138,,,,
O001255,L003369,"Moore, Miller and Nelson",26270.0,1,True,Contract/Legal,2024-05-22,2024-06-03 11:01:19.723935,2024-06-23 10:21:25.839860,2024-07-08 08:59:18.039784,2024-07-16 11:33:31.480933,True
O001256,L003371,Johnson LLC,9747.0,4,False,Qualified,2026-07-28,2026-08-02 15:37:51.739894,,,,
O001257,L003377,Wright Group,59667.0,2,True,Negotiation,2025-12-20,2025-12-25 09:17:19.934140,2026-03-17 03:32:50.912301,2026-03-26 03:32:03.933065,2026-03-30 04:04:38.480352,False
O001258,L003379,"Murray, White and Patton",17535.0,1,True,Qualified,2026-07-10,2026-07-13 23:22:22.807633,,,,
O001259,L003380,Davis-Rose,5626.0,3,True,Negotiation,2025-08-17,2025-08-19 10:08:30.349756,2025-10-15 04:27:56.060265,2025-10-24 02:24:31.255748,,
O001260,L003382,Gomez-Owens,6819.0,2,True,Negotiation,2026-03-14,2026-03-23 07:16:44.549367,2026-05-14 10:28:01.165089,2026-05-25 21:38:25.313774,2026-05-30 19:38:16.142972,False
O001261,L003387,Martinez-Daniels,34401.0,3,False,Negotiation,2025-07-17,2025-07-20 00:44:01.290177,2025-08-05 21:04:48.276155,2025-08-23 09:54:14.127259,2025-08-29 06:53:07.764550,True
O001262,L003392,Gallegos-Santos,13440.0,3,True,Negotiation,2023-03-26,2023-04-06 05:07:48.962462,2023-04-20 00:39:17.522061,2023-04-29 16:14:01.188696,,
O001263,L003396,"Harris, Thomas and Yang",4215.0,2,False,Proposal,2024-12-29,2025-01-06 11:34:37.976879,2025-02-20 06:11:56.483072,,,
O001264,L003397,Taylor-Jacobson,10349.0,4,False,Proposal,2024-12-11,2024-12-12 12:07:34.426989,2025-01-22 19:15:53.371608,,,
O001265,L003399,Shaffer PLC,27340.0,5,True,Negotiation,2024-03-08,2024-03-22 12:55:25.834205,2024-06-11 18:20:52.239576,2024-06-29 12:32:29.897662,2024-07-10 01:52:16.460051,True
O001266,L003400,"Gonzalez, Jones and Hernandez",4623.0,2,True,Qualified,2023-09-20,2023-09-26 16:16:11.631193,,,,
O001267,L003401,Meyer and Sons,16080.0,6,False,Qualified,2023-08-29,2023-09-16 07:56:00.324271,,,,
O001268,L003403,"Wallace, Brown and Martinez",1467.0,3,False,proposal,2023-02-03,2023-02-15 19:15:34.842102,2023-03-04 16:01:23.884957,,,
O001269,L003415,Bryant-Elliott,9766.0,2,True,Proposal,2024-07-13,2024-07-29 00:04:52.716708,2024-08-20 08:01:38.225311,,,
O001270,L003421,"Warren, Palmer and Thompson",5114.0,5,False,Negotiation,2025-10-22,2025-11-19 20:46:57.639780,2025-12-08 12:43:17.255054,2025-12-15 20:03:55.305922,,
O001271,L003424,Glover-Barrett,21258.0,5,False,Negotiation,2024-09-20,2024-10-17 23:34:53.399676,2024-12-29 03:48:30.958664,2025-01-06 05:31:25.025444,,
O001272,L003427,"White, Erickson and Hunter",157175.0,4,False,Negotiation,2024-06-29,2024-07-08 11:21:03.423970,2024-08-02 01:14:37.650212,2024-09-10 15:59:59.136636,2024-09-13 19:01:22.219931,True
O001273,L003429,"Bailey, Williamson and Powell",28351.0,4,True,Negotiation,2025-11-26,2025-12-12 16:29:59.454202,2026-01-12 08:33:21.617271,2026-01-14 04:15:49.202165,2026-01-18 02:32:11.287035,True
O001274,L003436,Brown LLC,14494.0,5,False,Qualified,2026-07-11,2026-07-16 08:00:20.730252,,,,
O001275,L003437,Johnson Ltd,32968.0,4,False,Negotiation,2025-04-10,2025-04-30 08:27:42.535674,2025-07-22 18:42:53.318661,2025-08-03 22:27:14.753567,2025-09-08 09:01:57.998095,True
O001276,L003444,Cervantes-Stokes,43661.0,4,False,negotiation,2025-06-06,2025-06-17 13:07:04.888376,2025-08-15 00:23:02.542107,2025-08-26 14:08:01.708419,2025-09-03 17:28:59.270233,True
O001277,L003445,Miller Inc,17617.0,3,False,proposal,2024-01-13,2024-01-23 01:13:28.407508,2024-02-05 08:54:07.935361,,,
O001278,L003446,"Moyer, Davis and Johnson",10950.0,1,False,Proposal,2024-11-16,2024-12-03 04:25:22.037439,2025-02-13 04:17:23.554996,,,
O001279,L003450,"May, Crawford and Collier",9436.0,1,False,negotiation,2024-09-29,2024-10-14 05:00:37.453451,2024-11-02 15:53:12.991310,2024-11-22 06:14:55.188278,,
O001280,L003451,"Carey, Mason and Kelly",32430.0,1,False,Negotiation,2023-04-25,2023-05-10 01:08:51.014714,2023-06-26 05:57:32.494687,2023-07-31 08:20:52.113092,2023-08-10 22:11:00.279936,False
O001281,L003455,"Fernandez, Johnson and Nicholson",94879.0,1,False,Prospecting,2026-08-28,,,,,
O001282,L003458,Jones-Johnston,34357.0,2,True,Negotiation,2023-06-09,2023-06-20 12:18:52.699715,2023-08-30 22:08:00.621131,2023-09-10 16:54:01.862151,2023-09-13 16:36:34.337538,False
O001283,L003463,Gonzalez-Barron,44667.0,3,True,Negotiation,2023-10-13,2023-10-31 12:37:10.800600,2023-11-25 17:14:43.296272,2024-01-13 20:34:11.551771,2024-01-17 19:18:56.173175,False
O001284,L003464,Taylor PLC,32246.0,3,False,Contract/Legal,2024-08-11,2024-09-11 12:17:22.761783,2024-11-07 09:23:15.489704,2024-12-02 13:00:09.123077,2024-12-25 23:30:08.427563,True
O001285,L003467,"Strong, Warner and Cannon",56830.0,2,False,Proposal Sent,2026-02-10,2026-02-13 23:47:46.729281,2026-03-17 06:22:48.203024,,,
O001286,L003469,George-Salazar,11414.0,2,False,Negotiation,2023-10-29,2023-11-12 12:00:53.930812,2024-02-10 00:52:25.428763,2024-02-23 01:11:03.866080,2024-02-29 12:51:16.706660,True
O001287,L003472,Johnson PLC,3761.0,1,False,Negotiation,2026-03-01,2026-04-08 03:34:49.857312,2026-04-16 22:38:59.086018,2026-06-03 19:17:11.054851,2026-06-17 21:06:55.709198,True
O001288,L003473,Santos Group,2329.0,2,True,Negotiation,2025-08-19,2025-08-23 15:26:58.696983,2025-08-30 01:24:53.687424,2025-09-05 11:28:56.084841,2025-09-17 01:05:39.544323,False
O001289,L003474,Turner-Horn,,1,False,Qualified,2025-04-30,2025-05-14 11:13:22.569766,,,,
O001290,L003478,Tran Inc,2183.0,3,True,Negotiation,2025-09-23,2025-10-03 03:11:29.059617,2025-10-05 16:07:21.705375,2025-10-31 18:39:00.948157,2025-11-01 23:36:25.035176,False
O001291,L003481,Kim PLC,27324.0,3,False,Negotiation,2024-01-14,2024-02-06 12:46:59.682027,2024-02-28 10:45:12.403503,2024-03-06 00:04:52.291344,2024-01-11 00:00:00.000000,False
O001292,L003487,White-Williams,33360.0,3,True,Qualified,2026-08-26,2026-08-29 15:29:27.554396,,,,
O001293,L003489,Anderson-Sanders,9228.0,4,True,Negotiation,2026-03-03,2026-03-29 05:59:44.706382,2026-05-21 19:18:18.813334,2026-06-13 01:26:52.712649,,
O001294,L003491,"Harris, Thornton and Li",2285.0,3,False,Qualified,2023-07-17,2023-09-07 13:29:46.538493,,,,
O001295,L003494,"Sanchez, Orozco and Flores",7210.0,3,False,Negotiation,2026-04-22,2026-06-01 04:29:31.881790,2026-07-06 10:21:57.915545,2026-07-26 16:07:53.215803,2026-08-05 18:26:49.275841,True
O001296,L003495,"Gordon, Brown and Mccullough",10142.0,3,True,Negotiation,2024-08-30,2024-09-09 18:45:12.964294,2024-11-01 04:24:47.925947,2024-11-16 05:18:23.045763,2024-11-28 12:52:32.535803,False
O001297,L003496,"Sampson, Tucker and Miller",2187.0,3,False,Qualified,2024-04-23,2024-05-03 00:01:43.061116,,,,
O001298,L003498,Torres PLC,29189.0,2,False,Prospecting,2026-08-30,,,,,
O001299,L003499,Martinez Ltd,25531.0,3,True,proposal,2025-07-31,2025-08-15 02:10:19.631765,2025-09-16 23:57:18.758342,,,
O001300,L003500,Johnson and Sons,32099.0,5,True,Negotiation,2023-12-31,2024-01-16 03:42:26.486123,2024-02-15 13:22:27.587675,2024-03-23 21:06:19.356320,2024-03-27 04:50:10.909400,True
O001301,L003501,"Alexander, Duran and Benton",4332.0,3,True,Negotiation,2024-03-05,2024-03-14 19:28:29.920559,2024-05-03 22:11:25.738046,2024-05-14 23:39:22.647466,2024-05-16 22:02:14.583481,False
O001302,L003505,Simpson-Roy,42314.0,3,True,Negotiation,2025-06-13,2025-07-09 14:48:43.923548,2025-08-06 18:27:58.124310,2025-08-16 05:24:14.521473,2025-08-17 17:54:41.807584,False
O001303,L003506,Wallace-Walker,,2,True,Negotiation,2023-06-10,2023-06-28 21:55:05.639021,2023-07-25 22:19:24.614121,2023-08-08 00:54:18.381087,,
O001304,L003510,Livingston-Solomon,36858.0,2,False,Negotiation,2023-04-12,2023-05-04 12:53:21.881981,2023-05-19 20:15:49.443317,2023-05-31 04:17:43.533415,2023-06-14 05:45:26.990948,True
O001305,L003511,"Robinson, Johnson and Swanson",40662.0,3,False,Negotiation,2025-02-27,2025-03-14 06:56:42.388090,2025-04-08 20:32:50.759239,2025-04-20 21:53:57.440600,2025-04-28 00:02:07.398818,True
O001306,L003518,Marsh-Tapia,,5,False,Negotiation,2025-07-18,2025-07-30 10:51:06.119475,2025-09-21 11:41:28.794151,2025-10-24 08:41:09.651084,2025-11-03 19:42:18.184777,True
O001307,L003520,Morgan-Foster,7943.0,1,False,Negotiation,2023-07-03,2023-07-06 14:52:09.458511,2023-10-01 01:09:52.915029,2023-10-14 20:58:06.937632,2023-10-22 06:12:04.913746,False
O001308,L003523,"Guerrero, Huff and Abbott",8224.0,2,False,Negotiation,2024-09-12,2024-09-28 12:23:28.426221,2024-10-24 13:28:29.021758,2024-11-06 17:03:46.835703,,
O001309,L003526,"Richard, Robinson and Brown",18428.0,2,False,Qualified,2025-03-18,2025-04-02 06:09:49.025088,,,,
O001310,L003528,"Edwards, Brown and White",6503.0,3,False,Negotiation,2025-05-24,2025-06-05 16:40:23.458460,2025-06-13 13:55:29.623825,2025-06-19 23:42:15.616339,2025-07-01 05:29:40.326934,True
O001311,L003534,"Braun, Hester and Smith",8009.0,2,False,Negotiation,2024-02-23,2024-03-05 23:50:44.858552,2024-03-29 01:03:20.927729,2024-05-24 17:58:40.744795,2024-06-06 10:23:11.644562,False
O001312,L003538,Hudson-Calderon,,5,False,Negotiation,2024-12-27,2025-01-01 22:36:16.799107,2025-03-11 12:43:22.134815,2025-03-20 18:08:25.103136,,
O001313,L003540,Johnson PLC,10356.0,3,True,Negotiation,2023-06-06,2023-06-26 07:29:18.337307,2023-08-12 05:33:41.447204,2023-09-01 08:14:31.248821,2023-09-03 19:50:27.414708,False
O001314,L003542,"Brooks, Dunlap and Carter",8450.0,8,False,Qualified,2025-05-06,2025-05-31 07:42:16.950609,,,,
O001315,L003546,Dixon-Norman,,2,True,Negotiation,2025-04-13,2025-05-11 12:53:48.084161,2025-05-22 16:27:17.286801,2025-06-04 13:58:54.848813,2025-06-09 06:14:55.800217,False
O001316,L003548,Rivas-Johnson,5787.0,4,False,Qualified,2025-07-13,2025-08-17 22:22:53.108392,,,,
O001317,L003549,"Hernandez, Farmer and Banks",40753.0,1,False,Prospecting,2026-09-01,,,,,
O001318,L003550,Benjamin and Sons,30151.0,4,True,Negotiation,2026-04-03,2026-04-06 08:29:32.563452,2026-05-18 05:09:47.890887,2026-06-17 17:10:59.105855,2026-06-22 21:47:40.982032,True
O001319,L003552,Ryan-Martinez,17617.0,4,True,Qualified,2024-06-04,2024-06-13 12:51:17.783239,,,,
O001320,L003557,Steele Group,14729.0,2,False,Proposal,2025-09-14,2025-10-01 18:25:37.130422,2025-11-11 14:52:18.100342,,,
O001321,L003564,Ortiz PLC,14342.0,7,False,Proposal,2023-05-23,2023-06-01 11:49:41.804324,2023-09-06 03:57:08.054482,,,
O001322,L003569,Newton-Martinez,34540.0,2,False,Negotiation,2023-07-12,2023-08-05 04:08:05.483661,2023-08-26 09:01:07.564230,2023-09-22 18:00:01.483630,2023-09-27 18:52:38.846093,True
O001323,L003570,Bass Inc,44650.0,2,False,Negotiation,2026-05-03,2026-05-23 15:29:21.289257,2026-06-16 22:27:48.486267,2026-07-10 02:36:05.272713,2026-07-11 19:31:18.297216,True
O001324,L003571,"Jackson, Jones and Robertson",10048.0,1,True,Negotiation,2025-09-06,2025-09-09 04:35:02.553468,2025-09-29 23:59:15.950224,2025-10-27 15:25:46.378556,2025-11-28 16:46:12.130187,True
O001325,L003576,"Williams, Rodgers and Kelly",10249.0,5,False,Negotiation,2023-05-23,2023-06-08 03:54:03.738411,2023-06-22 06:59:11.071569,2023-07-09 14:28:31.372860,2023-07-13 20:27:38.518247,False
O001326,L003580,"Hendricks, Zuniga and Miller",,1,True,Negotiation,2024-12-17,2024-12-24 22:40:37.472381,2025-01-13 03:12:40.208999,2025-01-29 22:28:42.208225,2025-02-02 22:15:04.724034,False
O001327,L003581,Watkins LLC,,3,True,Contract/Legal,2023-12-22,2024-01-12 22:15:26.960245,2024-01-29 01:32:32.654353,2024-02-19 23:46:36.639506,2024-02-26 08:20:43.791407,False
O001328,L003582,"Banks, Gray and Gonzales",6700.0,6,True,Negotiation,2025-02-28,2025-03-13 20:35:18.372679,2025-05-31 10:16:43.180608,2025-06-09 19:55:49.672550,2025-06-14 03:34:08.851583,True
O001329,L003586,"Romero, Reilly and Mitchell",3897.0,2,True,Negotiation,2025-10-17,2025-10-22 05:40:49.635127,2025-11-30 05:02:27.056359,2025-12-10 02:56:46.473340,,
O001330,L003589,"Clark, Stone and Andrews",6342.0,3,True,Prospecting,2026-08-30,,,,,
O001331,L003594,Davis PLC,5652.0,2,False,Negotiation,2023-06-10,2023-07-11 00:59:19.589663,2023-08-20 06:59:09.794641,2023-09-05 03:17:09.414927,2023-09-09 14:43:27.808925,True
O001332,L003595,"Fischer, Johnson and Orr",78685.0,2,False,Qualified,2024-10-19,2024-11-10 20:11:33.658835,,,,
O001333,L003599,Phillips-Rodriguez,11840.0,6,False,Qualified,2025-09-22,2025-10-27 11:44:46.210015,,,,
O001334,L003600,"Calhoun, Wilson and Oneal",34044.0,5,False,Negotiation,2023-08-18,2023-10-01 09:56:33.910936,2023-12-27 21:17:19.401631,2024-01-03 21:10:13.533882,,
O001335,L003602,Dennis-Wilson,18453.0,3,False,negotiation,2024-03-15,2024-05-04 10:37:00.045992,2024-06-29 21:05:54.761817,2024-08-14 12:14:36.741376,2024-08-15 11:16:16.197785,False
O001336,L003608,Hamilton Ltd,35185.0,2,False,Negotiation,2023-04-24,2023-05-13 11:49:50.278237,2023-07-22 23:44:28.598467,2023-08-19 15:40:35.167659,2023-09-01 16:40:29.430653,True
O001337,L003610,"Johnson, Walters and Smith",33876.0,3,True,Qualified,2023-08-09,2023-09-06 17:49:53.229663,,,,
O001338,L003612,"Gonzalez, Harrison and Washington",7527.0,3,False,Proposal Sent,2024-01-29,2024-02-05 09:06:40.979832,2024-03-08 03:47:49.362784,,,
O001339,L003613,Gross LLC,11697.0,3,True,Prospecting,2026-08-22,,,,,
O001340,L003616,Henry PLC,8411.0,3,False,Negotiation,2025-06-06,2025-06-22 19:00:51.324164,2025-08-25 07:35:14.959796,2025-09-24 10:40:32.932649,2025-10-06 11:40:46.930084,True
O001341,L003620,"Best, Humphrey and Pittman",77416.0,3,False,Proposal,2023-02-18,2023-03-10 14:29:33.831794,2023-04-27 11:43:00.312492,,,
O001342,L003621,Contreras-Henry,6123.0,1,False,Qualified,2023-08-30,2023-09-05 11:20:14.588860,,,,
O001343,L003622,"Myers, Howard and Castillo",7315.0,3,False,Qualified,2024-10-25,2024-11-13 00:53:12.754636,,,,
O001344,L003623,Robinson LLC,100637.0,5,False,Qualified,2023-06-24,2023-07-21 01:34:26.182534,,,,
O001345,L003626,"Wilson, Terry and Bush",11518.0,2,False,Negotiation,2025-09-28,2025-10-14 03:42:56.092351,2025-11-06 14:53:35.113374,2025-11-12 07:03:52.286013,2025-11-17 13:45:26.655073,True
O001346,L003627,Larsen-Shields,77359.0,7,False,Qualified,2023-10-30,2023-12-12 01:25:07.623586,,,,
O001347,L003630,"Ingram, Green and Stewart",41435.0,3,False,Proposal,2023-11-17,2023-11-27 11:20:58.728280,2023-12-21 20:39:32.160306,,,
O001348,L003631,Lamb-Coleman,10680.0,1,False,Prospecting,2026-09-01,,,,,
O001349,L003637,"Rivera, Jacobs and Smith",13648.0,4,True,Negotiation,2023-09-10,2023-09-17 03:58:43.148477,2023-11-08 14:52:53.030497,2023-11-18 12:51:25.404924,2023-12-01 17:37:34.330907,False
O001350,L003639,Barr-Wang,,3,False,Qualified,2024-05-20,2024-06-21 22:58:18.885090,,,,
O001351,L003640,"Brown, Williams and Clark",15876.0,5,False,Negotiation,2023-08-24,2023-09-08 17:21:16.693590,2023-12-07 22:13:15.791656,2023-12-21 16:18:53.793310,2023-12-31 14:06:41.052597,False
O001352,L003641,"Gonzalez, Moore and Nichols",10123.0,2,False,Prospecting,2026-08-25,,,,,
O001353,L003643,Gutierrez-Tran,7513.0,2,True,Negotiation,2023-09-29,2023-10-15 14:23:07.465241,2023-12-04 12:55:34.433755,2023-12-28 07:58:36.224053,2024-01-07 11:27:46.150717,False
O001354,L003650,Hess Group,5176.0,8,False,Qualified,2026-08-10,2026-08-14 18:53:22.550273,,,,
O001355,L003653,"Warner, Oconnor and Smith",10424.0,4,True,Negotiation,2025-09-23,2025-10-05 06:25:46.268327,2025-11-07 23:26:02.866446,2025-11-26 10:37:33.198891,2025-12-07 06:06:59.751687,True
O001356,L003655,"Chapman, Myers and Decker",101737.0,2,False,Proposal,2024-08-20,2024-09-12 07:13:43.501088,2024-09-26 14:57:11.497829,,,
O001357,L003656,Glover-Coleman,3763.0,6,False,Negotiation,2023-10-26,2023-11-06 16:22:28.594576,2023-12-06 17:01:19.024397,2023-12-28 17:28:56.387237,,
O001358,L003657,"Johnson, Hill and Harris",16879.0,2,True,Proposal,2023-07-25,2023-08-19 03:45:42.794591,2023-10-03 19:10:51.472222,,,
O001359,L003659,Carter-Davis,78344.0,3,True,Proposal,2024-07-08,2024-07-19 07:25:34.072947,2024-09-05 11:00:18.561199,,,
O001360,L003660,Hoffman-Webb,34397.0,2,False,Negotiation,2025-07-09,2025-07-21 04:19:35.922661,2025-08-10 03:08:47.121663,2025-08-23 08:29:31.810838,2025-08-27 22:04:54.122865,True
O001361,L003661,"Ferguson, Sanchez and Smith",48648.0,1,True,Negotiation,2024-03-26,2024-04-22 12:32:11.917234,2024-06-01 05:25:09.502907,2024-06-12 21:19:07.306278,2024-07-08 06:52:21.257988,False
O001362,L003662,Luna-Bean,17900.0,1,True,Negotiation,2025-11-07,2025-11-09 01:34:23.838199,2025-11-29 07:55:09.073642,2025-12-08 02:35:40.430073,,
O001363,L003663,"Klein, Chavez and Lane",69212.0,4,False,Negotiation,2025-07-28,2025-08-25 19:07:39.986502,2025-10-01 15:40:48.827463,2025-10-06 10:29:59.739408,2025-10-25 03:41:33.427293,True
O001364,L003665,Wood-Hart,9672.0,3,True,Negotiation,2024-02-20,2024-03-07 07:40:34.680827,2024-04-01 15:17:38.683345,2024-05-03 06:08:55.106841,2024-05-14 10:09:18.501119,False
O001365,L003670,Mills-Franco,14446.0,3,False,Qualified,2025-05-15,2025-06-14 12:45:30.867348,,,,
O001366,L003672,Jenkins-Yang,5786.0,5,False,Prospecting,2026-08-20,,,,,
O001367,L003673,Johnson Ltd,12841.0,3,False,negotiation,2023-04-12,2023-05-02 11:05:40.356060,2023-06-03 04:14:33.611623,2023-06-28 15:05:52.496063,2023-07-09 17:09:36.051008,False
O001368,L003680,"Goodman, Martin and Kim",13466.0,3,False,Negotiation,2026-01-10,2026-01-24 23:56:36.559491,2026-02-27 00:50:03.372409,2026-03-06 18:08:43.995662,2026-03-12 15:54:10.020693,False
O001369,L003681,Williams Group,7910.0,3,False,Proposal Sent,2025-06-04,2025-06-25 20:22:35.725208,2025-07-28 05:35:59.405829,,,
O001370,L003683,Taylor-Sawyer,28239.0,3,False,Proposal,2023-09-12,2023-10-04 03:10:15.686110,2023-12-22 05:54:55.109727,,,
O001371,L003685,Forbes-Cortez,18900.0,3,False,Qualified,2026-05-23,2026-06-28 12:45:06.577718,,,,
O001372,L003686,"Nelson, Morris and Preston",3182.0,2,False,Negotiation,2025-03-28,2025-04-05 19:24:19.508832,2025-04-20 23:06:34.836322,2025-05-08 02:24:46.350807,,
O001373,L003687,"Santos, Thomas and Mills",128125.0,2,False,Proposal,2024-10-31,2024-11-12 05:12:02.748060,2024-12-21 03:15:37.085894,,,
O001374,L003688,Lang Ltd,153604.0,3,False,Contract/Legal,2023-07-12,2023-07-28 14:54:35.849119,2023-10-01 02:04:56.834019,2023-10-12 06:27:44.182746,2023-10-28 00:51:32.064880,False
O001375,L003690,Clark-Rivera,16160.0,4,False,Negotiation,2023-10-03,2023-10-14 11:37:56.574756,2023-11-25 17:27:50.328622,2023-12-07 17:16:57.794034,2023-12-17 05:18:05.119662,False
O001376,L003693,Hernandez Inc,9252.0,6,False,Contract/Legal,2024-10-08,2024-10-23 08:02:44.719300,2024-12-10 22:21:32.889708,2025-01-01 19:36:09.530159,2025-01-06 09:49:22.429417,True
O001377,L003694,Collins and Sons,35500.0,3,False,Negotiation,2025-09-28,2025-10-28 06:02:11.935250,2025-12-06 03:35:57.789398,2025-12-21 04:44:45.405357,2026-01-03 13:04:18.990373,False
O001378,L003695,Benson PLC,12978.0,1,False,Negotiation,2024-04-05,2024-05-02 01:13:35.124634,2024-07-16 03:05:03.018990,2024-07-18 08:40:01.225767,2024-07-21 12:07:51.434461,False
O001379,L003698,"Hansen, Perez and Fuller",8178.0,3,False,Qualified,2024-06-06,2024-06-27 16:30:16.277180,,,,
O001380,L003699,Hill Group,9549.0,3,True,Negotiation,2024-08-03,2024-08-18 09:13:38.317854,2024-12-01 22:54:22.969460,2024-12-25 04:46:59.359795,,
O001381,L003701,Hoffman-May,4310.0,3,False,Qualified,2023-03-09,2023-03-22 20:39:04.176910,,,,
O001382,L003705,Robles PLC,2033.0,3,True,Proposal,2024-07-20,2024-08-18 01:22:30.656992,2024-09-06 18:17:44.939536,,,
O001383,L003708,"Barnett, Kennedy and Jackson",13957.0,2,True,Prospecting,2026-08-20,,,,,
O001384,L003716,"Stewart, Miller and Jacobs",8514.0,2,False,Contract/Legal,2025-06-15,2025-07-12 14:45:40.723325,2025-08-17 12:00:02.736710,2025-08-31 19:36:58.241990,2025-09-02 01:54:37.043099,True
O001385,L003725,"Cowan, Gonzalez and Ward",10917.0,3,True,Contract/Legal,2023-05-21,2023-06-03 02:47:08.978521,2023-08-08 20:26:28.732713,2023-09-05 19:45:15.992613,2023-09-16 13:34:51.439573,False
O001386,L003727,Davis-Wood,16448.0,6,True,Negotiation,2026-04-14,2026-04-20 04:41:40.083855,2026-04-27 11:13:04.700275,2026-05-03 16:18:27.958117,2026-06-12 11:04:28.496074,False
O001387,L003729,Johnson-Hill,18618.0,3,False,Proposal,2023-11-23,2023-12-13 10:08:06.398268,2024-02-09 01:58:11.033291,,,
O001388,L003732,Roy Group,15478.0,3,True,Negotiation,2023-09-26,2023-10-17 17:25:06.197795,2023-12-24 10:54:27.818202,2023-12-29 11:39:22.997837,2024-01-02 16:26:39.790044,False
O001389,L003739,Edwards PLC,73543.0,4,False,Qualified,2026-05-31,2026-07-28 04:22:25.884407,,,,
O001390,L003743,"Bowen, Diaz and Smith",6175.0,2,True,proposal,2024-06-20,2024-06-23 21:17:38.167246,2024-07-19 20:13:42.593811,,,
O001391,L003744,"Powell, Monroe and Caldwell",21710.0,1,False,Negotiation,2023-05-09,2023-06-06 14:34:28.290903,2023-06-21 01:45:32.587562,2023-07-14 07:03:50.122785,2023-07-17 10:38:22.092516,False
O001392,L003746,Daniel Inc,54126.0,2,False,Negotiation,2025-01-31,2025-03-04 15:15:34.603863,2025-04-02 21:24:04.118268,2025-04-16 11:16:41.166450,2025-04-21 14:42:15.237542,False
O001393,L003749,"Wilkinson, Everett and Collins",4876.0,4,False,Contract/Legal,2024-09-13,2024-10-11 20:48:22.457945,2024-12-06 03:31:23.150691,2024-12-13 18:45:35.091664,2024-12-26 01:07:28.274089,False
O001394,L003754,Wang Inc,27781.0,4,False,Negotiation,2024-01-15,2024-01-20 20:03:30.723946,2024-02-18 13:41:25.283483,2024-03-06 01:44:54.718791,2024-03-14 03:26:31.410064,True
O001395,L003755,Little Group,23169.0,5,False,Qualified,2023-10-12,2023-12-14 06:13:05.311171,,,,
O001396,L003758,Burgess Ltd,,3,True,Negotiation,2025-08-01,2025-08-14 09:48:24.281618,2025-09-22 05:33:58.714270,2025-10-03 00:43:04.267071,2025-10-12 12:40:45.393650,False
O001397,L003759,Collins Group,12103.0,4,False,Qualified,2026-07-12,2026-07-27 21:38:55.769881,,,,
O001398,L003762,Thompson LLC,5182.0,3,True,Negotiation,2023-07-08,2023-08-01 03:50:20.774941,2023-09-29 07:34:06.778876,2023-11-13 16:19:45.264783,2023-11-21 00:49:02.115136,False
O001399,L003766,Johnson PLC,62532.0,2,False,Contract/Legal,2025-03-29,2025-04-14 16:18:53.201355,2025-05-08 04:20:21.424980,2025-06-09 16:15:13.013066,2025-06-26 23:50:43.214925,False
O001400,L003768,"Hamilton, Brewer and Fleming",26859.0,2,True,Qualified,2025-02-02,2025-03-17 03:13:04.727624,,,,
O001401,L003770,"Arnold, Paul and Adams",,2,False,Negotiation,2024-10-20,2024-11-09 13:10:24.174702,2025-01-23 00:49:48.246370,2025-02-04 06:55:54.572379,2025-02-15 05:06:45.426265,False
O001402,L003771,"Ayala, Scott and Mcdonald",1607.0,2,True,Qualified,2023-03-06,2023-03-24 02:56:03.653632,,,,
O001403,L003773,"Welch, Alvarez and Mcdonald",8917.0,3,False,Negotiation,2026-03-04,2026-03-20 06:48:32.196745,2026-04-09 02:34:52.144284,2026-04-24 22:55:51.540354,2026-05-01 01:25:22.246693,False
O001404,L003775,"Valenzuela, Morris and Garcia",9509.0,3,True,Negotiation,2024-04-03,2024-04-09 00:16:17.464392,2024-05-10 02:43:41.496481,2024-05-17 04:02:26.445087,2024-05-21 15:57:51.087377,False
O001405,L003776,Booth-Smith,20880.0,3,False,Prospecting,2026-08-22,,,,,
O001406,L003777,Alvarez-Rogers,31697.0,4,False,Prospecting,2026-08-29,,,,,
O001407,L003779,Martin-Payne,1000.0,1,False,Proposal,2023-06-14,2023-07-01 11:18:14.773799,2023-07-11 15:26:40.528888,,,
O001408,L003780,Gonzales PLC,9963.0,3,False,Contract/Legal,2024-09-07,2024-09-17 16:24:13.761864,2024-11-17 23:45:09.535209,2024-12-15 23:20:35.977028,2024-12-18 23:21:28.683832,False
O001409,L003781,Watkins-Neal,8071.0,3,True,negotiation,2025-08-06,2025-08-31 22:06:16.870141,2025-10-07 07:51:27.833720,2025-10-16 05:41:13.167183,,
O001410,L003787,"Morales, Johnson and Hunt",17539.0,4,True,Negotiation,2025-12-21,2025-12-29 11:32:43.498551,2026-02-15 18:02:41.159634,2026-03-03 04:02:05.832360,2026-03-11 09:33:17.094044,True
O001411,L003790,Alvarado Inc,49357.0,1,False,proposal,2024-10-13,2024-10-28 05:02:38.168836,2024-12-04 07:30:25.211078,,,
O001412,L003791,Parker and Sons,1622.0,3,False,Proposal,2025-04-09,2025-04-29 02:11:16.745488,2025-05-15 02:39:16.895329,,,
O001413,L003796,Davis-Sanchez,18072.0,3,False,negotiation,2023-08-02,2023-09-09 13:20:02.327907,2023-09-26 10:29:27.982998,2023-09-29 13:23:45.890074,2023-10-02 17:32:30.001275,False
O001414,L003802,Ross LLC,32650.0,2,False,Negotiation,2023-08-21,2023-09-06 08:00:14.427771,2023-10-15 03:15:16.359319,2023-10-25 04:09:53.753568,,
O001415,L003805,Freeman-Yang,3250.0,1,True,Qualified,2024-01-01,2024-01-12 18:24:53.995203,,,,
O001416,L003808,"Morrow, Bishop and Walton",1344.0,2,True,Prospecting,2026-08-25,,,,,
O001417,L003809,Brewer and Sons,52161.0,3,False,Proposal,2026-01-15,2026-02-20 02:46:13.127536,2026-04-07 15:48:13.651082,,,
O001418,L003816,"Flowers, Marshall and Miller",11626.0,3,False,negotiation,2023-05-31,2023-06-24 20:04:20.445774,2023-08-31 17:18:39.639573,2023-09-12 15:09:20.714356,2023-09-12 19:00:13.025530,True
O001419,L003817,"Oconnor, Rios and Sullivan",16861.0,2,False,Negotiation,2024-05-16,2024-06-22 22:09:50.297269,2024-07-10 06:26:13.708086,2024-07-16 10:43:55.716614,2024-07-19 12:57:02.051772,False
O001420,L003819,"Hunter, Parks and Smith",56461.0,2,False,Negotiation,2024-05-17,2024-05-30 04:06:46.925922,2024-06-24 18:37:53.975302,2024-07-18 23:01:27.098732,2024-07-24 22:07:40.292710,True
O001421,L003820,"Choi, Morales and Wise",8481.0,2,False,Negotiation,2024-11-11,2024-12-20 10:46:45.173371,2025-01-27 21:36:19.465745,2025-02-12 05:58:41.788775,2025-02-16 20:35:11.180501,True
O001422,L003824,"Bonilla, Rodriguez and White",18764.0,3,True,Qualified,2025-12-12,2026-01-09 21:14:48.799749,,,,
O001423,L003825,Schmidt-Reyes,54760.0,1,True,Qualified,2023-06-25,2023-08-10 02:49:33.727738,,,,
O001424,L003826,"Miller, Smith and Vaughan",4636.0,3,True,Negotiation,2024-12-03,2024-12-19 21:38:12.527666,2025-02-03 14:40:09.488801,2025-02-07 06:24:25.969002,2025-02-12 09:14:51.921177,True
O001425,L003828,"Brennan, Graham and Marshall",9173.0,3,False,Negotiation,2023-09-13,2023-09-15 08:16:49.036805,2023-10-27 22:06:27.319662,2023-11-01 18:35:52.095991,2023-11-06 14:08:35.820766,True
O001426,L003830,Richardson-Small,24545.0,3,False,Proposal,2025-11-25,2025-12-14 10:48:24.152156,2026-01-03 04:32:03.221314,,,
O001427,L003834,Evans-Johnson,9462.0,5,False,Negotiation,2025-05-26,2025-06-13 03:41:09.905362,2025-07-17 05:14:30.273569,2025-08-06 22:08:44.928759,2025-08-21 10:23:15.492341,True
O001428,L003835,Howard Inc,,1,False,Qualified,2024-11-20,2024-12-10 10:24:31.002717,,,,
O001429,L003844,Morales-White,12407.0,2,False,Negotiation,2024-04-08,2024-04-28 04:50:32.592403,2024-06-03 21:29:29.217417,2024-07-08 00:46:39.428560,2024-07-19 21:48:29.692046,True
O001430,L003849,Berry-Lewis,16808.0,1,False,Negotiation,2023-08-24,2023-09-23 11:01:41.021691,2023-10-06 20:03:07.219148,2023-10-15 02:10:50.002984,2023-10-21 03:20:16.012750,False
O001431,L003850,Hill-Barker,7822.0,3,False,Qualified,2024-03-18,2024-04-16 02:37:34.611326,,,,
O001432,L003854,Sandoval-Hill,54143.0,5,False,Contract/Legal,2026-01-24,2026-02-04 13:54:39.640177,2026-03-01 05:37:49.550564,2026-03-09 16:55:13.376064,2026-03-21 05:49:24.956840,True
O001433,L003855,George-Daugherty,1616.0,3,False,Proposal,2024-12-14,2025-01-13 01:55:24.449391,2025-01-22 06:19:40.653363,,,
O001434,L003858,"Lynch, Murray and Fisher",19590.0,4,False,Proposal,2023-10-19,2023-10-28 02:44:37.391455,2023-12-22 12:26:07.949745,,,
O001435,L003863,Scott-Johnson,46283.0,4,False,Qualified,2025-10-28,2025-11-12 19:57:44.206378,,,,
O001436,L003864,"Faulkner, Welch and Hoffman",5664.0,1,True,Negotiation,2023-04-05,2023-04-17 15:33:25.849411,2023-05-31 08:47:41.346643,2023-06-22 17:33:29.746831,2023-07-05 11:17:09.680446,True
O001437,L003865,Miller-Adkins,9084.0,5,False,Proposal,2024-09-16,2024-09-26 05:57:33.210260,2024-12-15 10:46:49.154590,,,
O001438,L003866,"Wood, Carter and Stewart",4397.0,2,False,Proposal,2023-12-27,2024-01-30 20:11:03.651444,2024-03-09 17:50:31.702550,,,
O001439,L003867,"Mcdonald, Moore and Richards",19142.0,4,False,Negotiation,2024-10-27,2024-11-04 04:40:16.740475,2024-12-13 13:44:16.149773,2025-01-03 13:49:37.102382,2025-01-18 23:02:12.979700,True
O001440,L003868,"Bell, Reynolds and Forbes",4054.0,7,False,Qualified,2025-02-26,2025-03-09 09:46:42.623526,,,,
O001441,L003869,Potter LLC,27604.0,2,False,Qualified,2025-10-25,2025-11-26 11:50:17.100814,,,,
O001442,L003872,Foster and Sons,,4,False,Negotiation,2026-07-05,2026-07-21 03:00:34.859732,2026-07-31 12:05:37.991679,2026-08-14 16:07:42.875706,2026-09-10 02:57:06.530805,True
O001443,L003873,Duncan and Sons,4656.0,1,False,Negotiation,2026-02-18,2026-03-11 00:02:54.888014,2026-05-27 06:48:34.009610,2026-05-28 12:02:11.917193,2026-06-18 06:23:33.310374,True
O001444,L003874,Wang Ltd,23892.0,2,True,Negotiation,2025-05-18,2025-05-24 01:43:35.899889,2025-06-26 22:20:45.712638,2025-07-05 18:58:31.595091,,
O001445,L003875,Pierce-Bell,3353.0,2,False,Proposal,2025-10-19,2025-11-02 14:24:21.107689,2025-12-13 23:43:48.655498,,,
O001446,L003877,Flores-Cox,69640.0,6,True,Negotiation,2023-07-26,2023-08-14 14:05:56.505548,2023-09-29 15:04:45.905510,2023-10-31 03:56:51.029283,2023-11-03 01:41:06.523506,False
O001447,L003881,Mitchell-Middleton,1745.0,4,False,Qualified,2025-01-26,2025-02-10 17:35:58.139519,,,,
O001448,L003882,Bradshaw and Sons,24102.0,3,False,Negotiation,2025-06-08,2025-07-07 08:35:17.021768,2025-08-07 18:05:11.384404,2025-08-20 18:25:36.387682,2025-08-28 00:45:03.306014,True
O001449,L003885,"Solomon, Reyes and Delgado",55055.0,4,False,Negotiation,2025-08-03,2025-08-13 21:02:56.918514,2025-12-25 08:35:47.370319,2026-01-02 08:54:57.446917,2026-01-14 05:03:43.040569,False
O001450,L003886,Jenkins-Fields,,2,True,Negotiation,2024-08-27,2024-09-22 05:06:09.246389,2024-11-05 01:42:38.058770,2024-12-03 20:40:29.802131,2024-12-10 11:35:40.802525,False
O001451,L003890,Jackson Ltd,12305.0,6,False,Negotiation,2024-01-07,2024-01-18 03:53:22.126056,2024-05-01 02:45:22.368834,2024-05-11 00:59:31.665536,2024-05-18 21:37:14.712305,False
O001452,L003894,Ellis Ltd,59160.0,2,False,Negotiation,2023-06-20,2023-07-12 06:52:12.637581,2023-08-23 21:23:21.994743,2023-08-31 06:13:11.379865,2023-09-02 15:06:22.543536,True
O001453,L003896,Morris LLC,5729.0,4,True,Negotiation,2023-01-08,2023-01-19 11:02:38.426693,2023-02-23 10:03:45.568205,2023-03-19 04:50:44.266337,2023-03-31 19:50:24.989075,False
O001454,L003897,Kline and Sons,12532.0,3,False,Negotiation,2025-01-23,2025-02-08 19:38:11.564233,2025-05-14 05:51:08.459681,2025-06-01 21:07:11.713729,2025-06-06 22:40:21.422068,True
O001455,L003899,Robles Group,2753.0,2,False,Negotiation,2024-07-26,2024-07-30 19:05:28.433456,2024-08-31 09:03:01.249030,2024-09-15 02:39:59.861280,2024-09-22 18:26:09.670386,False
O001456,L003901,Sanchez Ltd,29155.0,2,False,Negotiation,2024-03-28,2024-04-20 00:53:29.908839,2024-06-05 17:35:42.477884,2024-06-21 05:15:38.744766,2024-07-02 15:53:52.542994,False
O001457,L003902,Smith Inc,36097.0,2,False,Negotiation,2024-08-18,2024-09-13 18:35:00.262377,2024-09-22 07:08:08.846512,2024-10-09 12:23:22.828858,2024-10-13 22:51:09.837140,False
O001458,L003905,Ware-Medina,17899.0,2,False,Negotiation,2024-03-02,2024-03-13 04:39:52.682507,2024-03-30 09:15:53.232404,2024-04-11 01:48:28.540327,2024-04-15 03:19:50.626620,True
O001459,L003909,"Mack, Cox and Moran",24633.0,3,False,Contract/Legal,2024-10-17,2024-11-11 00:47:46.941747,2025-01-30 07:40:50.238708,2025-02-10 22:40:05.827822,2025-02-27 10:21:31.320096,True
O001460,L003911,Thomas LLC,25344.0,2,False,Negotiation,2024-02-28,2024-03-20 08:06:09.677838,2024-04-29 03:28:03.771144,2024-05-25 07:31:31.347388,2024-05-31 10:35:37.276726,True
O001461,L003912,"Molina, Rodriguez and Jackson",26489.0,5,True,Negotiation,2023-12-17,2023-12-26 09:52:07.651894,2024-03-07 22:43:00.745675,2024-03-30 10:06:21.920791,,
O001462,L003915,Davis-May,18522.0,6,True,Qualified,2025-07-23,2025-08-13 16:25:09.453031,,,,
O001463,L003916,Ellis Ltd,2730.0,2,True,Negotiation,2025-08-05,2025-08-26 14:42:36.010402,2025-09-15 20:21:27.650211,2025-10-20 02:51:34.019914,2025-10-29 22:13:57.653023,True
O001464,L003917,Goodwin-Sherman,38084.0,2,False,Proposal,2025-05-23,2025-05-27 22:28:49.530523,2025-06-27 00:34:10.379717,,,
O001465,L003921,Walker LLC,136554.0,2,False,Qualified,2024-08-29,2024-10-09 09:59:49.438629,,,,
O001466,L003922,"Cox, Carter and Duffy",71723.0,1,True,Negotiation,2025-06-29,2025-07-22 12:57:08.389269,2025-08-15 15:48:39.005888,2025-08-23 13:11:11.957495,2025-08-27 23:42:19.119285,True
O001467,L003924,Marquez-Nunez,57707.0,4,False,Negotiation,2023-06-30,2023-07-24 09:11:16.705128,2023-09-23 02:30:20.190680,2023-10-01 04:01:09.111437,2023-10-08 05:08:25.193776,False
O001468,L003925,Manning Ltd,35159.0,2,False,Qualified,2023-09-19,2023-09-27 08:02:17.727227,,,,
O001469,L003927,Scott-Perez,23980.0,3,False,Qualified,2024-11-16,2024-11-24 09:56:23.844365,,,,
O001470,L003928,Aguilar and Sons,1388.0,3,True,Negotiation,2026-07-07,2026-07-10 20:07:24.562367,2026-08-19 20:07:16.364140,2026-08-25 03:59:58.860638,,
O001471,L003931,Schneider-Matthews,2346.0,2,False,Proposal,2025-10-28,2025-11-07 06:02:39.816594,2026-01-16 16:07:27.690574,,,
O001472,L003932,"Edwards, Brooks and Grimes",3600.0,3,True,Prospecting,2026-08-30,,,,,
O001473,L003941,Figueroa LLC,4823.0,3,True,Qualified,2023-10-15,2023-10-22 21:55:28.033898,,,,
O001474,L003942,"Johnson, Sims and Crane",20340.0,2,False,Proposal,2024-02-11,2024-02-23 11:03:02.997762,2024-03-12 16:53:25.615257,,,
O001475,L003944,"Medina, Miller and Yates",5631.0,1,False,Qualified,2026-07-02,2026-08-05 08:31:25.403030,,,,
O001476,L003962,Murphy Group,2097.0,7,True,Qualified,2025-03-15,2025-04-23 10:24:47.391514,,,,
O001477,L003965,Garrett-Rodriguez,19244.0,3,False,Qualified,2026-04-11,2026-05-20 11:04:23.189048,,,,
O001478,L003966,Freeman LLC,,4,True,proposal,2023-11-18,2023-11-25 17:53:34.246528,2024-02-05 22:23:49.732424,,,
O001479,L003967,"Ruiz, Martin and Jones",20876.0,3,False,Proposal,2023-08-10,2023-08-22 05:55:17.189232,2023-09-09 01:51:58.552005,,,
O001480,L003968,Chambers-Davis,2487.0,5,False,Qualified,2025-11-09,2025-11-25 15:53:00.591063,,,,
O001481,L003969,Peterson-Mcdaniel,2233.0,2,True,Proposal,2026-01-27,2026-02-25 03:08:37.455750,2026-04-02 22:30:40.102618,,,
O001482,L003970,Lee Inc,85865.0,2,True,Proposal,2023-12-21,2024-01-06 16:55:23.370445,2024-05-01 23:34:41.604518,,,
O001483,L003973,Cohen PLC,12930.0,2,True,Negotiation,2023-04-06,2023-04-10 20:03:53.485930,2023-05-17 21:56:53.250080,2023-05-24 05:54:58.366428,2023-06-06 06:14:01.785498,False
O001484,L003974,Duncan and Sons,19234.0,5,False,Proposal,2023-10-10,2023-10-21 22:51:13.624204,2023-12-18 16:06:56.330269,,,
O001485,L003978,"Larson, Butler and Barber",11735.0,1,False,negotiation,2023-07-24,2023-08-04 03:22:00.677039,2023-08-27 15:02:24.576008,2023-09-29 17:47:10.725452,2023-10-09 07:36:12.627463,True
O001486,L003984,Schmitt LLC,7809.0,2,False,Negotiation,2024-03-10,2024-03-30 14:55:43.190073,2024-04-23 12:10:10.769512,2024-05-03 06:36:18.115358,2024-05-06 18:27:36.521054,False
O001487,L003989,Gibbs-Nguyen,19508.0,1,False,Proposal,2023-08-12,2023-08-19 00:21:35.772343,2023-08-27 07:17:45.501077,,,
O001488,L003990,"Stevenson, Salinas and Williamson",64864.0,1,True,Qualified,2023-02-26,2023-03-02 18:19:28.936241,,,,
O001489,L003993,David-Watkins,,1,True,Qualified,2024-02-20,2024-03-13 23:03:57.548667,,,,
O001490,L003996,"Willis, Brown and Brown",13449.0,2,False,negotiation,2023-07-13,2023-07-28 00:24:44.070330,2023-08-31 04:52:24.160303,2023-09-05 17:57:18.008235,2023-09-11 17:44:51.325884,True
O001491,L003998,Rodriguez-Taylor,46357.0,4,False,Negotiation,2023-06-26,2023-07-08 02:01:39.925056,2023-10-08 04:40:39.044252,2023-11-11 05:02:22.755933,2023-11-17 18:57:38.292183,True
O001492,L004000,Sawyer PLC,7487.0,4,True,Negotiation,2024-04-23,2024-05-06 16:27:23.771176,2024-06-09 13:12:29.092180,2024-06-26 23:26:37.654212,2024-06-28 18:19:18.879299,False
O001493,L004006,Burgess-Lewis,6697.0,1,False,Prospecting,2026-08-08,,,,,
O001494,L004011,Simmons-Shaffer,4906.0,5,True,negotiation,2024-03-28,2024-04-07 03:31:15.379817,2024-05-01 01:51:41.560745,2024-05-16 18:20:18.531006,2024-05-24 02:43:36.175362,True
O001495,L004013,"Brooks, Knight and Forbes",10315.0,3,True,Negotiation,2025-01-29,2025-02-04 17:58:55.672031,2025-04-27 19:57:43.958114,2025-05-11 06:24:04.921333,2025-05-13 12:06:09.618924,True
O001496,L004014,"Marks, Murphy and Ryan",8381.0,2,False,Negotiation,2025-10-16,2025-11-03 22:51:38.586678,2025-12-16 16:09:54.899402,2025-12-30 17:45:40.787119,2026-01-19 16:33:13.759369,False
O001497,L004016,"Jones, Davis and Grant",36597.0,1,False,Negotiation,2025-07-17,2025-08-13 19:43:08.611935,2025-08-25 15:43:42.172022,2025-09-13 10:31:47.842148,2025-09-15 17:03:19.293985,True
O001498,L004019,"Santos, Lee and Jones",27851.0,6,False,Negotiation,2023-05-16,2023-05-24 18:38:28.792872,2023-07-02 14:45:36.164375,2023-07-27 13:15:40.418664,2023-08-01 20:14:59.007459,True
O001499,L004022,"Morgan, Rose and Schwartz",26139.0,3,False,Negotiation,2023-02-20,2023-03-12 12:47:39.001665,2023-05-07 02:34:31.373359,2023-06-16 03:12:40.283322,2023-07-03 00:40:25.545518,False
O001500,L004024,Smith-Clayton,11109.0,5,True,Proposal,2023-04-18,2023-05-03 08:45:13.857062,2023-05-25 07:07:34.232747,,,
O001501,L004028,"Gonzalez, Underwood and Schaefer",5226.0,2,False,Negotiation,2023-10-20,2023-11-11 18:46:13.296281,2023-12-14 04:28:21.946362,2024-01-13 08:53:06.697911,2024-01-19 01:24:27.108868,False
O001502,L004033,Harrell-Hebert,8851.0,1,False,Negotiation,2025-07-02,2025-07-19 10:25:54.496844,2025-08-15 07:18:59.954849,2025-09-01 07:24:23.672791,,
O001503,L004034,"Clark, Turner and Coleman",13923.0,1,False,Qualified,2023-03-03,2023-03-11 00:26:51.601614,,,,
O001504,L004039,"Clark, Williams and Gonzales",28729.0,2,False,Qualified,2026-07-15,2026-08-03 05:49:04.222881,,,,
O001505,L004042,"Ramsey, Martinez and Sherman",20263.0,4,False,Negotiation,2026-01-08,2026-01-16 17:00:53.334782,2026-01-31 12:37:47.408713,2026-02-23 11:01:19.291568,2026-03-03 21:04:12.532059,True
O001506,L004046,Woods-Hicks,3545.0,2,False,Negotiation,2025-01-12,2025-01-20 20:58:20.844255,2025-03-19 10:29:59.506508,2025-04-19 06:56:36.220514,2025-05-04 17:03:08.953440,False
O001507,L004047,Smith-James,13375.0,3,False,Qualified,2023-08-08,2023-08-15 21:25:40.207682,,,,
O001508,L004049,Ward-Collins,25498.0,3,False,Negotiation,2023-07-06,2023-07-16 05:13:46.713734,2023-08-22 14:12:18.140377,2023-09-07 15:07:06.216355,,
O001509,L004050,Hamilton Ltd,11832.0,2,False,Negotiation,2024-05-26,2024-06-12 08:42:37.338779,2024-09-12 00:27:56.414930,2024-09-27 17:11:14.767342,,
O001510,L004051,Perez-Haynes,15225.0,2,True,Qualified,2023-10-26,2023-11-14 17:13:29.612663,,,,
O001511,L004052,"Schneider, Price and Ruiz",22251.0,1,False,Negotiation,2024-07-24,2024-08-11 16:28:04.514755,2024-08-29 15:43:57.814848,2024-09-05 12:35:22.180807,2024-09-07 10:34:43.825824,True
O001512,L004053,Blair-Merritt,99081.0,3,True,Negotiation,2025-08-01,2025-08-03 04:04:35.777440,2025-09-06 20:40:24.222580,2025-09-21 06:33:32.879433,2025-10-08 20:33:43.024414,False
O001513,L004055,Cunningham and Sons,5186.0,2,False,Qualified,2026-06-07,2026-06-30 21:29:14.498298,,,,
O001514,L004056,"Moore, Neal and Farmer",14123.0,1,False,Negotiation,2023-06-07,2023-06-17 00:49:35.540663,2023-08-06 12:20:00.363718,2023-08-30 17:11:08.483611,2023-09-02 02:32:09.455395,False
O001515,L004058,"Guerrero, Watson and Perry",8390.0,2,False,Proposal,2025-04-23,2025-05-18 02:17:36.553377,2025-07-18 15:15:37.790157,,,
O001516,L004061,Diaz Inc,2499.0,2,True,Contract/Legal,2024-09-20,2024-10-03 18:30:56.709705,2024-10-27 22:25:37.430017,2024-11-11 00:36:36.430895,2024-09-14 00:00:00.000000,False
O001517,L004062,Johnson and Sons,32163.0,2,False,Negotiation,2023-05-11,2023-06-14 20:25:06.971938,2023-07-05 13:46:16.287436,2023-07-27 21:33:50.253781,2023-08-14 20:00:58.695614,True
O001518,L004065,Rivera Group,12235.0,4,False,negotiation,2025-06-01,2025-06-06 23:45:23.368832,2025-07-24 12:34:43.316966,2025-08-28 21:27:18.370174,,
O001519,L004068,"Sharp, Jackson and Garcia",8607.0,2,False,Negotiation,2026-05-14,2026-05-30 05:12:23.436013,2026-06-20 16:17:02.155985,2026-07-08 04:48:52.416775,2026-07-14 19:32:03.139890,False
O001520,L004070,Rodriguez Group,,3,False,Negotiation,2024-05-18,2024-05-23 12:07:21.363331,2024-06-06 02:08:34.013286,2024-06-25 15:59:10.228556,2024-07-04 18:51:39.316565,True
O001521,L004072,"Alexander, Vincent and Pacheco",4635.0,7,False,negotiation,2026-02-22,2026-03-09 12:59:54.805439,2026-04-08 14:57:51.548543,2026-04-30 01:52:51.890228,2026-05-11 08:15:30.729467,False
O001522,L004073,Collins Group,122080.0,2,True,Proposal,2025-03-23,2025-04-16 14:43:59.939268,2025-05-10 15:01:24.817914,,,
O001523,L004077,"Gonzalez, Robinson and Anderson",42801.0,4,True,Proposal,2024-11-21,2024-12-17 00:51:17.760650,2025-02-07 21:18:11.302811,,,
O001524,L004079,"Davis, Powell and Eaton",58508.0,3,True,Qualified,2023-03-19,2023-03-26 12:17:42.796201,,,,
O001525,L004080,Wright LLC,6929.0,3,True,Negotiation,2025-11-30,2025-12-19 22:56:19.009502,2025-12-25 18:20:20.168450,2026-01-18 15:54:03.821385,2026-01-22 13:02:29.014555,False
O001526,L004081,Blair LLC,3892.0,2,True,Negotiation,2025-04-23,2025-05-11 16:05:09.995328,2025-05-25 05:12:29.872716,2025-06-07 10:52:09.010765,,
O001527,L004086,"Bullock, Cruz and Williams",7825.0,2,True,Negotiation,2024-06-29,2024-07-01 13:38:08.535768,2024-08-22 13:32:39.594239,2024-09-04 06:48:07.085948,2024-09-13 08:42:46.090276,False
O001528,L004089,Sanders Inc,34830.0,2,False,Negotiation,2025-12-29,2026-02-01 18:46:23.945611,2026-02-20 03:54:01.398069,2026-03-01 05:45:14.324843,2026-03-10 16:55:16.721676,True
O001529,L004091,"Sullivan, Haney and Chavez",16301.0,2,True,Negotiation,2024-04-18,2024-05-01 18:16:42.134252,2024-07-25 19:19:24.468202,2024-08-01 04:10:26.938540,,
O001530,L004094,Rogers-Stafford,5905.0,1,False,Negotiation,2024-12-30,2025-01-04 18:55:03.258049,2025-05-18 01:10:32.680634,2025-06-18 22:39:26.625258,2025-06-28 12:50:17.762631,True
O001531,L004095,Peterson-Wiggins,29074.0,4,False,Negotiation,2025-07-11,2025-08-25 15:06:37.592327,2025-10-04 05:07:58.276049,2025-10-20 11:17:15.292873,2025-11-07 15:21:43.712303,True
O001532,L004098,Oconnell and Sons,5927.0,7,False,Negotiation,2025-05-10,2025-06-04 19:18:18.441645,2025-07-02 15:38:32.288709,2025-07-14 17:38:24.041894,2025-07-16 12:35:00.190559,True
O001533,L004099,Perez Group,3704.0,3,True,Proposal,2023-10-24,2023-12-04 11:55:11.163652,2024-01-18 07:38:59.697950,,,
O001534,L004102,Graham-Joyce,15939.0,2,True,Negotiation,2024-11-12,2024-12-01 03:57:11.606141,2024-12-22 20:12:45.031995,2025-01-02 14:26:54.186227,2025-01-17 01:51:42.182940,False
O001535,L004104,Sanders PLC,4432.0,2,False,Qualified,2024-01-18,2024-02-01 02:06:03.436300,,,,
O001536,L004106,Parsons and Sons,4248.0,2,True,Qualified,2026-01-16,2026-02-01 08:48:35.504524,,,,
O001537,L004108,"Heath, Warren and Mcbride",10962.0,7,False,Negotiation,2026-04-12,2026-05-02 17:54:57.518401,2026-06-16 00:38:45.577090,2026-06-27 14:30:55.021038,2026-07-03 14:30:35.189835,False
O001538,L004109,Ryan-Steele,39822.0,2,False,Prospecting,2026-08-23,,,,,
O001539,L004112,"Hernandez, Dunlap and Lynch",8395.0,2,False,Qualified,2025-07-13,2025-08-15 16:30:06.293133,,,,
O001540,L004113,Ramirez Group,,4,True,Negotiation,2023-07-02,2023-08-01 13:24:52.626759,2023-10-03 02:58:59.527109,2023-10-21 19:37:58.443514,2023-10-25 23:30:12.233899,False
O001541,L004116,Griffith LLC,12412.0,4,False,Negotiation,2026-04-30,2026-05-08 20:46:22.606304,2026-06-14 05:51:50.127290,2026-06-28 04:26:30.442208,2026-07-06 04:32:10.649802,True
O001542,L004117,Jones Ltd,25633.0,5,False,Negotiation,2024-06-27,2024-08-02 13:31:21.139958,2024-09-04 06:31:11.951202,2024-09-14 16:24:28.903357,2024-09-18 18:39:02.030230,False
O001543,L004118,"Barnett, Clark and Quinn",14186.0,2,False,Negotiation,2024-10-20,2024-11-16 02:15:08.476740,2024-12-20 05:19:12.245760,2025-01-20 18:34:36.042087,2025-01-24 07:37:41.213772,False
O001544,L004124,Taylor-Morales,5016.0,1,False,negotiation,2026-03-28,2026-04-07 08:42:31.480818,2026-05-28 15:38:06.312056,2026-06-03 04:15:31.455423,,
O001545,L004135,"Glenn, Freeman and Carter",,4,False,Proposal Sent,2023-05-05,2023-05-18 06:28:01.430771,2023-06-11 20:54:26.598573,,,
O001546,L004136,"Garcia, Bright and Morrison",9818.0,3,True,Negotiation,2023-12-17,2024-01-24 13:25:08.929273,2024-03-20 20:47:16.749954,2024-04-02 17:11:33.592420,2024-04-09 20:45:27.389725,False
O001547,L004138,Copeland-Richmond,38599.0,2,False,Qualified,2025-01-11,2025-01-26 15:12:03.342445,,,,
O001548,L004139,Brown-Garcia,5918.0,5,True,Proposal,2026-03-16,2026-04-12 03:19:58.804250,2026-05-04 03:24:15.648000,,,
O001549,L004140,Kirby-Oconnor,2689.0,2,False,Proposal,2025-01-02,2025-01-15 17:16:27.604969,2025-05-16 07:43:46.470286,,,
O001550,L004141,Bowman-Murphy,34168.0,4,True,Negotiation,2026-06-29,2026-07-11 06:19:07.835507,2026-08-24 23:51:06.517168,2026-08-29 12:49:04.758707,2026-09-23 09:36:40.661431,False
O001551,L004142,"Huff, Bird and Miller",3188.0,3,True,Negotiation,2025-02-22,2025-02-27 20:04:05.233355,2025-06-14 03:17:27.699620,2025-07-21 11:03:53.034528,2025-07-29 04:09:59.421125,True
O001552,L004145,"Hamilton, Baker and Osborn",4173.0,4,False,Contract/Legal,2024-03-26,2024-04-20 14:03:41.766954,2024-06-14 22:11:13.476960,2024-07-04 05:58:38.681857,2024-07-09 05:19:34.807911,True
O001553,L004147,"Stone, Schaefer and Reyes",31272.0,2,True,Qualified,2026-06-15,2026-07-03 01:50:19.481793,,,,
O001554,L004156,"White, Mccoy and Murphy",53183.0,3,False,Contract/Legal,2023-04-22,2023-05-03 08:13:08.773119,2023-06-10 07:27:32.949335,2023-06-20 17:42:55.134321,2023-06-29 15:34:46.529813,True
O001555,L004158,"Bryant, Macdonald and Howard",,2,False,Negotiation,2024-10-17,2024-10-22 06:21:29.825744,2024-11-28 06:28:34.415309,2024-12-25 15:14:08.316549,2025-01-05 12:51:27.458638,True
O001556,L004159,"Cooper, Beltran and Wright",3572.0,3,True,Negotiation,2023-12-21,2023-12-23 05:26:29.660657,2024-01-09 21:56:17.905629,2024-02-21 05:54:23.127644,2024-02-27 11:08:13.358699,True
O001557,L004162,Hansen PLC,12062.0,5,False,Negotiation,2026-06-08,2026-06-24 00:38:46.693949,2026-07-08 09:28:43.781869,2026-08-11 08:11:21.830815,2026-08-31 14:44:10.112290,True
O001558,L004163,"Morris, Morales and Bailey",21798.0,5,False,Qualified,2024-08-11,2024-08-21 08:36:12.896479,,,,
O001559,L004166,Stewart LLC,15596.0,4,False,proposal,2026-03-19,2026-04-07 09:34:17.912852,2026-06-15 15:19:25.647481,,,
O001560,L004168,"Sullivan, Howell and Fowler",10172.0,4,True,Negotiation,2024-03-28,2024-04-12 14:26:09.832511,2024-04-26 08:27:50.824188,2024-05-20 10:43:12.118441,2024-06-05 00:10:25.143609,False
O001561,L004173,Stout-Graves,8661.0,3,True,Negotiation,2023-11-12,2023-11-28 05:10:01.461191,2023-12-14 05:51:00.817949,2024-01-01 05:16:53.778685,2024-01-07 21:54:54.949672,False
O001562,L004174,"Phillips, Castro and Thompson",7668.0,2,True,Proposal,2023-07-09,2023-07-19 20:33:48.154120,2023-08-17 18:37:39.832571,,,
O001563,L004176,"Melendez, Alvarado and Phelps",7255.0,8,False,negotiation,2024-09-15,2024-09-30 06:38:28.577904,2024-10-14 06:55:11.223848,2024-10-24 15:46:28.556954,2024-11-13 09:44:06.884110,True
O001564,L004181,Key-Ramos,5957.0,7,True,Proposal,2026-07-08,2026-07-16 02:02:23.020620,2026-08-09 01:42:52.344538,,,
O001565,L004183,"Haney, Johnson and Walker",12825.0,1,False,Negotiation,2024-03-09,2024-03-22 11:41:29.715327,2024-05-16 03:13:01.938048,2024-05-29 07:19:06.448194,2024-06-12 18:07:24.855844,False
O001566,L004186,Mathews Group,23365.0,2,False,Negotiation,2024-05-02,2024-05-10 11:39:21.509266,2024-06-26 13:44:38.508332,2024-07-20 13:14:42.094092,2024-07-24 06:17:50.827341,True
O001567,L004189,Burton-Oneal,10591.0,8,True,Negotiation,2026-07-01,2026-07-12 23:10:03.787995,2026-08-03 15:57:39.840910,2026-08-08 13:59:40.273801,2026-08-21 16:37:45.064617,False
O001568,L004194,Rubio and Sons,17564.0,3,False,Negotiation,2024-05-26,2024-05-28 15:09:31.479269,2024-07-10 04:33:28.325256,2024-07-12 23:24:54.791487,2024-07-15 07:21:15.952279,True
O001569,L004195,Heath-Andersen,5310.0,4,False,Qualified,2026-08-08,2026-08-22 23:56:31.997573,,,,
O001570,L004196,Pope PLC,18197.0,3,False,Negotiation,2026-03-19,2026-03-25 08:48:20.865346,2026-04-13 18:47:51.448142,2026-04-26 22:53:53.916055,,
O001571,L004199,"Perez, Bailey and Park",10035.0,1,True,Qualified,2024-08-13,2024-08-28 05:12:12.774454,,,,
O001572,L004202,Garza-Brown,,2,False,Qualified,2025-06-24,2025-07-06 03:30:00.701914,,,,
O001573,L004203,Johnson Group,6947.0,7,False,Negotiation,2025-12-13,2025-12-24 09:45:29.721347,2026-03-09 17:31:27.618105,2026-03-29 10:10:32.137184,2026-04-01 14:42:11.609810,False
O001574,L004209,Lewis-Hayes,39375.0,4,False,Qualified,2025-08-17,2025-08-25 17:42:49.360970,,,,
O001575,L004211,"Shah, Thomas and Ryan",5091.0,2,False,Qualified,2024-05-06,2024-05-21 11:22:32.348026,,,,
O001576,L004214,"Wilson, Madden and Austin",2803.0,4,False,Negotiation,2024-05-17,2024-05-30 01:56:09.992416,2024-07-16 07:00:23.342539,2024-08-01 17:18:44.828530,2024-08-09 09:03:52.686612,False
O001577,L004215,"Gutierrez, Martin and Lee",7695.0,4,False,Proposal,2026-07-16,2026-07-23 14:29:04.438161,2026-08-28 11:52:29.200754,,,
O001578,L004218,"Wilson, Davis and Shah",7512.0,3,False,Qualified,2024-12-28,2025-01-21 16:30:18.041357,,,,
O001579,L004222,Mann LLC,23116.0,2,False,Proposal,2024-05-21,2024-06-02 21:47:31.650282,2024-08-01 19:04:03.249158,,,
O001580,L004226,Smith-Obrien,10552.0,2,False,Qualified,2023-10-01,2023-10-15 04:38:04.453517,,,,
O001581,L004228,"Smith, Murphy and Torres",36208.0,5,False,negotiation,2024-09-12,2024-10-14 11:12:09.836281,2024-11-02 08:22:19.438762,2024-11-09 15:31:53.841215,2024-11-19 13:32:05.391303,True
O001582,L004230,Fields Group,13913.0,1,False,Contract/Legal,2023-10-29,2023-11-29 02:57:58.852520,2024-01-02 14:53:16.677044,2024-01-18 20:55:14.987457,2024-01-21 03:51:45.792369,True
O001583,L004231,Nichols LLC,29166.0,3,False,Negotiation,2024-07-16,2024-07-25 18:45:52.206789,2024-08-22 16:11:34.884463,2024-09-03 02:45:50.373846,2024-09-11 03:33:24.618633,False
O001584,L004232,Wiggins and Sons,7179.0,4,False,Negotiation,2026-01-28,2026-02-11 13:52:35.691781,2026-04-27 11:37:19.022707,2026-05-16 07:11:29.543227,2026-05-16 22:54:24.815982,True
O001585,L004234,Romero Group,13699.0,4,False,Qualified,2023-11-19,2023-11-29 00:42:23.754534,,,,
O001586,L004235,Howell PLC,1761.0,2,False,Negotiation,2024-04-19,2024-05-07 07:11:10.779850,2024-06-27 06:29:33.273246,2024-07-09 02:07:02.955070,2024-07-16 11:56:30.855505,False
O001587,L004236,Aguirre LLC,10530.0,4,True,Qualified,2025-07-24,2025-08-20 08:59:22.713001,,,,
O001588,L004237,Rodriguez-Vega,3347.0,5,False,Proposal,2024-09-11,2024-09-29 04:44:49.678358,2024-12-02 21:15:31.906386,,,
O001589,L004239,"Moore, Austin and Rogers",9716.0,1,False,Negotiation,2025-03-19,2025-04-05 20:42:08.748311,2025-05-12 23:43:58.950613,2025-06-04 08:20:50.366561,,
O001590,L004244,Bauer Inc,18325.0,4,True,Negotiation,2025-05-03,2025-05-13 14:46:43.218157,2025-06-03 19:19:46.430925,2025-06-18 09:34:51.606696,2025-06-26 03:56:25.646313,False
O001591,L004246,Cochran-Browning,3277.0,2,False,Qualified,2026-04-01,2026-04-22 15:51:32.240193,,,,
O001592,L004249,"Hart, Park and Boyd",69754.0,6,False,Negotiation,2024-11-09,2024-11-18 22:02:16.453296,2025-01-07 13:30:58.813427,2025-01-26 21:26:51.940199,2025-02-12 20:59:50.642339,False
O001593,L004254,"Webb, Price and Jimenez",9918.0,5,True,Proposal,2025-11-01,2025-11-06 09:06:51.797890,2026-02-08 21:36:47.054986,,,
O001594,L004257,"Adkins, Duncan and Thompson",11424.0,4,False,Negotiation,2024-12-11,2025-01-15 16:57:53.861091,2025-03-31 20:05:12.540539,2025-04-10 12:53:52.101282,2025-04-22 20:33:25.972152,True
O001595,L004259,Rasmussen Group,42059.0,3,False,Negotiation,2023-02-15,2023-03-05 13:35:06.978772,2023-03-26 22:42:03.347811,2023-05-29 04:04:18.197834,2023-06-10 16:37:36.257747,True
O001596,L004261,Colon Ltd,22702.0,2,False,Qualified,2024-12-25,2025-01-11 04:35:17.388917,,,,
O001597,L004262,Rodgers-Warren,17331.0,3,True,Qualified,2025-10-31,2025-11-28 05:40:20.719498,,,,
O001598,L004263,Hicks Ltd,7119.0,6,False,Negotiation,2026-02-20,2026-02-27 16:35:30.793436,2026-04-18 06:50:23.439722,2026-05-09 10:21:51.634061,2026-05-16 03:09:26.646359,True
O001599,L004264,"Williams, Lewis and Bryant",20417.0,3,False,proposal,2023-07-26,2023-08-04 19:08:58.780380,2023-08-29 14:23:29.949702,,,
O001600,L004270,Smith-Allen,6152.0,3,False,Negotiation,2023-12-23,2024-01-28 02:39:51.752229,2024-03-05 02:47:53.091735,2024-04-06 11:51:55.699276,2024-04-09 17:13:23.772967,False
O001601,L004271,Joyce-Benitez,4677.0,2,False,Negotiation,2023-02-25,2023-03-14 11:07:15.776038,2023-04-25 13:32:25.770051,2023-05-14 07:43:57.478559,2023-02-17 00:00:00.000000,True
O001602,L004272,Watson Group,3107.0,5,False,Qualified,2024-11-19,2024-11-23 01:30:22.666577,,,,
O001603,L004273,Moore PLC,45840.0,2,False,Contract/Legal,2025-01-08,2025-01-30 01:17:25.425011,2025-02-22 11:40:07.841489,2025-03-11 23:20:44.194892,2025-03-22 11:09:54.393800,False
O001604,L004275,Becker-Mckinney,31493.0,4,False,Negotiation,2024-10-22,2024-11-03 15:49:03.412363,2024-12-18 23:16:18.935924,2024-12-30 23:56:16.376588,2025-01-04 07:53:19.605250,True
O001605,L004276,"Collins, Bentley and Valdez",,4,False,Negotiation,2025-04-06,2025-04-25 12:04:06.178065,2025-06-18 15:55:43.515072,2025-06-29 20:59:05.516489,,
O001606,L004283,Walsh Inc,9908.0,3,True,Negotiation,2024-02-14,2024-02-19 11:28:42.133268,2024-03-04 07:38:11.878045,2024-03-16 00:48:33.021049,2024-03-29 14:09:06.267480,False
O001607,L004287,"Espinoza, Neal and Mitchell",15324.0,2,False,Qualified,2025-03-09,2025-03-23 16:59:05.556755,,,,
O001608,L004293,Perez Group,39201.0,2,True,Negotiation,2024-02-28,2024-03-13 08:23:51.945424,2024-04-21 06:20:47.494234,2024-04-30 11:10:44.109190,,
O001609,L004295,Allen PLC,9994.0,3,True,Proposal,2024-02-03,2024-02-09 15:55:54.007151,2024-03-01 00:03:32.355561,,,
O001610,L004296,Kim-Thomas,9795.0,6,False,Negotiation,2023-11-22,2023-12-02 00:17:29.474496,2024-03-03 04:11:01.877496,2024-03-16 00:44:10.984320,2024-03-18 11:29:20.021202,False
O001611,L004298,Mack Ltd,18744.0,2,True,Qualified,2026-07-13,2026-07-21 23:10:22.638249,,,,
O001612,L004299,Williams-Smith,17826.0,3,False,Prospecting,2026-08-14,,,,,
O001613,L004300,Peterson LLC,4652.0,3,True,Negotiation,2023-02-04,2023-02-21 06:36:54.220783,2023-03-08 09:10:01.779995,2023-04-10 17:11:25.760817,2023-04-30 11:22:40.937644,True
O001614,L004303,"Brown, White and Lee",2646.0,3,True,Qualified,2024-11-02,2024-11-27 08:57:22.142347,,,,
O001615,L004311,Smith-Brown,25648.0,2,True,Negotiation,2024-04-04,2024-05-05 23:41:02.555477,2024-06-24 19:57:10.782516,2024-07-03 08:28:35.998241,,
O001616,L004317,"Young, Henry and Wright",7808.0,2,True,Negotiation,2025-02-01,2025-02-17 02:20:20.765665,2025-04-24 14:01:27.603700,2025-04-29 04:36:03.230844,2025-05-14 09:38:00.093510,False
O001617,L004320,"Thompson, Coffey and Kidd",11687.0,5,False,Qualified,2023-02-16,2023-03-12 03:23:34.830005,,,,
O001618,L004323,Jenkins-Hobbs,5572.0,1,False,Qualified,2023-08-28,2023-09-13 06:42:35.861870,,,,
O001619,L004325,"Gomez, Mcmahon and Fisher",43395.0,2,True,Qualified,2023-05-31,2023-06-20 17:44:17.153423,,,,
O001620,L004331,"Mueller, Cox and Ford",54188.0,3,True,Qualified,2025-11-17,2025-12-09 13:42:01.009814,,,,
O001621,L004333,Thomas-Rodriguez,22121.0,4,False,Negotiation,2026-06-28,2026-07-13 01:44:46.387231,2026-07-26 18:16:59.189969,2026-08-09 14:42:18.628517,2026-08-21 17:08:39.014009,True
O001622,L004334,"Chavez, Conway and Sosa",4415.0,3,False,Negotiation,2023-08-11,2023-09-21 06:15:41.040711,2023-12-28 22:42:03.019224,2024-01-17 02:17:46.270944,2024-01-23 06:14:29.313286,True
O001623,L004339,"Becker, Hammond and Davidson",7613.0,4,False,Qualified,2025-01-08,2025-01-15 19:17:41.170051,,,,
O001624,L004344,Buchanan Inc,8222.0,2,True,Qualified,2024-07-10,2024-07-15 03:08:57.407602,,,,
O001625,L004352,Lester and Sons,5176.0,2,True,Negotiation,2023-07-28,2023-08-05 14:00:46.710714,2023-09-26 05:23:54.517333,2023-10-14 06:40:43.490961,2023-10-17 13:26:55.354066,False
O001626,L004354,"Ortiz, Hoffman and Fuller",35255.0,4,False,Negotiation,2023-03-04,2023-03-16 02:58:30.104665,2023-06-24 13:06:42.340697,2023-07-03 09:08:15.034499,2023-08-07 00:03:06.952647,False
O001627,L004357,Davis-Williams,4898.0,2,False,Qualified,2026-08-14,2026-08-21 04:46:36.745583,,,,
O001628,L004364,Byrd-Rangel,13951.0,4,True,Negotiation,2025-07-22,2025-08-09 20:25:38.679716,2025-10-25 20:02:15.131454,2025-11-02 06:59:06.296660,2025-11-09 03:27:36.002232,False
O001629,L004366,Nixon LLC,31252.0,3,False,Negotiation,2025-03-07,2025-03-24 17:58:45.240082,2025-04-12 09:26:34.280553,2025-05-04 20:55:06.161796,2025-05-07 06:22:33.687845,True
O001630,L004368,Gomez Group,5334.0,1,True,Negotiation,2026-06-01,2026-06-22 22:43:47.798980,2026-07-11 16:54:21.727150,2026-08-06 11:08:45.505567,2026-08-20 13:39:42.420876,False
O001631,L004371,Lee-Ramirez,20144.0,5,False,Negotiation,2024-09-09,2024-09-30 03:32:39.615985,2024-11-29 11:12:28.041177,2025-01-18 10:16:43.983161,2025-02-04 22:12:34.474151,True
O001632,L004372,"Strong, Johnson and Flores",,6,False,Negotiation,2026-01-06,2026-01-31 10:56:20.963544,2026-03-05 13:25:15.009335,2026-03-11 08:13:12.786214,2026-03-21 12:24:34.770670,False
O001633,L004378,Navarro Inc,5195.0,2,False,Contract/Legal,2024-12-09,2024-12-26 10:16:02.754485,2025-02-07 23:05:06.422414,2025-03-01 21:37:01.853731,2025-03-14 05:08:56.129871,True
O001634,L004381,Terry-Rogers,10256.0,4,False,Negotiation,2024-01-14,2024-01-31 01:20:03.213949,2024-04-13 10:10:25.922109,2024-05-30 06:38:48.995874,2024-06-05 13:06:51.136484,True
O001635,L004382,"Nash, Mueller and Russell",5134.0,4,False,Qualified,2025-02-10,2025-02-19 21:01:38.253686,,,,
O001636,L004388,Sanchez and Sons,21229.0,5,True,Qualified,2024-06-14,2024-07-30 05:44:09.067449,,,,
O001637,L004392,Berg-Williamson,,1,True,Negotiation,2025-07-05,2025-07-13 23:36:25.183741,2025-09-22 21:44:50.819127,2025-10-12 00:14:56.610319,2025-10-18 19:35:08.060971,False
O001638,L004393,Aguilar Group,,3,False,Negotiation,2025-06-14,2025-06-18 10:14:16.613172,2025-09-01 20:22:00.871692,2025-09-08 03:38:21.440584,2025-09-11 03:35:41.294767,False
O001639,L004394,"Marks, Hartman and Rodriguez",,3,False,Negotiation,2025-12-05,2025-12-22 18:37:13.074170,2026-03-24 22:51:46.240242,2026-04-13 12:52:21.263279,2026-04-13 20:08:53.831013,True
O001640,L004400,Hughes Ltd,13337.0,2,False,Proposal,2025-08-01,2025-08-11 23:09:43.195501,2025-09-21 15:50:53.181171,,,
O001641,L004401,"Lee, Roth and Erickson",9169.0,3,False,Negotiation,2024-01-26,2024-02-15 08:01:50.193567,2024-04-08 23:40:41.267638,2024-04-21 12:47:29.924738,2024-05-11 08:18:03.941291,True
O001642,L004404,Ramos PLC,21145.0,4,True,Negotiation,2024-06-04,2024-06-25 05:38:46.792426,2024-08-06 13:27:14.188617,2024-08-25 00:01:13.383860,2024-09-01 03:53:05.513635,False
O001643,L004408,Lopez LLC,6554.0,7,False,Negotiation,2024-05-10,2024-05-14 22:37:21.138043,2024-07-18 07:02:20.657736,2024-08-14 04:19:27.000567,2024-08-30 22:58:27.768821,True
O001644,L004409,Martin Ltd,12154.0,4,True,Negotiation,2024-05-24,2024-06-14 01:07:30.512081,2024-07-08 23:35:51.367818,2024-07-22 19:38:32.871882,2024-07-30 23:21:41.064710,False
O001645,L004410,"Phillips, Gutierrez and Davidson",8630.0,4,False,Negotiation,2024-10-30,2024-11-15 01:27:39.459041,2024-11-27 01:15:59.184729,2024-12-10 08:35:59.442334,2024-12-19 21:02:10.397444,True
O001646,L004412,"Allen, Smith and Zamora",2172.0,1,False,Negotiation,2025-05-24,2025-06-08 05:03:38.788122,2025-06-24 07:45:02.496875,2025-07-22 12:41:09.170453,2025-08-19 22:37:56.742664,True
O001647,L004413,"King, Webster and Brown",6437.0,4,False,Negotiation,2025-12-21,2025-12-26 18:00:59.783974,2026-01-07 20:36:06.271402,2026-01-30 00:19:49.058665,2026-02-08 21:19:46.022460,True
O001648,L004414,Snyder Ltd,4098.0,3,True,Negotiation,2024-06-15,2024-07-13 10:27:23.679124,2024-07-26 22:22:56.988204,2024-09-11 13:21:05.350564,,
O001649,L004417,Smith-Garner,25082.0,3,True,Qualified,2026-07-01,2026-07-22 13:51:12.676174,,,,
O001650,L004422,Evans-Burns,4849.0,2,True,Negotiation,2024-02-27,2024-03-27 12:35:53.596265,2024-04-16 12:48:28.335351,2024-04-18 15:29:00.938293,2024-04-29 04:14:37.268967,False
O001651,L004428,Barnes-Johnson,6947.0,3,False,Negotiation,2023-10-18,2023-11-12 19:37:26.113078,2023-12-19 20:17:47.667151,2023-12-29 09:03:02.733125,2024-01-18 10:01:37.585535,True
O001652,L004430,"Hernandez, Diaz and Hamilton",4967.0,3,True,Qualified,2026-05-25,2026-06-04 04:27:12.325496,,,,
O001653,L004435,Gallegos-Nash,26368.0,4,True,Negotiation,2025-09-13,2025-10-01 13:40:38.797785,2025-12-13 14:55:46.564377,2026-01-12 16:09:53.287356,2026-01-22 09:02:29.169172,True
O001654,L004439,Jones LLC,22330.0,4,True,Negotiation,2023-07-02,2023-07-12 04:22:40.009350,2023-07-23 14:37:42.874140,2023-08-04 11:00:06.541118,2023-08-09 10:22:40.635362,False
O001655,L004440,"Woods, Roberts and Young",15443.0,2,True,Contract/Legal,2026-05-26,2026-06-04 00:32:01.138981,2026-06-15 06:09:59.343997,2026-06-25 13:22:44.873970,2026-06-30 22:27:17.244613,False
O001656,L004441,Lara-Butler,24463.0,3,True,Prospecting,2026-08-09,,,,,
O001657,L004446,Wood Group,23582.0,2,True,Negotiation,2025-02-16,2025-03-14 09:34:49.310730,2025-04-21 05:27:10.959607,2025-04-30 12:36:16.214833,2025-05-14 16:26:42.689779,True
O001658,L004450,Buchanan-Peters,9653.0,4,True,Proposal,2024-11-21,2024-11-30 21:35:35.816103,2024-12-17 23:45:05.987533,,,
O001659,L004452,Harrington-Armstrong,6862.0,5,False,Negotiation,2023-05-23,2023-06-21 06:06:24.864334,2023-08-06 13:46:26.743770,2023-08-21 14:22:04.861482,2023-08-28 22:08:34.905213,False
O001660,L004453,Erickson PLC,10613.0,8,True,Qualified,2024-01-04,2024-01-25 03:01:57.845619,,,,
O001661,L004455,Elliott-Zamora,13411.0,2,False,Qualified,2025-12-01,2025-12-14 17:57:44.658731,,,,
O001662,L004456,Dixon-Davis,6849.0,4,True,Negotiation,2025-10-23,2025-11-17 06:49:33.048556,2025-12-14 19:52:23.252324,2025-12-20 20:10:50.600890,2025-12-26 19:38:11.090122,True
O001663,L004459,"Adams, Cole and Waters",4800.0,4,False,Negotiation,2025-02-06,2025-03-06 15:35:34.860312,2025-07-02 11:04:38.490239,2025-08-06 09:44:24.478809,2025-08-15 07:17:19.987888,True
O001664,L004472,Griffin Group,8778.0,2,True,Negotiation,2025-04-19,2025-04-22 21:40:15.204495,2025-05-31 22:51:25.215064,2025-06-04 04:30:28.103579,2025-07-06 05:50:50.296569,False
O001665,L004473,"Moore, Wallace and Edwards",16002.0,4,False,negotiation,2023-03-04,2023-03-15 09:18:19.159079,2023-05-15 05:48:38.008024,2023-05-25 11:10:27.875496,2023-06-02 16:51:51.242220,False
O001666,L004477,"Woods, Thomas and Decker",21645.0,3,True,Negotiation,2024-04-26,2024-05-06 23:25:31.924332,2024-06-16 01:04:44.249999,2024-08-18 01:53:46.608718,2024-08-25 13:51:24.883938,True
O001667,L004478,Pierce-Fuller,33084.0,3,False,Negotiation,2024-11-23,2024-12-13 14:12:13.826010,2025-01-11 16:41:21.400861,2025-01-19 06:04:10.455062,,
O001668,L004479,"Nguyen, Thompson and Austin",1844.0,2,True,Negotiation,2024-10-28,2024-11-28 04:20:00.680503,2024-12-12 08:56:13.177210,2024-12-24 18:16:28.765807,2025-01-07 08:32:55.180556,False
O001669,L004480,Schneider LLC,43371.0,2,True,Negotiation,2025-07-31,2025-08-07 00:17:30.787775,2025-09-06 17:05:12.588787,2025-09-21 06:27:45.106179,2025-09-30 09:54:04.502124,False
O001670,L004481,"Avila, Williams and Hunt",73043.0,6,True,Negotiation,2026-03-03,2026-03-28 09:00:22.257779,2026-05-01 00:59:37.604928,2026-05-27 05:33:05.004928,2026-06-05 23:58:39.136645,False
O001671,L004483,Taylor Inc,3747.0,2,False,Negotiation,2024-11-29,2024-12-10 13:16:57.225617,2024-12-30 13:45:25.708690,2025-01-18 15:09:48.115479,2025-01-29 07:17:02.100596,True
O001672,L004484,"Martin, Reeves and Davis",,4,True,Contract/Legal,2025-10-06,2025-10-22 02:53:19.808545,2025-11-20 23:54:24.241188,2025-12-14 18:58:40.417173,2025-12-23 18:36:09.312177,False
O001673,L004485,Compton-Morgan,4709.0,2,True,negotiation,2024-03-10,2024-03-16 05:29:09.087422,2024-04-22 04:39:59.878489,2024-05-08 11:44:06.619845,2024-05-16 20:16:04.272448,True
O001674,L004487,Gardner-Warren,40953.0,2,False,Contract/Legal,2026-03-26,2026-04-07 16:16:35.519502,2026-05-16 16:21:10.753837,2026-06-05 14:23:41.815250,2026-06-07 23:53:31.707125,False
O001675,L004490,Wilson LLC,2444.0,1,True,Contract/Legal,2024-09-29,2024-10-18 07:34:57.335971,2024-11-09 18:41:24.471766,2024-12-02 04:39:13.289722,2024-12-18 02:34:13.830857,False
O001676,L004491,Allen Ltd,40455.0,5,False,Negotiation,2025-08-18,2025-09-27 05:45:04.983722,2025-11-22 18:50:08.078184,2026-01-09 11:45:47.406213,2026-01-22 04:07:38.949416,True
O001677,L004497,Dixon LLC,8510.0,3,False,Qualified,2025-05-02,2025-05-27 03:43:35.416244,,,,
O001678,L004499,Pierce-Williams,4098.0,4,False,Qualified,2023-10-27,2023-11-13 10:06:36.972765,,,,
O001679,L004500,"Johnson, Perez and Henry",18246.0,5,False,Negotiation,2024-01-12,2024-01-26 10:38:31.202453,2024-03-12 16:42:21.853513,2024-03-27 19:46:12.433690,2024-04-07 14:31:57.317492,True
O001680,L004501,Miles-Perkins,8413.0,2,False,Negotiation,2025-01-17,2025-01-23 05:17:08.256550,2025-03-02 01:19:18.097914,2025-03-24 16:36:08.915440,2025-03-29 13:38:31.782033,False
O001681,L004503,Lewis-Herrera,23453.0,3,False,Qualified,2026-07-20,2026-07-27 08:45:47.560497,,,,
O001682,L004504,"Garner, Campbell and Hawkins",42131.0,6,False,Negotiation,2026-03-10,2026-03-29 20:43:52.037725,2026-07-03 09:29:23.605200,2026-08-01 13:29:21.891813,,
O001683,L004506,Cook-Murphy,26236.0,1,True,Negotiation,2024-10-05,2024-10-15 04:57:51.655951,2024-11-18 16:36:05.946320,2024-11-22 09:47:27.681344,,
O001684,L004509,"Powers, Carrillo and Harris",21997.0,3,False,Contract/Legal,2024-03-15,2024-04-19 11:49:40.741364,2024-06-24 20:02:33.401190,2024-06-27 20:35:30.034633,2024-07-01 04:16:36.843550,False
O001685,L004514,"Hall, Zamora and Bridges",10285.0,6,True,negotiation,2025-11-06,2025-11-18 23:03:18.374313,2025-12-15 09:40:28.219057,2026-01-26 11:58:34.653683,,
O001686,L004518,Cortez-Ellis,116028.0,2,False,Qualified,2023-08-22,2023-09-02 11:12:57.690420,,,,
O001687,L004524,Turner Group,20232.0,1,True,Negotiation,2024-08-31,2024-09-12 08:16:14.351381,2024-10-18 22:38:08.745721,2024-10-25 12:19:08.214887,2024-10-30 15:13:55.659760,True
O001688,L004525,"Carroll, Moore and Brown",2928.0,4,True,Negotiation,2026-05-26,2026-06-11 08:24:34.125669,2026-08-12 22:02:17.331500,2026-08-24 10:13:57.527184,2026-09-03 17:15:41.293039,True
O001689,L004531,Martinez Ltd,4467.0,1,False,Negotiation,2023-06-03,2023-07-10 16:34:05.266998,2023-11-18 07:10:19.300036,2023-12-13 09:07:10.705751,2023-12-21 15:25:47.125286,True
O001690,L004533,Thompson-Rodriguez,,3,False,Negotiation,2025-06-06,2025-07-02 11:32:08.046728,2025-07-12 03:13:08.821766,2025-07-30 09:02:30.233597,2025-08-19 11:07:16.620298,True
O001691,L004534,"Young, Kane and Riley",15582.0,3,True,Qualified,2026-08-18,2026-08-27 04:43:34.521893,,,,
O001692,L004535,"Nelson, Johnson and Hart",7021.0,2,True,Proposal,2023-04-15,2023-04-20 09:38:20.480754,2023-05-06 04:29:25.271874,,,
O001693,L004536,Simon and Sons,,4,False,Proposal,2023-06-09,2023-06-29 17:24:45.320603,2023-08-01 22:54:10.926418,,,
O001694,L004537,Brown Ltd,15849.0,5,False,Negotiation,2023-05-08,2023-05-27 15:42:38.761274,2023-06-10 13:23:39.203574,2023-06-18 07:08:50.340037,2023-06-29 04:17:47.737255,True
O001695,L004538,Johnson-Jimenez,24980.0,3,False,Negotiation,2026-02-01,2026-02-17 12:26:16.860384,2026-04-02 21:37:08.579914,2026-05-14 07:17:20.144524,2026-05-17 15:43:07.022200,True
O001696,L004540,"Merritt, Douglas and Chung",3127.0,2,True,Qualified,2024-09-03,2024-10-08 17:27:37.289557,,,,
O001697,L004542,Pham Inc,78264.0,3,False,Negotiation,2024-12-14,2024-12-30 20:20:38.334324,2025-01-16 02:55:52.384692,2025-01-27 02:48:57.268864,,
O001698,L004543,"Nelson, Wiggins and Young",2511.0,4,False,Negotiation,2024-04-08,2024-05-02 00:42:40.782483,2024-06-20 07:46:20.972868,2024-07-14 00:09:25.327217,2024-07-17 13:23:10.401553,True
O001699,L004544,Patrick-Forbes,49480.0,3,True,Prospecting,2026-08-29,,,,,
O001700,L004546,"Crane, Freeman and Hall",,2,True,Negotiation,2025-01-08,2025-01-17 11:40:21.461958,2025-03-30 01:49:56.529141,2025-04-17 07:11:55.543384,2025-04-21 16:28:37.943415,False
O001701,L004548,Hoover-Stephens,23397.0,1,True,Negotiation,2024-10-01,2024-10-19 03:37:57.950452,2024-11-13 05:11:05.233131,2024-11-25 15:30:50.579804,,
O001702,L004555,"King, Taylor and Middleton",28472.0,5,False,Negotiation,2025-09-13,2025-09-15 22:12:09.444644,2025-12-17 13:49:39.626029,2026-01-08 05:24:13.606514,2026-01-14 07:40:13.539851,True
O001703,L004559,Fernandez-Collier,26850.0,2,False,Proposal Sent,2024-05-22,2024-06-07 21:24:25.335278,2024-07-05 12:03:54.794631,,,
O001704,L004562,"Sanders, Colon and Gilmore",7940.0,2,False,Qualified,2026-01-14,2026-01-30 11:58:11.713355,,,,
O001705,L004563,"Stephens, Stone and Johnston",18215.0,6,True,Proposal,2024-01-28,2024-02-15 02:11:51.912197,2024-04-10 01:02:01.796276,,,
O001706,L004564,Michael-Ortega,16133.0,4,False,Proposal,2025-12-02,2025-12-07 19:43:54.995398,2026-02-06 06:37:10.089498,,,
O001707,L004565,Singh Ltd,13656.0,1,True,Negotiation,2025-04-16,2025-05-13 13:37:40.713409,2025-07-11 09:08:07.892461,2025-07-28 13:30:40.678310,2025-07-29 01:49:24.595827,False
O001708,L004568,"Weiss, Robinson and Bell",7727.0,2,False,Proposal,2023-06-25,2023-07-09 18:56:36.608390,2023-08-06 03:13:38.286979,,,
O001709,L004571,Flowers and Sons,2933.0,3,False,Negotiation,2023-11-24,2023-11-25 17:34:38.959056,2024-01-03 06:50:26.906662,2024-01-19 05:00:41.826576,,
O001710,L004573,Simpson Inc,40982.0,1,False,Qualified,2026-07-31,2026-08-21 16:53:12.758408,,,,
O001711,L004576,Johnson Inc,6250.0,2,False,Negotiation,2023-09-02,2023-09-13 12:39:15.030523,2023-11-03 00:21:04.091285,2023-11-24 23:19:26.484912,,
O001712,L004583,"Mendez, Williams and Henry",12260.0,3,False,Qualified,2026-07-05,2026-08-09 09:42:19.101206,,,,
O001713,L004586,Mullins-Carrillo,32286.0,1,False,Proposal Sent,2024-09-19,2024-09-30 22:12:36.829493,2024-10-20 02:54:18.367690,,,
O001714,L004590,Wells PLC,25620.0,2,False,Prospecting,2026-07-26,,,,,
O001715,L004597,"Norman, Walls and Wallace",5806.0,4,False,Proposal,2025-09-15,2025-10-15 23:09:17.100070,2025-12-15 03:35:06.127689,,,
O001716,L004602,Simmons-Mcdaniel,,3,False,Negotiation,2026-01-04,2026-01-10 05:08:04.863617,2026-02-11 09:13:12.668274,2026-02-24 11:59:20.560304,2026-03-11 22:40:40.842102,False
O001717,L004603,Gonzalez Group,23330.0,3,False,Prospecting,2026-08-23,,,,,
O001718,L004604,Smith Ltd,4835.0,2,True,proposal,2024-07-06,2024-07-27 17:30:13.886467,2024-09-24 05:59:38.507096,,,
O001719,L004605,"Whitehead, Barton and Williams",35329.0,2,True,Negotiation,2026-04-28,2026-06-01 09:28:47.555138,2026-06-19 04:11:15.229150,2026-07-12 17:40:21.884659,2026-07-13 08:28:19.966910,False
O001720,L004608,"Gould, Wilson and Martin",,2,False,Negotiation,2026-01-08,2026-01-25 09:21:54.746264,2026-03-18 04:27:48.669650,2026-04-24 07:46:26.609373,2026-04-30 16:02:51.435050,True
O001721,L004615,"Howard, Morales and Calhoun",37180.0,5,False,Proposal,2025-09-06,2025-09-27 18:32:33.035810,2025-10-01 08:06:32.729999,,,
O001722,L004621,Harris LLC,7357.0,5,False,Negotiation,2025-11-19,2025-12-04 07:03:25.792603,2026-01-24 16:48:50.855143,2026-02-19 16:41:56.747013,,
O001723,L004625,Richards-Smith,9765.0,3,True,Negotiation,2025-02-03,2025-02-12 05:32:19.659014,2025-03-14 18:23:29.400581,2025-03-25 05:45:50.678589,,
O001724,L004627,Solis-Lopez,14126.0,2,False,Proposal,2025-05-04,2025-05-23 22:56:37.999930,2025-08-18 12:26:23.437247,,,
O001725,L004629,Hughes Ltd,60941.0,2,True,Proposal,2023-12-11,2023-12-22 03:19:17.910982,2024-01-11 03:46:48.892535,,,
O001726,L004635,Goodwin Inc,4058.0,1,False,Prospecting,2026-08-21,,,,,
O001727,L004638,Goodman and Sons,17392.0,3,False,Negotiation,2025-11-23,2025-11-28 17:14:19.505766,2025-12-22 20:18:40.705336,2026-01-07 14:44:14.259748,,
O001728,L004639,Mendez-Tyler,89470.0,4,False,Proposal,2025-06-05,2025-06-21 18:10:15.683523,2025-09-25 09:02:58.654918,,,
O001729,L004642,Crawford-Jones,46660.0,3,False,Qualified,2023-07-15,2023-08-20 19:17:05.848431,,,,
O001730,L004643,"Johnson, Jones and Miller",56036.0,2,True,Negotiation,2026-02-22,2026-03-17 06:44:56.285309,2026-04-17 02:13:18.969326,2026-05-02 02:16:32.592199,,
O001731,L004644,Mejia Inc,6475.0,1,False,Negotiation,2023-10-15,2023-11-05 20:47:04.570858,2023-12-19 00:01:45.123994,2024-01-07 15:59:34.729607,2024-02-08 10:06:00.756607,False
O001732,L004645,Ramirez-Campbell,16374.0,2,True,negotiation,2023-07-12,2023-07-26 10:45:13.964622,2023-09-08 12:13:28.706595,2023-09-19 12:21:15.292795,,
O001733,L004646,"Roman, Stark and Turner",3069.0,2,False,Negotiation,2024-01-19,2024-02-03 10:24:51.407757,2024-03-02 07:56:45.814275,2024-03-21 21:21:11.769731,,
O001734,L004650,"Guerrero, Berry and Harrison",14777.0,2,False,Proposal,2024-08-27,2024-09-08 14:33:19.630913,2024-10-10 14:01:13.214406,,,
O001735,L004651,Holt LLC,3717.0,4,False,Negotiation,2023-03-03,2023-03-18 08:04:16.650094,2023-03-25 05:20:05.866942,2023-04-07 02:49:37.677810,2023-04-22 01:34:14.813344,True
O001736,L004652,"Black, Welch and King",32983.0,1,True,Negotiation,2024-11-19,2024-11-30 22:00:30.441631,2025-01-17 21:23:04.395951,2025-01-30 11:35:24.466981,2025-02-03 10:02:19.389055,False
O001737,L004656,Lee-Rogers,3433.0,4,False,Qualified,2024-07-16,2024-08-11 10:49:50.796241,,,,
O001738,L004658,"Lopez, Austin and Buchanan",8910.0,1,False,Qualified,2026-08-21,2026-08-23 17:32:04.211041,,,,
O001739,L004661,"Thompson, Hardy and Walter",335982.0,1,False,Qualified,2023-04-16,2023-04-27 21:57:05.187126,,,,
O001740,L004663,White-Holland,23099.0,3,True,Qualified,2025-11-09,2025-11-27 08:03:59.149135,,,,
O001741,L004666,Scott Inc,6179.0,3,False,Negotiation,2026-03-03,2026-04-05 13:02:39.182922,2026-04-17 19:06:39.114120,2026-05-09 04:40:47.327279,2026-05-11 13:11:05.345103,True
O001742,L004668,"Riggs, Smith and Lopez",15346.0,5,False,Qualified,2025-11-03,2025-12-10 00:16:23.416940,,,,
O001743,L004671,Baker Group,5066.0,2,False,Contract/Legal,2024-11-16,2024-11-25 02:57:11.569515,2024-12-19 17:51:29.570869,2025-01-23 13:59:12.971223,2025-02-03 13:46:43.740121,False
O001744,L004673,Edwards-Taylor,43586.0,4,False,negotiation,2026-03-14,2026-03-27 09:52:51.614054,2026-06-05 12:51:55.363483,2026-06-18 15:45:09.234241,2026-06-28 15:03:37.299939,True
O001745,L004675,Boone LLC,29913.0,2,False,Negotiation,2023-04-03,2023-04-17 08:59:42.685635,2023-05-26 04:13:20.118393,2023-06-11 15:03:27.613947,,
O001746,L004676,Dunn LLC,32419.0,6,False,Negotiation,2023-02-15,2023-03-01 06:16:05.308620,2023-04-22 13:47:33.806118,2023-04-26 14:54:10.218774,2023-05-05 16:53:12.534833,True
O001747,L004678,"Henderson, Williams and Keller",5575.0,2,False,Proposal,2026-07-06,2026-08-01 11:08:13.890337,2026-08-31 07:59:18.212905,,,
O001748,L004679,Smith LLC,13589.0,4,False,Negotiation,2025-10-17,2025-10-23 20:13:17.388640,2025-11-17 06:52:39.131033,2025-12-05 20:25:47.467920,2025-12-08 21:16:21.373659,True
O001749,L004681,Montgomery PLC,36173.0,2,False,Negotiation,2024-02-09,2024-02-13 04:33:38.198359,2024-03-18 12:49:40.017138,2024-04-02 12:14:24.010546,2024-04-12 23:06:10.429125,False
O001750,L004685,Harris-Jensen,5709.0,1,True,Negotiation,2023-07-02,2023-08-04 14:53:01.997066,2023-09-01 16:37:44.023612,2023-09-05 11:10:55.055703,2023-09-19 02:05:58.835587,False
O001751,L004686,Davis Ltd,75777.0,4,False,Qualified,2024-03-28,2024-04-19 05:47:42.419115,,,,
O001752,L004688,Sanchez Group,4504.0,2,False,Negotiation,2024-05-04,2024-05-13 15:08:14.611062,2024-06-28 02:27:32.600264,2024-08-13 01:01:30.241358,2024-09-03 06:27:17.943815,True
O001753,L004691,Rodriguez-Allen,26094.0,2,False,Negotiation,2024-04-20,2024-05-24 12:05:41.317486,2024-07-15 09:49:50.801229,2024-07-21 13:33:38.058644,2024-07-28 14:36:28.989045,True
O001754,L004695,Hernandez-Beasley,4351.0,5,False,Negotiation,2026-01-16,2026-01-26 01:58:16.028633,2026-04-07 17:37:38.675079,2026-04-20 19:12:57.679621,2026-05-01 16:50:37.816954,True
O001755,L004698,Clarke-Warren,,2,True,negotiation,2024-12-02,2024-12-23 07:01:44.700439,2025-01-20 10:10:30.935648,2025-02-12 03:21:15.754947,2025-02-17 16:59:27.944243,False
O001756,L004700,Massey-Obrien,17547.0,3,False,Negotiation,2025-10-07,2025-10-15 02:23:30.362246,2025-11-28 03:33:25.562610,2025-12-27 14:34:31.621972,2026-01-06 01:57:46.086138,False
O001757,L004701,Thomas-Jones,6207.0,1,False,Qualified,2025-07-26,2025-08-18 14:40:53.510391,,,,
O001758,L004703,Edwards Group,16731.0,3,True,Negotiation,2025-02-11,2025-02-26 03:50:02.788927,2025-05-31 04:16:51.495617,2025-06-13 18:35:25.139010,2025-07-13 05:49:45.934541,True
O001759,L004705,Gray Group,9658.0,3,False,Qualified,2023-09-13,2023-10-19 05:06:28.365093,,,,
O001760,L004706,Parks PLC,16462.0,2,True,Negotiation,2023-03-09,2023-03-23 12:46:02.266866,2023-04-07 22:17:46.305599,2023-04-22 14:55:49.180505,2023-05-14 18:10:14.222319,False
O001761,L004711,Perez-Richardson,17057.0,3,False,Negotiation,2026-06-01,2026-06-17 05:59:50.630066,2026-07-10 11:48:21.719440,2026-08-04 04:04:06.949422,2026-08-14 22:27:32.842760,False
O001762,L004712,Mendoza-Jackson,10344.0,2,False,Qualified,2026-08-10,2026-08-25 03:44:38.708261,,,,
O001763,L004713,"Newman, George and Patrick",15927.0,5,False,Negotiation,2024-01-11,2024-02-05 21:30:49.456010,2024-04-04 04:21:46.292827,2024-04-17 19:09:32.816973,2024-04-24 17:50:23.529608,True
O001764,L004715,Hodges Inc,32582.0,2,False,Negotiation,2023-12-02,2023-12-12 22:19:42.498813,2023-12-20 09:59:39.337224,2024-01-21 06:51:30.676616,2024-01-26 02:31:07.409545,True
O001765,L004716,"Moon, Davis and Dominguez",5974.0,2,True,Negotiation,2024-11-08,2024-12-01 18:31:44.693046,2025-01-30 06:15:52.691193,2025-02-23 23:14:17.983243,2025-03-03 01:04:48.255618,False
O001766,L004717,Wright PLC,41322.0,7,False,Qualified,2026-08-07,2026-08-26 19:09:22.697605,,,,
O001767,L004719,Ramirez-Moon,1158.0,2,False,Qualified,2023-03-30,2023-04-08 12:05:52.384872,,,,
O001768,L004720,Ortiz and Sons,12271.0,8,False,Proposal,2026-02-26,2026-03-29 19:26:43.611524,2026-04-26 06:54:39.155887,,,
O001769,L004724,Young and Sons,10335.0,6,False,Negotiation,2023-05-30,2023-06-19 21:35:01.129213,2023-08-08 23:21:27.162583,2023-08-13 04:05:43.751414,,
O001770,L004727,"Hodges, Cummings and Hernandez",2593.0,4,True,Proposal,2023-02-10,2023-02-22 13:24:39.456689,2023-04-21 07:13:28.630057,,,
O001771,L004728,Sanchez Inc,14622.0,2,True,Negotiation,2024-06-26,2024-07-12 09:20:13.417043,2024-09-18 08:52:12.161874,2024-10-03 12:25:48.669120,2024-10-06 11:05:44.930757,False
O001772,L004729,Foley-Miranda,21734.0,2,False,Negotiation,2026-02-25,2026-03-19 11:03:59.350809,2026-04-12 19:39:38.089724,2026-04-22 09:05:42.719621,2026-05-01 01:48:11.728874,True
O001773,L004732,Bradford and Sons,52922.0,5,False,Negotiation,2024-05-29,2024-06-04 14:47:57.498043,2024-07-12 20:10:50.490429,2024-07-21 23:32:00.029580,2024-05-26 00:00:00.000000,True
O001774,L004734,Gibson Ltd,28157.0,1,False,Negotiation,2023-09-03,2023-09-18 11:53:15.461950,2023-12-25 12:17:02.697673,2024-01-06 17:42:31.865180,2024-01-22 04:44:27.482120,True
O001775,L004735,Reeves and Sons,4476.0,6,False,Negotiation,2023-09-04,2023-09-11 14:41:57.422484,2023-11-05 19:08:11.837201,2023-11-25 07:19:09.835369,2023-11-27 04:13:34.192741,True
O001776,L004736,"Obrien, Williams and Mcgrath",37897.0,3,False,Proposal,2024-04-07,2024-04-19 04:08:10.467997,2024-05-08 12:53:47.929103,,,
O001777,L004737,Smith Group,13856.0,6,True,Negotiation,2025-10-28,2025-11-12 04:02:03.209789,2025-12-06 21:06:37.174662,2025-12-20 17:22:53.118093,2025-10-23 00:00:00.000000,False
O001778,L004752,King-Ross,3472.0,1,False,Negotiation,2026-01-01,2026-01-04 17:12:20.588410,2026-02-17 15:47:32.248389,2026-02-28 14:42:35.444997,2026-03-13 10:28:20.736423,False
O001779,L004756,Brooks-Bell,26238.0,1,True,Negotiation,2024-06-30,2024-07-16 14:36:00.007237,2024-08-12 15:30:54.165049,2024-08-23 16:09:06.038409,,
O001780,L004757,Eaton-Wiggins,23346.0,4,False,Prospecting,2026-08-08,,,,,
O001781,L004760,Jones-Rivera,2581.0,2,False,Negotiation,2024-09-13,2024-10-16 11:23:01.260368,2024-12-22 08:47:38.239984,2024-12-31 23:14:14.764404,2025-01-17 22:18:51.852954,False
O001782,L004761,Weeks-Martin,29778.0,1,False,Negotiation,2025-09-08,2025-10-12 07:50:03.218897,2025-12-12 05:46:12.192911,2025-12-29 21:10:16.236625,2026-01-05 16:54:11.878225,True
O001783,L004766,Solis PLC,97219.0,2,False,negotiation,2024-01-18,2024-01-27 08:08:26.242586,2024-02-25 05:42:14.517718,2024-03-13 13:22:21.041734,2024-03-16 05:55:24.361741,True
O001784,L004769,"Chandler, Knight and Jones",5122.0,5,False,Negotiation,2026-01-13,2026-02-03 22:27:24.372495,2026-02-15 12:42:41.799680,2026-02-24 13:01:07.242838,2026-03-11 03:50:02.412211,True
O001785,L004772,"Reid, Thomas and Gill",13132.0,1,False,Proposal,2024-01-16,2024-01-27 05:19:27.229874,2024-03-31 09:17:24.863996,,,
O001786,L004775,Smith-Anderson,17847.0,2,False,Proposal,2026-01-26,2026-02-10 08:15:17.276699,2026-04-11 17:28:46.963155,,,
O001787,L004777,Simmons PLC,,1,True,Qualified,2024-09-06,2024-09-21 07:59:39.494904,,,,
O001788,L004779,Martin Inc,8215.0,2,True,Prospecting,2026-08-24,,,,,
O001789,L004784,Sosa-Scott,6997.0,2,False,Proposal Sent,2024-03-03,2024-03-21 18:34:25.242263,2024-05-09 19:59:31.506531,,,
O001790,L004787,"Lawrence, Fleming and Drake",8632.0,2,True,Negotiation,2026-07-09,2026-08-01 11:39:46.000029,2026-08-19 04:39:42.486110,2026-08-29 12:16:39.805864,2026-09-07 09:53:22.940318,False
O001791,L004789,Webb-Murphy,2124.0,2,False,Proposal,2024-08-28,2024-09-12 14:57:56.665580,2024-10-03 21:51:50.423208,,,
O001792,L004791,Crane LLC,50957.0,2,True,Qualified,2025-12-22,2026-01-24 21:16:03.656493,,,,
O001793,L004794,Marshall and Sons,6250.0,3,True,Qualified,2026-07-31,2026-08-07 04:11:22.195225,,,,
O001794,L004799,Howe-Brown,2191.0,4,False,Contract/Legal,2025-10-31,2025-11-13 01:43:52.552037,2025-12-29 15:22:02.576242,2026-01-16 15:54:39.424000,2026-01-22 20:36:41.805595,False
O001795,L004800,Briggs-Moore,9180.0,2,True,Negotiation,2023-08-11,2023-09-10 11:30:14.896373,2023-10-06 22:20:21.831469,2023-10-11 12:35:23.272859,2023-10-14 18:17:06.964894,False
O001796,L004801,Good-Cook,84229.0,2,False,Negotiation,2025-02-11,2025-04-05 09:06:10.453635,2025-06-09 04:14:14.411960,2025-07-01 13:09:14.784294,2025-07-20 02:27:05.953551,True
O001797,L004802,Wilson-Young,10636.0,4,False,Negotiation,2025-07-27,2025-08-08 20:12:57.992255,2025-08-18 12:21:16.634717,2025-08-31 15:33:48.571741,,
O001798,L004808,Hogan Inc,,3,True,Negotiation,2025-10-22,2025-11-07 03:43:12.111567,2025-12-06 10:02:02.297531,2025-12-13 01:44:32.607559,2025-12-20 17:49:51.030164,False
O001799,L004810,Michael Ltd,40752.0,2,True,Proposal Sent,2024-07-11,2024-07-29 15:15:05.475534,2024-09-25 19:36:59.236433,,,
O001800,L004811,"Hernandez, Williams and Ruiz",56178.0,2,True,Qualified,2026-08-07,2026-08-22 10:28:04.302643,,,,
O001801,L004814,"Miller, Martin and Collins",6097.0,2,False,Qualified,2026-08-12,2026-08-19 01:08:54.347752,,,,
O001802,L004818,Prince Group,6699.0,4,False,Prospecting,2026-08-30,,,,,
O001803,L004820,"Copeland, Jones and Salazar",11724.0,3,True,Negotiation,2025-06-15,2025-06-20 12:39:15.764407,2025-07-31 19:23:02.319247,2025-08-10 16:05:50.293622,2025-08-31 15:44:06.995397,False
O001804,L004824,Long LLC,28201.0,2,False,Negotiation,2025-04-27,2025-05-11 01:52:11.920252,2025-06-09 19:24:47.658877,2025-06-23 01:48:51.506166,2025-06-29 07:54:56.284763,False
O001805,L004825,"Martin, Kennedy and Chavez",65372.0,4,False,Negotiation,2025-04-01,2025-04-02 14:56:44.474218,2025-05-26 03:16:49.429830,2025-06-06 12:52:53.731133,2025-06-23 15:13:18.757849,True
O001806,L004839,Randall LLC,8477.0,3,False,Negotiation,2025-11-04,2025-11-26 20:39:08.186188,2025-12-31 01:31:42.481433,2026-01-10 16:13:41.476285,2026-01-17 08:00:39.894467,True
O001807,L004842,Anderson-Murphy,16041.0,3,False,Proposal,2024-04-07,2024-04-13 20:15:59.715548,2024-05-27 20:45:13.884872,,,
O001808,L004843,"Henderson, Edwards and Sexton",5433.0,1,False,Prospecting,2026-08-25,,,,,
O001809,L004844,"Parrish, White and Booth",89841.0,2,True,Negotiation,2026-01-29,2026-03-04 22:32:01.103168,2026-04-15 07:49:20.881874,2026-04-22 03:40:01.656937,2026-04-25 06:14:37.805626,True
O001810,L004851,Dawson-Mcbride,17053.0,1,False,Contract/Legal,2026-03-23,2026-04-14 21:37:36.620942,2026-05-06 09:16:23.593018,2026-05-27 04:10:51.628322,2026-06-05 03:26:16.487004,False
O001811,L004855,"Chaney, Salazar and Salazar",22264.0,3,False,Negotiation,2024-07-01,2024-08-02 23:25:13.820469,2024-08-16 16:33:51.328411,2024-09-01 22:53:42.358942,2024-09-27 04:57:03.784688,False
O001812,L004859,Mitchell Inc,7920.0,6,False,Qualified,2026-08-07,2026-08-20 12:59:00.849080,,,,
O001813,L004860,Lawrence-Hanna,10249.0,1,True,Qualified,2026-04-24,2026-05-14 14:01:32.360704,,,,
O001814,L004861,Wells Group,3248.0,2,True,proposal,2025-05-17,2025-05-24 07:59:14.229513,2025-07-31 13:17:44.543824,,,
O001815,L004863,Leblanc PLC,1000.0,1,True,Qualified,2024-09-17,2024-10-14 00:23:34.083144,,,,
O001816,L004867,Walker Group,46641.0,3,False,negotiation,2023-11-13,2023-11-25 18:30:41.934752,2023-12-14 22:40:43.626486,2023-12-19 08:52:03.690949,2023-12-23 08:00:35.492154,True
O001817,L004870,"Olsen, Payne and Butler",27211.0,3,True,Negotiation,2024-10-17,2024-10-30 09:43:19.304269,2024-11-07 07:55:46.256023,2024-12-04 00:36:07.900488,,
O001818,L004872,Mack-Alvarado,10688.0,2,False,Negotiation,2025-09-13,2025-10-04 00:16:24.483916,2025-11-09 17:06:37.818571,2025-11-11 10:57:14.644632,,
O001819,L004875,Castro-Murphy,6536.0,2,True,Negotiation,2023-06-03,2023-06-14 08:43:46.132598,2023-08-20 23:56:50.678200,2023-09-22 09:52:50.700924,2023-09-23 18:23:51.889851,False
O001820,L004877,Lucas-Potts,8971.0,2,True,Qualified,2023-06-11,2023-07-06 11:55:40.024586,,,,
O001821,L004879,"Scott, Sandoval and Powers",6731.0,2,False,Negotiation,2025-01-03,2025-01-08 16:18:07.271535,2025-04-12 22:19:38.600021,2025-04-20 18:10:54.054669,2025-05-11 17:10:26.395160,False
O001822,L004880,Martin-Simmons,31535.0,8,True,Negotiation,2024-06-03,2024-06-19 12:15:27.934071,2024-07-29 04:23:42.277987,2024-08-17 18:14:59.355555,2024-08-22 17:44:14.406576,True
O001823,L004881,"Martin, Davis and Huynh",6688.0,4,False,Qualified,2025-08-30,2025-09-14 04:04:03.092137,,,,
O001824,L004886,Morgan-Mason,,1,False,Qualified,2026-05-26,2026-06-11 20:51:59.647456,,,,
O001825,L004895,"Bell, Peterson and Price",29481.0,3,False,Qualified,2025-04-25,2025-05-29 15:00:52.816847,,,,
O001826,L004896,Garcia-Hunt,18856.0,3,False,Negotiation,2025-09-15,2025-09-23 03:11:07.556307,2025-10-20 00:49:15.502728,2025-11-08 00:30:55.151340,2025-11-11 03:22:38.887137,True
O001827,L004897,Lewis-Lee,10166.0,4,False,Qualified,2023-08-24,2023-09-04 16:31:10.370794,,,,
O001828,L004898,"Webb, Willis and Terry",53877.0,4,False,Negotiation,2025-07-02,2025-08-07 15:14:21.080682,2025-09-20 15:12:30.805694,2025-11-06 11:33:57.202663,,
O001829,L004901,Day-Gonzalez,31854.0,2,True,Prospecting,2026-08-28,,,,,
O001830,L004903,Duncan Inc,27914.0,4,True,Negotiation,2024-06-13,2024-06-21 10:24:51.586257,2024-08-17 18:10:13.229299,2024-09-09 11:52:05.466490,2024-09-11 09:37:26.843865,True
O001831,L004904,"Peck, Wong and Perry",15329.0,3,True,Negotiation,2026-02-21,2026-04-04 02:53:11.491279,2026-05-11 02:01:03.983087,2026-05-18 09:23:04.278185,2026-05-23 19:59:33.990971,False
O001832,L004905,Montes Group,13489.0,2,False,Negotiation,2023-12-12,2024-01-26 02:18:00.614846,2024-03-16 12:44:28.861678,2024-05-04 06:57:58.283789,2024-05-20 02:48:49.976686,False
O001833,L004908,Snyder-Ferrell,2604.0,5,False,Negotiation,2026-04-15,2026-05-07 22:24:26.029847,2026-06-10 20:48:19.328028,2026-06-21 04:42:45.173025,2026-06-28 00:19:32.298665,True
O001834,L004910,"Stewart, Collins and Short",14861.0,4,False,Qualified,2024-03-16,2024-03-27 06:34:27.543824,,,,
O001835,L004911,Williams-Rodriguez,12925.0,3,True,Negotiation,2023-10-13,2023-10-20 02:12:37.393881,2024-01-27 11:35:59.742271,2024-02-02 02:12:48.173860,,
O001836,L004919,"York, Cox and Davis",1745.0,3,True,Negotiation,2023-12-21,2024-01-03 13:41:52.667640,2024-04-10 08:21:40.535001,2024-04-28 10:43:05.634096,2024-05-26 09:12:06.736891,False
O001837,L004920,Tate-Flores,3173.0,4,False,Proposal,2026-06-08,2026-07-03 21:32:30.820092,2026-08-28 01:16:14.002013,,,
O001838,L004921,White and Sons,19074.0,4,False,Negotiation,2025-10-12,2025-10-18 04:11:02.065782,2025-11-15 23:18:28.976016,2025-12-07 12:13:23.017396,2025-12-09 10:02:59.182824,True
O001839,L004925,Escobar-Barrett,10152.0,2,False,Negotiation,2024-07-06,2024-07-27 16:16:39.423002,2024-08-21 16:29:49.491178,2024-08-27 09:23:06.469874,,
O001840,L004926,Woodard Inc,4849.0,4,False,Negotiation,2023-05-11,2023-05-25 11:16:29.279249,2023-08-02 09:38:14.523061,2023-08-09 16:22:27.517686,2023-09-03 11:28:31.113104,True
O001841,L004927,Ellison-Fisher,4254.0,3,True,Proposal,2026-05-07,2026-05-19 17:15:39.786906,2026-08-04 10:39:56.273306,,,
O001842,L004932,Weaver-Baker,21616.0,3,True,Proposal,2023-12-01,2023-12-20 00:09:06.355513,2024-01-31 07:39:06.306031,,,
O001843,L004937,Rojas Ltd,52585.0,4,True,Proposal,2025-12-05,2025-12-25 11:49:18.125848,2026-03-21 02:34:22.709368,,,
O001844,L004940,Vasquez and Sons,13008.0,2,True,Negotiation,2024-02-01,2024-02-16 03:07:44.213494,2024-05-17 15:39:28.767819,2024-06-02 21:02:54.916909,,
O001845,L004948,"King, Anderson and Lopez",5563.0,3,False,Contract/Legal,2025-12-24,2026-01-19 06:29:47.772796,2026-04-06 08:44:22.851116,2026-04-25 22:09:39.252714,2026-04-30 04:41:52.916755,False
O001846,L004958,Ramos-Harris,,3,False,Qualified,2024-01-02,2024-01-15 11:13:35.640074,,,,
O001847,L004962,Ford-Brown,18558.0,3,False,Negotiation,2023-03-15,2023-04-19 08:37:59.583156,2023-05-16 11:46:20.076080,2023-06-15 01:15:14.768940,2023-06-27 18:00:54.305359,True
O001848,L004963,Goodman PLC,34500.0,2,True,Qualified,2024-08-16,2024-09-01 22:53:33.605617,,,,
O001849,L004965,Taylor-Ramirez,21040.0,2,False,Negotiation,2025-03-25,2025-04-19 23:55:23.609829,2025-07-17 06:51:23.091954,2025-07-24 03:07:58.257545,2025-08-07 05:39:52.952299,False
O001850,L004966,Hammond-Kennedy,5813.0,4,False,Qualified,2024-04-10,2024-04-21 18:39:46.013177,,,,
O001851,L004967,"Brown, Gibson and Turner",59838.0,3,False,Qualified,2024-01-23,2024-01-27 22:35:43.104456,,,,
O001852,L004981,Hernandez Inc,16173.0,1,True,Negotiation,2026-05-12,2026-05-18 23:49:10.011793,2026-07-01 17:16:48.727189,2026-07-26 19:52:17.366745,2026-08-19 21:55:40.227488,False
O001853,L004983,Bradley-Smith,12372.0,2,True,negotiation,2026-03-11,2026-03-19 00:33:12.371082,2026-05-09 08:53:13.194997,2026-05-26 22:00:19.645721,2026-06-16 03:11:01.238870,False
O001854,L004994,"Huang, Hall and Delacruz",51389.0,1,False,Proposal,2024-10-19,2024-10-22 14:19:00.514759,2025-01-30 14:34:07.214129,,,
O001855,L004996,"Jones, Becker and Daugherty",6143.0,3,False,Negotiation,2026-01-01,2026-01-08 13:50:02.185640,2026-01-30 05:34:11.885050,2026-02-02 21:51:38.407155,2026-02-05 21:43:22.396258,True
O000233_DUP,L000619,Russell Group,9000.0,4,True,Negotiation,2023-10-24,2023-11-05 14:25:50.329083,2023-12-21 01:23:11.820388,2023-12-29 02:40:38.792362,2023-12-30 09:48:25.779488,False
O000450_DUP,L001225,"Newton, Ortiz and King",9873.0,1,True,Negotiation,2023-05-16,2023-06-17 04:53:44.728777,2023-08-31 18:37:56.794748,2023-09-24 10:40:01.176919,2023-05-15 00:00:00.000000,False
O001201_DUP,L003217,Gordon Ltd,18782.0,2,True,Negotiation,2025-04-26,2025-05-07 07:54:09.230952,2025-07-10 20:00:44.276348,2025-08-08 00:42:47.301338,2025-08-19 04:59:40.401623,False
O001343_DUP,L003622,"Myers, Howard and Castillo",7315.0,3,False,Qualified,2024-10-25,2024-11-13 00:53:12.754636,,,,
O000411_DUP,L001112,Coleman-Bennett,21586.0,3,True,Proposal,2025-01-29,2025-02-18 05:17:33.149069,2025-04-02 08:13:05.556991,,,
O001338_DUP,L003612,"Gonzalez, Harrison and Washington",7527.0,3,False,Proposal Sent,2024-01-29,2024-02-05 09:06:40.979832,2024-03-08 03:47:49.362784,,,
O001800_DUP,L004811,"Hernandez, Williams and Ruiz",56178.0,2,True,Qualified,2026-08-07,2026-08-22 10:28:04.302643,,,,
O001772_DUP,L004729,Foley-Miranda,21734.0,2,False,Negotiation,2026-02-25,2026-03-19 11:03:59.350809,2026-04-12 19:39:38.089724,2026-04-22 09:05:42.719621,2026-05-01 01:48:11.728874,True
O001169_DUP,L003140,Scott-Kennedy,17417.0,4,False,Qualified,2025-11-24,2025-12-10 17:16:28.134057,,,,
O001168_DUP,L003139,Davis-White,20362.0,2,False,Negotiation,2023-06-19,2023-06-30 21:41:36.748262,2023-07-18 15:26:38.905921,2023-07-21 16:01:58.227391,,
O001843_DUP,L004937,Rojas Ltd,52585.0,4,True,Proposal,2025-12-05,2025-12-25 11:49:18.125848,2026-03-21 02:34:22.709368,,,
O001650_DUP,L004422,Evans-Burns,4849.0,2,True,Negotiation,2024-02-27,2024-03-27 12:35:53.596265,2024-04-16 12:48:28.335351,2024-04-18 15:29:00.938293,2024-04-29 04:14:37.268967,False
O001293_DUP,L003489,Anderson-Sanders,9228.0,4,True,Negotiation,2026-03-03,2026-03-29 05:59:44.706382,2026-05-21 19:18:18.813334,2026-06-13 01:26:52.712649,,
O001283_DUP,L003463,Gonzalez-Barron,44667.0,3,True,Negotiation,2023-10-13,2023-10-31 12:37:10.800600,2023-11-25 17:14:43.296272,2024-01-13 20:34:11.551771,2024-01-17 19:18:56.173175,False
O001007_DUP,L002750,"Richardson, Brown and Cruz",19109.0,4,False,Contract/Legal,2025-06-14,2025-06-28 14:38:24.719641,2025-08-30 16:05:27.964879,2025-09-10 07:33:11.315587,2025-10-03 23:41:16.428124,True
O001691_DUP,L004534,"Young, Kane and Riley",15582.0,3,True,Qualified,2026-08-18,2026-08-27 04:43:34.521893,,,,
O001050_DUP,L002869,"Reeves, Tyler and Martinez",63187.0,3,False,Qualified,2024-07-12,2024-07-22 12:22:23.473590,,,,
O000352_DUP,L000930,"Ward, Porter and Bradley",103719.0,4,False,Qualified,2026-02-02,2026-02-17 19:18:52.066641,,,,
O000938_DUP,L002576,Cameron Inc,17336.0,5,True,Qualified,2024-06-23,2024-07-07 11:12:36.228448,,,,
O001387_DUP,L003729,Johnson-Hill,18618.0,3,False,Proposal,2023-11-23,2023-12-13 10:08:06.398268,2024-02-09 01:58:11.033291,,,
O000808_DUP,L002246,Burke-Hernandez,9770.0,2,False,Negotiation,2023-06-18,2023-06-30 21:33:06.124130,2023-10-05 21:08:45.488882,2023-11-17 22:29:50.373080,,
O000813_DUP,L002267,Anderson-Mcclain,53982.0,1,False,Negotiation,2025-12-03,2025-12-15 18:32:41.465271,2026-02-03 13:00:39.933063,2026-02-17 02:59:52.794670,2026-02-17 11:49:36.244354,True
O000188_DUP,L000495,Carter Inc,77484.0,2,True,Qualified,2026-07-23,2026-07-30 14:41:43.213864,,,,
O000841_DUP,L002320,Carroll-Arnold,3711.0,3,False,Negotiation,2025-04-10,2025-05-09 12:55:13.786455,2025-08-03 02:50:47.412831,2025-09-10 20:11:17.523018,2025-09-27 19:17:56.109895,True
O000575_DUP,L001590,"Warner, Weiss and Davis",,3,False,Proposal,2026-05-02,2026-05-21 01:21:25.255273,2026-07-13 08:14:00.780532,,,
O001310_DUP,L003528,"Edwards, Brown and White",6503.0,3,False,Negotiation,2025-05-24,2025-06-05 16:40:23.458460,2025-06-13 13:55:29.623825,2025-06-19 23:42:15.616339,2025-07-01 05:29:40.326934,True
O000570_DUP,L001571,"Ray, Craig and Park",7886.0,3,False,Negotiation,2025-03-29,2025-04-17 03:16:29.201017,2025-05-17 00:36:11.138638,2025-05-29 15:43:03.692161,2025-06-21 04:50:57.130175,True
O000398_DUP,L001075,"Ellis, Marks and Buchanan",2246.0,3,True,Negotiation,2025-11-08,2025-11-28 16:15:06.679644,2025-12-31 22:39:01.363147,2026-01-23 08:52:13.616573,2026-02-02 01:31:18.800265,False
