ticket_id,account_id,opened_date,severity,resolved,resolution_time_days
T000000,A000000,2025-10-21 11:36:29.038153,Low,True,2.5
T000001,A000000,2026-02-13 00:35:06.547892,Low,True,6.9
T000002,A000000,2025-07-23 21:08:52.367114,Low,True,4.9
T000003,A000000,2024-11-21 14:02:35.399950,Low,True,3.3
T000004,A000001,2026-02-19 08:47:37.779276,Medium,True,0.5
T000005,A000001,2025-08-28 01:07:09.359691,Low,True,3.3
T000006,A000001,2025-10-09 07:58:02.383758,Low,True,10.4
T000007,A000001,2026-06-12 09:30:44.008687,Low,False,
T000008,A000001,2025-06-29 12:55:45.130363,High,True,4.2
T000009,A000001,2026-07-22 00:47:46.330996,High,True,6.0
T000010,A000001,2025-11-11 05:30:10.502754,Low,True,3.8
T000011,A000001,2025-06-15 15:39:51.002253,Low,True,6.7
T000012,A000001,2025-06-11 03:42:15.377717,Low,True,2.7
T000013,A000002,2025-07-24 18:01:01.112965,High,True,2.7
T000014,A000002,2025-10-27 19:36:55.982359,Medium,True,1.7
T000015,A000002,2025-02-03 02:35:35.460436,Medium,False,
T000016,A000002,2026-08-29 06:17:44.585604,Low,True,1.0
T000017,A000002,2026-07-25 10:58:58.032458,Medium,True,3.7
T000018,A000002,2025-10-02 17:22:01.044265,Low,False,
T000019,A000002,2025-02-14 01:31:01.630465,Medium,True,3.8
T000020,A000002,2025-01-13 15:53:57.421810,Low,False,
T000021,A000002,2025-08-23 11:13:43.290169,Low,True,0.4
T000022,A000002,2025-01-16 13:01:52.815262,High,True,8.5
T000023,A000002,2026-03-12 09:25:24.231781,,True,6.4
T000024,A000002,2024-11-28 00:42:00.473614,High,True,1.7
T000025,A000002,2025-01-13 06:52:07.822942,High,True,1.5
T000026,A000003,2026-03-19 14:21:06.469116,Medium,True,7.7
T000027,A000003,2024-08-11 14:53:05.167343,High,True,1.3
T000028,A000003,2025-05-06 13:54:30.635109,,True,3.5
T000029,A000003,2025-01-16 05:42:35.711100,Low,True,2.7
T000030,A000003,2026-02-08 02:03:58.529866,Low,True,3.4
T000031,A000003,2025-01-22 04:10:23.281178,Low,True,1.7
T000032,A000003,2024-07-26 09:19:51.562312,Low,False,
T000033,A000003,2025-05-12 16:06:01.077037,Low,True,3.8
T000034,A000003,2026-01-14 04:54:20.434699,Low,True,1.7
T000035,A000003,2025-11-23 10:17:15.164337,Low,True,1.4
T000036,A000003,2026-05-02 21:17:05.595055,Low,True,3.5
T000037,A000003,2024-11-13 19:17:28.426846,,True,0.3
T000038,A000003,2025-07-12 09:35:52.361752,Low,False,
T000039,A000004,2026-07-22 18:47:33.444591,Low,True,6.1
T000040,A000004,2026-06-11 11:47:56.119526,Medium,True,4.6
T000041,A000004,2026-06-23 16:41:20.048796,Low,True,1.4
T000042,A000004,2026-07-13 02:39:53.339868,Medium,True,0.8
T000043,A000004,2026-06-13 01:25:54.708639,Low,True,1.5
T000044,A000004,2026-06-06 23:17:52.996062,Medium,False,
T000045,A000005,2026-05-05 00:34:46.904788,Low,True,3.3
T000046,A000005,2025-01-10 09:08:10.965812,Low,True,2.7
T000047,A000005,2025-03-05 17:43:04.402557,High,True,9.2
T000048,A000005,2026-03-27 06:21:23.372320,Medium,True,7.4
T000049,A000005,2026-05-14 14:52:16.613034,Medium,True,3.3
T000050,A000005,2025-02-08 01:26:11.702976,Medium,False,
T000051,A000006,2025-02-16 02:45:54.229889,Medium,True,0.8
T000052,A000006,2025-08-08 03:45:48.068192,Medium,True,3.1
T000053,A000006,2025-08-05 10:55:42.433712,,True,14.9
T000054,A000006,2026-08-29 01:44:18.129957,Low,True,8.0
T000055,A000006,2026-07-19 03:36:50.746272,Low,True,1.7
T000056,A000006,2024-10-10 00:31:39.577192,,True,2.6
T000057,A000006,2025-04-15 15:58:52.135291,Low,True,4.8
T000058,A000006,2024-12-07 04:43:32.620873,High,True,0.1
T000059,A000006,2024-07-31 14:53:35.667057,Medium,True,0.6
T000060,A000007,2026-03-21 19:07:07.880787,,True,1.4
T000061,A000007,2025-10-06 13:14:57.444676,High,True,7.4
T000062,A000007,2025-10-05 13:22:11.793619,Low,True,4.8
T000063,A000008,2026-02-17 14:39:43.958332,Low,True,8.8
T000064,A000008,2025-04-11 18:44:13.085068,Low,True,4.6
T000065,A000008,2025-10-11 04:53:50.145120,Low,True,7.4
T000066,A000008,2025-06-30 02:06:00.368476,Low,True,7.0
T000067,A000008,2024-11-12 02:31:56.952230,Medium,True,4.1
T000068,A000008,2026-07-12 19:38:06.290717,Low,True,5.6
T000069,A000008,2025-05-29 23:31:29.054535,Low,True,8.0
T000070,A000008,2025-10-20 17:30:25.099657,Low,True,1.9
T000071,A000009,2026-07-14 01:00:48.379473,Medium,True,6.2
T000072,A000009,2026-06-30 21:19:48.208552,High,True,1.4
T000073,A000009,2026-07-10 09:40:45.564170,Medium,True,2.9
T000074,A000009,2026-08-04 00:19:48.473990,Medium,True,2.3
T000075,A000009,2026-07-30 14:08:31.744074,Medium,True,2.0
T000076,A000009,2026-06-25 21:31:54.468189,,True,9.5
T000077,A000010,2025-08-02 19:24:10.667063,Medium,False,
T000078,A000010,2025-03-31 17:12:34.684924,High,True,2.7
T000079,A000010,2025-05-22 02:24:55.515269,Low,True,4.7
T000080,A000010,2026-03-19 06:24:14.823924,Medium,True,4.8
T000081,A000010,2024-07-24 20:43:15.155662,Low,True,3.1
T000082,A000010,2025-11-02 11:41:07.222463,Medium,True,4.3
T000083,A000010,2024-09-29 05:04:46.641643,High,True,9.4
T000084,A000010,2026-06-20 19:12:02.216740,High,True,1.1
T000085,A000010,2026-08-27 02:10:02.144512,Low,True,2.8
T000086,A000010,2024-11-21 07:21:32.576688,Medium,True,3.3
T000087,A000010,2025-05-07 08:12:38.980145,Medium,True,7.6
T000088,A000011,2026-08-06 00:30:01.247358,High,True,3.4
T000089,A000011,2026-08-06 06:11:09.462600,Medium,False,
T000090,A000012,2026-06-12 05:52:37.987207,High,True,5.7
T000091,A000013,2026-07-09 05:16:57.712538,Medium,True,8.4
T000092,A000013,2026-07-11 21:20:12.330636,Medium,True,4.9
T000093,A000013,2026-06-19 02:07:38.963389,High,True,2.7
T000094,A000013,2026-04-18 16:52:35.214503,Low,False,
T000095,A000013,2026-08-15 18:32:34.981013,Medium,False,
T000096,A000013,2026-04-29 08:32:06.131561,High,True,3.2
T000097,A000013,2026-03-16 13:24:47.909309,High,True,4.2
T000098,A000013,2026-08-12 15:13:54.470297,High,True,5.1
T000099,A000013,2026-06-13 04:13:55.537968,Low,False,
T000100,A000013,2026-04-07 01:45:53.948698,Medium,True,0.5
T000101,A000014,2025-11-25 03:40:27.683699,Low,True,6.0
T000102,A000014,2025-11-09 05:12:32.096889,Medium,True,5.0
T000103,A000014,2025-01-07 08:09:53.582236,Low,True,3.4
T000104,A000014,2024-07-26 22:41:43.841578,High,True,5.6
T000105,A000014,2025-10-16 03:37:29.584845,Low,True,1.1
T000106,A000014,2026-06-02 20:28:08.414752,High,True,4.8
T000107,A000014,2024-09-08 16:07:19.225199,Low,True,0.8
T000108,A000014,2024-09-09 22:19:14.265419,,True,3.9
T000109,A000014,2025-12-20 19:25:48.562187,Low,True,0.1
T000110,A000014,2024-09-13 07:35:00.148844,Low,True,1.4
T000111,A000014,2025-02-07 06:45:32.853865,Medium,False,
T000112,A000015,2025-10-27 21:57:06.806281,High,True,1.7
T000113,A000016,2023-11-09 21:05:24.953247,Medium,True,2.5
T000114,A000016,2026-04-24 14:59:28.592450,Medium,True,1.8
T000115,A000016,2025-12-20 01:32:04.497752,Low,True,8.8
T000116,A000016,2026-01-18 04:58:24.466968,Low,True,1.2
T000117,A000016,2025-08-05 12:09:49.395987,Low,True,10.6
T000118,A000016,2025-12-04 00:02:02.177071,Low,True,10.4
T000119,A000016,2024-02-17 09:10:40.378217,Medium,True,0.6
T000120,A000016,2026-08-01 11:14:34.511302,Medium,True,5.7
T000121,A000016,2024-06-30 01:38:30.250540,High,True,5.5
T000122,A000016,2024-08-05 18:47:43.301425,Low,False,
T000123,A000016,2024-01-21 03:38:35.927077,Medium,True,3.1
T000124,A000016,2026-08-20 14:44:29.371833,Medium,True,3.2
T000125,A000016,2024-10-29 23:13:43.563624,Low,True,4.6
T000126,A000016,2024-05-06 09:52:09.424048,,True,3.4
T000127,A000016,2024-08-14 02:48:10.006704,Low,True,2.5
T000128,A000017,2026-07-05 03:00:15.578767,High,True,3.5
T000129,A000017,2026-06-26 01:34:59.992194,Medium,True,4.7
T000130,A000017,2026-06-04 17:35:33.095945,Low,True,2.4
T000131,A000017,2025-07-16 21:18:07.649738,High,True,3.0
T000132,A000017,2025-03-05 21:29:02.036588,Medium,False,
T000133,A000017,2026-03-18 12:35:51.868747,Low,True,1.6
T000134,A000017,2026-06-12 20:38:43.223464,,True,5.2
T000135,A000017,2025-09-09 11:27:45.168585,Medium,True,3.2
T000136,A000018,2026-05-12 18:47:53.906403,Low,True,2.2
T000137,A000018,2025-11-25 15:59:09.510096,Low,True,1.6
T000138,A000018,2026-06-22 17:34:17.706680,Low,True,6.1
T000139,A000018,2026-05-28 14:23:15.558123,Medium,False,
T000140,A000018,2026-05-17 01:35:18.234643,Low,True,7.4
T000141,A000018,2026-07-24 01:59:20.523993,Medium,True,6.0
T000142,A000018,2026-02-06 01:42:44.963172,,True,3.4
T000143,A000019,2026-03-27 19:10:19.557163,Low,True,7.5
T000144,A000019,2026-04-08 00:50:09.759318,Medium,True,7.5
T000145,A000021,2025-10-03 00:52:23.673226,Medium,True,5.2
T000146,A000021,2024-10-29 07:34:59.362694,,True,1.6
T000147,A000021,2024-11-19 15:02:59.985189,Low,True,7.6
T000148,A000021,2025-12-25 20:01:46.308308,High,True,11.0
T000149,A000021,2026-01-18 14:49:46.752794,Low,True,0.1
T000150,A000021,2025-10-02 08:27:59.793578,Low,True,2.6
T000151,A000021,2026-06-18 09:18:58.868941,Low,True,7.6
T000152,A000021,2024-12-31 12:00:45.196443,Low,True,2.7
T000153,A000021,2025-04-01 15:11:52.833754,Low,True,11.2
T000154,A000021,2024-10-07 00:19:12.128670,Low,True,2.8
T000155,A000021,2025-01-15 05:09:34.681894,Low,True,4.5
T000156,A000021,2024-11-14 03:01:38.439467,Low,True,2.4
T000157,A000021,2026-07-19 23:36:20.861747,Medium,True,9.8
T000158,A000021,2025-05-24 11:21:47.577672,Low,True,8.7
T000159,A000022,2025-04-07 04:16:13.977205,High,False,
T000160,A000022,2025-04-10 09:29:21.177291,,True,3.1
T000161,A000022,2025-06-06 01:32:42.086367,High,True,3.8
T000162,A000022,2025-04-10 16:54:21.390615,Low,False,
T000163,A000022,2025-03-26 05:15:55.111589,High,False,
T000164,A000022,2025-05-19 21:21:32.222950,High,True,1.6
T000165,A000022,2025-05-01 19:39:02.915439,High,True,6.3
T000166,A000022,2025-03-05 15:53:52.239477,Medium,True,9.1
T000167,A000022,2024-12-20 02:32:00.214361,Low,False,
T000168,A000022,2025-01-29 22:25:19.781141,,False,
T000169,A000022,2025-05-02 04:21:51.525865,,True,3.7
T000170,A000022,2025-03-10 07:47:53.378293,Medium,True,3.6
T000171,A000022,2025-02-14 21:44:25.315615,,True,6.2
T000172,A000022,2025-03-08 07:38:41.453596,Medium,False,
T000173,A000023,2025-08-14 06:42:14.031974,Medium,False,
T000174,A000023,2025-11-11 08:27:23.767660,Low,True,7.0
T000175,A000023,2026-05-17 07:16:59.534423,Low,True,1.6
T000176,A000023,2026-02-10 14:12:56.035555,Medium,True,5.5
T000177,A000023,2026-01-10 18:11:03.649594,Low,True,4.2
T000178,A000024,2025-12-05 15:11:39.338586,Low,True,4.7
T000179,A000024,2026-08-08 08:27:14.257543,,True,0.7
T000180,A000024,2025-11-04 16:11:33.862438,Low,True,2.4
T000181,A000024,2026-05-13 02:39:17.737266,Low,False,
T000182,A000024,2026-04-08 07:00:22.164401,Medium,True,4.4
T000183,A000025,2025-09-29 02:35:52.703285,,True,1.8
T000184,A000025,2024-10-03 17:43:01.476622,Medium,True,2.3
T000185,A000025,2025-10-05 20:29:36.270872,High,False,
T000186,A000025,2025-10-16 09:21:30.829321,Low,True,1.8
T000187,A000025,2024-07-28 20:16:08.882804,Low,True,2.3
T000188,A000025,2024-11-26 06:45:47.935956,Low,True,6.3
T000189,A000025,2025-10-02 21:01:25.354641,Medium,True,7.2
T000190,A000025,2025-09-11 08:44:30.216948,Low,True,0.6
T000191,A000025,2025-03-23 09:26:37.367398,Low,True,5.5
T000192,A000025,2024-09-26 22:27:55.377128,Medium,True,4.7
T000193,A000025,2025-09-09 09:06:26.926765,Low,True,1.3
T000194,A000025,2025-07-29 07:24:17.814411,Low,False,
T000195,A000026,2026-06-20 12:27:39.505608,Medium,False,
T000196,A000026,2026-01-28 09:00:18.417961,Low,True,3.1
T000197,A000026,2025-12-10 19:10:46.575655,Low,False,
T000198,A000026,2024-12-22 19:47:41.861854,Medium,True,3.9
T000199,A000026,2025-10-21 19:50:07.998328,Medium,True,1.8
T000200,A000026,2026-06-26 02:45:08.071204,High,True,0.8
T000201,A000026,2026-06-29 18:45:02.611176,,True,1.1
T000202,A000026,2024-12-14 04:11:55.501885,Low,True,4.4
T000203,A000027,2025-03-18 22:52:45.294346,Medium,False,
T000204,A000027,2025-07-31 19:39:10.196472,Low,False,
T000205,A000027,2025-08-02 15:15:08.485914,High,False,
T000206,A000027,2025-03-27 17:12:41.633728,,True,3.7
T000207,A000027,2024-10-09 22:11:33.325400,Low,True,2.0
T000208,A000027,2024-08-03 05:45:54.300157,Low,False,
T000209,A000027,2025-10-12 05:30:50.417738,High,True,2.3
T000210,A000027,2025-03-18 16:21:17.460524,,False,
T000211,A000027,2025-07-28 14:38:26.806770,Low,True,4.3
T000212,A000027,2025-06-14 17:53:54.458323,Medium,True,3.8
T000213,A000027,2025-05-11 14:27:50.404525,High,False,
T000214,A000027,2025-08-15 17:49:03.816791,High,True,5.7
T000215,A000027,2025-10-05 09:19:59.037814,Medium,True,1.4
T000216,A000027,2025-07-01 12:39:54.850676,High,True,5.2
T000217,A000027,2025-06-03 09:53:35.607727,High,True,3.2
T000218,A000028,2026-05-09 15:14:22.678405,Low,True,2.4
T000219,A000029,2026-04-06 22:55:28.925558,Low,False,
T000220,A000029,2026-08-23 16:03:24.375576,Medium,True,5.8
T000221,A000029,2025-07-11 02:59:59.282253,Medium,False,
T000222,A000029,2025-01-23 01:57:39.067169,Low,True,2.7
T000223,A000029,2024-07-09 08:39:59.027807,Low,True,3.1
T000224,A000029,2024-07-01 23:54:00.190002,Medium,False,
T000225,A000029,2024-09-26 02:35:39.326055,High,True,14.6
T000226,A000029,2024-09-01 16:33:51.874593,Medium,True,5.5
T000227,A000029,2026-08-22 11:34:39.843897,Medium,True,3.7
T000228,A000029,2024-01-16 18:10:00.331487,Low,False,
T000229,A000029,2025-06-13 02:41:27.161711,Low,True,4.7
T000230,A000029,2025-05-27 22:57:33.757987,Medium,True,3.5
T000231,A000029,2025-05-17 03:03:46.868524,Low,True,3.5
T000232,A000029,2024-09-16 15:27:43.383774,Medium,True,4.4
T000233,A000029,2026-05-06 05:32:45.361365,Medium,True,4.3
T000234,A000029,2024-11-20 17:29:48.331407,High,True,6.8
T000235,A000029,2026-01-26 12:18:47.123646,Medium,True,7.2
T000236,A000029,2026-04-12 11:13:40.569112,Low,True,0.9
T000237,A000029,2025-09-26 02:07:33.207239,Low,False,
T000238,A000030,2024-12-24 15:50:47.844772,Medium,True,7.7
T000239,A000030,2025-01-13 20:50:15.878179,High,True,2.9
T000240,A000030,2024-10-30 03:19:07.719227,Medium,False,
T000241,A000031,2025-07-06 17:56:09.028345,Medium,True,0.3
T000242,A000031,2025-09-30 08:18:48.292747,Low,True,4.3
T000243,A000031,2025-07-06 15:12:31.563071,Low,True,2.0
T000244,A000031,2025-05-12 08:05:19.638520,,True,5.5
T000245,A000031,2025-11-21 04:41:07.051364,Low,True,8.8
T000246,A000031,2025-11-22 00:22:46.190903,Low,True,0.8
T000247,A000031,2025-06-27 19:19:38.156167,Low,True,9.1
T000248,A000031,2026-03-10 00:55:56.493780,,True,5.1
T000249,A000031,2025-07-12 14:42:49.466739,Low,True,6.8
T000250,A000032,2025-09-23 06:02:56.036700,Medium,False,
T000251,A000032,2025-11-15 23:09:36.812437,High,True,4.4
T000252,A000032,2025-09-20 10:31:42.978065,Low,True,3.1
T000253,A000032,2025-12-17 02:47:59.375144,Low,True,1.4
T000254,A000032,2025-12-11 16:16:44.125887,High,True,3.3
T000255,A000032,2025-11-23 12:24:34.461530,Low,True,2.4
T000256,A000032,2026-01-19 06:00:58.835882,High,False,
T000257,A000032,2025-09-30 00:01:48.834787,High,True,6.1
T000258,A000032,2025-10-04 15:08:30.558334,Medium,True,2.2
T000259,A000033,2024-06-04 02:00:18.280757,Low,True,1.0
T000260,A000033,2025-02-04 06:26:17.533255,Low,True,3.3
T000261,A000033,2026-06-19 23:47:27.697404,Low,True,4.7
T000262,A000033,2024-08-20 06:36:17.762636,Medium,False,
T000263,A000033,2026-08-01 14:11:22.994719,Medium,True,4.1
T000264,A000033,2025-02-13 02:39:21.408462,Low,True,3.7
T000265,A000033,2026-01-27 20:00:44.602778,Low,True,2.4
T000266,A000033,2026-03-25 09:11:13.970004,Medium,True,9.7
T000267,A000033,2024-09-11 08:06:45.690738,High,True,4.5
T000268,A000033,2024-05-30 13:11:56.707609,Low,True,1.8
T000269,A000033,2025-05-08 02:30:55.210304,Low,True,8.3
T000270,A000033,2025-11-08 09:55:35.386061,Low,True,0.4
T000271,A000033,2026-06-07 22:08:19.836164,Low,True,6.8
T000272,A000033,2025-10-16 14:42:53.630569,,True,1.0
T000273,A000034,2026-03-12 18:20:13.438555,,True,3.9
T000274,A000034,2026-04-05 23:49:12.351802,,True,2.3
T000275,A000034,2025-05-21 19:41:28.412491,Low,True,2.1
T000276,A000034,2025-07-22 04:39:30.983202,,True,0.7
T000277,A000034,2026-05-01 13:08:56.886575,Low,False,
T000278,A000034,2026-07-26 16:49:24.895659,Low,True,1.4
T000279,A000034,2026-02-21 15:23:18.184911,High,True,9.0
T000280,A000034,2025-03-05 19:32:56.123233,Medium,True,7.3
T000281,A000034,2025-12-12 20:40:12.625088,Low,True,1.2
T000282,A000034,2026-02-20 23:37:16.669554,,True,3.6
T000283,A000034,2025-07-02 12:19:08.001548,Low,True,0.9
T000284,A000034,2026-07-05 08:41:31.743207,Low,True,2.9
T000285,A000035,2025-12-24 23:50:17.257751,Low,True,3.0
T000286,A000035,2025-11-10 02:56:38.194415,Medium,True,6.9
T000287,A000035,2025-07-25 12:04:02.385963,,True,7.8
T000288,A000035,2025-10-16 17:47:48.259601,,True,5.2
T000289,A000035,2024-12-16 04:18:15.537581,,True,2.8
T000290,A000035,2025-08-18 19:17:04.409317,High,True,1.8
T000291,A000035,2025-05-14 13:53:44.914199,Low,True,5.7
T000292,A000035,2025-07-09 10:09:14.226875,Medium,True,4.0
T000293,A000035,2026-01-19 22:18:14.309065,Medium,True,9.2
T000294,A000037,2025-05-26 10:20:51.966185,,True,7.2
T000295,A000037,2025-06-03 07:02:11.325828,Low,True,3.8
T000296,A000037,2026-03-20 08:57:53.244667,Medium,True,4.9
T000297,A000037,2025-07-24 09:51:17.401412,Low,True,2.9
T000298,A000037,2026-08-08 08:03:20.438958,Medium,True,2.6
T000299,A000037,2025-11-26 20:30:45.798582,Medium,True,2.6
T000300,A000037,2025-03-18 04:17:52.624104,,True,2.1
T000301,A000038,2026-06-20 16:10:45.616860,Low,False,
T000302,A000038,2025-08-03 22:40:15.851807,High,True,0.9
T000303,A000038,2026-05-05 16:12:33.433823,Medium,True,1.5
T000304,A000038,2025-09-26 02:26:25.777344,High,True,1.6
T000305,A000038,2026-06-02 23:26:10.117397,Medium,True,3.2
T000306,A000038,2026-03-26 15:27:54.630852,Medium,True,10.2
T000307,A000039,2024-02-23 10:50:16.402866,Medium,True,4.8
T000308,A000039,2024-02-23 21:51:23.748363,Medium,False,
T000309,A000039,2024-02-19 00:03:37.983017,,False,
T000310,A000040,2025-01-08 09:26:13.988310,Low,True,2.1
T000311,A000040,2025-05-04 01:46:10.602004,,False,
T000312,A000040,2026-08-29 13:34:20.762408,Medium,True,0.3
T000313,A000040,2024-12-09 14:05:08.482929,Low,True,1.2
T000314,A000040,2025-07-30 17:05:37.228133,High,True,13.8
T000315,A000040,2024-10-09 17:00:01.714284,Low,True,1.4
T000316,A000040,2026-05-04 02:01:10.308542,Low,False,
T000317,A000040,2025-08-23 06:16:16.467695,Medium,True,2.8
T000318,A000040,2024-12-20 13:47:07.496898,Medium,True,5.3
T000319,A000040,2025-12-13 01:48:51.654584,High,True,0.8
T000320,A000041,2026-08-28 05:36:51.577141,Low,True,7.6
T000321,A000041,2025-12-05 13:25:03.655853,Low,True,0.2
T000322,A000041,2024-01-09 02:14:23.770259,Low,True,5.2
T000323,A000041,2026-03-02 03:53:45.604110,Low,True,2.8
T000324,A000041,2025-09-08 14:57:17.325126,,True,2.0
T000325,A000041,2025-12-16 06:03:47.349163,,True,3.3
T000326,A000041,2026-04-29 05:34:26.887433,Medium,True,5.5
T000327,A000041,2026-08-27 19:39:28.963645,Low,True,1.4
T000328,A000041,2026-07-30 10:23:50.252437,Low,True,3.3
T000329,A000041,2024-04-15 19:43:58.795543,Low,True,3.1
T000330,A000041,2024-12-18 08:12:23.742922,Low,True,2.8
T000331,A000042,2026-06-16 19:04:20.453377,Low,True,4.6
T000332,A000042,2024-12-10 21:04:55.834145,Medium,True,1.4
T000333,A000042,2026-04-20 18:01:11.969358,Medium,True,1.5
T000334,A000042,2025-08-03 04:31:51.011020,Medium,True,1.2
T000335,A000042,2025-05-25 05:22:55.285944,Low,True,4.8
T000336,A000043,2024-08-26 08:36:43.770678,Medium,True,3.2
T000337,A000043,2026-07-22 13:27:42.202560,Medium,True,2.4
T000338,A000043,2026-01-10 20:55:55.477016,Medium,True,3.5
T000339,A000043,2025-05-12 17:45:26.874735,Low,True,6.5
T000340,A000043,2024-09-16 15:21:32.486043,Low,True,9.1
T000341,A000043,2024-03-16 11:35:58.017319,Medium,True,1.2
T000342,A000043,2025-05-20 23:55:35.347929,Low,True,10.3
T000343,A000043,2025-08-30 10:53:09.606510,Low,True,3.9
T000344,A000043,2024-02-22 19:23:28.096468,,True,7.2
T000345,A000043,2025-10-16 04:47:51.679487,High,True,3.0
T000346,A000043,2025-02-09 18:07:42.572227,High,True,7.4
T000347,A000044,2025-03-03 11:44:13.365093,Medium,True,4.0
T000348,A000044,2026-07-10 06:26:23.936094,Medium,True,2.3
T000349,A000044,2025-03-22 07:35:41.304496,High,True,3.6
T000350,A000044,2026-03-05 14:53:02.543760,Low,True,2.4
T000351,A000044,2026-03-09 23:57:49.631186,Medium,True,4.4
T000352,A000044,2024-03-14 10:52:05.774772,High,True,2.8
T000353,A000044,2024-01-14 17:40:48.100599,High,True,1.2
T000354,A000044,2025-10-12 10:41:09.251258,Low,True,0.7
T000355,A000044,2025-02-02 00:53:55.532661,Low,True,4.2
T000356,A000044,2025-12-15 21:03:12.128217,High,True,0.7
T000357,A000044,2024-02-11 23:02:35.355067,High,False,
T000358,A000044,2025-06-09 08:34:22.410664,Low,True,0.8
T000359,A000044,2026-04-11 17:41:11.214205,Low,True,0.7
T000360,A000044,2023-12-06 16:59:10.161790,Low,True,1.4
T000361,A000044,2024-08-15 16:11:19.437565,Medium,True,7.9
T000362,A000045,2025-11-30 00:47:39.270678,Medium,True,7.2
T000363,A000045,2026-05-07 16:30:27.462779,High,False,
T000364,A000045,2026-05-23 16:09:49.092462,High,True,7.2
T000365,A000045,2026-04-12 07:22:01.801301,High,True,4.1
T000366,A000045,2026-02-03 05:40:15.275465,Medium,True,3.7
T000367,A000045,2026-07-28 13:03:50.270259,Medium,True,1.4
T000368,A000045,2026-05-13 03:36:57.854555,Medium,True,4.3
T000369,A000045,2026-06-27 10:33:37.416951,High,False,
T000370,A000045,2026-07-07 13:58:13.852809,High,False,
T000371,A000045,2026-07-07 23:06:46.270995,Medium,False,
T000372,A000045,2026-08-24 22:22:06.927155,High,True,2.9
T000373,A000045,2026-07-03 08:45:23.189669,Medium,True,1.5
T000374,A000045,2026-05-09 16:33:37.425732,Low,True,3.3
T000375,A000045,2026-07-22 16:20:41.797951,High,True,4.6
T000376,A000045,2026-02-17 01:27:55.479272,Low,False,
T000377,A000046,2026-01-27 08:58:18.240015,Medium,True,2.9
T000378,A000046,2025-06-27 09:52:43.355510,Medium,True,5.2
T000379,A000046,2026-08-25 23:37:52.986958,Medium,True,3.3
T000380,A000046,2025-02-20 20:55:39.116845,High,True,4.6
T000381,A000046,2025-06-15 05:30:40.483504,Low,True,2.7
T000382,A000046,2025-05-15 16:59:08.489341,Low,False,
T000383,A000046,2026-05-07 06:20:45.334369,Low,True,2.2
T000384,A000046,2025-01-27 12:33:01.262748,Medium,True,1.0
T000385,A000046,2025-10-31 14:23:59.029331,Medium,True,2.9
T000386,A000046,2026-02-06 06:31:43.108189,Low,True,0.8
T000387,A000046,2025-07-08 14:11:09.469477,Low,True,10.8
T000388,A000047,2024-12-30 02:04:38.343095,High,True,3.6
T000389,A000047,2025-01-23 05:31:18.109414,Low,False,
T000390,A000047,2024-11-17 16:43:00.210383,Low,True,10.4
T000391,A000047,2025-01-26 18:27:37.381231,Low,True,0.3
T000392,A000047,2024-10-24 03:52:35.957865,High,True,4.1
T000393,A000047,2024-11-28 23:18:27.928464,Medium,True,1.6
T000394,A000047,2025-01-06 18:17:17.703489,Low,True,0.1
T000395,A000047,2024-10-14 21:27:33.609045,High,True,13.2
T000396,A000047,2025-02-23 09:44:47.426627,Medium,True,8.4
T000397,A000047,2024-12-24 04:17:40.385985,High,False,
T000398,A000047,2025-02-06 20:40:43.387744,Medium,True,7.3
T000399,A000048,2024-08-25 07:49:08.733945,Medium,True,8.8
T000400,A000048,2024-07-08 00:12:21.578879,Low,True,3.0
T000401,A000048,2023-09-11 09:26:57.205278,Medium,True,3.2
T000402,A000048,2026-02-08 18:15:09.104451,Low,True,6.2
T000403,A000048,2026-07-13 07:54:05.510371,Medium,True,1.4
T000404,A000048,2024-01-27 22:50:21.483589,Medium,False,
T000405,A000048,2025-06-11 10:51:16.903594,Low,True,3.7
T000406,A000048,2025-02-25 07:30:38.652157,Low,True,4.7
T000407,A000048,2024-07-02 23:57:08.305622,,True,6.2
T000408,A000048,2024-10-05 19:03:36.722888,Low,True,3.8
T000409,A000048,2024-01-27 02:17:24.822796,Medium,False,
T000410,A000048,2023-11-10 08:49:04.122631,,False,
T000411,A000048,2023-09-23 08:06:59.995267,Low,True,7.4
T000412,A000048,2024-10-19 03:21:24.549251,Medium,True,1.9
T000413,A000048,2024-11-07 03:03:09.223920,Low,True,1.5
T000414,A000049,2025-03-22 23:01:42.652551,Medium,False,
T000415,A000049,2023-11-26 18:23:45.244686,,True,2.7
T000416,A000049,2024-10-06 08:56:21.602983,Medium,True,4.8
T000417,A000049,2024-12-23 21:32:43.539900,Medium,False,
T000418,A000049,2024-09-18 03:12:45.812265,High,True,0.3
T000419,A000049,2024-01-29 15:53:33.287720,High,True,2.1
T000420,A000049,2025-03-13 03:00:43.257946,Medium,True,11.0
T000421,A000049,2025-07-16 07:36:07.986949,Low,True,1.9
T000422,A000049,2025-11-27 17:44:12.605869,Low,True,3.8
T000423,A000049,2024-08-28 19:58:35.927294,Low,True,4.8
T000424,A000051,2024-06-03 00:40:08.755801,Medium,True,6.8
T000425,A000051,2026-04-30 19:14:54.012450,Medium,True,0.6
T000426,A000051,2024-10-04 23:25:30.846730,Medium,True,2.1
T000427,A000051,2025-01-02 12:12:58.775873,High,False,
T000428,A000051,2025-08-28 22:07:15.792288,,False,
T000429,A000051,2025-02-08 15:41:58.413656,,True,1.9
T000430,A000051,2024-06-16 18:58:51.804647,High,True,2.4
T000431,A000051,2025-11-08 16:05:24.338472,High,True,2.1
T000432,A000051,2025-05-27 12:31:54.135318,Low,False,
T000433,A000051,2026-03-17 16:39:28.743691,Low,True,11.7
T000434,A000051,2024-12-10 11:04:03.008277,Medium,True,5.8
T000435,A000051,2026-05-18 23:38:05.663657,Medium,True,5.3
T000436,A000051,2025-07-03 08:50:27.202580,Low,True,4.2
T000437,A000051,2025-04-10 23:24:46.519997,Low,True,2.4
T000438,A000052,2024-10-27 03:20:01.102725,High,True,6.3
T000439,A000052,2024-10-10 09:27:52.083435,Medium,False,
T000440,A000052,2025-06-30 10:44:20.743438,High,True,4.0
T000441,A000052,2024-10-09 03:54:53.596001,Low,True,4.9
T000442,A000052,2025-09-29 14:41:41.692138,Low,True,4.3
T000443,A000052,2025-01-04 14:31:50.785241,Low,True,3.5
T000444,A000052,2026-08-15 07:41:36.733533,Medium,True,4.0
T000445,A000052,2025-12-26 19:20:59.269628,High,True,0.6
T000446,A000052,2026-04-02 11:30:07.375452,Low,True,3.8
T000447,A000052,2024-10-05 20:55:27.431311,Low,True,3.7
T000448,A000052,2025-07-23 11:17:44.200140,,False,
T000449,A000053,2024-03-20 05:59:51.889877,Low,True,7.6
T000450,A000053,2023-12-31 19:57:16.666884,Medium,False,
T000451,A000053,2024-02-03 15:28:34.673761,High,True,4.0
T000452,A000053,2024-05-01 16:52:04.821260,Medium,True,3.2
T000453,A000054,2025-07-28 14:04:06.302195,Medium,True,2.8
T000454,A000054,2025-10-10 02:14:58.938259,Low,True,1.8
T000455,A000054,2025-07-10 07:24:09.486023,Low,True,2.7
T000456,A000054,2025-09-26 09:49:24.119953,Medium,True,3.1
T000457,A000054,2026-04-26 21:40:45.318051,Low,True,1.1
T000458,A000054,2026-05-18 16:23:23.679208,Low,True,2.3
T000459,A000055,2026-08-17 07:45:41.942252,Medium,True,2.7
T000460,A000055,2026-08-16 14:15:19.731142,Low,True,6.0
T000461,A000055,2024-07-15 03:07:35.691157,Low,False,
T000462,A000055,2023-09-21 14:49:21.294892,Low,True,1.3
T000463,A000055,2023-06-22 13:01:44.470293,Low,True,3.8
T000464,A000055,2024-05-08 07:30:34.140126,Medium,False,
T000465,A000055,2026-04-06 16:13:09.044353,Medium,True,3.6
T000466,A000055,2026-06-08 05:39:47.988062,Medium,True,5.5
T000467,A000055,2024-10-18 19:04:20.225647,High,True,4.2
T000468,A000055,2023-11-25 13:17:29.020255,Medium,True,1.8
T000469,A000055,2024-07-10 05:44:24.135885,Medium,True,3.9
T000470,A000055,2023-06-25 06:05:34.462343,Low,True,2.5
T000471,A000055,2025-04-02 00:43:42.240071,Low,True,3.2
T000472,A000055,2026-05-09 21:59:29.789822,Low,True,2.9
T000473,A000055,2026-04-24 12:13:30.823522,Low,True,9.5
T000474,A000055,2024-05-05 18:54:42.968656,Low,False,
T000475,A000055,2025-07-24 11:41:06.031605,Low,True,3.2
T000476,A000055,2026-03-25 01:05:58.115491,Low,True,1.8
T000477,A000055,2025-12-26 05:02:04.880341,Medium,True,5.6
T000478,A000056,2025-11-06 22:21:58.547109,,True,3.3
T000479,A000056,2026-02-19 00:28:54.958972,Medium,True,3.1
T000480,A000056,2025-07-06 14:28:08.274739,Medium,False,
T000481,A000056,2025-08-29 06:49:36.164616,High,True,2.8
T000482,A000056,2026-06-26 10:01:03.459166,Medium,True,1.0
T000483,A000056,2025-05-15 07:05:58.182669,Medium,True,7.1
T000484,A000056,2024-12-25 12:00:38.850257,High,True,3.2
T000485,A000057,2024-12-21 17:44:52.066143,High,True,2.8
T000486,A000057,2026-06-19 09:27:27.071234,Medium,True,5.8
T000487,A000057,2025-02-24 09:57:57.536499,Low,False,
T000488,A000057,2025-03-20 23:18:44.724763,Medium,True,1.1
T000489,A000058,2026-07-21 17:10:22.812368,,True,4.5
T000490,A000058,2026-05-29 08:34:26.202649,Medium,True,10.6
T000491,A000058,2026-07-06 14:42:13.204596,Low,True,1.6
T000492,A000058,2025-10-11 12:40:12.680182,Low,True,3.3
T000493,A000058,2026-04-14 08:40:07.510129,Low,True,3.1
T000494,A000058,2026-07-02 12:56:25.278304,Low,False,
T000495,A000058,2026-02-28 15:39:58.872478,Low,True,2.1
T000496,A000059,2026-06-29 01:06:46.711928,Medium,True,4.2
T000497,A000059,2026-03-06 19:53:59.525914,Low,True,1.5
T000498,A000059,2026-04-26 02:04:47.319392,Low,True,4.3
T000499,A000059,2026-07-24 23:04:45.592661,Low,True,2.1
T000500,A000059,2026-03-02 14:24:06.393183,Low,True,2.8
T000501,A000059,2026-01-02 19:39:12.554397,Low,True,4.0
T000502,A000059,2026-05-03 10:37:57.047864,High,True,4.5
T000503,A000060,2026-03-05 02:46:51.323832,Low,True,3.9
T000504,A000060,2025-12-14 06:49:28.755368,Low,True,1.6
T000505,A000060,2024-07-30 01:06:31.916681,Low,True,3.7
T000506,A000060,2025-01-05 16:53:04.282369,Low,True,1.2
T000507,A000060,2025-12-23 08:01:09.559561,Low,True,4.5
T000508,A000060,2024-06-21 06:33:09.722452,Low,True,6.9
T000509,A000060,2026-08-17 03:37:18.822212,Low,True,2.5
T000510,A000060,2026-07-05 00:42:09.285866,Low,True,4.5
T000511,A000060,2025-08-11 10:48:38.577266,High,True,3.2
T000512,A000061,2026-03-10 07:06:27.644722,Medium,True,0.7
T000513,A000061,2026-05-08 01:57:13.881882,High,False,
T000514,A000061,2026-08-03 23:46:44.755068,Medium,True,3.3
T000515,A000061,2025-05-11 19:59:57.207024,Medium,True,2.6
T000516,A000061,2025-08-23 19:29:29.261381,Medium,True,0.9
T000517,A000061,2026-01-01 12:14:14.432127,Low,True,2.6
T000518,A000061,2026-07-01 02:12:12.612584,Medium,True,2.4
T000519,A000061,2025-06-19 19:35:25.414110,High,True,6.1
T000520,A000061,2025-11-12 12:54:05.752498,Low,True,7.8
T000521,A000061,2025-09-09 10:48:55.722602,Low,True,3.4
T000522,A000061,2024-11-09 20:43:50.817886,Medium,True,1.0
T000523,A000062,2026-08-15 15:49:19.176888,High,False,
T000524,A000062,2026-05-30 23:10:31.436543,Medium,True,9.2
T000525,A000063,2025-12-25 10:33:14.108193,Low,True,6.5
T000526,A000063,2025-08-14 13:43:44.657470,Low,True,4.6
T000527,A000063,2026-05-14 04:09:54.701555,Medium,False,
T000528,A000063,2025-06-27 10:47:55.382691,Low,False,
T000529,A000063,2026-07-13 08:00:43.725884,Medium,True,2.1
T000530,A000063,2025-10-09 03:00:54.656785,Medium,False,
T000531,A000063,2026-04-25 10:31:34.369720,High,True,1.6
T000532,A000065,2025-09-20 04:09:07.927654,High,True,4.1
T000533,A000065,2024-10-12 14:39:16.236059,Medium,True,5.2
T000534,A000065,2025-11-01 07:39:50.919193,Low,True,5.4
T000535,A000065,2023-09-12 12:15:12.468554,Low,True,2.0
T000536,A000065,2025-08-28 19:15:22.025629,Low,True,2.4
T000537,A000065,2025-12-05 03:54:11.630775,Medium,True,7.7
T000538,A000065,2023-11-11 19:22:35.508239,Medium,True,2.6
T000539,A000065,2026-01-24 13:04:27.130269,High,True,12.1
T000540,A000065,2025-11-10 15:04:36.166257,Low,False,
T000541,A000065,2025-09-21 06:46:49.079033,Medium,True,5.2
T000542,A000065,2026-08-04 14:53:51.766304,Medium,True,5.1
T000543,A000065,2025-03-02 17:26:41.427935,Low,True,10.1
T000544,A000065,2025-01-31 18:44:08.771056,Low,True,3.5
T000545,A000065,2024-07-04 11:54:46.395750,Low,True,2.5
T000546,A000065,2024-05-21 08:56:54.201385,High,True,4.2
T000547,A000065,2024-01-06 23:34:23.801100,High,True,9.5
T000548,A000067,2025-09-04 13:07:14.227072,Low,True,4.9
T000549,A000067,2025-05-18 18:21:06.265377,High,True,1.2
T000550,A000067,2025-11-19 09:09:56.684081,Low,True,0.6
T000551,A000067,2025-03-19 18:00:28.594923,High,True,2.6
T000552,A000067,2025-08-21 03:59:20.539607,Low,True,14.5
T000553,A000067,2025-06-16 16:45:33.324135,High,True,2.0
T000554,A000067,2026-04-27 06:07:08.271548,Medium,True,2.5
T000555,A000067,2026-02-17 16:19:23.467961,High,True,4.9
T000556,A000067,2025-10-07 21:41:57.393349,High,True,1.4
T000557,A000068,2026-08-29 07:28:30.726767,Low,True,5.1
T000558,A000069,2025-12-16 21:27:39.427925,Medium,True,7.1
T000559,A000069,2026-03-17 15:55:29.855040,Low,True,0.7
T000560,A000069,2024-09-14 03:24:12.211428,,True,3.5
T000561,A000069,2025-10-28 13:51:04.457741,Medium,True,9.0
T000562,A000069,2025-11-30 08:43:25.470307,Medium,True,1.9
T000563,A000069,2024-08-02 14:21:17.519171,Low,True,3.3
T000564,A000069,2025-03-23 17:09:33.103673,High,True,13.1
T000565,A000069,2026-07-06 13:57:40.780745,Low,True,1.4
T000566,A000069,2025-09-28 21:32:27.320156,Low,True,1.2
T000567,A000069,2024-08-17 23:28:20.465847,Low,True,2.9
T000568,A000070,2026-02-16 16:25:11.878820,Medium,True,0.7
T000569,A000070,2024-10-23 16:09:04.184047,Low,True,3.6
T000570,A000070,2024-10-26 05:34:38.878193,Low,False,
T000571,A000070,2025-02-08 21:56:38.122033,,True,1.6
T000572,A000070,2025-02-04 02:37:59.716574,Medium,True,5.1
T000573,A000070,2026-02-24 21:19:07.565824,Medium,True,2.8
T000574,A000070,2026-03-15 07:24:46.589510,Low,True,2.8
T000575,A000070,2026-08-08 19:21:31.244453,Low,True,7.8
T000576,A000070,2025-02-09 10:42:46.196712,Low,True,5.2
T000577,A000070,2024-07-08 10:20:59.827608,High,True,0.8
T000578,A000070,2024-10-25 11:29:17.431338,Low,True,7.2
T000579,A000070,2026-07-13 09:33:12.751347,Low,True,5.8
T000580,A000071,2026-08-19 05:58:28.839995,,True,1.5
T000581,A000071,2026-08-24 02:17:32.389315,Medium,False,
T000582,A000071,2026-08-28 02:59:27.247232,Low,True,3.1
T000583,A000072,2026-08-04 06:02:54.856861,,True,8.5
T000584,A000073,2026-06-12 14:24:14.393827,,False,
T000585,A000073,2026-07-14 01:55:55.557435,Medium,True,2.7
T000586,A000073,2026-07-22 00:36:33.609870,High,True,2.0
T000587,A000073,2026-05-03 07:42:45.601972,High,False,
T000588,A000073,2026-07-01 00:18:11.802602,High,True,6.8
T000589,A000073,2026-06-03 10:13:04.636378,Medium,True,3.3
T000590,A000073,2026-06-24 10:35:36.453123,Medium,True,2.1
T000591,A000074,2024-10-27 02:13:27.527196,Low,True,6.4
T000592,A000074,2024-06-25 11:13:04.458186,High,False,
T000593,A000074,2024-12-03 03:29:16.719504,Medium,True,4.6
T000594,A000074,2024-05-02 21:37:32.385936,Medium,True,0.9
T000595,A000074,2024-10-08 01:32:37.226351,Medium,False,
T000596,A000074,2025-01-01 10:43:58.314184,High,True,2.6
T000597,A000074,2024-10-30 18:22:11.638610,Medium,True,1.4
T000598,A000075,2026-01-30 08:00:01.262509,High,True,1.8
T000599,A000075,2024-07-30 15:03:51.431224,Medium,True,4.9
T000600,A000075,2025-01-20 12:43:26.883592,Low,True,4.1
T000601,A000075,2024-09-06 08:36:01.853383,Medium,True,2.7
T000602,A000075,2026-06-03 03:20:57.488292,Low,True,15.1
T000603,A000075,2025-08-09 23:48:22.567229,,True,2.2
T000604,A000075,2024-06-09 11:09:32.622227,Low,True,0.2
T000605,A000075,2026-08-23 22:35:53.486549,Low,True,15.8
T000606,A000075,2024-09-26 00:57:05.340914,Low,True,5.7
T000607,A000075,2025-03-07 19:22:19.719925,Low,True,3.0
T000608,A000075,2026-06-18 14:41:47.003096,Low,True,4.4
T000609,A000075,2024-12-17 03:43:47.811276,Medium,True,4.6
T000610,A000075,2025-04-07 21:40:02.866485,Medium,True,6.1
T000611,A000075,2024-10-23 14:14:05.525650,Medium,True,4.7
T000612,A000076,2024-07-13 13:25:36.074240,Low,True,6.6
T000613,A000076,2024-08-25 19:44:00.428303,High,True,1.9
T000614,A000076,2024-09-14 10:44:12.552103,High,False,
T000615,A000076,2024-09-24 03:36:37.173076,,False,
T000616,A000076,2024-09-08 02:10:57.765706,High,False,
T000617,A000076,2024-08-17 19:55:32.270110,Low,True,2.1
T000618,A000076,2024-07-15 23:34:31.217243,Low,True,2.0
T000619,A000076,2024-08-05 16:48:20.403609,High,True,0.8
T000620,A000078,2023-09-16 12:59:38.101544,High,True,1.5
T000621,A000078,2024-12-11 12:42:37.136297,Medium,True,3.7
T000622,A000078,2023-12-27 19:28:30.841112,Low,True,2.7
T000623,A000078,2025-08-18 12:45:12.706952,Low,True,2.5
T000624,A000078,2026-07-25 01:22:31.846367,Medium,True,5.4
T000625,A000078,2023-10-13 17:55:33.943813,Low,True,7.7
T000626,A000078,2026-03-27 18:23:01.167842,High,True,0.9
T000627,A000078,2024-05-23 16:05:23.218270,Low,True,3.5
T000628,A000078,2024-01-15 14:39:51.026758,High,True,0.9
T000629,A000078,2024-12-14 16:59:01.034078,High,True,7.3
T000630,A000078,2024-06-21 03:47:11.086026,Low,True,4.8
T000631,A000079,2025-03-22 20:11:26.736767,High,True,2.7
T000632,A000079,2025-05-05 04:47:24.133562,Low,True,2.1
T000633,A000079,2025-05-13 19:46:10.107156,High,True,4.4
T000634,A000079,2025-03-19 23:19:07.077392,High,True,5.3
T000635,A000079,2025-03-30 13:09:05.350920,Low,False,
T000636,A000079,2025-04-07 15:31:58.884078,Low,True,2.6
T000637,A000079,2025-05-11 19:43:16.957602,High,False,
T000638,A000079,2025-03-10 18:29:01.505316,Low,False,
T000639,A000079,2025-04-19 11:11:53.810934,High,True,3.3
T000640,A000080,2026-08-20 16:04:49.281739,Low,True,5.3
T000641,A000080,2026-07-08 06:39:46.223988,,True,6.5
T000642,A000080,2026-07-04 16:38:23.794679,Medium,True,16.0
T000643,A000081,2025-12-28 19:00:44.452776,Medium,True,3.2
T000644,A000081,2026-04-24 09:14:44.289423,Medium,True,2.8
T000645,A000081,2024-12-06 23:16:43.907237,Low,True,7.0
T000646,A000081,2025-11-21 06:36:33.154217,Low,True,1.6
T000647,A000081,2025-03-13 14:38:49.641613,Low,True,4.1
T000648,A000081,2025-12-25 15:03:23.639775,Low,True,6.1
T000649,A000081,2026-03-02 19:49:13.911253,Low,True,5.2
T000650,A000081,2026-02-03 09:06:34.079115,High,True,10.3
T000651,A000081,2026-01-05 02:37:25.175115,Medium,True,0.8
T000652,A000081,2024-10-31 07:49:43.101068,Low,True,4.6
T000653,A000081,2026-06-30 06:35:39.862900,High,True,2.2
T000654,A000082,2026-02-18 01:44:25.209989,Medium,True,4.2
T000655,A000082,2024-02-20 20:05:13.415909,Medium,True,5.0
T000656,A000082,2025-09-28 08:21:24.996723,Low,True,4.9
T000657,A000082,2026-03-30 16:39:42.831020,Low,True,2.8
T000658,A000082,2024-11-18 22:15:06.224775,,True,1.6
T000659,A000082,2025-09-30 20:08:46.255968,High,True,1.8
T000660,A000082,2024-08-14 07:49:18.071206,Low,True,5.9
T000661,A000082,2026-02-24 10:19:56.312537,Medium,True,3.1
T000662,A000082,2024-11-17 15:40:50.146207,Medium,True,0.7
T000663,A000082,2024-10-10 22:06:22.483469,,True,3.9
T000664,A000082,2026-06-17 00:19:41.531062,Low,True,4.5
T000665,A000082,2024-03-16 03:19:31.850622,Medium,True,6.6
T000666,A000082,2026-04-10 07:59:34.657519,Low,True,1.6
T000667,A000082,2024-06-05 06:42:49.014830,Medium,True,4.0
T000668,A000082,2026-04-19 09:09:34.499933,Low,True,7.9
T000669,A000082,2026-04-20 14:34:58.221613,Medium,True,6.8
T000670,A000082,2024-03-20 05:07:20.917651,High,False,
T000671,A000082,2025-06-23 23:30:27.663048,Low,True,0.9
T000672,A000082,2024-11-24 11:47:05.843403,Low,False,
T000673,A000082,2024-04-08 03:39:37.040567,Low,True,5.6
T000674,A000083,2025-09-01 03:58:55.426885,Medium,True,10.6
T000675,A000083,2026-02-04 08:58:46.081949,Medium,True,1.9
T000676,A000084,2025-11-16 18:12:32.679705,Medium,True,3.6
T000677,A000084,2026-03-07 01:33:41.145891,Medium,True,3.9
T000678,A000084,2025-12-28 16:18:00.355437,Low,True,1.1
T000679,A000085,2026-05-25 15:11:28.418560,,True,5.2
T000680,A000085,2026-08-13 01:17:38.527270,High,True,3.1
T000681,A000085,2026-08-02 11:18:22.411378,Low,True,2.3
T000682,A000085,2026-07-09 20:58:40.943515,Low,False,
T000683,A000085,2026-08-11 02:42:18.153627,High,False,
T000684,A000085,2026-06-09 14:49:33.187436,Medium,True,1.1
T000685,A000085,2026-07-15 21:07:30.184777,High,True,4.5
T000686,A000086,2025-08-05 11:12:26.459880,High,True,2.3
T000687,A000086,2025-09-05 09:01:49.293505,Medium,False,
T000688,A000086,2026-02-17 20:29:43.323433,High,True,0.2
T000689,A000086,2025-07-29 15:49:23.052377,Medium,True,6.0
T000690,A000087,2026-01-30 09:57:42.455741,Low,True,4.3
T000691,A000087,2024-07-10 16:26:20.972990,Medium,True,1.8
T000692,A000087,2024-01-13 09:37:08.989640,Low,True,5.8
T000693,A000087,2026-03-04 02:43:03.276674,Medium,True,12.2
T000694,A000087,2024-06-14 20:41:20.248486,,True,4.4
T000695,A000088,2025-11-02 10:08:09.432902,Low,True,6.1
T000696,A000088,2026-01-23 05:46:01.299522,Low,True,9.8
T000697,A000088,2026-04-06 07:23:16.852131,,True,0.9
T000698,A000088,2026-01-19 04:20:50.920324,Low,True,3.0
T000699,A000088,2026-03-18 10:29:01.213639,Medium,True,3.4
T000700,A000089,2025-01-11 23:13:03.372255,Low,True,4.5
T000701,A000089,2024-12-29 07:42:32.576861,Medium,True,1.8
T000702,A000089,2025-04-18 19:48:26.472713,Low,True,9.3
T000703,A000089,2025-03-17 14:24:37.953424,Low,True,2.3
T000704,A000089,2025-04-08 04:25:03.913542,Medium,True,5.3
T000705,A000089,2025-04-14 03:13:29.949284,Medium,True,4.8
T000706,A000089,2025-04-19 11:03:56.342971,Low,True,9.0
T000707,A000089,2025-01-07 03:28:56.885566,Low,True,6.5
T000708,A000089,2024-10-16 08:54:28.568485,High,True,4.2
T000709,A000089,2024-06-07 22:16:17.791725,Medium,True,4.0
T000710,A000089,2026-05-07 17:24:59.804594,,True,2.6
T000711,A000089,2025-05-08 22:24:31.686479,Low,True,5.0
T000712,A000089,2024-09-07 12:20:21.369385,Low,True,4.5
T000713,A000089,2026-02-22 16:08:09.136486,High,True,8.9
T000714,A000089,2026-01-20 13:32:53.263565,Medium,True,0.9
T000715,A000089,2025-12-07 08:31:10.291413,High,True,4.6
T000716,A000089,2024-07-13 09:04:50.933832,Low,True,7.4
T000717,A000089,2025-06-18 02:04:25.199301,Low,True,15.9
T000718,A000089,2024-06-28 16:57:32.216091,Medium,True,1.9
T000719,A000090,2026-07-24 18:24:35.713512,Low,True,5.1
T000720,A000090,2026-08-03 08:48:10.368242,Low,True,2.5
T000721,A000090,2026-07-11 01:05:38.038958,High,True,7.1
T000722,A000090,2026-08-28 06:59:35.738044,High,True,6.6
T000723,A000091,2026-05-18 22:07:33.688671,Low,True,4.3
T000724,A000091,2024-10-14 02:15:56.748489,Medium,True,8.7
T000725,A000091,2026-01-31 03:19:30.437137,Low,True,7.2
T000726,A000091,2026-06-26 09:21:22.981304,Low,False,
T000727,A000091,2024-12-06 19:40:51.921195,Low,False,
T000728,A000091,2025-08-26 08:17:53.768731,Medium,False,
T000729,A000091,2026-07-15 20:40:32.249811,Low,True,5.0
T000730,A000092,2026-08-15 18:25:01.938863,Medium,True,5.4
T000731,A000092,2025-12-10 06:34:08.369698,Low,True,5.3
T000732,A000092,2025-09-19 18:16:31.379286,,True,6.4
T000733,A000092,2026-01-06 20:16:10.821221,Low,True,2.8
T000734,A000093,2025-04-13 10:34:25.870447,Low,True,0.9
T000735,A000093,2026-07-06 02:16:36.176230,Medium,True,4.5
T000736,A000093,2025-01-12 22:26:24.852826,Low,True,3.2
T000737,A000093,2026-02-26 22:31:55.817107,Low,True,10.4
T000738,A000093,2024-11-20 06:42:55.684174,Low,True,2.8
T000739,A000093,2025-08-21 17:33:52.418337,Medium,True,3.0
T000740,A000093,2026-05-20 21:18:22.731908,Low,True,1.5
T000741,A000093,2026-05-26 03:21:17.994964,High,True,2.0
T000742,A000093,2026-02-24 11:15:16.588450,Low,True,3.3
T000743,A000093,2025-09-29 09:09:36.135782,Medium,True,2.6
T000744,A000094,2024-08-06 15:53:01.231421,Low,False,
T000745,A000094,2024-06-29 23:36:08.085423,High,False,
T000746,A000094,2024-06-04 12:41:48.262837,Medium,True,2.6
T000747,A000094,2024-10-22 11:23:41.774253,Medium,False,
T000748,A000094,2024-09-20 14:13:05.120793,Medium,True,5.3
T000749,A000094,2024-10-20 01:03:17.605438,,True,9.2
T000750,A000094,2024-11-24 18:01:20.939585,Low,True,3.6
T000751,A000094,2024-10-16 05:43:19.161138,Medium,False,
T000752,A000094,2024-12-30 09:05:32.102521,Medium,False,
T000753,A000094,2024-12-18 21:26:14.573406,High,False,
T000754,A000094,2025-01-11 11:14:25.071486,High,True,4.5
T000755,A000094,2024-12-15 18:45:23.825151,Low,False,
T000756,A000094,2024-10-25 06:29:53.729425,,False,
T000757,A000094,2024-05-01 23:14:35.148091,High,True,1.2
T000758,A000094,2024-09-23 18:28:18.533554,High,True,5.2
T000759,A000094,2024-06-25 03:20:16.009042,Low,False,
T000760,A000094,2024-07-25 22:59:25.811153,Low,False,
T000761,A000094,2024-11-01 11:48:53.498379,Medium,True,1.4
T000762,A000094,2024-12-02 04:34:32.270539,Low,False,
T000763,A000094,2024-05-24 02:54:31.141086,,False,
T000764,A000095,2026-08-24 07:09:15.550098,High,True,1.4
T000765,A000095,2026-08-18 11:40:01.959458,Medium,False,
T000766,A000096,2025-03-13 07:03:08.847329,,False,
T000767,A000096,2025-04-11 21:08:54.092902,,True,3.0
T000768,A000096,2026-06-27 11:59:01.386119,Low,True,1.9
T000769,A000096,2025-09-22 07:26:40.818260,Low,True,3.7
T000770,A000096,2026-01-19 17:11:55.590653,Low,True,4.9
T000771,A000096,2025-11-21 21:39:48.509563,Low,True,5.8
T000772,A000096,2025-08-29 10:21:29.475300,Medium,True,2.6
T000773,A000096,2025-02-16 07:33:34.550741,Low,True,5.7
T000774,A000097,2026-01-16 12:13:48.539771,Low,True,6.9
T000775,A000097,2026-08-21 15:42:38.575535,Low,False,
T000776,A000097,2026-01-26 07:07:56.770258,Low,True,1.1
T000777,A000097,2025-09-24 12:07:11.690876,Medium,True,2.0
T000778,A000097,2025-09-15 02:47:44.898142,Medium,True,4.7
T000779,A000097,2025-08-15 17:33:02.187545,Low,True,0.7
T000780,A000098,2026-05-03 08:00:29.954977,Medium,True,1.9
T000781,A000098,2026-03-04 12:38:26.653926,High,True,1.0
T000782,A000098,2026-03-12 01:22:35.449230,Medium,False,
T000783,A000098,2026-03-07 21:39:35.936917,High,False,
T000784,A000098,2026-04-18 17:38:46.112191,Low,False,
T000785,A000098,2026-04-05 14:52:33.750316,Medium,True,2.9
T000786,A000099,2026-02-01 04:18:30.200147,Low,True,3.0
T000787,A000099,2025-08-07 12:46:52.091571,Low,True,1.8
T000788,A000099,2024-11-11 16:39:17.514004,Low,True,1.0
T000789,A000099,2025-07-12 07:18:30.136023,Medium,True,1.1
T000790,A000099,2025-07-24 06:28:28.805657,Low,True,5.4
T000791,A000099,2025-01-23 16:45:21.778659,Low,True,3.3
T000792,A000100,2025-04-20 04:40:22.551341,Medium,True,0.7
T000793,A000100,2026-07-07 09:24:46.568551,High,True,1.2
T000794,A000100,2025-11-27 08:26:57.305564,Low,True,6.7
T000795,A000100,2024-09-27 09:53:37.171388,,True,7.3
T000796,A000100,2024-09-09 23:38:43.747708,Medium,True,10.8
T000797,A000100,2026-02-19 19:17:15.081673,Medium,True,3.7
T000798,A000100,2024-10-16 04:21:09.789524,Medium,True,2.4
T000799,A000100,2025-10-03 03:56:02.585854,,True,1.2
T000800,A000100,2026-03-12 05:52:06.699482,Low,False,
T000801,A000101,2025-12-20 18:23:14.365848,Low,True,1.1
T000802,A000101,2026-08-25 19:18:36.231216,Low,True,1.3
T000803,A000101,2026-04-17 21:18:34.259737,Medium,True,7.9
T000804,A000101,2026-01-25 07:59:50.085279,High,True,2.9
T000805,A000101,2025-12-28 11:01:32.906542,Low,True,8.6
T000806,A000102,2026-05-29 10:47:39.138610,,True,2.2
T000807,A000102,2026-05-29 15:56:27.796112,Medium,True,3.2
T000808,A000102,2025-12-06 02:44:25.084779,Medium,True,6.4
T000809,A000102,2025-10-22 08:59:01.669000,,True,6.2
T000810,A000103,2025-06-01 10:17:11.229644,High,True,6.7
T000811,A000103,2025-06-07 23:21:56.588418,High,True,3.1
T000812,A000103,2025-06-14 11:11:20.422151,,True,3.2
T000813,A000103,2025-04-26 11:45:39.143905,Low,True,7.6
T000814,A000103,2025-06-01 01:40:17.883116,Low,False,
T000815,A000103,2025-06-11 02:37:07.576303,Medium,True,1.2
T000816,A000104,2026-04-18 12:01:25.717016,Low,True,5.2
T000817,A000104,2025-10-24 09:32:12.337163,High,False,
T000818,A000104,2025-08-30 10:47:21.908752,Medium,True,1.0
T000819,A000104,2026-04-06 09:17:34.278679,Low,True,6.0
T000820,A000104,2026-05-29 16:35:03.867406,,True,7.8
T000821,A000104,2026-07-24 14:06:38.291482,High,True,1.8
T000822,A000104,2026-04-13 08:57:54.027107,High,True,2.2
T000823,A000105,2024-01-30 13:10:33.606152,Low,True,1.0
T000824,A000105,2024-01-07 07:57:51.375493,Medium,True,2.5
T000825,A000105,2024-01-28 02:43:39.728957,,True,3.1
T000826,A000105,2024-02-04 03:26:19.513774,Low,False,
T000827,A000106,2024-08-10 13:52:13.709459,Medium,True,4.5
T000828,A000106,2025-03-12 11:09:18.591054,Low,True,9.8
T000829,A000106,2023-12-19 01:30:36.933940,Medium,True,0.6
T000830,A000106,2026-03-09 22:12:05.630263,,True,4.1
T000831,A000106,2024-05-10 18:24:24.838840,High,True,2.7
T000832,A000106,2026-03-25 05:53:35.659257,,False,
T000833,A000106,2025-01-16 10:57:12.553893,Low,True,1.6
T000834,A000106,2025-04-30 21:43:49.676993,Low,True,1.4
T000835,A000106,2024-07-30 03:44:19.105625,Low,True,1.2
T000836,A000106,2026-07-14 23:54:29.063478,Low,True,9.6
T000837,A000106,2026-07-19 01:30:24.097410,Medium,True,1.9
T000838,A000106,2024-08-13 21:45:06.505435,Medium,True,6.9
T000839,A000106,2025-12-06 01:44:05.903251,Low,True,6.4
T000840,A000106,2026-01-09 02:24:05.596534,Low,True,1.9
T000841,A000106,2024-08-24 09:05:43.136137,Low,True,6.7
T000842,A000106,2025-05-09 18:47:22.068991,Low,True,2.1
T000843,A000106,2024-10-25 19:23:31.935068,,False,
T000844,A000106,2026-04-05 12:13:36.607983,Low,True,5.2
T000845,A000106,2025-08-19 00:57:34.961716,Low,True,9.7
T000846,A000106,2025-12-15 18:57:24.446483,Low,True,10.6
T000847,A000107,2026-08-11 01:03:34.822747,Low,True,3.1
T000848,A000108,2026-02-01 00:24:29.484408,High,True,13.4
T000849,A000108,2026-01-01 08:20:23.531247,High,True,3.6
T000850,A000108,2025-10-17 10:35:28.331281,High,True,8.1
T000851,A000108,2026-03-12 20:40:08.739905,Medium,True,1.8
T000852,A000108,2026-06-16 15:03:15.124365,High,True,5.1
T000853,A000108,2026-06-02 23:36:51.378184,High,False,
T000854,A000108,2026-07-05 18:41:02.417090,,True,1.3
T000855,A000108,2025-09-18 01:14:28.065064,High,False,
T000856,A000108,2026-05-28 16:16:50.365053,Medium,True,2.8
T000857,A000108,2026-01-02 16:38:12.344837,Low,True,1.8
T000858,A000108,2026-06-18 20:46:58.364051,Low,True,2.3
T000859,A000108,2026-02-21 07:24:50.908423,High,True,3.6
T000860,A000108,2025-12-18 10:16:01.650204,Low,True,1.9
T000861,A000108,2026-02-21 04:43:53.071557,Medium,True,0.9
T000862,A000108,2026-05-30 20:48:12.424949,Medium,True,4.0
T000863,A000108,2025-08-10 10:05:32.597842,Medium,True,2.2
T000864,A000108,2026-02-26 04:48:52.783027,High,False,
T000865,A000108,2025-11-20 02:18:03.828603,Low,True,2.0
T000866,A000108,2025-12-24 20:59:48.285140,Medium,False,
T000867,A000108,2026-06-25 06:54:14.461300,Medium,True,4.1
T000868,A000108,2026-02-23 13:54:31.922110,Medium,True,5.0
T000869,A000109,2026-07-24 15:57:44.530107,Medium,True,7.5
T000870,A000109,2026-05-31 10:38:36.614982,High,False,
T000871,A000109,2026-08-19 00:11:07.644274,Low,True,5.9
T000872,A000109,2026-07-17 01:47:55.937893,High,True,5.7
T000873,A000109,2026-08-06 11:38:55.985801,Medium,True,1.7
T000874,A000109,2026-08-16 18:00:15.067592,,False,
T000875,A000109,2026-06-06 21:23:25.075728,Medium,False,
T000876,A000109,2026-07-06 18:35:32.698949,Low,False,
T000877,A000109,2026-08-10 16:08:08.955501,,True,3.1
T000878,A000109,2026-07-28 10:19:39.735032,High,False,
T000879,A000109,2026-08-16 03:08:52.255285,Medium,False,
T000880,A000110,2025-07-05 03:36:34.385745,High,True,2.5
T000881,A000110,2025-07-15 21:00:35.022342,Medium,False,
T000882,A000111,2025-12-10 00:04:30.973657,Medium,False,
T000883,A000111,2025-02-22 00:05:03.438838,Low,True,1.2
T000884,A000111,2024-11-29 14:29:09.486116,,True,4.6
T000885,A000111,2026-08-19 09:05:55.966273,Low,True,2.1
T000886,A000111,2025-07-20 06:04:28.383031,Low,True,2.8
T000887,A000111,2025-05-21 05:46:51.444726,Low,True,1.0
T000888,A000111,2026-02-21 03:39:15.003230,High,True,7.0
T000889,A000111,2025-06-20 05:34:44.729034,Low,True,5.7
T000890,A000111,2024-12-18 02:17:48.055415,Low,True,4.7
T000891,A000111,2025-06-27 22:37:49.519315,,True,12.5
T000892,A000112,2026-06-22 21:52:43.328689,High,True,8.8
T000893,A000112,2026-08-02 10:40:10.066705,High,True,4.9
T000894,A000113,2026-03-11 00:46:25.403205,Medium,True,3.3
T000895,A000113,2026-06-24 11:24:00.049602,Medium,True,2.5
T000896,A000113,2026-05-21 06:34:11.901361,High,True,7.4
T000897,A000114,2026-06-02 23:51:58.580218,High,True,4.7
T000898,A000114,2026-07-17 09:42:14.371369,Low,True,2.6
T000899,A000114,2026-07-14 14:02:56.622972,Low,True,3.8
T000900,A000115,2025-08-19 15:49:25.787731,Low,True,3.2
T000901,A000115,2025-12-26 05:34:21.259222,High,True,3.4
T000902,A000115,2025-08-13 01:38:44.884995,,True,2.9
T000903,A000115,2025-09-27 13:41:40.918830,Medium,False,
T000904,A000115,2025-02-06 15:07:49.291907,Medium,True,3.4
T000905,A000115,2026-03-21 21:59:18.585217,Medium,True,3.1
T000906,A000115,2026-06-05 14:57:35.742217,,True,3.2
T000907,A000115,2025-05-20 18:59:18.646204,Medium,True,8.0
T000908,A000116,2025-08-22 09:02:49.231146,Low,True,1.2
T000909,A000116,2025-10-05 05:15:31.284052,Low,True,4.4
T000910,A000117,2026-07-10 17:23:55.564135,Low,True,6.4
T000911,A000118,2026-05-17 11:19:40.285568,Medium,True,6.0
T000912,A000118,2026-05-05 17:10:37.322738,Low,True,3.6
T000913,A000118,2026-04-12 20:19:58.995341,,False,
T000914,A000120,2024-06-30 14:31:17.096651,Low,True,1.5
T000915,A000120,2026-07-28 00:59:03.612657,Low,True,3.6
T000916,A000120,2025-06-27 17:36:19.861885,Medium,True,1.4
T000917,A000120,2024-02-27 20:43:57.943057,Medium,True,0.9
T000918,A000120,2026-01-22 22:26:41.682987,High,True,2.6
T000919,A000120,2026-07-28 01:37:26.586549,,True,6.8
T000920,A000120,2025-01-03 09:28:01.413947,Medium,True,6.5
T000921,A000120,2025-05-12 15:56:22.201712,Medium,True,4.9
T000922,A000120,2025-02-07 01:49:28.706702,High,True,1.0
T000923,A000120,2025-12-09 22:56:32.084159,Low,True,1.1
T000924,A000120,2024-11-21 09:04:23.442505,Low,True,3.3
T000925,A000120,2025-02-26 15:44:38.826765,Low,False,
T000926,A000120,2025-11-02 22:28:48.170160,Low,True,3.0
T000927,A000120,2026-08-27 07:10:40.074794,Low,True,1.2
T000928,A000121,2025-08-07 05:19:50.685629,Medium,True,1.6
T000929,A000121,2026-02-01 05:12:16.063476,Medium,True,1.9
T000930,A000121,2026-04-09 07:10:26.475022,Low,False,
T000931,A000123,2024-04-06 17:51:18.039868,High,True,8.6
T000932,A000123,2024-05-21 03:27:34.687193,High,True,2.6
T000933,A000123,2024-03-05 12:04:52.721035,Medium,True,1.2
T000934,A000123,2024-06-26 15:39:15.682431,Low,False,
T000935,A000124,2025-05-21 21:20:25.338011,,False,
T000936,A000124,2025-01-28 03:04:50.004999,High,True,10.0
T000937,A000124,2025-01-16 20:59:17.420546,High,True,2.2
T000938,A000124,2025-03-26 00:19:10.927433,High,False,
T000939,A000124,2025-04-13 10:56:25.572141,Low,True,6.4
T000940,A000124,2024-12-11 03:08:33.746047,,True,4.3
T000941,A000124,2025-04-17 04:50:01.850301,Low,True,3.2
T000942,A000124,2025-02-05 07:02:58.771929,Medium,True,2.6
T000943,A000124,2025-02-22 03:34:02.942945,High,True,1.6
T000944,A000124,2025-02-14 12:26:46.045538,Medium,True,2.4
T000945,A000124,2025-02-15 19:58:15.741307,Medium,True,6.3
T000946,A000124,2025-04-13 09:50:56.738064,High,True,6.7
T000947,A000124,2025-02-04 23:45:55.306437,Medium,True,9.9
T000948,A000124,2024-12-19 22:59:34.218116,High,False,
T000949,A000124,2025-01-20 16:11:30.914967,Low,True,4.9
T000950,A000124,2024-12-23 11:37:29.526299,Medium,True,2.5
T000951,A000125,2023-11-04 09:45:52.908931,Medium,True,3.7
T000952,A000125,2026-03-07 19:35:15.572331,Low,True,0.7
T000953,A000125,2025-03-02 03:39:51.901554,Low,True,3.2
T000954,A000125,2024-09-13 23:07:06.646001,Medium,True,0.7
T000955,A000125,2024-12-13 13:22:54.933926,Low,True,1.5
T000956,A000125,2026-05-08 03:36:08.434404,,True,2.0
T000957,A000125,2026-07-10 21:59:08.464219,Low,True,1.5
T000958,A000125,2024-05-24 00:00:00.266426,Medium,True,1.7
T000959,A000125,2025-11-18 11:04:53.333253,Low,True,7.5
T000960,A000125,2023-11-24 11:56:50.940429,Medium,True,1.0
T000961,A000125,2024-10-11 01:21:18.192289,Medium,True,4.1
T000962,A000126,2025-02-25 02:23:08.006558,High,True,8.6
T000963,A000126,2025-05-02 22:33:53.333556,High,True,6.3
T000964,A000126,2024-10-25 21:11:19.740294,High,True,4.1
T000965,A000126,2025-01-09 02:52:50.681694,Medium,True,1.4
T000966,A000126,2024-09-07 11:53:01.674348,High,True,7.0
T000967,A000126,2025-05-11 00:38:41.993057,High,False,
T000968,A000126,2025-03-06 08:53:57.656897,,False,
T000969,A000126,2025-01-04 21:29:11.912826,High,True,3.9
T000970,A000126,2024-11-15 12:29:55.371109,Medium,True,2.0
T000971,A000126,2025-06-03 23:27:21.846168,Medium,False,
T000972,A000126,2025-02-04 07:56:38.445951,Low,False,
T000973,A000126,2025-03-11 03:16:38.055131,Low,True,2.8
T000974,A000126,2025-01-12 23:59:52.385701,High,True,7.7
T000975,A000126,2025-06-07 20:22:20.397129,Medium,True,5.5
T000976,A000126,2024-09-26 23:19:36.098294,Low,True,1.7
T000977,A000126,2024-07-26 13:56:46.091719,,True,1.8
T000978,A000126,2024-10-23 20:37:31.844240,High,True,6.1
T000979,A000126,2025-02-13 22:16:29.976961,Low,True,3.4
T000980,A000126,2025-03-10 22:41:06.471305,Medium,False,
T000981,A000126,2024-12-29 02:15:23.275420,,True,1.9
T000982,A000126,2025-05-11 03:38:00.110249,High,True,8.5
T000983,A000126,2025-06-15 22:37:14.897007,Medium,False,
T000984,A000126,2024-07-17 01:43:12.370293,,True,4.2
T000985,A000127,2024-08-12 08:44:35.946980,Low,True,2.6
T000986,A000127,2024-07-20 02:27:09.758194,High,True,3.6
T000987,A000127,2024-06-08 03:14:47.406919,Medium,True,1.8
T000988,A000127,2024-08-10 03:32:37.233934,Low,True,1.6
T000989,A000127,2024-07-27 00:44:09.061595,Medium,False,
T000990,A000127,2024-08-20 01:21:50.833449,Low,True,9.9
T000991,A000127,2024-09-02 18:19:04.528349,,True,1.5
T000992,A000127,2024-08-23 18:02:03.716651,High,True,6.3
T000993,A000127,2024-08-18 08:49:54.773485,Low,True,3.0
T000994,A000127,2024-05-28 13:00:21.147607,Low,True,1.3
T000995,A000127,2024-06-19 07:12:57.486631,Low,True,9.0
T000996,A000127,2024-05-18 14:58:42.980790,Medium,True,5.6
T000997,A000127,2024-02-20 15:19:23.121783,,True,12.1
T000998,A000127,2024-05-13 23:07:09.770914,Medium,False,
T000999,A000127,2024-03-11 20:10:54.922210,Medium,False,
T001000,A000128,2025-11-30 18:17:03.485700,Low,False,
T001001,A000128,2025-10-01 07:24:39.406510,Low,False,
T001002,A000128,2025-12-02 15:20:44.306799,Low,True,9.3
T001003,A000128,2025-10-14 18:16:21.541872,Low,True,3.2
T001004,A000128,2025-10-21 13:57:30.526859,High,True,0.9
T001005,A000128,2025-11-06 04:19:11.236370,,True,5.5
T001006,A000128,2025-11-19 22:03:13.245549,Medium,True,3.6
T001007,A000129,2025-08-05 06:35:54.999545,Low,True,1.6
T001008,A000129,2024-07-27 23:45:47.493646,High,True,5.0
T001009,A000129,2024-09-03 21:17:14.498906,High,True,7.4
T001010,A000129,2025-07-30 20:41:56.059911,Low,True,2.3
T001011,A000129,2025-07-26 20:56:06.016985,Medium,True,4.0
T001012,A000129,2025-10-31 00:04:15.396233,High,True,5.7
T001013,A000129,2024-05-15 08:10:45.338622,,False,
T001014,A000129,2025-01-28 05:27:06.072945,Low,True,12.8
T001015,A000129,2025-01-15 22:35:41.821963,,True,3.6
T001016,A000129,2024-01-23 06:30:53.357583,Medium,True,2.7
T001017,A000130,2024-09-14 09:57:14.198759,Medium,True,16.7
T001018,A000130,2025-01-16 05:02:39.074278,High,True,2.8
T001019,A000130,2025-02-19 02:25:03.528621,Medium,True,0.5
T001020,A000130,2024-11-20 18:59:30.035639,,True,7.3
T001021,A000130,2024-09-28 07:31:57.690423,Low,True,0.2
T001022,A000130,2024-12-06 03:41:16.121201,Low,True,1.6
T001023,A000130,2025-04-07 21:29:21.752007,High,True,2.4
T001024,A000130,2024-11-03 01:46:50.131122,Medium,True,1.3
T001025,A000130,2024-12-17 06:29:00.739012,High,True,2.1
T001026,A000130,2024-12-13 13:41:24.512071,Low,False,
T001027,A000130,2024-11-13 00:32:48.152866,High,True,6.2
T001028,A000130,2024-12-03 02:23:32.419317,Low,True,4.6
T001029,A000130,2025-03-20 19:27:31.322091,High,False,
T001030,A000130,2025-03-13 19:26:32.075994,Low,True,2.4
T001031,A000130,2025-03-14 09:20:30.768324,Low,True,2.9
T001032,A000131,2026-06-24 17:58:15.310253,Medium,True,5.0
T001033,A000131,2026-06-18 07:21:34.183075,Low,True,3.3
T001034,A000131,2026-07-11 18:58:10.881303,Medium,False,
T001035,A000131,2026-07-19 05:20:58.325597,Low,True,0.1
T001036,A000131,2026-08-08 18:49:53.055076,Medium,True,2.7
T001037,A000131,2026-08-19 10:38:04.089729,,True,3.6
T001038,A000132,2025-06-10 00:20:25.608293,High,True,0.5
T001039,A000132,2026-04-23 04:01:48.641747,Medium,True,3.0
T001040,A000132,2025-11-11 01:56:02.242322,Low,True,8.2
T001041,A000132,2026-05-08 05:33:59.570091,High,True,1.8
T001042,A000132,2025-08-28 20:34:40.745205,Low,True,2.4
T001043,A000133,2023-12-23 13:05:20.987422,High,True,2.8
T001044,A000133,2023-12-09 14:36:56.152386,Low,True,4.2
T001045,A000133,2025-03-15 14:27:28.228742,Low,True,4.3
T001046,A000133,2025-02-13 10:58:51.075584,Medium,True,1.7
T001047,A000133,2024-01-05 03:44:22.386310,Low,False,
T001048,A000133,2026-02-19 11:20:08.877637,Low,True,3.3
T001049,A000133,2025-02-01 01:25:57.823433,Medium,True,3.3
T001050,A000133,2026-01-10 05:54:39.775829,Medium,True,9.1
T001051,A000133,2024-12-06 22:17:13.170902,Low,True,5.2
T001052,A000133,2024-01-27 18:39:54.317331,High,True,5.8
T001053,A000133,2026-05-01 19:27:05.037837,Low,False,
T001054,A000133,2025-01-26 04:17:19.713182,Low,False,
T001055,A000133,2026-02-15 17:57:25.716925,Medium,True,1.9
T001056,A000133,2024-03-13 12:14:09.115017,High,True,3.2
T001057,A000133,2025-02-10 00:44:20.640474,High,True,7.2
T001058,A000133,2025-06-11 14:28:43.740416,Low,True,2.4
T001059,A000133,2026-03-22 02:23:47.965493,High,True,2.8
T001060,A000133,2024-05-17 07:24:54.833655,Low,False,
T001061,A000133,2026-03-27 00:27:17.659287,High,True,3.1
T001062,A000133,2025-05-05 00:44:13.276760,Low,True,6.9
T001063,A000134,2024-12-30 22:56:52.695404,Medium,False,
T001064,A000134,2024-10-16 02:17:18.995312,High,True,4.7
T001065,A000134,2024-10-05 13:39:57.651781,High,True,2.7
T001066,A000134,2024-08-17 12:47:12.862008,Low,False,
T001067,A000134,2024-06-23 07:47:00.344914,High,True,5.3
T001068,A000134,2024-10-28 22:39:12.064789,Medium,False,
T001069,A000134,2024-11-29 18:39:23.062799,,True,8.1
T001070,A000134,2024-11-11 22:45:43.856194,High,True,5.6
T001071,A000134,2024-12-06 02:46:19.968760,Low,True,4.3
T001072,A000134,2024-11-09 00:58:53.397318,Low,True,6.4
T001073,A000134,2024-07-26 00:19:13.085459,Medium,False,
T001074,A000134,2024-12-18 08:48:59.201630,,False,
T001075,A000134,2024-10-03 11:30:22.501044,Medium,True,2.1
T001076,A000134,2024-08-05 02:09:17.885222,Low,True,0.5
T001077,A000134,2024-05-18 09:41:51.091161,High,True,3.3
T001078,A000134,2024-08-17 20:41:23.634651,High,True,1.5
T001079,A000134,2024-10-19 16:10:29.112563,,False,
T001080,A000134,2024-02-07 23:59:53.729051,High,True,3.6
T001081,A000135,2024-10-08 13:53:59.093612,Low,False,
T001082,A000135,2024-11-02 06:30:01.901650,Low,True,7.5
T001083,A000135,2024-10-16 12:54:39.074127,Medium,True,3.2
T001084,A000135,2024-10-13 15:30:03.104240,High,False,
T001085,A000135,2024-11-13 06:22:26.311329,Medium,True,8.2
T001086,A000135,2024-11-22 23:08:53.460760,Medium,True,2.0
T001087,A000135,2024-11-25 12:14:40.873524,High,False,
T001088,A000135,2024-08-29 09:10:59.732216,High,True,6.7
T001089,A000135,2024-10-31 18:55:47.492422,High,True,1.4
T001090,A000135,2024-10-13 21:03:34.863914,Low,False,
T001091,A000135,2024-06-16 12:59:29.063700,Medium,False,
T001092,A000135,2024-10-14 03:12:21.889509,High,True,7.3
T001093,A000136,2025-02-19 04:33:15.447187,Medium,True,1.5
T001094,A000136,2024-12-12 02:08:41.061150,Low,True,1.4
T001095,A000136,2023-12-05 17:25:50.229443,Medium,True,12.0
T001096,A000136,2024-09-24 22:50:06.026474,High,True,2.3
T001097,A000136,2025-05-25 08:11:17.565743,Medium,True,3.0
T001098,A000136,2023-12-25 02:12:25.578278,,True,3.8
T001099,A000136,2024-10-28 16:27:35.928060,Low,True,2.8
T001100,A000136,2025-01-06 16:23:52.070388,Low,True,3.2
T001101,A000136,2025-05-07 22:53:50.054248,Medium,True,3.3
T001102,A000136,2024-06-11 04:42:56.506026,Medium,True,3.1
T001103,A000136,2025-10-16 07:06:33.558435,High,True,1.8
T001104,A000136,2024-03-24 00:10:32.178671,Low,True,2.8
T001105,A000136,2026-06-30 15:29:49.250701,Low,True,4.2
T001106,A000136,2025-05-25 05:21:44.072909,Low,True,3.1
T001107,A000137,2024-11-04 07:57:22.811653,Low,True,6.1
T001108,A000137,2025-05-08 04:51:16.101323,Low,True,6.5
T001109,A000137,2024-11-04 12:58:40.983295,Low,False,
T001110,A000137,2024-09-10 13:50:29.044168,Medium,True,2.9
T001111,A000137,2025-07-07 11:28:58.793669,High,True,1.3
T001112,A000137,2026-04-16 19:41:28.098376,Medium,True,3.3
T001113,A000137,2024-08-06 08:41:38.308193,Low,True,5.8
T001114,A000137,2025-02-09 22:37:13.664443,Low,True,4.8
T001115,A000137,2025-08-13 06:58:24.081035,Medium,True,0.6
T001116,A000137,2025-06-23 01:25:00.788231,Medium,True,1.4
T001117,A000137,2024-12-25 17:08:33.305474,High,True,1.2
T001118,A000138,2026-08-19 13:44:39.280742,High,True,2.3
T001119,A000138,2026-01-11 07:08:53.636719,Medium,True,3.3
T001120,A000138,2026-03-03 05:35:45.404765,,True,2.1
T001121,A000139,2025-08-27 12:39:27.388965,High,True,6.5
T001122,A000139,2025-12-01 12:28:22.719754,High,True,6.0
T001123,A000139,2025-11-09 20:40:13.228238,Medium,False,
T001124,A000139,2025-08-31 10:46:14.200887,Medium,False,
T001125,A000139,2025-11-04 06:28:39.550020,High,True,6.4
T001126,A000139,2025-07-13 07:58:29.765942,Medium,True,3.6
T001127,A000139,2025-07-14 22:41:18.551562,High,True,1.4
T001128,A000139,2025-09-07 20:27:03.264984,Low,True,4.9
T001129,A000139,2025-09-12 01:38:04.335381,High,True,5.6
T001130,A000139,2025-09-07 21:03:38.042107,Low,True,1.3
T001131,A000139,2025-10-30 08:42:44.764936,Low,False,
T001132,A000139,2025-09-20 16:51:55.861207,Medium,False,
T001133,A000140,2025-09-03 14:15:42.637279,Medium,True,2.9
T001134,A000140,2025-09-14 17:21:35.995768,High,True,3.2
T001135,A000140,2026-06-30 01:19:32.319185,Medium,True,0.9
T001136,A000140,2026-04-20 22:52:30.076588,High,True,4.7
T001137,A000140,2026-04-16 15:45:58.867194,Low,True,5.2
T001138,A000140,2026-08-04 13:46:27.366008,,True,2.0
T001139,A000140,2026-06-23 18:52:42.646869,Medium,False,
T001140,A000140,2026-07-08 03:26:26.750107,Low,True,7.0
T001141,A000140,2026-03-11 19:48:33.826997,,True,3.0
T001142,A000140,2025-12-03 18:51:54.626890,Low,True,6.5
T001143,A000141,2023-11-17 07:04:28.345764,High,True,5.0
T001144,A000141,2024-11-16 21:25:53.103128,Low,True,1.0
T001145,A000141,2025-06-29 22:37:34.398402,Medium,True,4.2
T001146,A000141,2024-09-26 12:14:26.480746,Low,True,5.7
T001147,A000141,2025-07-29 16:40:36.328797,High,True,2.0
T001148,A000141,2024-08-10 03:17:19.410789,Low,True,0.9
T001149,A000141,2025-08-02 07:52:33.166756,Medium,True,6.7
T001150,A000141,2024-02-11 14:48:17.974367,Medium,True,1.3
T001151,A000141,2025-04-15 04:33:20.414923,Medium,True,2.4
T001152,A000141,2024-01-05 01:44:16.923951,Medium,True,0.3
T001153,A000141,2026-06-26 16:44:40.095478,Medium,True,1.3
T001154,A000141,2026-07-06 03:52:53.988537,Low,True,2.8
T001155,A000141,2026-04-20 22:30:05.628649,Low,True,1.1
T001156,A000141,2026-08-03 04:39:11.150455,Low,True,0.3
T001157,A000141,2024-10-10 06:03:19.934018,Low,True,1.2
T001158,A000141,2026-02-28 06:18:49.300416,Medium,True,7.6
T001159,A000141,2025-02-24 13:25:40.402438,Medium,True,7.2
T001160,A000141,2024-11-30 18:28:00.111371,Medium,True,5.4
T001161,A000141,2025-05-17 09:26:12.819774,,True,1.1
T001162,A000141,2025-03-08 11:26:41.428695,Medium,True,12.2
T001163,A000141,2023-11-06 05:09:31.586658,Low,True,1.7
T001164,A000141,2026-08-05 06:03:48.475619,Low,True,1.8
T001165,A000142,2025-12-03 05:12:55.058946,Low,True,1.8
T001166,A000142,2026-07-26 18:23:23.194459,Low,True,1.6
T001167,A000142,2026-02-03 21:00:45.279877,Medium,True,3.0
T001168,A000142,2026-04-05 23:34:47.436520,Low,True,3.3
T001169,A000142,2025-10-08 04:49:36.349447,Medium,True,8.5
T001170,A000142,2025-10-21 00:39:53.814532,,True,1.4
T001171,A000142,2026-07-18 08:27:30.294078,Low,True,1.1
T001172,A000142,2025-11-15 19:45:38.087509,High,True,4.3
T001173,A000142,2026-06-10 09:08:45.590078,Low,True,1.0
T001174,A000142,2025-10-16 15:56:03.756046,Medium,True,4.8
T001175,A000142,2026-05-29 01:26:06.237473,,True,1.5
T001176,A000143,2025-05-23 22:06:22.423757,Medium,True,3.4
T001177,A000143,2025-04-09 02:17:32.139707,Low,True,1.4
T001178,A000143,2026-05-01 14:50:14.943276,Medium,True,2.6
T001179,A000143,2025-04-03 08:05:33.326552,Low,True,1.9
T001180,A000143,2026-02-13 05:52:22.418835,Low,True,1.4
T001181,A000144,2024-12-04 07:03:23.067787,Low,True,6.4
T001182,A000144,2025-05-24 02:21:48.174003,Medium,True,2.9
T001183,A000144,2024-09-19 00:44:34.314939,,True,2.7
T001184,A000144,2026-01-14 16:14:51.659418,High,True,2.0
T001185,A000144,2024-07-31 18:58:31.853233,Low,True,10.6
T001186,A000144,2026-01-01 15:04:31.097383,Low,True,3.3
T001187,A000144,2024-03-21 20:00:05.120657,Medium,True,5.7
T001188,A000144,2025-08-24 14:19:10.903614,Low,True,3.4
T001189,A000144,2025-11-16 10:54:59.584600,Medium,True,7.4
T001190,A000144,2024-05-23 05:01:28.133936,Low,True,0.8
T001191,A000144,2024-09-23 19:16:45.380839,High,True,8.2
T001192,A000144,2023-11-22 05:27:55.256354,Medium,True,3.6
T001193,A000144,2023-12-18 01:20:32.170414,Low,False,
T001194,A000144,2025-08-08 13:23:21.867868,Medium,True,19.1
T001195,A000144,2025-02-13 10:24:07.452167,Medium,True,6.8
T001196,A000145,2026-03-22 00:44:59.015075,Low,False,
T001197,A000145,2026-01-29 09:51:16.731888,Low,True,1.3
T001198,A000147,2026-05-10 19:17:15.991291,Low,True,7.5
T001199,A000147,2026-06-14 00:01:22.877430,High,True,5.6
T001200,A000147,2026-03-01 03:48:27.284486,Low,True,6.4
T001201,A000148,2026-01-07 10:52:35.538825,Low,False,
T001202,A000148,2025-11-20 07:53:11.803346,Medium,True,1.0
T001203,A000148,2025-10-16 22:25:05.378105,Low,False,
T001204,A000148,2026-07-11 21:08:16.935752,Medium,True,1.1
T001205,A000148,2026-05-30 08:43:53.419825,Medium,True,4.5
T001206,A000149,2026-06-22 13:07:23.957258,Medium,True,1.1
T001207,A000150,2026-04-01 13:59:15.100091,,True,0.8
T001208,A000150,2026-04-27 19:21:17.754069,Medium,True,4.9
T001209,A000150,2025-11-28 23:41:58.931675,High,True,5.0
T001210,A000150,2026-01-03 01:10:19.597409,Medium,True,3.0
T001211,A000150,2026-08-19 15:29:57.676582,Low,True,2.5
T001212,A000150,2026-03-19 11:43:00.990433,Low,True,9.8
T001213,A000150,2026-06-20 11:56:37.356131,Low,True,4.1
T001214,A000150,2025-12-26 03:14:11.907447,High,True,1.3
T001215,A000151,2025-02-25 17:25:06.006517,Medium,True,0.5
T001216,A000151,2025-05-05 16:30:51.180614,Medium,True,3.2
T001217,A000151,2025-01-03 20:37:30.925576,Low,True,6.1
T001218,A000151,2024-12-31 04:42:02.381078,Medium,True,0.4
T001219,A000151,2025-07-18 21:48:04.747674,,True,3.7
T001220,A000151,2025-10-10 04:33:55.474496,Low,True,2.2
T001221,A000152,2026-06-12 04:16:52.027524,Medium,True,5.9
T001222,A000152,2025-08-13 04:07:23.186824,Low,True,3.7
T001223,A000152,2025-06-01 02:05:08.631380,,True,4.6
T001224,A000152,2025-11-27 06:12:56.656510,Low,True,4.3
T001225,A000152,2025-06-03 06:33:19.781238,Low,True,0.2
T001226,A000152,2026-08-11 09:21:18.019103,High,True,0.9
T001227,A000152,2026-07-06 17:41:20.590321,Low,True,1.7
T001228,A000153,2025-03-14 03:51:13.084339,High,True,3.0
T001229,A000153,2024-12-29 10:03:25.569593,Low,False,
T001230,A000153,2024-12-28 04:34:53.800587,Medium,False,
T001231,A000153,2025-03-24 03:31:05.407263,High,True,9.0
T001232,A000153,2025-03-27 17:12:28.066588,High,True,1.8
T001233,A000153,2024-10-06 03:07:23.369480,Medium,True,1.8
T001234,A000153,2025-01-09 19:04:52.915749,,True,3.2
T001235,A000153,2025-02-01 04:40:57.947711,Medium,True,10.4
T001236,A000153,2024-12-05 14:15:43.823564,Low,True,10.4
T001237,A000153,2025-01-02 01:56:41.126014,Medium,True,1.8
T001238,A000153,2024-09-06 23:31:18.029139,High,True,2.0
T001239,A000153,2025-03-30 08:55:27.589971,Medium,True,6.1
T001240,A000153,2024-12-06 05:23:15.549693,,True,5.0
T001241,A000153,2025-02-12 15:47:11.445882,High,False,
T001242,A000153,2025-02-26 08:42:12.640966,High,False,
T001243,A000153,2025-03-16 17:17:52.895247,High,True,1.9
T001244,A000154,2025-03-30 23:55:00.960889,Medium,True,4.8
T001245,A000154,2026-01-08 05:12:55.957593,High,True,1.2
T001246,A000154,2026-02-12 07:22:23.623061,Low,True,1.7
T001247,A000154,2025-11-03 10:49:42.874013,Medium,True,6.7
T001248,A000154,2025-12-20 15:58:00.870416,Medium,True,2.1
T001249,A000154,2025-04-05 05:45:47.816982,Medium,False,
T001250,A000154,2026-02-19 13:13:51.662427,,True,6.2
T001251,A000154,2026-01-19 18:47:02.451571,High,True,8.7
T001252,A000154,2026-06-26 23:12:26.162091,Low,True,12.6
T001253,A000154,2025-02-03 22:13:00.027195,Medium,True,4.8
T001254,A000154,2026-07-15 01:38:14.940503,Medium,False,
T001255,A000154,2026-02-23 05:58:32.417092,High,True,3.4
T001256,A000154,2025-07-17 20:52:05.345356,Low,True,3.3
T001257,A000154,2025-01-08 22:09:36.738591,Low,True,9.8
T001258,A000155,2025-08-01 22:24:27.277450,Low,True,3.5
T001259,A000155,2025-02-02 13:50:37.490232,Low,True,4.9
T001260,A000155,2025-06-15 18:24:19.611892,Medium,True,4.4
T001261,A000155,2025-05-30 20:28:09.861776,High,True,1.8
T001262,A000155,2023-12-22 15:46:42.441145,Low,True,6.2
T001263,A000155,2025-05-09 17:05:59.585802,Low,True,2.2
T001264,A000155,2026-02-05 05:06:05.721579,Low,True,9.0
T001265,A000155,2024-01-11 04:53:30.104996,Medium,True,2.8
T001266,A000155,2024-09-08 23:45:43.729684,Low,True,10.3
T001267,A000155,2025-10-29 08:55:17.038091,Low,True,2.8
T001268,A000155,2026-08-27 02:23:51.469297,Low,True,2.2
T001269,A000155,2024-04-06 22:49:13.567860,Low,True,6.2
T001270,A000155,2025-04-16 05:01:18.895828,Low,True,9.9
T001271,A000155,2025-05-03 11:25:56.158374,Medium,True,5.9
T001272,A000155,2026-04-17 08:06:00.894848,High,True,5.7
T001273,A000156,2023-04-07 18:04:26.772819,Low,True,3.9
T001274,A000156,2023-10-11 10:55:52.239745,Low,True,4.8
T001275,A000156,2024-09-26 00:16:54.086165,High,True,4.0
T001276,A000156,2023-03-21 19:40:00.910538,Low,True,4.8
T001277,A000156,2024-12-23 15:14:34.251808,Medium,False,
T001278,A000156,2023-08-03 22:13:06.988037,Medium,True,8.1
T001279,A000156,2025-11-05 11:48:42.985882,Low,True,5.5
T001280,A000156,2024-12-03 15:37:38.250795,Low,False,
T001281,A000156,2023-10-25 02:49:23.282825,Low,True,1.7
T001282,A000156,2025-03-11 18:12:52.090955,Medium,True,2.5
T001283,A000156,2024-12-08 07:25:29.353990,Low,True,6.3
T001284,A000156,2023-06-21 17:29:55.763935,Low,True,8.4
T001285,A000156,2026-07-06 12:04:59.626156,Low,True,8.8
T001286,A000157,2025-04-25 09:37:01.883433,,False,
T001287,A000157,2025-10-18 07:41:25.142846,High,True,4.5
T001288,A000157,2026-06-30 22:55:00.983260,,False,
T001289,A000157,2025-09-27 15:38:12.952259,Low,True,1.0
T001290,A000157,2025-12-11 18:41:14.593809,Low,True,3.4
T001291,A000157,2026-02-05 08:29:59.636132,,True,2.9
T001292,A000157,2025-04-26 04:41:17.126515,Medium,True,3.3
T001293,A000157,2026-06-12 02:48:23.715694,High,True,3.7
T001294,A000158,2026-08-28 08:32:19.035775,,True,6.5
T001295,A000158,2026-07-24 21:30:24.885595,,True,0.6
T001296,A000159,2026-03-03 07:21:37.078185,High,True,3.0
T001297,A000159,2026-03-11 05:36:51.478023,High,False,
T001298,A000159,2026-03-11 16:20:21.424166,High,True,1.9
T001299,A000160,2025-11-15 07:41:05.392237,Low,True,3.8
T001300,A000160,2023-12-27 17:35:13.684111,High,True,3.0
T001301,A000160,2025-10-15 16:05:51.709296,Low,False,
T001302,A000160,2025-05-07 12:18:34.052957,Low,True,6.6
T001303,A000160,2023-08-16 08:56:24.079969,Low,True,2.8
T001304,A000160,2024-06-04 03:08:14.382892,Low,True,1.5
T001305,A000160,2026-06-20 19:15:22.092784,Medium,True,4.7
T001306,A000160,2026-02-11 07:06:35.790954,Low,True,4.9
T001307,A000160,2024-11-05 02:09:33.519287,Low,True,5.2
T001308,A000160,2024-03-09 16:02:00.944061,Low,True,1.3
T001309,A000160,2025-03-05 00:29:13.084212,Medium,True,3.2
T001310,A000160,2023-10-12 17:50:40.421040,Low,True,5.3
T001311,A000160,2024-07-18 12:02:38.138452,Low,True,7.1
T001312,A000160,2026-05-26 00:44:00.938338,Medium,True,11.0
T001313,A000160,2025-10-01 04:31:53.506862,,True,3.8
T001314,A000160,2023-12-11 20:25:13.734720,,False,
T001315,A000160,2026-01-01 11:12:58.707754,High,False,
T001316,A000160,2025-03-06 01:53:14.083933,Low,True,3.4
T001317,A000160,2024-08-04 07:11:54.606808,Medium,True,0.7
T001318,A000161,2025-07-18 00:51:11.629885,Low,True,4.9
T001319,A000161,2025-07-25 21:22:38.058923,Low,True,0.8
T001320,A000161,2025-07-12 13:33:07.914822,Low,True,1.7
T001321,A000161,2025-11-05 19:48:53.015923,Medium,True,6.3
T001322,A000161,2025-10-15 00:39:21.163493,Medium,True,3.9
T001323,A000161,2025-06-13 16:54:44.556611,Low,True,5.4
T001324,A000161,2026-08-01 02:45:17.451074,Low,True,3.3
T001325,A000162,2025-04-19 04:10:56.736238,Low,True,5.8
T001326,A000162,2025-07-29 12:32:03.576219,High,True,3.7
T001327,A000162,2025-10-21 12:26:30.446866,Medium,True,4.7
T001328,A000162,2025-11-27 16:38:40.421865,Medium,False,
T001329,A000162,2025-11-21 04:39:40.158227,High,False,
T001330,A000162,2025-05-16 17:43:43.077943,Low,True,6.1
T001331,A000162,2025-11-15 21:44:23.855905,High,True,3.1
T001332,A000162,2025-08-06 06:10:25.258956,High,True,4.3
T001333,A000162,2025-07-10 13:41:40.810456,Medium,True,7.3
T001334,A000162,2025-05-18 03:36:18.226823,High,False,
T001335,A000162,2025-09-06 00:16:42.731894,High,True,6.5
T001336,A000162,2025-04-05 16:13:47.922016,High,False,
T001337,A000162,2025-10-21 04:10:47.417944,High,True,7.9
T001338,A000162,2025-08-26 16:36:34.158280,Low,False,
T001339,A000162,2025-11-01 16:27:12.351035,Low,True,5.1
T001340,A000163,2024-02-21 06:10:44.469656,Low,False,
T001341,A000163,2024-01-09 20:58:02.428117,Medium,True,3.1
T001342,A000163,2023-11-30 09:03:29.362833,Medium,True,6.0
T001343,A000163,2023-11-04 15:39:24.777133,,False,
T001344,A000163,2024-01-30 01:04:18.955224,High,True,0.6
T001345,A000163,2024-02-03 14:44:20.826077,Medium,True,2.0
T001346,A000163,2024-02-26 18:11:33.782648,High,True,4.7
T001347,A000163,2023-12-11 15:50:05.589259,High,False,
T001348,A000163,2023-10-01 22:20:26.360813,Medium,False,
T001349,A000163,2023-09-29 20:33:11.489934,Medium,True,0.6
T001350,A000163,2023-11-26 06:39:52.463238,,True,2.9
T001351,A000163,2023-08-19 10:05:56.237416,High,True,3.2
T001352,A000164,2026-05-09 17:18:13.232921,Medium,True,2.0
T001353,A000165,2026-05-24 14:10:30.721395,,True,0.8
T001354,A000165,2025-10-22 21:52:14.131712,Low,True,1.7
T001355,A000165,2025-07-11 11:38:41.525841,Low,True,1.7
T001356,A000165,2026-03-28 02:12:29.566253,High,False,
T001357,A000165,2026-02-20 21:16:02.054868,Low,True,5.2
T001358,A000165,2025-07-20 13:18:44.536450,Medium,False,
T001359,A000166,2026-02-08 03:25:59.016730,Low,True,7.5
T001360,A000166,2025-11-16 06:47:22.514531,Low,True,3.1
T001361,A000166,2025-08-02 05:24:38.376150,High,True,2.7
T001362,A000166,2026-01-28 22:21:16.961788,Low,False,
T001363,A000166,2026-01-19 00:17:14.686656,Medium,True,9.3
T001364,A000166,2025-10-02 00:36:00.827399,Low,True,6.5
T001365,A000166,2025-12-10 20:46:49.935367,Medium,False,
T001366,A000166,2026-02-09 20:29:59.031741,High,True,6.0
T001367,A000166,2025-10-07 05:37:46.713254,High,True,3.9
T001368,A000166,2025-09-02 20:57:25.804182,Medium,True,4.0
T001369,A000166,2025-12-28 23:01:47.459533,High,True,6.6
T001370,A000166,2025-09-09 07:03:34.802719,Low,True,2.5
T001371,A000166,2025-10-15 03:42:05.751623,High,True,0.3
T001372,A000166,2025-09-01 04:35:55.739220,Low,True,11.4
T001373,A000166,2025-09-17 20:54:00.486895,Low,True,4.6
T001374,A000166,2025-12-24 22:19:20.946028,Low,False,
T001375,A000166,2026-01-15 00:35:03.009619,High,True,7.0
T001376,A000167,2026-03-05 07:55:06.403938,High,True,9.6
T001377,A000167,2026-01-14 02:49:37.714601,Low,True,2.3
T001378,A000167,2025-12-05 22:24:48.783588,Medium,True,2.1
T001379,A000167,2025-09-12 02:31:19.179732,Medium,True,1.9
T001380,A000167,2026-06-15 04:52:30.764209,Medium,True,3.7
T001381,A000167,2025-10-30 09:03:15.908245,Medium,True,20.2
T001382,A000167,2026-07-26 13:05:12.056103,Low,True,5.9
T001383,A000167,2025-09-29 02:51:17.165052,Low,True,3.6
T001384,A000167,2026-02-27 08:56:53.162952,Medium,True,6.3
T001385,A000168,2024-09-18 11:55:57.629781,Low,True,0.9
T001386,A000168,2024-09-19 13:20:31.396859,,True,2.7
T001387,A000168,2025-12-07 23:13:23.011341,Medium,True,9.9
T001388,A000168,2025-10-02 10:21:33.335798,Medium,True,6.5
T001389,A000168,2026-06-22 17:35:25.557377,Low,True,0.6
T001390,A000168,2025-11-03 12:38:34.457709,Low,True,8.7
T001391,A000169,2026-02-15 08:47:43.516171,Low,True,2.0
T001392,A000169,2025-12-20 07:51:37.494191,Low,True,2.7
T001393,A000169,2025-12-26 19:22:38.459863,,True,2.1
T001394,A000169,2026-01-20 12:54:21.878794,Medium,True,2.1
T001395,A000169,2025-12-30 14:03:23.717433,Low,True,8.4
T001396,A000170,2024-03-18 21:37:44.047871,High,False,
T001397,A000170,2024-03-04 05:49:11.264128,,False,
T001398,A000170,2024-04-09 15:04:57.354893,High,True,7.6
T001399,A000170,2024-02-09 05:13:43.275117,High,False,
T001400,A000170,2024-04-16 08:55:27.126473,High,True,4.1
T001401,A000170,2024-05-05 09:43:04.456882,,False,
T001402,A000170,2024-03-20 15:52:06.853281,Low,False,
T001403,A000170,2024-03-27 12:18:01.562407,Low,True,1.8
T001404,A000170,2024-02-25 06:40:32.846906,Medium,True,2.0
T001405,A000170,2024-02-24 18:21:14.969820,,True,2.8
T001406,A000170,2024-05-16 07:03:49.274096,Low,True,4.7
T001407,A000170,2024-04-12 13:05:06.296736,Low,True,4.8
T001408,A000170,2024-03-11 15:59:12.513673,High,True,5.0
T001409,A000171,2025-04-12 21:21:03.641787,Low,True,0.6
T001410,A000171,2024-09-24 23:28:15.710374,Medium,True,1.9
T001411,A000171,2024-08-01 16:15:34.955589,,True,2.3
T001412,A000171,2025-08-23 07:22:34.247491,Medium,True,0.6
T001413,A000172,2025-05-08 01:30:38.395739,High,False,
T001414,A000172,2024-12-13 06:19:12.315224,Low,False,
T001415,A000172,2025-05-17 07:42:06.651274,High,True,3.5
T001416,A000172,2025-06-15 20:31:58.448558,High,False,
T001417,A000172,2025-04-07 14:54:19.080914,Medium,False,
T001418,A000172,2025-04-23 22:36:32.337437,Medium,True,1.2
T001419,A000172,2025-05-05 03:03:13.651788,High,True,0.4
T001420,A000172,2024-12-26 04:16:31.255563,High,False,
T001421,A000172,2025-01-01 05:27:28.016322,Low,False,
T001422,A000172,2025-04-19 19:30:11.170824,High,False,
T001423,A000172,2025-05-30 13:07:00.722722,Medium,True,1.5
T001424,A000172,2025-01-25 16:16:07.251155,High,False,
T001425,A000172,2025-05-30 12:26:26.337661,High,True,4.7
T001426,A000173,2026-06-12 21:38:15.333884,Medium,False,
T001427,A000173,2026-07-18 23:15:10.337069,Low,True,1.0
T001428,A000173,2026-07-21 23:10:55.165157,Low,True,1.8
T001429,A000174,2026-06-01 23:21:05.663093,Low,True,5.1
T001430,A000174,2026-06-27 20:16:10.170111,Low,True,8.5
T001431,A000174,2026-06-19 10:45:03.061016,High,True,3.6
T001432,A000175,2023-08-06 05:34:12.255806,High,True,2.4
T001433,A000175,2024-05-11 07:24:09.584536,Medium,True,8.9
T001434,A000175,2025-03-23 01:32:10.781032,Medium,True,3.4
T001435,A000175,2025-10-30 17:38:09.134605,Low,True,9.0
T001436,A000175,2026-05-16 08:39:22.844235,,True,3.4
T001437,A000175,2025-09-08 11:25:37.853611,Low,True,5.0
T001438,A000175,2023-08-10 04:11:21.703443,Medium,False,
T001439,A000175,2025-03-10 07:18:57.218365,Low,True,5.4
T001440,A000175,2026-06-13 13:39:51.612696,Low,True,2.2
T001441,A000175,2026-08-28 10:47:19.124676,Low,True,2.8
T001442,A000175,2025-02-27 00:23:43.485316,High,True,9.4
T001443,A000175,2025-05-03 06:52:43.028657,Low,True,2.8
T001444,A000175,2024-12-11 20:56:38.323884,Medium,True,2.5
T001445,A000175,2024-06-18 17:32:57.176809,Low,True,0.7
T001446,A000175,2023-07-23 05:17:21.149751,Low,True,0.9
T001447,A000175,2023-09-22 21:01:49.220842,Low,True,2.6
T001448,A000175,2025-10-30 02:45:52.824154,Low,True,2.4
T001449,A000175,2025-06-23 00:32:45.233852,Medium,True,6.9
T001450,A000175,2024-03-17 16:21:16.277984,,True,3.4
T001451,A000175,2024-02-01 15:27:19.026234,Low,True,8.8
T001452,A000175,2024-08-28 07:57:07.838840,Low,True,0.8
T001453,A000176,2026-06-05 03:08:29.456036,Medium,True,2.8
T001454,A000176,2026-08-11 00:57:46.006677,Medium,True,15.0
T001455,A000176,2026-05-03 22:10:50.003266,High,True,5.3
T001456,A000176,2026-05-18 16:18:02.461937,Medium,True,6.8
T001457,A000176,2026-05-26 07:11:30.853079,,False,
T001458,A000176,2026-06-01 20:46:36.540586,High,True,2.9
T001459,A000176,2026-06-24 00:28:33.083169,Low,False,
T001460,A000176,2026-08-10 12:47:05.032886,Medium,True,5.9
T001461,A000176,2026-07-26 21:09:35.847572,High,True,0.8
T001462,A000177,2026-07-18 23:38:29.355073,,False,
T001463,A000177,2026-08-24 01:03:59.573237,,True,3.4
T001464,A000179,2025-05-28 08:23:16.876790,Low,False,
T001465,A000179,2025-07-30 21:11:18.110531,Medium,True,13.2
T001466,A000179,2025-10-03 23:58:51.136823,Medium,True,0.9
T001467,A000179,2025-08-01 23:49:36.945292,Medium,True,3.7
T001468,A000179,2025-07-03 00:34:40.498152,Medium,True,13.3
T001469,A000179,2025-09-09 05:46:37.720089,,True,1.1
T001470,A000180,2026-02-09 07:34:56.638815,Medium,True,1.4
T001471,A000180,2026-06-04 18:29:53.212540,,True,5.0
T001472,A000180,2026-03-13 16:27:42.449719,Low,True,11.0
T001473,A000180,2026-01-24 22:39:33.302965,Low,True,1.9
T001474,A000180,2026-02-19 01:12:59.632137,High,True,1.3
T001475,A000180,2026-02-28 09:38:31.086076,Medium,True,2.4
T001476,A000180,2026-06-05 02:37:44.923131,Low,True,2.2
T001477,A000181,2025-07-15 03:32:00.591988,Low,True,3.5
T001478,A000181,2026-01-14 01:23:52.179499,Low,True,8.0
T001479,A000181,2025-11-13 04:24:25.829797,Low,True,3.4
T001480,A000181,2026-08-04 15:17:09.094819,Low,True,7.1
T001481,A000182,2024-12-27 09:57:07.700311,Low,True,0.8
T001482,A000182,2024-05-02 12:11:51.494603,Low,True,8.5
T001483,A000182,2024-09-09 01:54:16.542347,Low,True,5.2
T001484,A000182,2025-11-17 19:17:45.479197,Medium,True,1.8
T001485,A000182,2026-08-09 20:13:35.661858,Medium,True,8.8
T001486,A000182,2024-11-26 07:50:59.554551,Medium,True,0.2
T001487,A000182,2026-03-24 09:48:13.557148,Low,True,4.4
T001488,A000182,2026-05-07 23:46:48.431441,,True,1.4
T001489,A000182,2025-08-19 19:19:52.404054,Low,True,4.3
T001490,A000183,2026-06-09 10:02:29.857369,Low,False,
T001491,A000183,2026-01-05 19:40:23.457469,Low,True,3.6
T001492,A000183,2026-08-22 12:54:24.590030,High,True,3.0
T001493,A000183,2026-08-27 17:30:19.073959,Low,True,5.6
T001494,A000184,2024-06-14 19:58:37.380846,,True,4.9
T001495,A000184,2026-03-09 10:48:31.465484,Low,True,7.1
T001496,A000184,2024-06-05 14:04:07.188068,Medium,True,2.3
T001497,A000184,2024-03-16 11:11:05.865539,Low,True,0.7
T001498,A000184,2026-08-01 04:52:23.781351,Low,False,
T001499,A000184,2025-05-09 15:46:16.701165,,True,6.9
T001500,A000184,2025-09-22 21:47:56.489290,,True,3.1
T001501,A000184,2026-06-23 04:17:17.893378,Low,True,2.6
T001502,A000184,2024-04-04 01:36:25.020963,Low,True,5.5
T001503,A000184,2024-10-22 13:48:38.657579,Low,False,
T001504,A000184,2025-03-26 09:07:35.027561,High,True,1.2
T001505,A000184,2025-04-06 16:24:38.255294,Medium,True,1.0
T001506,A000186,2026-04-24 12:49:09.496054,,True,8.1
T001507,A000187,2026-05-28 20:32:07.728507,,True,0.5
T001508,A000187,2026-05-30 05:45:48.764489,Medium,True,6.4
T001509,A000188,2025-11-17 02:20:33.663715,Low,True,7.8
T001510,A000188,2025-12-13 15:47:47.026823,Low,True,3.2
T001511,A000188,2025-12-08 01:34:40.472976,Low,True,3.0
T001512,A000188,2025-12-12 22:20:29.295843,Low,True,2.9
T001513,A000188,2025-11-05 08:30:44.861434,Low,True,1.6
T001514,A000188,2026-06-21 22:17:16.603089,Medium,True,1.1
T001515,A000188,2026-01-06 01:54:34.120976,Low,True,0.7
T001516,A000188,2025-05-14 02:39:21.737681,Medium,True,8.2
T001517,A000188,2025-07-27 14:05:01.075015,Medium,True,5.4
T001518,A000189,2023-07-26 17:57:37.883572,Low,True,4.4
T001519,A000189,2024-09-30 10:33:33.647895,High,True,1.7
T001520,A000189,2023-08-26 12:06:44.793034,Medium,True,0.8
T001521,A000189,2024-02-28 06:31:41.488432,Medium,True,2.5
T001522,A000189,2026-04-20 12:08:08.324831,Medium,False,
T001523,A000189,2024-03-14 06:23:23.544654,Low,False,
T001524,A000189,2025-08-23 09:47:38.809688,Low,True,2.6
T001525,A000189,2024-08-18 08:16:12.343137,Low,True,7.1
T001526,A000189,2025-09-09 14:56:38.899481,Medium,True,3.6
T001527,A000189,2023-08-03 10:00:31.632938,Medium,True,3.5
T001528,A000189,2026-07-10 17:15:20.915019,Medium,True,3.9
T001529,A000189,2025-05-12 14:06:36.727938,,True,2.1
T001530,A000189,2024-11-20 15:55:00.247396,Low,True,0.7
T001531,A000189,2025-07-14 22:36:53.640607,Low,True,2.7
T001532,A000189,2024-07-31 02:45:06.960503,Medium,True,1.8
T001533,A000189,2024-12-07 19:06:12.918122,High,False,
T001534,A000189,2023-08-05 09:12:35.895860,Low,True,0.1
T001535,A000189,2026-04-07 07:43:41.164496,Low,True,7.4
T001536,A000189,2023-12-10 04:24:44.780525,Medium,True,6.8
T001537,A000189,2024-02-28 09:06:35.063755,Medium,True,3.6
T001538,A000189,2026-01-13 22:42:39.796133,High,True,1.7
T001539,A000189,2024-05-05 09:09:28.955976,Medium,True,3.0
T001540,A000189,2026-02-10 20:46:45.763743,,True,1.8
T001541,A000190,2024-03-14 16:06:14.317820,High,False,
T001542,A000190,2024-04-13 08:41:27.172019,Medium,False,
T001543,A000191,2025-12-20 07:01:48.005619,Medium,True,14.7
T001544,A000192,2024-12-25 22:26:14.112344,,True,0.3
T001545,A000192,2024-06-07 21:23:14.443072,Low,True,6.2
T001546,A000192,2025-04-18 19:46:07.630184,Low,True,4.3
T001547,A000192,2024-04-18 19:35:21.210475,Low,True,2.5
T001548,A000192,2025-03-28 10:04:19.533043,Medium,True,2.9
T001549,A000192,2024-12-25 08:26:41.510678,Low,False,
T001550,A000192,2025-03-24 02:17:11.570912,Low,True,4.3
T001551,A000192,2024-12-26 00:30:54.995192,Medium,True,4.7
T001552,A000192,2026-06-15 04:18:17.076977,Low,False,
T001553,A000192,2024-05-01 11:50:16.819476,High,True,2.2
T001554,A000193,2025-12-28 17:27:05.235554,Low,True,3.0
T001555,A000193,2025-02-06 01:17:56.114110,Low,True,3.9
T001556,A000193,2025-07-04 20:37:35.088255,High,True,4.9
T001557,A000193,2025-12-21 08:08:39.473736,Medium,True,2.2
T001558,A000193,2025-09-09 12:40:40.980067,Low,True,2.0
T001559,A000193,2025-09-15 18:33:13.721602,,True,5.9
T001560,A000193,2026-08-01 00:39:50.694718,,True,0.8
T001561,A000193,2026-08-10 10:52:46.570082,Low,True,2.3
T001562,A000193,2024-11-15 01:54:48.058645,Low,True,2.0
T001563,A000193,2025-11-17 10:04:38.543523,Low,True,2.7
T001564,A000193,2026-06-29 09:46:55.635711,Medium,True,6.1
T001565,A000193,2026-02-07 22:20:42.834000,Low,True,5.9
T001566,A000193,2025-04-01 13:23:05.972226,Medium,True,3.6
T001567,A000193,2025-08-04 07:48:24.519206,Low,True,4.1
T001568,A000194,2025-10-10 19:13:41.297548,Low,True,1.6
T001569,A000194,2025-05-22 11:36:00.332756,Low,True,2.9
T001570,A000194,2026-04-19 16:42:58.316698,Medium,True,9.8
T001571,A000194,2026-02-13 13:19:55.822714,Medium,True,2.6
T001572,A000194,2025-11-21 20:31:06.541046,Low,True,8.6
T001573,A000195,2025-07-17 17:55:45.969737,,True,3.9
T001574,A000195,2026-01-05 02:28:27.578868,High,True,2.8
T001575,A000195,2026-01-19 01:55:59.500286,Medium,True,6.8
T001576,A000195,2026-04-08 01:41:41.561282,Medium,True,1.5
T001577,A000195,2026-03-30 05:38:28.706450,Low,True,5.7
T001578,A000195,2025-08-15 05:37:13.020453,,True,9.0
T001579,A000195,2026-02-22 14:36:32.102535,Low,True,1.5
T001580,A000195,2026-08-03 23:28:04.717750,Low,True,0.8
T001581,A000195,2025-06-10 07:37:23.884011,Low,True,4.4
T001582,A000195,2026-07-27 19:37:02.804840,High,False,
T001583,A000195,2026-06-16 09:08:23.910548,High,True,3.2
T001584,A000195,2026-01-20 15:01:41.857665,Low,True,1.0
T001585,A000195,2026-08-05 10:43:37.915542,Medium,False,
T001586,A000195,2026-02-14 01:12:02.120151,Medium,True,0.7
T001587,A000195,2025-08-02 18:29:14.439654,Medium,True,1.8
T001588,A000195,2026-05-23 17:55:07.430662,High,False,
T001589,A000195,2025-10-18 03:29:37.619967,Medium,True,4.9
T001590,A000196,2026-07-05 06:40:33.173848,Low,True,1.8
T001591,A000196,2026-04-08 16:53:55.312728,Medium,True,2.3
T001592,A000196,2024-02-13 11:52:05.091066,Low,True,2.8
T001593,A000196,2024-09-01 09:39:15.841872,Low,True,7.4
T001594,A000196,2024-05-17 06:42:38.995395,Low,True,1.7
T001595,A000196,2026-03-20 10:37:30.455268,Medium,True,5.7
T001596,A000196,2025-06-12 10:40:18.454475,Low,True,2.6
T001597,A000196,2025-08-18 08:53:07.991259,Low,True,2.1
T001598,A000196,2026-05-26 00:24:06.482551,Low,True,2.1
T001599,A000196,2024-07-29 07:06:29.972781,,True,0.8
T001600,A000196,2025-01-08 00:16:58.430927,,True,3.4
T001601,A000196,2024-02-29 03:13:47.547205,Low,True,4.7
T001602,A000196,2026-04-01 09:51:57.437358,Medium,True,2.3
T001603,A000196,2024-11-18 21:24:05.964867,Medium,True,2.9
T001604,A000196,2026-02-16 19:29:14.213033,Low,True,5.5
T001605,A000196,2024-12-07 22:32:20.776495,,True,2.2
T001606,A000196,2025-08-02 00:18:42.989521,High,True,1.9
T001607,A000196,2025-12-17 19:44:43.806038,Low,True,0.6
T001608,A000197,2025-12-31 14:50:16.709539,Medium,True,4.4
T001609,A000197,2025-11-10 05:35:39.589236,Medium,False,
T001610,A000197,2025-12-10 05:17:57.996112,Medium,True,6.2
T001611,A000197,2025-08-16 06:58:17.483195,High,True,5.6
T001612,A000197,2025-12-01 01:57:05.254437,Medium,True,6.5
T001613,A000197,2025-12-05 12:36:27.378570,,True,1.5
T001614,A000197,2025-10-29 03:56:37.879735,High,False,
T001615,A000197,2025-10-17 18:14:26.714870,Medium,True,4.2
T001616,A000197,2025-09-29 19:26:11.112511,Medium,False,
T001617,A000197,2025-12-17 19:25:29.958326,Medium,True,2.8
T001618,A000197,2025-12-29 13:01:17.158822,Low,False,
T001619,A000197,2025-12-21 13:49:43.504979,Low,True,1.1
T001620,A000197,2025-12-01 21:52:10.101048,Medium,True,4.0
T001621,A000198,2026-06-19 10:34:35.444569,Medium,True,1.7
T001622,A000198,2026-07-15 16:16:22.805662,,True,1.8
T001623,A000200,2025-08-09 02:30:12.220108,Medium,True,6.2
T001624,A000200,2025-09-23 06:54:37.580319,Medium,True,2.6
T001625,A000200,2026-07-25 12:42:18.876049,High,True,5.5
T001626,A000200,2026-03-29 16:41:52.599529,,True,3.4
T001627,A000200,2025-07-06 03:39:41.061430,Low,True,0.5
T001628,A000200,2026-06-03 02:35:24.007217,Medium,True,1.0
T001629,A000200,2026-03-30 23:46:58.840521,High,True,2.1
T001630,A000200,2026-04-01 14:02:49.825143,Low,True,1.7
T001631,A000201,2025-01-04 16:18:23.822243,High,True,0.4
T001632,A000201,2026-04-12 23:26:47.159831,Low,True,4.5
T001633,A000201,2025-08-02 05:07:29.621532,Low,False,
T001634,A000201,2024-01-13 10:06:38.781156,Medium,True,1.2
T001635,A000201,2024-07-21 09:35:26.367643,Low,False,
T001636,A000201,2024-07-21 10:27:12.367874,Low,True,1.9
T001637,A000201,2023-07-13 23:55:01.094825,Low,True,8.3
T001638,A000201,2025-03-20 04:21:57.109195,High,True,4.4
T001639,A000201,2025-09-09 18:39:15.115580,Medium,False,
T001640,A000201,2024-03-05 13:16:33.433891,,True,4.9
T001641,A000201,2026-03-19 14:32:30.799335,,True,5.9
T001642,A000201,2023-10-03 13:55:33.206798,Low,True,4.8
T001643,A000201,2024-07-14 01:22:52.705871,Medium,False,
T001644,A000201,2025-04-09 21:23:49.347327,Medium,True,0.6
T001645,A000202,2026-01-19 10:59:42.219872,Low,True,3.5
T001646,A000202,2026-01-01 04:52:38.905086,Low,False,
T001647,A000202,2026-02-09 08:33:23.584490,Low,True,3.8
T001648,A000202,2025-12-20 21:48:38.847427,Medium,False,
T001649,A000202,2025-10-09 02:44:41.452827,High,False,
T001650,A000202,2025-12-10 09:06:25.780995,High,False,
T001651,A000202,2025-10-30 08:37:29.532408,High,False,
T001652,A000202,2025-12-25 00:13:22.523799,Low,False,
T001653,A000202,2025-12-09 22:42:41.862103,High,True,3.3
T001654,A000202,2026-02-16 16:39:35.493375,,True,4.3
T001655,A000203,2025-05-24 05:59:40.201818,Medium,True,7.5
T001656,A000203,2025-08-23 05:36:11.225442,Low,True,1.3
T001657,A000203,2023-10-23 05:28:15.762628,Low,True,3.1
T001658,A000203,2026-05-22 07:25:16.106767,Low,True,1.5
T001659,A000203,2024-12-03 14:00:35.977211,High,True,3.3
T001660,A000203,2025-06-16 11:01:41.024605,Medium,True,6.8
T001661,A000203,2025-02-20 11:26:30.098827,Low,True,4.1
T001662,A000203,2025-10-12 17:34:58.407461,Low,True,10.7
T001663,A000203,2025-08-27 23:15:55.812548,Low,True,3.7
T001664,A000203,2026-01-16 09:44:02.706522,High,True,4.0
T001665,A000203,2026-05-11 07:41:24.737635,,True,1.6
T001666,A000203,2025-05-16 11:06:06.069726,Medium,True,2.2
T001667,A000203,2026-07-24 08:26:41.448707,Medium,True,4.5
T001668,A000203,2023-10-31 00:24:09.403296,,True,5.2
T001669,A000203,2026-05-22 13:37:55.985401,Medium,True,1.7
T001670,A000203,2024-05-22 07:53:02.458263,Low,True,1.5
T001671,A000203,2024-09-21 10:53:19.010997,Medium,True,4.3
T001672,A000204,2025-05-27 18:39:18.579312,Low,True,1.5
T001673,A000204,2024-11-30 09:19:22.830632,High,True,5.1
T001674,A000204,2026-02-10 14:50:26.855788,Low,True,0.5
T001675,A000204,2025-03-12 17:14:19.264673,High,True,1.3
T001676,A000204,2026-08-13 14:55:14.527902,Medium,True,5.4
T001677,A000204,2025-08-17 20:32:55.673385,Low,True,1.5
T001678,A000205,2026-06-22 06:36:37.243544,Low,True,2.3
T001679,A000205,2026-08-31 12:16:24.660398,Low,True,0.7
T001680,A000205,2026-06-15 01:59:44.310835,Medium,True,1.0
T001681,A000205,2025-02-18 10:54:57.904015,Low,True,1.1
T001682,A000205,2025-04-07 09:07:37.442642,Medium,True,0.3
T001683,A000205,2026-04-16 09:09:37.083189,Low,True,0.6
T001684,A000206,2025-01-07 01:49:27.518907,Medium,True,4.2
T001685,A000206,2026-06-19 01:19:02.670668,Medium,True,3.8
T001686,A000206,2025-12-12 10:00:36.660315,Low,True,9.4
T001687,A000206,2025-06-10 08:41:01.498157,Low,False,
T001688,A000206,2025-10-19 08:56:41.922811,Medium,True,7.4
T001689,A000206,2025-02-19 10:57:20.733644,Medium,True,10.4
T001690,A000206,2025-12-12 11:10:46.692988,High,True,4.9
T001691,A000206,2025-06-13 02:37:10.282799,Medium,True,3.4
T001692,A000206,2025-03-09 05:17:48.142423,Low,True,4.8
T001693,A000206,2024-12-25 10:11:59.506401,Low,True,2.3
T001694,A000206,2026-06-19 13:55:12.461358,Low,True,2.5
T001695,A000206,2025-01-15 09:32:02.062115,Medium,True,2.0
T001696,A000207,2025-09-03 05:41:48.810072,,True,0.6
T001697,A000207,2026-04-14 04:12:26.052232,Low,False,
T001698,A000207,2025-03-31 02:42:49.806458,High,True,3.7
T001699,A000207,2025-05-01 17:11:58.825826,Low,True,4.8
T001700,A000207,2024-06-12 05:22:04.823265,High,True,4.6
T001701,A000207,2025-07-04 02:11:26.310685,High,True,7.0
T001702,A000207,2024-05-19 15:57:11.856385,Low,True,0.9
T001703,A000208,2026-06-28 21:22:42.440236,Low,True,2.2
T001704,A000208,2026-02-21 06:28:53.109458,Medium,False,
T001705,A000208,2026-03-28 02:55:54.897566,Medium,True,4.3
T001706,A000208,2025-09-27 10:57:36.734565,Low,True,1.5
T001707,A000208,2026-06-07 20:21:23.322170,Low,True,3.3
T001708,A000208,2025-11-22 23:51:24.834936,High,True,2.8
T001709,A000208,2026-03-19 02:25:09.045989,Low,True,3.2
T001710,A000208,2026-03-25 12:14:29.387631,Medium,True,1.5
T001711,A000209,2026-03-01 11:33:50.487384,High,True,5.5
T001712,A000209,2026-05-29 08:37:00.952494,Low,True,3.3
T001713,A000209,2026-07-02 05:07:57.853492,Low,True,8.1
T001714,A000209,2026-05-23 02:53:32.866568,Low,True,2.2
T001715,A000209,2026-06-26 23:01:38.615250,Medium,True,2.5
T001716,A000209,2026-08-28 19:42:21.465171,,True,4.4
T001717,A000209,2025-08-01 11:49:55.184521,Medium,True,1.7
T001718,A000210,2026-05-15 20:49:48.321396,High,True,6.7
T001719,A000210,2025-02-25 20:16:08.087868,Medium,False,
T001720,A000210,2025-05-26 09:14:29.487665,Medium,True,3.8
T001721,A000210,2026-07-30 19:18:44.558675,Low,True,0.3
T001722,A000210,2023-07-19 17:42:36.893560,Medium,True,1.1
T001723,A000210,2024-11-25 19:15:20.611924,Low,True,0.8
T001724,A000210,2024-02-09 15:07:18.843045,Medium,False,
T001725,A000210,2024-07-18 23:07:24.388575,Medium,False,
T001726,A000210,2026-03-08 17:13:40.770879,Medium,True,3.2
T001727,A000210,2024-11-20 05:18:53.654943,Low,True,0.7
T001728,A000210,2024-01-20 03:21:53.051023,,True,1.2
T001729,A000210,2026-05-10 22:56:19.294849,,True,2.8
T001730,A000210,2025-07-21 00:10:18.089319,High,True,2.7
T001731,A000210,2025-08-04 08:26:36.106687,,True,9.4
T001732,A000210,2026-05-29 17:00:14.377476,Medium,True,6.5
T001733,A000210,2024-05-26 03:05:15.838839,High,True,3.1
T001734,A000210,2024-11-30 07:29:56.808564,Low,True,2.3
T001735,A000211,2024-04-13 19:22:23.901050,Medium,True,0.8
T001736,A000211,2024-05-19 06:20:49.845463,Medium,True,3.2
T001737,A000211,2024-05-24 19:00:47.538533,Medium,True,8.9
T001738,A000211,2024-05-15 17:59:54.797749,,True,8.8
T001739,A000212,2026-08-02 18:15:06.891538,Low,True,6.1
T001740,A000212,2026-05-20 07:41:27.627772,Low,True,0.4
T001741,A000212,2026-06-06 18:21:14.846172,High,True,1.5
T001742,A000212,2026-06-21 01:35:39.011591,Medium,True,5.0
T001743,A000213,2024-03-21 17:01:26.107591,Medium,True,2.4
T001744,A000213,2024-10-12 06:43:49.873750,Low,True,4.4
T001745,A000213,2025-04-28 04:08:02.350400,Medium,True,1.7
T001746,A000213,2026-06-07 21:25:25.831847,Medium,True,2.5
T001747,A000213,2024-03-28 10:37:23.040743,Medium,True,6.8
T001748,A000213,2024-08-29 09:18:21.818411,Medium,True,8.2
T001749,A000213,2026-06-02 21:43:57.378170,High,False,
T001750,A000213,2024-06-30 21:51:54.849359,High,False,
T001751,A000213,2025-01-21 07:37:37.690493,Low,True,6.0
T001752,A000213,2025-01-14 04:26:33.987736,Medium,True,1.0
T001753,A000213,2024-12-15 03:15:39.249988,Low,False,
T001754,A000213,2026-04-18 01:06:12.131453,Medium,True,5.3
T001755,A000213,2024-03-15 16:15:31.654110,Low,False,
T001756,A000213,2025-02-23 02:11:11.228520,,True,4.5
T001757,A000213,2025-07-01 02:45:32.695478,Medium,False,
T001758,A000213,2024-07-07 11:58:11.014058,High,True,9.0
T001759,A000213,2024-10-02 00:56:53.648459,Low,True,1.4
T001760,A000213,2025-06-28 19:02:43.626712,Medium,True,3.8
T001761,A000214,2026-07-27 05:44:12.858760,Low,True,2.4
T001762,A000214,2026-06-11 07:15:07.073693,,True,5.2
T001763,A000214,2026-05-23 07:34:58.686099,Medium,True,4.1
T001764,A000215,2026-07-11 22:57:36.102625,High,True,5.0
T001765,A000215,2026-01-21 20:26:10.067957,High,False,
T001766,A000215,2025-07-19 22:25:15.526421,Low,True,11.6
T001767,A000215,2025-05-12 04:21:55.302275,,True,1.4
T001768,A000215,2025-07-22 05:53:34.729242,Low,True,6.3
T001769,A000215,2025-12-04 23:00:52.915969,High,False,
T001770,A000215,2025-03-02 01:44:48.276373,Low,True,1.0
T001771,A000215,2024-10-17 17:57:36.846877,High,True,0.9
T001772,A000215,2025-09-15 01:45:44.754911,High,True,1.8
T001773,A000215,2025-02-12 07:31:19.084239,Low,True,4.4
T001774,A000215,2025-04-16 20:45:36.425515,Low,True,1.7
T001775,A000216,2024-11-05 00:57:45.279710,Low,True,2.2
T001776,A000216,2024-10-25 11:13:27.781483,Medium,True,4.5
T001777,A000216,2026-02-01 15:27:19.089230,Low,True,2.0
T001778,A000216,2026-04-12 13:11:21.197836,Medium,True,3.1
T001779,A000216,2025-10-12 09:48:29.306342,Medium,True,2.3
T001780,A000216,2025-05-16 21:28:40.220978,Medium,True,5.4
T001781,A000216,2026-07-24 01:23:37.472615,,True,16.6
T001782,A000216,2025-12-16 18:02:09.476438,,True,1.1
T001783,A000216,2026-05-01 10:18:16.771569,Low,True,3.0
T001784,A000216,2025-11-16 09:49:31.107482,Low,True,0.6
T001785,A000217,2024-08-25 16:40:44.374909,Medium,True,6.9
T001786,A000217,2024-07-19 02:12:51.041653,High,True,2.8
T001787,A000217,2024-08-30 05:41:22.091428,Low,False,
T001788,A000217,2024-07-12 14:32:15.956798,Low,False,
T001789,A000217,2024-08-23 21:34:12.196750,Medium,False,
T001790,A000217,2024-09-08 01:33:40.190923,Medium,True,4.9
T001791,A000217,2024-07-20 01:32:14.852598,Low,False,
T001792,A000217,2024-09-20 04:01:47.529541,High,True,2.5
T001793,A000218,2023-12-27 01:13:06.750496,High,False,
T001794,A000218,2024-08-03 17:42:19.007561,Medium,True,5.4
T001795,A000218,2023-11-09 18:31:46.423700,High,True,17.3
T001796,A000218,2024-05-29 06:18:07.842805,Low,True,4.3
T001797,A000218,2024-05-27 08:04:09.809174,Medium,True,4.2
T001798,A000218,2024-09-06 20:25:16.577897,High,True,3.5
T001799,A000218,2024-06-17 09:53:19.227249,Medium,False,
T001800,A000218,2024-03-07 23:35:06.620194,,True,3.4
T001801,A000218,2024-03-29 01:12:32.877914,High,True,9.4
T001802,A000218,2024-04-15 12:36:34.939050,Low,True,12.1
T001803,A000218,2024-08-25 22:45:02.308535,High,False,
T001804,A000218,2024-04-03 21:56:29.188988,Low,True,2.6
T001805,A000218,2024-07-17 14:14:49.782639,Medium,False,
T001806,A000218,2024-01-14 14:25:10.398949,Medium,True,0.5
T001807,A000218,2024-08-10 04:41:20.692365,Medium,True,0.3
T001808,A000218,2024-01-16 11:38:24.955959,High,True,3.7
T001809,A000218,2024-08-29 05:23:49.914460,Low,False,
T001810,A000218,2024-07-20 02:24:53.913889,High,False,
T001811,A000218,2024-05-11 09:30:28.129323,High,False,
T001812,A000218,2024-03-15 08:17:23.129431,Medium,False,
T001813,A000218,2024-06-08 00:55:46.392040,Low,True,13.0
T001814,A000218,2024-07-31 00:23:45.700233,Medium,True,8.1
T001815,A000218,2024-08-08 03:41:03.887429,High,True,2.0
T001816,A000218,2024-03-20 15:08:58.905984,High,True,4.5
T001817,A000218,2024-05-09 21:46:11.720184,High,True,8.1
T001818,A000218,2023-12-02 13:26:50.426279,Medium,True,1.7
T001819,A000218,2024-04-02 18:30:32.324468,High,True,0.7
T001820,A000218,2024-01-16 21:41:08.495118,Medium,True,7.9
T001821,A000219,2024-02-02 02:53:52.833573,Low,True,1.9
T001822,A000219,2025-11-11 22:26:46.601605,Low,True,10.1
T001823,A000219,2025-06-03 10:55:00.308701,Medium,True,9.3
T001824,A000219,2025-07-11 05:24:27.115096,Low,False,
T001825,A000219,2025-10-13 07:35:22.427386,High,True,3.4
T001826,A000219,2025-04-27 01:46:15.235008,Medium,True,2.8
T001827,A000219,2024-04-20 16:11:06.480700,,False,
T001828,A000219,2024-08-27 03:45:19.133860,Medium,True,1.8
T001829,A000219,2025-06-17 11:41:37.289368,High,True,5.3
T001830,A000219,2025-11-20 18:41:53.111241,High,True,0.7
T001831,A000219,2024-02-17 19:47:40.644891,Medium,True,1.6
T001832,A000219,2023-11-22 09:48:20.927049,Low,True,6.9
T001833,A000219,2025-05-30 06:22:21.112019,,True,2.4
T001834,A000219,2024-09-21 21:22:12.327934,Medium,True,0.6
T001835,A000219,2025-10-13 10:57:47.330999,,True,2.0
T001836,A000219,2025-06-26 16:04:07.969478,,True,3.7
T001837,A000220,2026-01-15 02:40:42.714210,Medium,False,
T001838,A000220,2026-03-27 02:15:32.122188,High,False,
T001839,A000220,2026-03-26 03:10:31.161089,Low,True,3.1
T001840,A000220,2025-11-14 05:15:02.323699,High,True,7.3
T001841,A000220,2026-06-09 10:45:22.432629,High,True,4.7
T001842,A000220,2026-05-19 04:17:33.532443,Medium,False,
T001843,A000220,2026-03-16 06:06:12.059047,High,True,5.3
T001844,A000220,2026-02-10 14:08:29.520336,Low,True,2.9
T001845,A000220,2026-02-25 07:20:23.319491,Low,False,
T001846,A000220,2026-02-19 05:09:23.447105,Medium,True,2.1
T001847,A000220,2026-06-04 16:00:05.759076,Low,False,
T001848,A000220,2026-04-02 22:12:26.689622,Low,True,1.9
T001849,A000220,2026-02-27 21:56:27.807990,High,False,
T001850,A000220,2026-04-19 08:15:52.389531,Medium,True,4.9
T001851,A000220,2025-12-28 04:11:39.145858,High,True,5.5
T001852,A000220,2025-11-07 20:29:14.758131,Low,True,2.9
T001853,A000220,2026-04-08 21:24:33.954122,Medium,True,2.7
T001854,A000221,2024-06-12 19:50:13.688003,High,False,
T001855,A000221,2024-05-21 23:42:24.168976,Medium,True,0.9
T001856,A000221,2024-03-08 09:47:16.512667,Medium,True,0.5
T001857,A000221,2024-05-16 08:55:54.438641,Medium,True,9.5
T001858,A000221,2024-04-03 17:33:22.255452,High,True,3.1
T001859,A000222,2026-07-21 13:41:20.112194,Low,True,1.9
T001860,A000222,2025-10-14 14:41:01.889252,Medium,True,4.0
T001861,A000223,2026-06-03 08:45:58.823837,Medium,True,5.3
T001862,A000223,2026-06-26 16:17:24.732676,,True,1.9
T001863,A000223,2026-07-27 10:48:52.401614,,True,3.7
T001864,A000223,2026-08-15 09:35:11.259497,Low,True,9.8
T001865,A000223,2026-08-02 14:30:40.998470,High,True,5.1
T001866,A000225,2024-11-24 21:15:24.491248,Low,True,7.2
T001867,A000225,2026-01-16 22:03:01.347127,High,True,3.0
T001868,A000225,2026-04-08 09:28:25.121055,Medium,False,
T001869,A000225,2025-03-26 06:42:24.731037,Medium,True,15.3
T001870,A000225,2026-08-06 06:30:51.587416,,True,14.3
T001871,A000225,2024-07-14 22:57:39.622297,High,True,2.0
T001872,A000225,2025-07-02 11:38:34.603485,Low,True,3.6
T001873,A000225,2025-01-20 22:14:35.605766,High,False,
T001874,A000225,2025-11-21 16:43:39.737837,High,True,8.9
T001875,A000225,2024-11-25 09:11:37.842847,Low,False,
T001876,A000225,2025-01-12 16:18:01.409560,Low,True,1.2
T001877,A000225,2025-01-21 20:20:32.309384,Low,True,1.7
T001878,A000225,2024-10-25 19:45:51.977515,,True,3.4
T001879,A000225,2024-05-29 05:18:52.297405,Medium,True,1.0
T001880,A000226,2026-08-16 09:28:45.604228,Medium,True,3.6
T001881,A000226,2026-08-24 18:05:00.322017,High,True,1.1
T001882,A000226,2026-08-16 03:35:45.362534,High,True,6.2
T001883,A000227,2024-04-13 19:14:46.636200,High,True,2.4
T001884,A000227,2025-08-10 12:08:50.105715,Medium,True,1.7
T001885,A000227,2025-03-24 04:57:57.725515,Low,True,7.5
T001886,A000227,2024-04-16 03:53:33.859854,High,True,5.7
T001887,A000227,2026-04-03 22:35:32.819432,High,True,10.6
T001888,A000227,2025-06-15 09:30:27.606403,,False,
T001889,A000227,2025-01-14 17:19:08.361775,Low,True,2.5
T001890,A000227,2026-04-12 16:24:14.472050,High,True,2.0
T001891,A000227,2024-09-14 20:25:20.496380,High,True,0.3
T001892,A000227,2024-08-23 13:28:35.305585,Medium,True,8.0
T001893,A000227,2026-02-07 20:59:59.232410,Medium,True,2.4
T001894,A000228,2025-07-15 14:52:12.530847,Medium,True,3.4
T001895,A000228,2025-11-03 07:34:57.269711,Low,False,
T001896,A000228,2025-05-05 04:48:58.983639,Medium,True,2.9
T001897,A000228,2026-02-15 12:51:23.810021,High,True,7.3
T001898,A000228,2026-01-31 17:51:11.045899,,True,3.1
T001899,A000228,2026-01-22 09:49:39.227216,Medium,True,2.8
T001900,A000228,2025-03-03 22:20:43.361112,Low,True,3.7
T001901,A000228,2025-05-26 13:07:53.642862,High,True,3.6
T001902,A000228,2025-05-20 21:42:38.294585,Medium,True,3.1
T001903,A000228,2025-06-21 10:15:26.196374,Low,True,4.8
T001904,A000229,2026-03-18 05:26:59.556968,Medium,False,
T001905,A000229,2025-12-20 21:50:14.886630,Low,False,
T001906,A000229,2025-12-07 12:59:40.422676,Low,True,2.8
T001907,A000229,2025-10-07 11:58:11.217473,Low,True,1.2
T001908,A000229,2026-04-04 17:58:13.426112,Medium,False,
T001909,A000229,2026-08-23 15:15:15.473652,High,True,1.5
T001910,A000229,2026-01-26 03:48:27.427457,High,True,3.6
T001911,A000229,2025-12-26 03:20:51.463317,High,True,5.6
T001912,A000229,2025-12-19 01:35:26.473233,,True,0.7
T001913,A000229,2026-04-10 18:04:10.076723,Low,True,0.7
T001914,A000229,2025-11-11 10:31:26.204841,Medium,True,8.5
T001915,A000229,2026-08-06 22:09:46.986161,High,False,
T001916,A000229,2026-07-23 07:38:37.533891,Medium,True,3.2
T001917,A000229,2026-07-10 17:05:43.639183,High,True,4.2
T001918,A000229,2026-02-05 21:08:09.441939,Medium,False,
T001919,A000230,2025-03-04 16:39:06.872800,,True,5.9
T001920,A000230,2025-08-11 23:21:51.200089,,True,7.0
T001921,A000230,2024-07-03 02:58:22.572246,Low,True,3.1
T001922,A000230,2026-04-30 10:50:41.126976,High,True,3.5
T001923,A000230,2025-05-27 15:21:10.575407,,True,1.2
T001924,A000230,2024-09-24 21:12:25.834781,Low,True,7.5
T001925,A000230,2026-06-27 09:41:40.954519,High,True,3.5
T001926,A000230,2024-11-22 22:18:48.035763,Medium,True,1.0
T001927,A000232,2024-04-01 09:36:49.704002,Medium,True,1.6
T001928,A000232,2024-05-13 12:44:44.496546,Medium,True,3.8
T001929,A000232,2024-05-11 01:26:45.581185,High,True,3.8
T001930,A000232,2024-05-12 07:21:49.330053,Medium,True,2.3
T001931,A000232,2024-05-19 18:13:30.019839,Medium,False,
T001932,A000232,2024-04-04 09:10:13.294967,Low,False,
T001933,A000232,2024-06-10 17:58:37.251877,,True,2.7
T001934,A000232,2024-07-10 11:51:17.113038,Medium,False,
T001935,A000232,2024-07-05 08:25:18.229463,High,True,3.1
T001936,A000232,2024-06-11 06:26:00.224467,Medium,True,9.7
T001937,A000233,2025-06-03 03:41:06.410467,Medium,True,6.9
T001938,A000233,2024-11-25 14:12:38.203330,High,False,
T001939,A000233,2024-09-03 23:31:50.870157,Medium,False,
T001940,A000233,2025-02-15 05:18:37.129036,High,True,8.2
T001941,A000233,2025-04-11 15:34:18.674729,High,True,3.8
T001942,A000233,2025-05-27 22:46:35.892746,Medium,False,
T001943,A000233,2024-08-13 23:08:56.155574,Medium,True,2.6
T001944,A000233,2025-06-27 00:38:19.532296,Medium,True,5.0
T001945,A000233,2025-03-31 19:49:09.280985,High,True,1.3
T001946,A000233,2024-07-16 12:43:14.175274,High,True,4.6
T001947,A000233,2025-01-17 03:43:59.384061,High,True,2.8
T001948,A000233,2025-02-01 08:32:08.626310,,False,
T001949,A000233,2025-02-24 00:17:30.681664,Low,True,2.0
T001950,A000233,2025-04-02 12:24:14.699595,High,False,
T001951,A000233,2024-10-08 22:41:58.816072,High,False,
T001952,A000233,2025-04-25 04:54:22.253849,Medium,True,4.3
T001953,A000233,2025-04-15 19:30:34.584958,Low,True,2.8
T001954,A000233,2025-06-11 15:07:38.314313,High,True,6.3
T001955,A000233,2024-10-31 19:17:08.076495,Low,False,
T001956,A000233,2025-03-14 19:37:58.465394,High,False,
T001957,A000233,2024-10-22 03:46:58.668301,High,False,
T001958,A000233,2024-09-24 23:28:32.632999,High,False,
T001959,A000234,2026-08-21 14:41:45.822652,Low,True,2.2
T001960,A000234,2026-04-30 22:46:24.944665,,True,0.6
T001961,A000234,2026-01-22 19:32:49.522080,Low,True,1.7
T001962,A000234,2026-01-26 20:16:20.155010,Low,True,6.4
T001963,A000234,2025-05-30 00:32:29.640690,Medium,True,8.5
T001964,A000234,2025-01-24 07:58:21.524274,Low,True,0.2
T001965,A000234,2025-09-27 01:41:11.415739,Low,True,2.1
T001966,A000234,2026-02-24 07:56:51.534769,Low,True,5.3
T001967,A000234,2025-09-17 01:54:22.604784,Low,True,11.5
T001968,A000234,2024-09-04 12:48:01.185587,Medium,True,4.4
T001969,A000234,2024-10-17 12:08:00.774614,Medium,True,2.4
T001970,A000234,2024-01-30 00:38:19.434130,Low,True,1.0
T001971,A000234,2026-07-26 11:32:38.526981,Low,True,2.8
T001972,A000234,2025-02-21 17:11:48.214729,,True,1.2
T001973,A000234,2026-06-09 18:02:12.969354,Low,True,1.6
T001974,A000234,2025-10-31 13:54:24.655841,Low,True,1.3
T001975,A000234,2026-08-10 13:04:00.187222,Medium,True,2.5
T001976,A000234,2024-12-13 14:51:54.230892,Low,False,
T001977,A000234,2025-12-10 10:45:45.948483,Low,True,1.2
T001978,A000234,2024-12-11 18:39:56.288247,Low,False,
T001979,A000234,2026-08-10 15:01:59.191807,,True,10.0
T001980,A000234,2024-10-18 21:29:29.650437,Medium,True,5.2
T001981,A000234,2025-06-02 09:09:14.025543,Low,True,0.5
T001982,A000234,2025-01-23 05:59:22.983394,Low,True,1.5
T001983,A000235,2025-07-27 05:11:28.763213,Low,True,3.7
T001984,A000235,2026-06-24 04:13:22.021821,Medium,True,6.0
T001985,A000235,2025-05-09 08:21:15.017682,Medium,True,2.4
T001986,A000235,2026-04-01 19:29:28.207568,Medium,False,
T001987,A000236,2026-08-28 09:47:31.567620,Medium,True,5.1
T001988,A000236,2026-08-29 10:26:17.091082,Low,True,2.1
T001989,A000237,2025-01-17 00:05:03.415260,Medium,True,0.9
T001990,A000237,2025-01-09 09:15:28.689081,Low,True,3.7
T001991,A000237,2024-12-08 16:21:30.354880,High,True,3.9
T001992,A000237,2024-11-25 01:45:22.956583,Low,True,4.8
T001993,A000237,2024-10-18 23:50:11.262476,Low,False,
T001994,A000237,2024-12-07 19:03:27.426847,High,True,6.9
T001995,A000237,2025-01-06 01:56:21.906172,High,False,
T001996,A000237,2024-10-23 12:15:29.419793,Medium,False,
T001997,A000237,2024-09-08 11:07:36.058796,Medium,True,5.0
T001998,A000237,2025-01-02 17:02:49.073025,Low,False,
T001999,A000237,2024-09-08 17:19:15.972969,High,True,2.2
T002000,A000237,2025-01-13 15:20:59.870676,High,True,4.2
T002001,A000237,2024-09-17 14:17:55.141075,High,True,6.6
T002002,A000238,2025-11-15 15:52:42.421721,Low,True,6.6
T002003,A000238,2026-08-25 06:57:27.227184,Low,True,4.0
T002004,A000238,2025-06-15 12:02:43.200669,High,True,3.3
T002005,A000238,2025-09-29 02:04:12.394988,Low,True,2.9
T002006,A000238,2026-08-03 18:17:29.952936,High,True,4.1
T002007,A000238,2026-07-31 19:07:44.959089,High,True,3.3
T002008,A000238,2025-07-27 04:16:22.213881,Low,True,6.4
T002009,A000238,2025-04-30 16:44:36.240219,Low,True,4.2
T002010,A000238,2025-09-26 19:34:29.415056,Medium,True,0.7
T002011,A000238,2026-07-05 10:30:53.948003,Medium,True,4.2
T002012,A000239,2026-05-27 13:33:17.744652,High,True,9.2
T002013,A000239,2026-07-17 08:30:44.472951,Low,True,2.7
T002014,A000239,2026-05-24 01:57:40.880714,Medium,False,
T002015,A000239,2026-06-24 21:39:06.054433,Medium,False,
T002016,A000239,2026-08-17 19:20:29.287675,Medium,False,
T002017,A000239,2026-08-13 03:53:01.964723,High,False,
T002018,A000239,2026-06-27 10:20:34.105302,High,True,4.2
T002019,A000239,2026-07-03 01:25:12.441424,Low,True,1.1
T002020,A000239,2026-05-14 01:50:13.023637,Medium,True,3.3
T002021,A000240,2025-12-02 10:25:04.393723,High,True,4.5
T002022,A000240,2026-04-29 14:58:35.953533,Medium,True,5.2
T002023,A000240,2025-05-23 06:25:51.210518,High,True,1.6
T002024,A000240,2024-12-06 22:27:09.976590,Low,True,0.8
T002025,A000240,2026-07-29 04:07:10.011459,Low,True,1.3
T002026,A000240,2024-11-21 01:19:33.755816,High,True,2.8
T002027,A000241,2026-08-11 21:27:34.958742,High,True,3.6
T002028,A000241,2026-08-24 13:28:33.547951,Medium,True,0.8
T002029,A000242,2024-08-04 18:45:59.487636,High,False,
T002030,A000242,2026-03-29 07:46:52.060463,Low,True,3.3
T002031,A000242,2026-01-30 12:22:08.437644,Low,True,3.4
T002032,A000242,2023-09-27 18:02:29.762339,,True,9.4
T002033,A000242,2026-02-11 20:36:14.902119,Low,True,1.9
T002034,A000242,2024-06-06 02:03:52.883281,High,True,3.5
T002035,A000242,2024-12-14 16:23:39.370474,Low,True,6.1
T002036,A000242,2026-03-13 15:46:37.718717,High,True,0.4
T002037,A000242,2025-04-05 06:29:14.141040,Medium,True,4.7
T002038,A000242,2026-08-25 10:19:17.631415,Medium,True,10.1
T002039,A000242,2023-12-25 20:22:39.238662,Low,True,10.9
T002040,A000242,2023-09-02 06:35:52.625393,Medium,True,2.5
T002041,A000242,2024-07-11 14:15:54.506647,High,True,2.7
T002042,A000242,2024-05-29 07:15:57.358424,Medium,True,5.4
T002043,A000242,2024-01-15 17:18:02.409442,Low,True,2.6
T002044,A000242,2025-09-08 18:21:25.726592,Medium,True,1.3
T002045,A000242,2025-07-28 13:57:19.880912,Low,True,7.5
T002046,A000243,2024-08-23 20:50:08.585556,High,True,3.7
T002047,A000243,2024-06-11 17:43:32.904460,Low,True,1.3
T002048,A000243,2024-07-19 10:44:21.406273,High,True,5.1
T002049,A000243,2024-05-12 04:09:59.414481,High,True,0.9
T002050,A000243,2024-06-04 00:20:28.406114,,True,3.2
T002051,A000243,2024-07-28 22:28:53.840280,High,True,6.3
T002052,A000243,2024-09-17 03:12:15.530806,High,True,4.0
T002053,A000243,2024-07-07 10:00:39.048887,Medium,True,1.6
T002054,A000243,2024-03-09 14:16:57.742778,Low,True,4.3
T002055,A000243,2024-04-04 06:38:21.854299,High,False,
T002056,A000243,2024-05-09 21:59:34.828334,Medium,True,2.9
T002057,A000243,2024-06-09 09:05:15.533082,Medium,True,1.2
T002058,A000243,2024-08-02 13:13:37.506586,Medium,False,
T002059,A000244,2025-11-09 03:02:41.104079,Medium,False,
T002060,A000245,2026-03-08 17:09:19.476384,Medium,True,5.1
T002061,A000245,2026-07-20 19:29:41.066398,Medium,True,8.3
T002062,A000245,2025-12-05 11:27:44.689733,Medium,True,3.6
T002063,A000245,2026-07-13 16:07:49.268174,Low,True,3.9
T002064,A000245,2026-03-31 05:59:31.176142,Medium,True,2.9
T002065,A000245,2025-11-22 20:58:09.245141,Medium,True,0.4
T002066,A000245,2025-10-10 05:51:32.892526,High,True,3.5
T002067,A000245,2025-11-21 06:53:24.222386,,True,6.5
T002068,A000245,2025-08-30 05:00:47.412285,Medium,True,2.1
T002069,A000245,2025-08-21 10:44:23.021627,Low,False,
T002070,A000245,2025-11-13 05:43:49.673894,Medium,True,4.2
T002071,A000246,2026-06-29 03:04:13.011771,Medium,True,2.6
T002072,A000247,2026-05-27 03:22:27.998317,Medium,True,9.4
T002073,A000247,2026-07-29 17:43:07.524410,Low,True,5.3
T002074,A000247,2026-06-21 21:57:49.283008,Low,True,7.0
T002075,A000247,2026-07-14 02:59:11.258515,Medium,True,17.2
T002076,A000248,2026-06-16 13:06:30.862133,Low,True,8.7
T002077,A000248,2026-04-13 11:23:12.412154,Medium,False,
T002078,A000248,2026-08-27 00:46:14.681358,Medium,True,0.6
T002079,A000248,2026-04-04 14:35:05.782072,Low,True,3.2
T002080,A000249,2023-11-07 22:45:10.446243,Medium,True,1.9
T002081,A000249,2023-10-19 18:13:31.512084,Medium,True,1.6
T002082,A000249,2025-02-08 22:53:10.863331,Low,True,3.6
T002083,A000249,2025-06-26 14:17:09.705715,Low,True,5.2
T002084,A000249,2026-08-30 08:19:46.676414,Low,True,10.7
T002085,A000249,2023-11-23 18:50:58.580119,Low,True,6.3
T002086,A000249,2025-11-30 06:47:07.396093,Low,True,6.1
T002087,A000249,2024-08-15 11:40:35.535039,Low,True,4.8
T002088,A000249,2026-04-20 06:57:44.769942,Medium,True,3.9
T002089,A000249,2023-09-26 20:46:45.896151,Low,True,3.6
T002090,A000249,2026-05-21 22:18:28.456860,Medium,True,4.3
T002091,A000249,2025-04-16 20:55:18.529788,,True,2.7
T002092,A000249,2024-11-24 15:16:28.963237,High,True,1.5
T002093,A000249,2026-06-15 02:22:59.332935,Low,True,2.3
T002094,A000249,2024-12-13 11:45:12.001202,Medium,True,1.4
T002095,A000249,2024-06-23 19:21:46.363735,Low,True,2.9
T002096,A000249,2025-03-30 16:05:47.036395,Medium,True,2.1
T002097,A000249,2026-07-24 21:39:07.149120,,True,4.6
T002098,A000249,2025-05-06 06:27:17.084021,Low,False,
T002099,A000249,2025-05-03 05:50:49.136306,High,True,3.7
T002100,A000251,2025-04-20 17:20:37.865864,Low,True,4.6
T002101,A000251,2025-03-26 16:19:27.696296,Medium,True,7.0
T002102,A000251,2025-07-07 23:11:36.306136,Medium,True,3.7
T002103,A000251,2025-07-12 02:28:30.002263,High,False,
T002104,A000251,2025-07-02 07:19:37.031929,High,True,3.9
T002105,A000251,2025-07-23 17:49:18.811020,High,True,4.5
T002106,A000251,2025-02-14 15:59:58.949984,Medium,True,7.8
T002107,A000251,2025-04-11 15:59:28.825712,High,False,
T002108,A000251,2025-05-24 03:23:22.743714,Low,True,20.4
T002109,A000251,2025-05-16 13:21:18.507796,Medium,False,
T002110,A000251,2025-04-24 20:59:31.533692,Medium,False,
T002111,A000251,2025-07-06 18:42:09.679639,Low,True,12.0
T002112,A000251,2024-11-23 02:52:24.490793,,False,
T002113,A000251,2025-03-25 16:34:55.085399,Low,True,7.1
T002114,A000251,2025-05-09 18:23:13.301694,High,True,1.8
T002115,A000251,2025-06-29 01:39:23.231572,High,True,0.4
T002116,A000251,2025-01-09 09:41:57.514361,High,True,1.5
T002117,A000251,2025-05-16 11:20:24.299520,High,True,4.4
T002118,A000252,2026-05-03 15:53:42.023051,High,False,
T002119,A000252,2026-04-23 20:24:18.835322,Low,True,2.0
T002120,A000252,2026-04-06 22:59:05.625130,Medium,True,2.4
T002121,A000252,2026-08-15 07:04:49.141894,Low,True,4.4
T002122,A000252,2026-06-12 14:38:01.099936,Medium,True,4.7
T002123,A000252,2026-07-27 04:31:59.092153,Low,True,7.2
T002124,A000252,2026-05-29 13:22:54.111235,,True,6.1
T002125,A000253,2024-03-23 21:49:17.898177,High,True,3.3
T002126,A000253,2023-08-24 13:24:18.699544,High,True,3.6
T002127,A000253,2023-10-28 00:54:31.411799,High,True,2.7
T002128,A000253,2024-01-30 06:40:32.575202,Low,False,
T002129,A000253,2023-10-20 00:00:36.063628,High,True,0.2
T002130,A000253,2023-10-31 19:29:21.368535,High,True,3.7
T002131,A000253,2023-07-16 09:01:46.953196,Medium,True,0.3
T002132,A000253,2023-10-07 02:10:39.739971,Medium,True,4.5
T002133,A000253,2024-01-26 05:52:26.747549,Medium,True,4.7
T002134,A000253,2024-02-07 00:56:03.244541,High,True,1.5
T002135,A000253,2024-02-15 04:52:27.010359,,False,
T002136,A000253,2023-12-03 16:40:54.045708,High,True,0.8
T002137,A000253,2023-11-30 15:46:59.039806,High,False,
T002138,A000253,2024-03-18 23:51:05.953300,Medium,False,
T002139,A000253,2023-08-13 16:49:46.899612,Medium,True,1.4
T002140,A000254,2026-04-30 18:46:36.880396,Low,True,5.1
T002141,A000254,2024-10-21 17:51:11.037181,Medium,True,5.0
T002142,A000254,2026-08-26 14:28:02.400259,Low,True,2.0
T002143,A000254,2025-02-08 09:17:34.754939,Low,True,1.1
T002144,A000254,2026-05-23 05:47:01.292736,Low,False,
T002145,A000254,2026-01-04 09:31:42.660498,Medium,True,14.4
T002146,A000254,2024-09-06 22:11:34.306718,Low,True,1.9
T002147,A000254,2025-05-30 19:38:25.515974,Medium,True,2.3
T002148,A000254,2026-01-11 18:12:04.734707,High,True,6.4
T002149,A000255,2026-01-23 04:13:05.876036,Low,True,3.0
T002150,A000255,2025-11-18 04:17:50.570972,,True,0.3
T002151,A000255,2026-04-23 15:09:15.714924,Low,True,8.9
T002152,A000255,2026-07-02 05:14:14.080362,Low,True,2.6
T002153,A000255,2026-01-13 22:20:05.324742,High,True,4.0
T002154,A000256,2026-04-10 05:02:55.143632,Low,True,2.2
T002155,A000256,2024-07-26 04:49:52.244334,Medium,True,2.0
T002156,A000256,2024-02-06 16:01:06.710226,Low,True,4.6
T002157,A000256,2024-07-31 21:45:01.877080,Medium,False,
T002158,A000256,2025-05-17 11:02:38.260766,,True,4.7
T002159,A000256,2024-09-19 20:33:53.565004,Low,True,1.5
T002160,A000256,2025-05-18 01:36:39.555255,,False,
T002161,A000256,2026-03-04 05:01:53.286530,Medium,True,2.8
T002162,A000256,2025-02-21 13:11:50.319651,Low,True,5.5
T002163,A000256,2026-03-29 06:28:35.372382,Low,False,
T002164,A000256,2026-08-23 02:26:50.596664,Low,True,1.6
T002165,A000256,2024-10-26 05:41:54.071792,Medium,True,8.5
T002166,A000256,2026-05-11 11:38:24.428232,High,True,1.8
T002167,A000256,2025-08-12 07:22:54.619972,Medium,True,4.9
T002168,A000256,2026-04-02 20:42:04.860874,Medium,True,0.6
T002169,A000257,2025-09-24 18:47:30.998754,Medium,True,0.7
T002170,A000257,2025-11-10 22:01:58.150852,Medium,True,2.3
T002171,A000257,2025-12-05 08:12:57.832324,Medium,True,2.5
T002172,A000258,2026-08-09 02:52:56.953052,Medium,True,4.3
T002173,A000259,2024-04-19 23:07:38.392569,,True,5.8
T002174,A000259,2026-03-08 22:04:22.655043,Medium,True,1.9
T002175,A000259,2023-12-04 01:14:59.233972,Low,True,7.3
T002176,A000259,2026-04-25 07:45:34.552088,Medium,True,1.3
T002177,A000259,2024-11-11 22:24:46.436031,Low,True,1.5
T002178,A000259,2023-12-08 23:01:44.702054,Low,True,2.5
T002179,A000259,2026-08-01 07:55:30.733348,Medium,True,0.9
T002180,A000259,2025-06-03 21:55:48.683947,,True,6.3
T002181,A000259,2024-12-25 06:49:08.409779,Low,False,
T002182,A000259,2025-08-19 06:34:44.641137,Low,True,2.0
T002183,A000259,2025-03-28 03:20:24.863245,Medium,True,4.7
T002184,A000259,2024-11-04 16:54:21.214838,,True,5.4
T002185,A000259,2024-02-16 11:06:47.372468,High,True,7.8
T002186,A000259,2024-09-15 14:43:49.809000,High,True,0.5
T002187,A000259,2025-01-01 19:41:28.892015,,True,3.9
T002188,A000260,2026-03-16 20:25:29.361901,Medium,True,3.6
T002189,A000260,2025-07-14 09:50:28.279681,Low,True,5.0
T002190,A000260,2025-08-05 17:06:37.641003,Low,True,1.1
T002191,A000260,2026-08-17 00:04:32.723160,Low,True,6.4
T002192,A000260,2026-03-06 21:55:38.890773,Low,True,3.4
T002193,A000260,2025-05-21 11:28:31.376536,High,True,1.1
T002194,A000260,2026-03-23 10:16:47.890321,Low,True,5.6
T002195,A000260,2026-02-13 01:41:23.826565,Low,True,1.6
T002196,A000260,2026-02-10 06:05:32.238769,Medium,True,3.6
T002197,A000260,2026-08-16 04:05:42.549214,Medium,True,1.1
T002198,A000260,2025-05-03 22:02:01.735649,High,True,2.9
T002199,A000261,2026-04-28 00:51:18.429712,High,False,
T002200,A000261,2026-08-05 02:51:04.147909,Medium,True,0.9
T002201,A000263,2024-10-09 13:38:05.781789,Medium,True,3.9
T002202,A000263,2024-01-06 03:57:08.473667,Low,True,1.7
T002203,A000263,2026-06-08 19:18:04.013122,,True,5.9
T002204,A000263,2025-08-30 05:41:06.269459,Medium,True,3.3
T002205,A000263,2025-04-06 22:21:46.276246,Low,True,2.7
T002206,A000263,2026-05-15 17:17:27.943517,Low,True,1.5
T002207,A000263,2023-12-31 21:12:57.069108,Low,True,3.6
T002208,A000263,2026-02-27 00:01:07.765210,Low,True,2.0
T002209,A000263,2026-07-08 10:45:46.599355,Low,True,5.9
T002210,A000263,2024-04-06 16:00:48.841504,Low,True,5.4
T002211,A000263,2024-06-20 02:03:04.350809,Low,True,1.6
T002212,A000263,2025-11-09 18:57:35.731449,,True,5.1
T002213,A000263,2025-12-02 10:35:56.135500,Low,True,3.5
T002214,A000263,2024-10-07 17:59:35.941812,High,True,3.4
T002215,A000263,2026-03-26 17:03:00.299030,Medium,True,9.0
T002216,A000263,2025-04-15 20:55:05.170131,Low,True,7.8
T002217,A000264,2026-02-10 09:23:31.306415,Medium,True,6.2
T002218,A000264,2026-02-27 09:59:34.616037,Medium,True,14.4
T002219,A000264,2026-06-05 11:48:53.569203,Low,True,5.5
T002220,A000264,2026-02-06 09:23:37.775037,Medium,True,1.2
T002221,A000264,2026-04-22 09:02:10.584515,Low,True,5.5
T002222,A000264,2026-04-10 00:54:02.857381,Medium,True,1.9
T002223,A000264,2025-12-13 16:10:13.250276,Medium,True,0.6
T002224,A000264,2026-02-05 18:46:04.705730,High,True,3.5
T002225,A000265,2026-05-05 20:01:07.318521,,True,3.9
T002226,A000265,2026-08-16 13:27:32.456470,Medium,False,
T002227,A000266,2025-08-17 18:52:31.983428,Low,True,1.9
T002228,A000266,2025-11-29 04:56:17.238037,Medium,False,
T002229,A000266,2025-08-14 22:01:21.292475,Medium,True,2.5
T002230,A000266,2025-12-09 00:44:41.425907,Medium,True,5.1
T002231,A000266,2025-12-15 06:20:44.386591,High,True,4.9
T002232,A000266,2025-12-09 02:32:17.123066,Medium,True,8.5
T002233,A000266,2025-11-02 22:04:27.831787,High,True,3.3
T002234,A000267,2026-08-08 11:08:19.560845,High,False,
T002235,A000267,2026-07-17 12:44:01.571521,Medium,True,4.4
T002236,A000267,2026-07-03 13:08:04.697330,,True,6.4
T002237,A000267,2026-06-16 18:03:29.665049,High,False,
T002238,A000267,2026-07-02 00:54:50.216796,Low,True,1.3
T002239,A000267,2026-04-26 15:50:57.259111,High,True,4.3
T002240,A000267,2026-06-14 05:33:51.102713,Medium,True,4.6
T002241,A000267,2026-05-07 04:26:08.070774,Medium,True,1.0
T002242,A000267,2026-07-02 15:30:36.855479,Medium,True,2.3
T002243,A000267,2026-06-11 16:45:04.413383,Medium,True,3.1
T002244,A000269,2025-03-16 03:27:34.403425,Medium,True,3.4
T002245,A000269,2025-08-26 17:30:47.194213,Low,True,2.8
T002246,A000269,2026-05-17 06:33:30.475447,Low,True,0.2
T002247,A000269,2025-01-23 14:35:26.329738,Medium,True,2.7
T002248,A000269,2026-05-19 19:48:25.930742,High,True,2.7
T002249,A000269,2026-03-17 16:19:28.065129,Low,True,1.9
T002250,A000269,2025-07-15 19:59:48.246611,Low,True,3.8
T002251,A000269,2026-06-04 18:18:02.301218,Low,True,5.9
T002252,A000269,2026-07-07 02:46:02.906163,Medium,True,5.7
T002253,A000269,2026-04-09 07:47:38.482445,Medium,True,3.0
T002254,A000269,2025-08-24 22:36:18.141258,Low,True,3.0
T002255,A000270,2026-07-30 05:46:21.054726,Medium,True,5.7
T002256,A000270,2025-11-15 08:40:57.861231,Medium,True,3.4
T002257,A000271,2026-06-02 04:40:31.671993,Medium,True,1.6
T002258,A000271,2026-05-13 03:10:45.028002,Low,True,1.3
T002259,A000271,2026-03-31 20:22:23.890856,Low,True,3.3
T002260,A000271,2026-04-06 21:22:01.632617,Low,True,2.1
T002261,A000271,2026-06-21 05:10:00.705573,Low,False,
T002262,A000271,2026-06-08 17:01:56.245126,Medium,False,
T002263,A000272,2026-08-25 05:52:08.668514,Low,True,1.2
T002264,A000273,2025-10-05 01:52:05.547926,Medium,False,
T002265,A000273,2026-02-26 20:44:49.675528,Medium,True,3.4
T002266,A000273,2025-10-09 07:56:44.966856,Low,True,3.1
T002267,A000273,2026-01-17 14:59:04.022194,Low,True,5.3
T002268,A000273,2025-12-02 19:43:47.934794,Low,True,3.6
T002269,A000273,2025-07-09 02:09:56.775358,High,True,0.4
T002270,A000273,2025-08-09 17:28:55.679117,Medium,True,3.0
T002271,A000273,2025-10-13 22:14:43.069614,Medium,False,
T002272,A000273,2025-10-06 14:03:38.035351,,True,2.5
T002273,A000273,2025-07-03 18:07:46.546674,Low,True,4.1
T002274,A000273,2025-10-08 16:32:18.334470,Medium,True,3.0
T002275,A000273,2025-11-15 21:18:58.109484,Medium,False,
T002276,A000273,2025-12-25 08:17:48.305789,Low,True,0.4
T002277,A000273,2026-02-16 22:38:35.267072,,True,4.3
T002278,A000273,2025-07-31 09:15:58.576718,Medium,False,
T002279,A000273,2025-12-11 09:22:04.619050,Medium,False,
T002280,A000273,2025-07-09 11:03:46.373252,High,False,
T002281,A000273,2026-02-03 06:36:30.014979,High,False,
T002282,A000274,2026-07-21 09:12:27.352611,Low,True,1.5
T002283,A000275,2025-08-03 23:48:49.769650,Medium,True,3.5
T002284,A000275,2026-03-09 14:41:39.430784,Medium,True,4.8
T002285,A000275,2026-04-08 09:45:24.273180,Medium,True,8.8
T002286,A000275,2026-01-17 06:11:58.622030,Medium,True,6.7
T002287,A000275,2026-08-15 13:36:28.442839,Low,True,8.9
T002288,A000275,2025-07-23 10:14:27.259545,Low,True,4.0
T002289,A000275,2026-02-07 20:39:10.209167,Low,True,1.6
T002290,A000275,2026-07-18 22:54:41.372911,Medium,True,3.7
T002291,A000276,2026-08-12 04:47:27.905090,Low,True,6.0
T002292,A000276,2025-10-25 05:34:57.869560,Medium,True,6.4
T002293,A000276,2026-01-13 17:19:23.390340,High,True,9.8
T002294,A000276,2025-12-28 14:43:50.516141,Medium,True,4.1
T002295,A000276,2025-11-06 14:35:46.857672,Low,True,1.5
T002296,A000277,2026-06-14 03:29:27.539410,Low,True,0.7
T002297,A000277,2025-12-03 11:56:31.962634,Medium,True,6.4
T002298,A000277,2026-04-23 21:49:51.578044,Low,False,
T002299,A000277,2025-10-13 05:58:16.879541,High,True,2.4
T002300,A000278,2026-02-27 02:03:02.063623,,True,4.3
T002301,A000278,2026-07-30 11:09:20.080446,Medium,True,1.0
T002302,A000278,2026-01-08 12:35:04.655336,Medium,True,7.0
T002303,A000278,2026-05-26 12:31:00.053941,High,True,1.3
T002304,A000278,2024-11-03 13:08:28.052137,Low,True,2.4
T002305,A000278,2026-02-26 13:35:19.576846,Low,True,7.1
T002306,A000278,2024-12-30 13:00:20.414444,Medium,True,1.8
T002307,A000278,2025-10-02 02:10:22.613289,Low,True,7.6
T002308,A000278,2024-12-21 10:57:26.795292,Low,True,0.8
T002309,A000278,2025-01-30 07:17:54.892831,High,True,5.3
T002310,A000278,2025-01-02 02:27:09.253989,Low,True,2.5
T002311,A000278,2025-10-21 01:56:57.449228,Medium,True,12.3
T002312,A000278,2025-10-14 19:18:36.547100,Low,False,
T002313,A000278,2024-10-19 04:47:24.260365,Medium,True,6.7
T002314,A000278,2025-04-12 05:22:35.413545,Low,True,3.8
T002315,A000278,2024-05-15 08:31:25.047599,Medium,True,3.2
T002316,A000278,2026-06-25 20:43:36.106243,High,True,1.3
T002317,A000279,2024-02-24 04:40:18.220295,Medium,True,8.7
T002318,A000279,2024-02-27 00:38:51.034437,High,True,6.4
T002319,A000279,2024-03-27 21:20:10.863062,Medium,True,3.8
T002320,A000279,2024-08-21 03:10:08.393405,High,True,0.0
T002321,A000279,2025-01-15 18:13:58.322074,Medium,False,
T002322,A000279,2024-05-19 00:36:57.159836,Medium,True,13.7
T002323,A000279,2024-11-23 05:43:20.197354,Low,True,1.9
T002324,A000279,2024-06-06 08:28:06.929038,Low,True,6.0
T002325,A000279,2024-07-27 01:59:49.608312,Low,True,1.5
T002326,A000279,2024-07-30 02:06:08.371181,Medium,True,4.9
T002327,A000279,2024-09-07 15:42:04.569350,Low,True,1.8
T002328,A000279,2024-10-29 10:57:59.372695,High,False,
T002329,A000279,2024-04-14 10:40:34.324521,Medium,True,9.6
T002330,A000279,2024-06-08 14:23:42.592109,High,True,1.1
T002331,A000279,2024-08-24 02:22:50.918349,High,True,0.6
T002332,A000279,2024-08-16 17:25:53.883221,,True,3.7
T002333,A000279,2024-11-30 04:10:40.441721,Low,True,4.3
T002334,A000279,2024-11-25 18:59:22.210609,Medium,True,1.1
T002335,A000279,2024-06-16 06:12:42.218459,Low,True,9.3
T002336,A000279,2024-03-15 12:30:25.677281,High,True,1.4
T002337,A000279,2024-12-13 22:06:43.786186,Medium,True,1.4
T002338,A000279,2024-11-19 01:54:46.916530,High,True,5.7
T002339,A000279,2024-08-04 07:13:26.583339,Low,False,
T002340,A000279,2024-07-22 00:19:04.848450,High,False,
T002341,A000280,2026-07-14 20:48:18.881707,Low,True,6.8
T002342,A000282,2026-08-04 11:36:37.160187,High,True,2.6
T002343,A000282,2026-07-20 23:51:10.900173,Medium,False,
T002344,A000282,2026-07-16 04:47:53.096298,Medium,True,6.1
T002345,A000282,2026-06-08 04:11:42.404134,High,True,2.7
T002346,A000282,2026-07-06 19:43:33.242179,High,False,
T002347,A000284,2025-04-24 18:23:42.026686,Medium,True,2.0
T002348,A000284,2026-01-07 08:06:15.473610,Medium,True,1.2
T002349,A000284,2025-08-24 22:53:23.186992,Low,False,
T002350,A000284,2025-03-16 11:21:32.365500,Low,True,0.7
T002351,A000284,2025-04-10 04:09:06.494317,Low,False,
T002352,A000284,2025-04-04 03:14:33.975964,High,False,
T002353,A000284,2024-12-25 20:56:52.605540,Low,True,2.2
T002354,A000284,2025-06-18 05:54:07.772409,Low,True,2.5
T002355,A000284,2025-11-24 05:52:22.083874,Low,True,1.7
T002356,A000284,2025-11-22 08:44:30.634632,,True,1.6
T002357,A000284,2026-01-18 04:37:48.655713,Low,True,6.9
T002358,A000285,2025-10-25 14:15:33.049943,High,False,
T002359,A000285,2025-09-20 23:44:17.356043,High,False,
T002360,A000285,2025-12-09 22:48:28.376501,High,False,
T002361,A000285,2025-08-27 08:06:25.475598,Low,False,
T002362,A000285,2025-11-13 15:25:31.492629,Medium,True,1.6
T002363,A000285,2025-12-19 03:07:45.198586,Medium,False,
T002364,A000285,2025-10-16 06:47:15.631388,High,True,0.8
T002365,A000285,2025-11-11 15:10:01.351444,Medium,True,3.6
T002366,A000285,2025-08-11 19:15:40.651931,,True,1.7
T002367,A000285,2025-09-15 21:24:44.509508,Low,True,1.7
T002368,A000285,2025-06-08 10:23:57.317013,High,True,7.0
T002369,A000285,2025-11-01 21:16:39.430371,Low,True,2.6
T002370,A000285,2026-01-28 10:55:51.668088,High,False,
T002371,A000285,2025-10-31 02:23:02.044180,Medium,True,8.6
T002372,A000285,2025-08-08 07:14:58.915002,High,True,1.6
T002373,A000286,2024-03-18 10:25:56.752240,Low,True,2.7
T002374,A000286,2024-03-12 11:25:43.372284,,True,1.3
T002375,A000286,2024-04-07 00:47:19.002406,High,False,
T002376,A000286,2024-04-01 13:53:31.807582,High,True,10.2
T002377,A000286,2024-02-28 01:03:07.377711,High,True,3.5
T002378,A000286,2024-03-01 10:17:37.038740,High,True,4.5
T002379,A000286,2024-04-24 15:24:11.081550,Medium,True,4.2
T002380,A000286,2024-04-09 14:09:40.237636,Low,True,5.4
T002381,A000286,2024-03-02 08:35:51.562305,Medium,True,1.4
T002382,A000286,2024-02-27 19:03:53.191933,,False,
T002383,A000286,2024-02-02 14:57:43.931802,Medium,False,
T002384,A000286,2024-04-02 02:16:50.710947,High,False,
T002385,A000286,2024-03-01 04:44:44.872400,,True,5.9
T002386,A000288,2025-11-18 02:22:19.718147,Medium,True,1.7
T002387,A000288,2024-06-24 13:06:26.694032,,True,5.1
T002388,A000288,2025-10-08 05:07:16.219113,,True,3.4
T002389,A000288,2023-12-24 07:01:38.070902,,True,5.3
T002390,A000288,2024-02-22 13:42:05.872785,Low,True,6.7
T002391,A000288,2024-07-23 23:38:19.045339,Medium,True,6.7
T002392,A000288,2026-06-22 22:46:48.675734,Low,True,3.8
T002393,A000288,2024-10-25 21:25:46.255245,Low,True,6.0
T002394,A000288,2024-11-08 19:11:00.131897,Medium,False,
T002395,A000288,2025-11-13 11:47:12.937074,Low,True,8.6
T002396,A000288,2026-04-10 09:25:23.240399,Medium,True,17.0
T002397,A000289,2025-11-14 00:37:16.781424,Medium,True,2.8
T002398,A000289,2025-10-25 10:24:06.240132,Low,True,2.6
T002399,A000289,2026-04-08 03:43:05.901057,Medium,True,1.2
T002400,A000289,2026-05-24 15:54:32.867169,Medium,True,5.5
T002401,A000290,2026-06-28 06:10:03.346200,Medium,True,1.3
T002402,A000290,2026-05-31 05:04:43.175830,Low,True,3.0
T002403,A000290,2025-12-21 17:05:28.378221,High,False,
T002404,A000290,2025-01-28 03:46:18.780221,Low,False,
T002405,A000290,2024-06-22 08:01:22.888970,Low,True,2.0
T002406,A000290,2025-02-08 20:15:28.897140,Medium,True,5.8
T002407,A000290,2025-06-20 22:03:59.086982,Low,True,1.8
T002408,A000290,2025-06-11 12:38:35.819639,Medium,True,3.2
T002409,A000290,2026-05-08 21:29:58.699350,Low,True,3.9
T002410,A000290,2025-10-19 21:21:15.521733,High,True,4.8
T002411,A000290,2025-09-08 18:05:14.754685,Low,True,11.7
T002412,A000290,2024-09-11 06:57:44.965392,Low,False,
T002413,A000291,2025-10-27 13:00:18.437864,Low,True,8.0
T002414,A000291,2026-08-27 10:22:16.110993,Low,True,0.7
T002415,A000291,2025-05-29 17:03:35.503713,Low,True,2.1
T002416,A000291,2026-04-02 12:58:49.645834,Medium,False,
T002417,A000291,2026-01-07 01:06:17.136324,High,True,5.7
T002418,A000291,2025-10-19 17:09:45.517793,Medium,True,4.8
T002419,A000291,2025-07-22 22:53:26.920905,Medium,True,3.2
T002420,A000291,2026-04-25 08:50:41.703997,Medium,True,1.4
T002421,A000291,2026-02-09 03:29:09.639116,Medium,False,
T002422,A000291,2026-07-01 19:56:16.288629,High,True,6.8
T002423,A000291,2026-08-18 02:49:11.626191,High,True,0.8
T002424,A000291,2025-05-15 12:40:21.819172,Low,False,
T002425,A000291,2025-02-28 06:01:46.399329,Medium,True,2.7
T002426,A000291,2025-07-02 06:03:27.993529,Medium,True,3.2
T002427,A000292,2025-08-15 13:28:02.444619,Medium,True,2.0
T002428,A000292,2026-06-28 13:52:39.590487,Medium,True,0.7
T002429,A000292,2025-09-06 11:53:33.324880,High,True,3.6
T002430,A000292,2025-06-24 03:23:52.480751,Low,False,
T002431,A000292,2025-08-30 14:00:50.810406,High,True,1.0
T002432,A000292,2025-05-03 14:42:15.790514,Low,True,5.2
T002433,A000292,2024-10-12 15:02:46.961597,Low,True,4.4
T002434,A000293,2025-11-11 02:10:39.746714,,True,1.0
T002435,A000293,2026-06-22 04:51:32.397347,Medium,True,5.5
T002436,A000293,2025-10-06 21:53:27.632157,Low,False,
T002437,A000293,2026-05-15 15:32:43.879220,,True,0.2
T002438,A000293,2026-04-18 11:43:10.561237,Low,False,
T002439,A000293,2026-05-08 22:24:42.802910,Low,True,6.5
T002440,A000294,2025-01-02 14:13:02.828826,High,True,1.9
T002441,A000294,2024-09-05 15:29:52.724943,,True,7.5
T002442,A000294,2025-05-11 22:18:30.366978,Low,True,4.4
T002443,A000294,2026-08-27 19:07:39.862336,Low,True,3.5
T002444,A000294,2024-05-05 16:43:19.640513,Low,True,1.5
T002445,A000294,2025-06-18 00:13:26.744028,Medium,True,0.4
T002446,A000294,2025-12-14 01:11:03.809804,,False,
T002447,A000294,2024-06-28 22:16:27.311774,Low,True,0.9
T002448,A000294,2024-03-09 11:23:10.323366,Low,True,7.5
T002449,A000294,2025-11-02 08:58:17.996432,Low,True,1.0
T002450,A000294,2025-03-01 09:37:53.119134,Medium,True,0.8
T002451,A000294,2025-05-20 04:13:04.642057,Medium,True,5.7
T002452,A000294,2024-03-19 01:57:38.184977,High,True,1.3
T002453,A000294,2024-07-06 08:24:53.982727,Medium,True,3.4
T002454,A000294,2023-10-31 11:45:43.591706,Medium,True,7.9
T002455,A000294,2024-05-05 17:38:30.820761,Medium,True,5.5
T002456,A000294,2024-12-09 15:40:25.467458,Low,True,2.4
T002457,A000295,2025-07-03 15:48:20.678954,Medium,True,6.2
T002458,A000295,2025-06-10 05:00:01.418223,High,True,7.4
T002459,A000295,2024-09-11 12:18:11.609130,Medium,True,5.1
T002460,A000295,2025-09-15 11:50:35.619649,Low,True,4.2
T002461,A000295,2025-12-25 23:38:29.979834,Medium,True,2.6
T002462,A000295,2024-10-23 22:18:19.958113,Low,True,4.3
T002463,A000295,2026-07-30 05:16:30.178562,Medium,True,1.6
T002464,A000296,2026-07-27 16:01:24.109317,Low,True,2.9
T002465,A000296,2024-12-20 10:03:34.772639,Medium,True,6.7
T002466,A000296,2025-09-23 14:51:05.235699,Low,True,0.9
T002467,A000296,2025-11-19 14:06:27.655521,Low,True,2.6
T002468,A000296,2024-09-27 04:42:30.366185,Low,True,1.6
T002469,A000296,2025-11-23 01:03:45.883575,Low,True,2.0
T002470,A000296,2026-01-01 14:30:32.079211,Medium,True,4.7
T002471,A000296,2026-01-27 19:46:09.545570,Low,True,2.7
T002472,A000297,2025-02-04 03:46:00.800479,Medium,True,10.7
T002473,A000297,2026-01-15 03:31:29.345362,Low,True,0.6
T002474,A000297,2024-11-27 04:42:22.402699,Low,True,2.2
T002475,A000297,2026-03-29 14:08:25.451646,Low,True,1.2
T002476,A000297,2025-02-14 12:35:18.452258,Low,True,5.8
T002477,A000297,2026-02-16 19:07:29.885599,,True,1.7
T002478,A000297,2025-04-02 21:41:44.716223,Medium,True,2.2
T002479,A000297,2025-04-04 07:10:29.789338,Low,True,7.0
T002480,A000297,2025-11-08 07:08:55.620160,Low,False,
T002481,A000297,2026-07-27 18:33:11.415335,High,True,8.3
T002482,A000297,2026-07-19 23:40:28.882920,Low,True,2.9
T002483,A000297,2026-08-08 02:37:04.022967,Low,True,8.0
T002484,A000297,2025-03-03 04:55:17.867451,Medium,True,1.5
T002485,A000297,2025-05-02 17:30:25.259567,Low,True,2.5
T002486,A000298,2025-11-23 04:35:06.330502,Medium,True,1.3
T002487,A000298,2025-12-30 17:38:34.614310,Low,True,1.3
T002488,A000298,2026-06-24 00:06:55.523947,,True,3.0
T002489,A000298,2026-03-27 23:28:06.138164,,True,1.9
T002490,A000299,2025-06-13 10:44:13.674007,Low,True,6.6
T002491,A000299,2024-08-27 13:39:34.856541,Low,True,6.8
T002492,A000299,2025-08-22 15:00:23.122110,Medium,True,4.4
T002493,A000299,2025-12-08 09:16:15.845756,Medium,True,5.5
T002494,A000299,2024-03-03 00:45:36.452564,Low,True,3.4
T002495,A000299,2024-12-31 22:48:32.473369,Low,True,6.8
T002496,A000299,2025-06-24 13:28:46.275717,Low,True,5.1
T002497,A000299,2026-05-12 14:55:24.166392,Low,True,9.1
T002498,A000299,2025-03-03 17:30:27.049178,Medium,True,2.9
T002499,A000299,2025-02-14 11:00:13.586379,Medium,True,5.1
T002500,A000300,2025-05-06 19:43:10.328621,Medium,True,2.7
T002501,A000300,2024-08-02 07:18:17.202260,Low,True,1.5
T002502,A000300,2026-07-27 05:37:59.703393,Medium,True,13.7
T002503,A000300,2026-04-07 20:25:58.987911,,True,1.4
T002504,A000300,2024-07-12 15:09:31.875426,High,True,8.2
T002505,A000300,2025-04-22 23:59:03.577537,Low,True,1.4
T002506,A000300,2025-02-19 06:20:06.334707,Low,True,4.7
T002507,A000300,2026-01-21 20:37:01.577372,Medium,True,5.8
T002508,A000300,2024-11-07 02:29:54.646827,Low,True,5.9
T002509,A000300,2025-12-29 18:25:10.057737,,True,9.6
T002510,A000300,2026-04-28 20:27:19.556504,Low,True,5.0
T002511,A000300,2024-12-18 11:22:33.518038,,True,2.4
T002512,A000300,2025-08-23 03:47:03.088116,Medium,True,1.3
T002513,A000300,2026-08-05 00:23:22.588797,Low,True,2.3
T002514,A000300,2025-09-17 03:14:20.955525,Low,True,1.7
T002515,A000300,2026-04-24 00:47:10.086527,High,True,2.6
T002516,A000300,2025-08-18 10:48:59.454724,Low,True,5.2
T002517,A000300,2024-05-30 06:26:29.289900,Low,False,
T002518,A000300,2024-11-29 08:41:43.725828,Medium,True,7.8
T002519,A000300,2024-08-31 13:52:40.265743,Low,True,5.3
T002520,A000300,2025-02-18 07:49:16.876610,Low,True,8.5
T002521,A000300,2026-01-20 09:11:52.828904,Low,True,4.7
T002522,A000301,2026-07-31 06:43:37.021793,Medium,True,5.5
T002523,A000301,2026-03-09 02:52:47.697899,Low,True,4.1
T002524,A000301,2026-05-10 05:05:04.477631,High,True,1.2
T002525,A000301,2026-05-13 01:30:02.421744,Low,True,4.3
T002526,A000301,2026-07-27 10:27:37.830482,Medium,True,8.0
T002527,A000302,2024-12-19 22:12:42.186084,Medium,True,3.2
T002528,A000302,2024-03-11 05:36:03.756623,Medium,True,8.4
T002529,A000302,2026-08-19 00:35:23.778196,Medium,False,
T002530,A000302,2024-07-09 00:28:47.249854,Medium,True,1.3
T002531,A000302,2024-04-06 10:27:17.433765,Medium,True,5.8
T002532,A000303,2026-05-18 16:20:39.918269,Low,True,3.0
T002533,A000303,2026-06-04 00:54:57.032812,Medium,True,7.2
T002534,A000305,2024-02-25 07:47:37.968433,High,True,4.3
T002535,A000305,2025-03-28 23:48:28.341687,Medium,True,5.7
T002536,A000305,2026-02-19 04:47:24.557766,High,True,1.2
T002537,A000305,2026-07-15 15:02:07.213717,Medium,True,0.3
T002538,A000305,2025-02-02 00:06:20.167521,Medium,True,2.4
T002539,A000305,2026-03-11 13:47:39.623500,Medium,True,3.3
T002540,A000305,2024-06-16 21:54:29.731718,Medium,True,2.9
T002541,A000305,2025-08-21 14:01:32.756043,,True,3.0
T002542,A000305,2025-10-17 15:32:57.938589,Low,True,15.1
T002543,A000305,2025-01-17 02:50:56.658527,Low,True,2.2
T002544,A000305,2025-03-08 07:04:39.649769,,True,2.9
T002545,A000305,2025-02-15 15:36:06.945973,Medium,True,5.3
T002546,A000305,2025-04-04 22:58:51.335856,Low,False,
T002547,A000305,2025-10-22 11:12:30.200712,Low,True,0.2
T002548,A000305,2025-02-03 19:08:10.311746,Low,True,7.6
T002549,A000305,2025-11-10 18:40:09.907086,,True,11.0
T002550,A000305,2024-03-30 16:38:50.349614,Low,True,5.9
T002551,A000305,2026-04-20 15:32:23.862480,Low,True,3.5
T002552,A000305,2026-07-21 11:36:28.563722,Low,False,
T002553,A000305,2026-06-30 16:55:32.360913,Medium,True,4.9
T002554,A000306,2026-02-02 20:35:06.979591,Low,True,1.6
T002555,A000306,2026-08-12 10:26:20.698734,Low,True,2.7
T002556,A000306,2026-05-17 17:16:52.420217,Medium,True,7.3
T002557,A000307,2024-04-03 03:26:13.822669,Medium,True,2.0
T002558,A000307,2024-06-04 04:12:47.078083,Low,True,0.3
T002559,A000307,2025-08-05 22:29:26.882461,Medium,False,
T002560,A000307,2024-05-11 08:21:02.896129,Low,True,3.7
T002561,A000307,2025-10-07 04:54:00.447711,Medium,True,4.6
T002562,A000307,2026-02-03 20:39:50.146832,Low,True,5.6
T002563,A000307,2023-08-13 18:33:17.836682,Medium,True,3.5
T002564,A000307,2025-07-12 03:36:36.328316,Low,True,1.3
T002565,A000307,2024-02-23 17:05:47.799103,Low,True,4.1
T002566,A000307,2025-04-29 11:50:26.411601,Medium,False,
T002567,A000307,2024-04-12 15:53:32.974478,Medium,True,4.8
T002568,A000307,2025-01-08 01:44:15.887155,Medium,True,0.5
T002569,A000307,2023-09-24 11:50:31.876205,Low,True,2.8
T002570,A000307,2024-07-12 22:43:42.059371,Medium,True,1.0
T002571,A000307,2023-10-31 09:46:26.125241,Low,True,2.6
T002572,A000307,2025-05-15 20:54:30.290898,Low,True,2.1
T002573,A000307,2025-06-12 04:44:21.301065,Low,True,3.4
T002574,A000307,2026-04-29 00:43:28.883657,Low,True,4.2
T002575,A000307,2024-06-12 18:37:09.941422,Medium,True,3.8
T002576,A000307,2025-09-30 16:13:50.112632,Low,True,1.1
T002577,A000307,2026-04-17 23:19:52.949404,Low,True,2.1
T002578,A000307,2024-08-26 03:43:40.601885,Low,True,0.9
T002579,A000307,2025-03-02 13:21:00.947162,Low,True,1.1
T002580,A000309,2026-07-23 05:58:23.500349,Low,True,3.4
T002581,A000310,2024-09-11 07:22:13.017695,Low,True,3.5
T002582,A000310,2026-04-25 23:30:24.083446,Low,True,6.9
T002583,A000310,2023-12-31 09:13:43.075457,High,True,3.2
T002584,A000310,2026-05-26 05:19:38.276480,Medium,False,
T002585,A000310,2025-04-19 06:59:39.175527,High,True,4.3
T002586,A000310,2026-04-08 21:22:09.261519,,True,4.9
T002587,A000310,2025-11-23 23:06:45.356857,Low,True,6.4
T002588,A000310,2025-06-23 19:55:04.485533,,True,5.5
T002589,A000310,2024-08-25 10:37:00.571509,Medium,True,0.5
T002590,A000310,2025-08-03 07:46:41.629335,,True,6.1
T002591,A000310,2025-06-12 02:09:50.244382,Low,True,4.4
T002592,A000311,2025-01-19 06:23:10.488870,Low,True,2.1
T002593,A000311,2025-10-29 13:33:41.965310,Low,True,5.7
T002594,A000311,2025-06-09 11:05:52.152470,Low,True,7.0
T002595,A000311,2025-02-21 01:21:47.556493,Medium,True,2.9
T002596,A000311,2026-04-10 22:57:47.119954,Low,True,0.9
T002597,A000311,2025-03-20 13:47:05.093803,Medium,True,5.5
T002598,A000311,2026-03-28 13:10:34.758130,High,True,4.5
T002599,A000312,2026-05-16 23:20:22.191388,Low,False,
T002600,A000312,2025-06-01 08:41:09.575082,,True,9.3
T002601,A000312,2025-09-24 18:17:44.567152,High,False,
T002602,A000312,2026-06-21 14:31:05.446409,,True,2.9
T002603,A000312,2025-08-07 00:52:09.074915,Low,True,4.9
T002604,A000312,2026-04-14 22:09:11.403903,Medium,True,4.0
T002605,A000312,2024-08-02 13:54:05.115082,Medium,False,
T002606,A000312,2025-03-17 04:32:17.876640,Medium,True,1.3
T002607,A000313,2026-02-13 16:48:47.978496,Low,True,4.4
T002608,A000313,2026-03-30 09:41:10.768619,Medium,False,
T002609,A000313,2026-04-14 10:44:42.653202,High,True,5.5
T002610,A000313,2026-03-01 07:56:43.666377,Low,True,6.5
T002611,A000313,2026-05-14 04:32:37.016708,High,True,4.2
T002612,A000313,2026-02-10 13:09:58.432287,Low,True,1.4
T002613,A000314,2024-12-15 15:36:51.391067,Medium,True,4.2
T002614,A000314,2024-09-19 13:45:47.922077,High,True,3.6
T002615,A000314,2025-07-09 22:33:49.504068,Medium,True,1.3
T002616,A000314,2024-08-05 16:01:33.240758,Low,True,1.6
T002617,A000314,2025-10-13 04:33:39.426832,Low,True,1.9
T002618,A000314,2024-12-28 17:41:44.496520,Medium,False,
T002619,A000314,2026-07-26 19:36:44.141111,Medium,False,
T002620,A000314,2026-03-31 17:04:01.657068,Low,False,
T002621,A000314,2026-04-20 18:25:52.220095,Low,True,7.6
T002622,A000314,2025-08-04 01:52:55.857040,High,False,
T002623,A000314,2025-02-26 21:26:30.471607,,True,5.9
T002624,A000314,2024-10-06 18:45:24.050909,Medium,True,4.3
T002625,A000314,2025-04-16 21:01:52.059270,Low,False,
T002626,A000314,2025-07-29 20:19:56.345899,Medium,False,
T002627,A000314,2025-08-03 09:52:01.438589,,True,0.9
T002628,A000314,2024-12-05 01:26:33.075106,Medium,True,1.6
T002629,A000315,2024-12-06 08:59:44.229873,Low,False,
T002630,A000315,2025-01-25 12:07:25.836005,High,False,
T002631,A000315,2024-12-29 13:55:01.614751,Medium,True,3.6
T002632,A000315,2025-05-11 14:34:16.078571,Low,True,4.3
T002633,A000315,2025-02-27 21:06:44.537293,Medium,True,7.3
T002634,A000315,2025-04-16 14:34:06.141603,,True,2.6
T002635,A000315,2025-04-13 01:37:21.671869,High,False,
T002636,A000315,2024-12-14 13:00:40.328814,Medium,True,1.2
T002637,A000316,2026-04-24 18:21:56.852810,Low,True,3.7
T002638,A000316,2026-08-09 20:54:23.185044,Low,True,1.2
T002639,A000316,2026-07-04 16:44:46.760011,Low,True,3.9
T002640,A000316,2026-01-19 08:41:12.618216,Low,True,1.5
T002641,A000316,2026-08-13 13:22:41.815684,Low,True,2.6
T002642,A000316,2026-07-01 17:21:39.972604,Low,True,3.0
T002643,A000316,2026-06-18 20:56:10.876684,Medium,True,4.1
T002644,A000316,2026-08-05 01:03:46.447405,Medium,True,4.0
T002645,A000317,2026-07-16 23:05:45.891031,Low,True,4.8
T002646,A000317,2026-01-09 14:20:49.169443,Medium,True,1.6
T002647,A000317,2025-10-27 15:37:19.943851,Low,True,2.0
T002648,A000317,2026-05-24 08:27:00.956567,Low,True,12.2
T002649,A000317,2025-09-18 19:40:32.707794,,True,4.6
T002650,A000317,2026-08-06 22:20:24.532023,,True,4.5
T002651,A000318,2026-06-10 06:42:33.546866,Medium,True,11.8
T002652,A000318,2025-12-28 23:45:52.099709,Low,True,10.4
T002653,A000318,2026-08-14 04:33:51.593181,High,False,
T002654,A000318,2025-10-10 12:33:24.958576,Low,False,
T002655,A000318,2025-11-22 20:05:20.027434,High,False,
T002656,A000318,2026-08-05 23:13:10.612005,Medium,True,4.0
T002657,A000318,2026-03-25 10:04:53.847846,,True,4.9
T002658,A000318,2025-09-10 01:01:37.972676,Low,True,1.9
T002659,A000318,2025-12-21 04:09:25.636123,Low,True,10.2
T002660,A000319,2026-03-14 23:53:21.096948,Low,True,1.5
T002661,A000319,2025-10-10 01:57:29.751652,Low,True,1.3
T002662,A000319,2026-02-17 08:22:32.149886,High,False,
T002663,A000319,2026-05-06 01:09:33.542941,Medium,True,4.1
T002664,A000320,2025-02-28 18:26:31.020963,Medium,True,7.7
T002665,A000320,2024-12-08 15:36:16.221954,Medium,True,3.2
T002666,A000320,2026-06-13 17:44:24.855194,Medium,True,6.0
T002667,A000320,2025-09-12 22:01:14.459490,,True,4.8
T002668,A000320,2025-09-13 02:13:51.678109,,True,1.4
T002669,A000320,2025-01-30 12:51:27.879832,Low,True,1.6
T002670,A000320,2025-04-29 06:24:33.658676,Medium,True,11.2
T002671,A000320,2026-04-10 01:41:17.078806,Medium,True,2.4
T002672,A000320,2024-03-23 09:13:33.390412,Medium,True,7.5
T002673,A000320,2026-05-02 18:41:20.797294,Low,True,6.5
T002674,A000320,2024-03-05 04:19:45.450734,Low,False,
T002675,A000320,2024-10-19 13:41:05.575443,,True,2.1
T002676,A000320,2025-02-22 12:28:17.506775,Low,True,2.7
T002677,A000320,2025-11-06 04:04:52.650389,,True,2.7
T002678,A000320,2026-03-28 23:49:24.811044,Medium,True,5.1
T002679,A000320,2026-01-23 02:54:44.250324,High,True,1.9
T002680,A000320,2024-10-29 09:29:42.921400,Low,True,3.5
T002681,A000320,2025-12-10 10:01:18.925591,Low,True,5.7
T002682,A000320,2026-01-20 06:36:07.234604,,False,
T002683,A000320,2025-03-23 18:58:31.529663,,True,1.6
T002684,A000320,2026-06-10 10:50:45.299764,High,True,2.0
T002685,A000321,2026-08-19 06:27:59.545298,High,True,3.1
T002686,A000321,2026-07-26 20:58:38.989301,High,False,
T002687,A000321,2026-08-03 05:36:06.078477,High,True,5.6
T002688,A000321,2026-08-24 12:06:53.447894,Medium,False,
T002689,A000323,2024-08-18 19:05:15.788981,Low,True,5.1
T002690,A000323,2024-06-26 22:10:45.926409,Low,True,3.4
T002691,A000323,2024-06-01 09:42:31.824377,Low,True,4.1
T002692,A000323,2024-09-18 17:03:30.368468,Medium,True,4.9
T002693,A000323,2024-09-17 16:10:31.411401,Medium,True,3.3
T002694,A000323,2024-07-11 22:25:40.959177,High,False,
T002695,A000324,2023-11-25 12:47:39.220005,Low,True,3.4
T002696,A000324,2024-09-21 21:29:18.734855,Low,True,4.1
T002697,A000324,2023-11-04 16:04:49.800662,Low,False,
T002698,A000324,2025-09-06 09:06:26.116901,Medium,True,3.2
T002699,A000324,2024-08-10 21:06:15.300743,Low,False,
T002700,A000324,2025-12-20 11:35:58.626578,High,True,9.0
T002701,A000324,2024-09-07 06:55:14.690568,Medium,True,3.6
T002702,A000324,2023-08-23 19:19:44.778758,Medium,True,1.4
T002703,A000324,2023-06-28 12:37:07.984630,Medium,True,3.5
T002704,A000324,2025-04-13 01:04:20.335291,Medium,True,2.6
T002705,A000324,2025-11-13 11:01:58.231550,Low,True,0.8
T002706,A000324,2025-06-03 09:15:40.969621,,True,6.9
T002707,A000324,2026-02-08 22:24:41.782512,,True,11.5
T002708,A000324,2024-01-10 09:25:45.805486,Low,False,
T002709,A000324,2024-03-11 00:45:02.371308,Low,True,2.7
T002710,A000324,2025-08-05 13:45:25.157379,Low,True,10.0
T002711,A000324,2025-09-06 17:25:55.725655,Low,True,8.3
T002712,A000325,2025-07-03 15:19:20.546656,Low,True,3.0
T002713,A000325,2026-01-24 18:54:00.564416,Low,True,5.8
T002714,A000325,2026-02-24 15:50:44.848723,Medium,True,8.8
T002715,A000325,2026-01-25 17:37:17.320957,Low,False,
T002716,A000325,2026-05-10 15:26:06.850534,Low,True,0.5
T002717,A000325,2026-05-08 12:00:59.491105,Low,True,1.0
T002718,A000325,2025-05-14 21:57:50.675073,High,True,5.5
T002719,A000325,2026-02-11 01:46:50.778173,High,False,
T002720,A000325,2026-04-10 16:50:41.049760,Low,True,12.4
T002721,A000325,2026-04-16 11:43:55.071298,Low,True,2.6
T002722,A000326,2026-07-07 05:42:27.551153,Medium,True,4.1
T002723,A000326,2026-02-20 22:12:50.838667,,True,7.3
T002724,A000327,2025-10-13 07:03:58.720345,,False,
T002725,A000327,2026-07-11 16:32:11.753806,Low,True,1.4
T002726,A000327,2025-10-27 10:35:30.038194,Low,True,6.3
T002727,A000327,2026-07-01 14:11:32.777359,High,True,4.0
T002728,A000327,2025-08-13 14:33:06.494283,,True,3.7
T002729,A000329,2024-03-18 11:10:41.737574,Low,True,2.5
T002730,A000329,2025-05-09 19:02:54.644592,Medium,True,4.1
T002731,A000329,2024-01-02 19:50:06.797460,Medium,True,1.7
T002732,A000329,2023-11-03 20:23:21.795690,High,True,2.7
T002733,A000329,2024-08-06 01:53:06.158737,Low,True,2.1
T002734,A000329,2025-03-18 08:02:18.698142,Medium,True,3.2
T002735,A000329,2025-11-27 09:35:05.211051,High,True,4.3
T002736,A000329,2025-05-26 18:39:43.957897,Medium,True,2.8
T002737,A000329,2025-07-30 07:23:19.466649,Low,True,4.5
T002738,A000330,2026-08-05 08:39:35.344213,Low,True,1.8
T002739,A000330,2026-08-01 05:37:30.481113,Medium,False,
T002740,A000330,2026-08-15 21:40:57.170779,Medium,True,1.4
T002741,A000331,2026-03-14 21:46:13.528379,Medium,True,2.1
T002742,A000331,2026-01-22 04:57:06.467595,Low,True,3.9
T002743,A000331,2025-12-31 00:34:32.898573,Low,True,1.7
T002744,A000331,2026-08-03 06:57:43.107879,,True,4.8
T002745,A000331,2025-12-11 08:50:22.341612,Low,True,0.9
T002746,A000331,2026-03-30 08:18:15.568786,Low,True,5.3
T002747,A000331,2025-12-27 15:59:28.727064,Medium,True,1.7
T002748,A000331,2025-12-22 16:24:11.551705,High,True,4.2
T002749,A000332,2026-01-16 03:51:49.579280,Low,True,3.8
T002750,A000332,2026-04-28 07:17:28.111125,Low,True,4.7
T002751,A000332,2026-04-23 15:39:35.986955,Medium,True,1.1
T002752,A000332,2025-06-20 07:42:20.058783,Low,True,9.2
T002753,A000332,2026-03-28 01:25:40.121240,Low,True,4.7
T002754,A000332,2026-05-27 05:50:16.327889,Medium,True,2.2
T002755,A000332,2026-06-05 03:12:06.423026,Low,False,
T002756,A000332,2026-01-06 20:02:36.335376,Medium,True,7.0
T002757,A000332,2025-07-22 12:35:17.488876,Low,True,5.2
T002758,A000333,2025-06-14 03:43:40.516810,Low,True,5.7
T002759,A000333,2025-06-20 09:46:38.172618,,True,3.3
T002760,A000333,2025-04-12 10:36:21.472685,Low,True,0.8
T002761,A000333,2025-10-02 20:57:46.001941,High,True,7.6
T002762,A000333,2026-02-21 18:34:43.080242,Low,True,5.0
T002763,A000333,2025-11-25 19:15:29.328422,Low,True,2.6
T002764,A000333,2026-04-09 23:27:02.060075,High,True,2.2
T002765,A000333,2024-02-15 23:49:24.480175,Low,True,2.0
T002766,A000333,2023-11-10 20:36:57.063233,Low,True,2.6
T002767,A000333,2024-06-21 03:00:45.278126,Medium,False,
T002768,A000333,2023-12-25 19:28:43.735621,Low,True,7.3
T002769,A000333,2025-08-01 14:08:25.741793,High,True,5.5
T002770,A000333,2023-10-14 03:03:02.248682,,True,1.9
T002771,A000333,2025-02-14 07:08:08.752662,,True,4.1
T002772,A000333,2026-04-05 19:58:18.067394,Low,True,6.3
T002773,A000333,2023-11-03 20:51:09.534542,Low,True,3.6
T002774,A000333,2026-01-15 16:32:36.495061,Medium,True,5.6
T002775,A000333,2025-09-01 17:16:45.031676,Medium,True,6.2
T002776,A000333,2024-04-01 08:08:13.028717,Low,True,5.7
T002777,A000333,2024-07-26 17:10:00.579535,Low,True,11.8
T002778,A000333,2026-01-06 16:15:16.081595,Low,True,16.2
T002779,A000333,2024-01-19 15:20:31.514239,High,True,4.9
T002780,A000334,2024-09-14 10:09:02.458043,High,True,2.1
T002781,A000334,2026-03-09 16:52:48.180380,Low,True,1.0
T002782,A000334,2026-08-13 22:44:21.476534,Low,False,
T002783,A000334,2025-03-06 12:36:20.408540,Medium,True,10.4
T002784,A000334,2024-11-30 20:14:21.157114,Medium,True,7.5
T002785,A000334,2026-08-20 00:16:53.324534,Medium,True,1.2
T002786,A000334,2024-11-06 11:44:03.797480,Medium,True,9.9
T002787,A000334,2023-11-22 11:04:32.840153,High,True,2.5
T002788,A000334,2025-03-27 18:37:07.783451,Low,True,1.5
T002789,A000334,2024-10-14 10:37:34.637345,Medium,True,2.3
T002790,A000335,2026-03-03 21:59:17.703389,Low,True,0.3
T002791,A000335,2026-02-05 18:02:56.629994,Medium,True,0.3
T002792,A000335,2025-11-09 04:26:52.229449,High,True,1.7
T002793,A000335,2026-01-06 15:49:27.982782,,True,2.0
T002794,A000335,2025-12-03 16:23:36.898197,Medium,True,3.6
T002795,A000335,2025-12-17 22:32:07.496336,Medium,True,3.2
T002796,A000335,2026-01-18 15:11:09.877346,Medium,True,4.2
T002797,A000335,2026-02-10 23:25:45.520809,High,False,
T002798,A000336,2026-04-01 17:52:26.991199,Low,True,3.4
T002799,A000336,2026-02-18 17:41:10.185900,Medium,True,0.8
T002800,A000336,2026-02-14 21:56:33.373535,Low,True,4.8
T002801,A000336,2026-02-24 09:32:08.980615,,True,1.2
T002802,A000337,2026-03-01 19:05:00.975669,Low,True,6.4
T002803,A000337,2026-06-05 18:19:01.494010,Low,False,
T002804,A000337,2025-12-13 16:47:06.816241,High,False,
T002805,A000338,2026-07-28 23:05:32.605473,Low,True,3.3
T002806,A000338,2026-04-08 15:15:50.985747,Low,True,0.5
T002807,A000338,2026-01-22 10:29:03.602177,High,True,1.1
T002808,A000338,2026-08-10 02:12:06.922782,Low,True,2.0
T002809,A000338,2025-08-29 12:47:36.565865,Medium,True,4.6
T002810,A000338,2026-04-03 04:26:55.377054,Low,True,4.1
T002811,A000338,2026-02-14 12:10:16.701741,High,True,2.6
T002812,A000339,2026-01-13 12:36:25.336856,Medium,True,4.7
T002813,A000339,2026-05-07 09:05:45.922020,Low,True,1.4
T002814,A000339,2026-02-27 23:25:56.306977,,True,1.0
T002815,A000339,2026-05-17 22:34:08.275408,Medium,True,3.4
T002816,A000339,2026-04-19 15:09:56.731868,Low,True,1.5
T002817,A000340,2025-05-01 05:12:05.474561,Low,True,2.3
T002818,A000340,2026-05-18 13:40:22.796339,Low,True,3.5
T002819,A000340,2026-01-02 06:38:45.514981,Low,True,1.9
T002820,A000340,2025-11-11 23:31:10.406698,,True,1.4
T002821,A000340,2026-01-28 22:00:06.344031,Low,True,5.6
T002822,A000340,2025-06-17 16:35:44.520844,Medium,True,5.1
T002823,A000340,2025-08-10 11:49:13.055874,Medium,True,0.7
T002824,A000340,2026-07-06 16:56:04.911301,Medium,True,4.4
T002825,A000340,2025-04-29 02:40:44.042239,High,True,3.0
T002826,A000340,2025-12-31 13:30:53.314297,Low,True,3.5
T002827,A000340,2025-03-15 17:42:17.042748,Medium,False,
T002828,A000340,2025-01-14 10:23:05.241050,High,True,3.3
T002829,A000340,2025-11-11 15:36:46.907028,Medium,True,5.7
T002830,A000340,2026-08-25 14:11:50.683526,Low,True,3.4
T002831,A000340,2025-10-04 05:49:59.355872,Medium,True,1.8
T002832,A000341,2025-11-30 19:18:40.347720,,True,9.9
T002833,A000341,2025-12-29 15:03:07.006864,Medium,True,6.2
T002834,A000341,2026-03-19 00:12:14.106805,Medium,True,6.6
T002835,A000341,2026-06-24 03:07:12.488911,Low,True,5.5
T002836,A000341,2026-01-18 05:30:08.796722,Low,True,2.3
T002837,A000341,2026-06-08 10:44:32.075699,,True,3.9
T002838,A000342,2025-04-26 12:55:13.483241,Medium,True,1.6
T002839,A000342,2024-04-14 08:08:54.412074,Medium,True,0.4
T002840,A000342,2026-01-09 21:28:26.698898,Medium,False,
T002841,A000342,2025-04-03 05:17:52.327771,Low,True,2.0
T002842,A000342,2025-07-16 07:58:42.020373,Low,True,6.9
T002843,A000342,2025-01-04 06:05:40.583104,High,True,3.9
T002844,A000342,2024-04-23 08:01:32.578679,Low,True,1.9
T002845,A000342,2026-05-05 22:34:38.817178,Low,True,5.2
T002846,A000342,2025-07-23 10:31:47.052144,Medium,True,8.1
T002847,A000343,2026-03-14 18:45:55.351212,Low,True,5.4
T002848,A000344,2024-06-14 09:55:56.022578,High,True,1.7
T002849,A000344,2024-11-29 23:08:36.118851,Low,True,3.3
T002850,A000344,2026-04-27 02:57:55.641647,Medium,True,8.7
T002851,A000344,2024-06-23 12:23:27.754144,,True,0.5
T002852,A000344,2026-07-16 12:53:47.946283,Low,True,5.1
T002853,A000344,2024-07-15 15:27:20.810026,Low,True,8.0
T002854,A000344,2023-09-23 02:55:15.905331,Low,True,3.1
T002855,A000344,2023-12-21 19:53:09.838688,High,True,2.3
T002856,A000344,2024-06-03 20:42:19.236379,,True,3.9
T002857,A000344,2026-06-15 21:24:07.061350,Low,True,2.2
T002858,A000344,2026-08-10 15:36:21.867502,Low,False,
T002859,A000344,2026-02-19 08:31:32.891859,Low,False,
T002860,A000344,2023-12-19 08:11:32.596286,Low,True,2.7
T002861,A000344,2023-10-15 10:33:28.130331,Medium,True,6.5
T002862,A000344,2024-03-13 13:07:35.320428,,True,3.6
T002863,A000344,2023-11-27 08:33:58.831679,Low,True,6.9
T002864,A000344,2025-01-26 11:32:56.818381,Low,True,5.5
T002865,A000344,2024-08-12 12:17:41.084033,Low,True,8.2
T002866,A000345,2025-01-06 04:55:35.742025,High,True,3.2
T002867,A000345,2024-10-09 04:38:39.823404,Medium,True,5.5
T002868,A000345,2024-12-08 07:29:48.365675,Medium,False,
T002869,A000345,2024-12-13 11:01:43.242635,Low,True,1.6
T002870,A000345,2024-10-18 09:15:39.098726,Medium,True,4.0
T002871,A000345,2024-11-29 16:38:50.062902,,True,3.5
T002872,A000345,2025-01-03 00:54:03.969368,Medium,False,
T002873,A000345,2024-12-24 11:00:09.034354,High,True,1.5
T002874,A000345,2024-11-08 20:06:28.229594,,True,4.5
T002875,A000345,2024-12-21 05:05:14.827449,Medium,True,3.1
T002876,A000346,2025-05-15 02:50:24.695743,High,True,16.8
T002877,A000346,2025-04-16 23:39:13.632159,Medium,True,3.7
T002878,A000346,2025-06-06 10:24:23.170298,Medium,True,3.4
T002879,A000346,2025-03-11 00:17:28.473061,Low,True,4.4
T002880,A000346,2025-05-21 14:18:10.970664,High,True,3.2
T002881,A000346,2025-05-13 03:34:25.813261,,False,
T002882,A000346,2025-04-23 01:40:30.358388,Medium,False,
T002883,A000347,2025-09-30 09:25:08.637012,High,True,3.2
T002884,A000347,2025-06-23 21:08:38.219101,High,True,3.9
T002885,A000347,2025-08-30 06:30:41.216061,Low,False,
T002886,A000347,2025-11-27 08:49:53.714128,Low,True,2.4
T002887,A000347,2025-12-25 12:07:28.514431,High,True,3.5
T002888,A000347,2025-10-18 23:17:46.735594,Medium,False,
T002889,A000347,2025-07-31 14:20:55.177290,Medium,True,2.3
T002890,A000347,2025-09-10 14:06:18.041387,High,False,
T002891,A000347,2025-10-19 09:27:38.242681,Low,True,7.2
T002892,A000347,2026-01-22 20:13:46.848031,Medium,True,8.0
T002893,A000347,2025-06-23 09:25:23.751705,Low,True,1.9
T002894,A000347,2025-06-07 02:11:09.274289,Low,True,0.6
T002895,A000347,2026-01-11 20:50:14.944757,Low,True,4.8
T002896,A000347,2025-07-09 16:10:06.207330,Medium,True,4.7
T002897,A000347,2025-10-24 19:06:57.709950,High,False,
T002898,A000347,2026-01-02 23:40:29.181866,Medium,True,2.7
T002899,A000348,2025-10-10 20:38:03.098264,Medium,True,3.7
T002900,A000348,2025-07-12 08:42:14.180747,Low,True,3.4
T002901,A000348,2024-07-11 16:59:15.217946,High,True,6.2
T002902,A000348,2024-11-27 05:08:08.647572,Low,True,11.7
T002903,A000348,2024-09-29 07:07:54.890433,Low,False,
T002904,A000348,2024-02-09 05:37:05.770351,Medium,True,7.7
T002905,A000348,2025-04-03 10:10:27.617304,Low,False,
T002906,A000348,2024-10-21 23:45:33.616585,Medium,True,4.6
T002907,A000348,2024-06-03 10:58:50.536514,Low,True,4.1
T002908,A000348,2025-10-03 21:35:30.724451,Low,False,
T002909,A000348,2025-05-23 18:21:49.042336,Low,True,7.9
T002910,A000348,2025-07-21 20:51:12.118518,Low,True,12.4
T002911,A000348,2026-03-03 19:00:46.562804,Low,True,0.5
T002912,A000348,2025-11-24 21:54:15.717306,Low,True,6.3
T002913,A000348,2025-10-16 23:17:11.491850,Low,True,5.9
T002914,A000348,2026-08-07 21:29:08.094428,Medium,True,1.9
T002915,A000349,2026-01-07 01:31:44.353282,Medium,True,2.1
T002916,A000349,2025-09-27 07:42:12.369988,Medium,True,4.6
T002917,A000349,2026-01-19 17:04:15.004707,Medium,True,10.3
T002918,A000349,2025-11-09 03:45:39.711472,Medium,True,4.3
T002919,A000349,2026-03-18 00:45:44.023375,Low,True,1.4
T002920,A000350,2025-03-14 20:17:22.517549,Medium,True,1.3
T002921,A000350,2025-03-24 12:54:02.555784,High,True,2.2
T002922,A000350,2025-03-24 15:59:42.019697,Medium,True,2.7
T002923,A000350,2024-12-18 05:11:48.542329,Low,True,5.0
T002924,A000350,2025-03-03 18:02:16.577578,Low,True,11.6
T002925,A000350,2024-12-14 13:23:50.425162,Medium,False,
T002926,A000350,2024-10-31 02:59:30.794872,Medium,False,
T002927,A000350,2025-02-13 04:28:31.154040,High,True,1.6
T002928,A000350,2025-03-11 06:55:08.404858,,True,0.8
T002929,A000350,2025-02-03 16:49:36.922772,,True,3.1
T002930,A000350,2025-03-01 09:42:16.679922,High,True,1.8
T002931,A000350,2024-10-05 00:20:39.808264,Medium,True,3.0
T002932,A000351,2026-06-27 16:58:22.179865,Medium,True,11.4
T002933,A000351,2026-06-03 08:15:48.581986,Low,False,
T002934,A000351,2026-08-21 22:40:08.890009,Medium,True,5.6
T002935,A000352,2024-02-20 23:01:36.551135,Low,True,3.9
T002936,A000352,2024-05-09 17:20:26.630148,Medium,True,4.7
T002937,A000352,2024-03-07 21:46:43.703053,Medium,True,1.8
T002938,A000352,2023-11-30 01:56:59.475396,,True,2.3
T002939,A000352,2024-04-17 15:56:45.991670,Low,True,6.4
T002940,A000352,2023-12-26 06:34:26.349652,Low,False,
T002941,A000352,2024-02-09 19:15:50.633161,Low,True,2.2
T002942,A000352,2024-03-03 09:12:46.700440,Low,True,8.7
T002943,A000352,2024-01-31 05:40:46.288391,Medium,True,1.4
T002944,A000352,2024-02-09 17:39:28.965912,High,True,6.7
T002945,A000352,2023-10-31 04:24:59.124977,Medium,True,9.7
T002946,A000353,2025-04-11 04:52:52.566884,,True,2.8
T002947,A000353,2025-05-13 19:55:07.599495,,True,11.6
T002948,A000353,2025-03-15 07:16:32.917698,Medium,True,0.3
T002949,A000353,2026-02-27 10:55:04.070115,Medium,False,
T002950,A000353,2026-08-12 00:07:17.060163,High,True,7.3
T002951,A000353,2025-09-27 16:14:57.245122,Low,True,8.6
T002952,A000353,2026-06-09 02:51:57.967300,Low,True,6.5
T002953,A000353,2025-09-24 12:59:03.290194,Low,True,6.5
T002954,A000356,2026-06-25 10:27:11.169804,High,True,2.6
T002955,A000356,2026-01-22 03:25:29.931358,Low,True,5.1
T002956,A000356,2025-11-24 22:45:48.435867,Medium,True,2.1
T002957,A000356,2025-12-10 13:13:35.573095,Low,True,3.9
T002958,A000356,2026-03-02 06:10:00.832167,Medium,True,2.4
T002959,A000356,2026-07-31 10:49:42.832058,Low,True,4.3
T002960,A000356,2026-08-11 18:07:17.093964,,True,2.8
T002961,A000356,2026-08-06 17:13:50.936517,High,True,1.1
T002962,A000356,2025-09-03 06:36:18.656757,Medium,True,1.0
T002963,A000357,2024-09-09 18:13:52.113444,Low,True,3.0
T002964,A000357,2024-07-08 02:25:44.966175,Medium,True,2.1
T002965,A000357,2023-12-17 02:21:01.058628,Low,True,1.7
T002966,A000357,2025-10-19 09:41:02.951566,Medium,True,3.0
T002967,A000357,2026-02-02 00:53:09.955920,Low,True,2.9
T002968,A000357,2024-03-15 16:50:31.533014,Low,True,3.3
T002969,A000357,2026-03-23 07:45:25.508222,Low,True,12.1
T002970,A000357,2025-06-23 10:08:07.341686,Medium,True,3.7
T002971,A000357,2026-02-10 04:34:32.734240,Low,True,5.8
T002972,A000357,2025-06-10 00:14:17.552027,,True,7.4
T002973,A000357,2024-12-01 23:55:56.912168,High,True,2.1
T002974,A000357,2024-06-14 05:05:45.404139,Low,True,4.2
T002975,A000357,2024-08-29 20:12:01.088383,Medium,True,10.0
T002976,A000357,2023-09-16 19:08:41.936445,Low,True,5.2
T002977,A000357,2025-07-30 14:35:48.103178,Low,True,1.3
T002978,A000357,2023-11-19 00:51:21.563941,High,True,6.1
T002979,A000357,2024-03-23 23:59:30.569430,Low,True,1.3
T002980,A000357,2024-05-27 08:31:05.876149,Low,True,7.6
T002981,A000358,2025-07-27 13:13:54.192083,Medium,True,15.3
T002982,A000358,2025-08-25 20:11:01.244686,High,False,
T002983,A000358,2025-07-30 12:09:46.117849,High,True,1.4
T002984,A000358,2025-09-09 19:15:07.251071,Medium,False,
T002985,A000358,2025-08-01 08:22:19.918744,High,True,0.2
T002986,A000358,2025-08-25 15:56:35.221629,Medium,True,3.8
T002987,A000359,2024-05-10 01:21:58.728424,Medium,True,2.6
T002988,A000359,2026-08-04 02:25:36.143230,Medium,True,1.7
T002989,A000359,2026-06-29 04:54:27.004457,Low,False,
T002990,A000359,2025-03-20 07:23:19.613093,,True,5.2
T002991,A000359,2025-09-25 11:31:03.532504,Low,True,0.6
T002992,A000359,2025-10-06 18:10:41.357386,Low,True,4.1
T002993,A000359,2025-09-07 15:50:57.181248,,True,1.5
T002994,A000359,2026-06-15 13:20:27.855148,Medium,True,3.6
T002995,A000359,2025-05-18 23:06:49.178999,Medium,True,1.5
T002996,A000359,2026-05-04 05:49:22.241828,Medium,True,7.5
T002997,A000359,2026-01-29 20:43:37.269715,Medium,True,6.6
T002998,A000359,2024-08-05 08:59:26.353700,Low,True,3.6
T002999,A000359,2024-12-11 22:30:23.190276,Low,True,1.9
T003000,A000359,2026-03-22 08:01:00.759327,Low,True,3.5
T003001,A000359,2026-04-21 07:21:22.518808,High,True,2.5
T003002,A000359,2025-03-21 18:18:01.941757,High,True,4.8
T003003,A000359,2026-08-06 19:51:36.999958,High,True,0.4
T003004,A000359,2024-06-14 11:07:28.878626,Low,True,5.2
T003005,A000359,2025-07-23 08:56:54.998022,Low,True,5.6
T003006,A000360,2025-08-12 17:17:21.994550,Low,True,3.6
T003007,A000360,2025-04-01 16:22:29.924373,Medium,True,1.8
T003008,A000360,2026-03-01 15:59:58.248988,Low,True,3.3
T003009,A000360,2026-05-29 10:41:18.804744,Low,True,6.0
T003010,A000360,2026-01-04 19:28:59.724208,Low,True,2.4
T003011,A000360,2025-04-22 01:30:37.328688,Low,True,3.5
T003012,A000360,2026-05-03 12:54:11.879968,Low,True,11.9
T003013,A000360,2026-05-01 22:27:54.238846,,True,3.1
T003014,A000360,2026-02-15 00:46:33.775089,Medium,True,2.4
T003015,A000360,2025-09-15 11:55:43.675241,Low,True,6.4
T003016,A000360,2025-03-11 11:11:27.820436,Medium,True,6.1
T003017,A000360,2025-09-20 04:07:11.441503,High,True,4.0
T003018,A000360,2025-03-28 12:24:51.866816,Low,True,0.9
T003019,A000360,2026-03-03 06:30:37.644868,,False,
T003020,A000360,2025-05-18 16:06:40.898270,Medium,True,2.1
T003021,A000360,2026-01-19 08:46:55.790932,Low,True,2.7
T003022,A000361,2024-11-02 00:04:31.554748,Medium,True,7.9
T003023,A000361,2025-03-09 10:42:18.065054,Low,True,2.8
T003024,A000361,2024-06-27 00:26:58.350809,Medium,True,7.8
T003025,A000361,2025-12-21 11:33:49.723886,Medium,True,1.1
T003026,A000362,2026-07-12 09:16:28.704801,Medium,True,1.0
T003027,A000362,2026-04-02 03:48:47.596777,High,True,1.1
T003028,A000362,2026-03-24 04:49:03.077088,Medium,True,11.1
T003029,A000362,2026-08-10 19:01:26.403126,High,True,1.8
T003030,A000362,2026-07-30 15:25:11.274353,High,True,1.1
T003031,A000362,2026-05-23 16:15:43.674626,High,True,4.6
T003032,A000362,2026-07-10 16:33:18.537182,,True,9.9
T003033,A000362,2026-06-22 09:17:26.175279,Low,True,4.1
T003034,A000362,2026-06-16 00:52:53.570500,High,False,
T003035,A000362,2026-08-23 13:48:34.849875,High,True,10.9
T003036,A000362,2026-05-08 23:15:27.866330,High,False,
T003037,A000362,2026-08-13 12:54:36.509171,Low,True,2.6
T003038,A000362,2026-04-23 10:21:20.359097,Medium,True,4.4
T003039,A000362,2026-07-20 20:23:22.709932,High,True,6.1
T003040,A000363,2025-10-14 12:21:48.361421,Low,True,5.8
T003041,A000363,2025-12-20 23:46:22.684222,High,True,2.4
T003042,A000364,2025-12-11 02:22:17.721837,Low,True,4.9
T003043,A000364,2024-03-09 14:50:03.332021,Medium,True,8.5
T003044,A000364,2025-01-30 16:50:26.413379,,True,2.9
T003045,A000364,2026-03-02 09:27:20.136836,Medium,True,6.8
T003046,A000364,2024-09-30 06:49:04.417125,High,True,6.1
T003047,A000364,2024-05-10 18:54:36.136184,Low,True,11.7
T003048,A000364,2024-01-09 01:16:28.110582,Low,True,3.1
T003049,A000364,2025-07-24 06:00:34.831382,Low,True,12.4
T003050,A000364,2024-04-20 19:41:50.990457,Low,True,7.3
T003051,A000364,2025-09-18 08:03:13.325706,,True,1.9
T003052,A000364,2026-07-16 18:26:42.863647,,True,2.7
T003053,A000364,2025-11-12 05:38:20.062486,Medium,True,2.7
T003054,A000364,2025-06-28 02:10:29.634664,Low,True,7.7
T003055,A000365,2024-09-26 11:05:02.275586,Medium,True,1.8
T003056,A000365,2023-12-11 00:50:36.943714,Low,True,6.2
T003057,A000365,2023-12-10 07:22:01.499626,Low,True,2.5
T003058,A000365,2024-02-14 10:01:53.238008,,True,5.8
T003059,A000365,2024-11-15 04:38:17.249816,Low,True,1.0
T003060,A000365,2025-07-11 05:37:45.160938,Medium,True,8.3
T003061,A000365,2025-10-05 11:15:34.050749,Low,True,2.8
T003062,A000365,2023-12-12 03:06:35.635689,Medium,True,6.3
T003063,A000365,2024-07-31 21:14:32.072489,Low,True,6.7
T003064,A000365,2025-09-01 12:59:36.719312,Medium,True,3.9
T003065,A000365,2025-06-08 18:49:55.983980,Low,True,2.0
T003066,A000365,2025-08-16 22:08:00.641854,High,True,1.1
T003067,A000365,2023-09-14 02:39:50.703319,High,False,
T003068,A000365,2024-01-05 03:16:20.851190,Medium,True,2.7
T003069,A000365,2026-01-20 18:02:46.638225,Low,True,3.0
T003070,A000365,2024-07-05 00:04:41.132597,Medium,True,1.2
T003071,A000365,2025-06-19 12:31:03.200739,Medium,False,
T003072,A000366,2024-07-30 08:52:21.357985,Medium,True,1.6
T003073,A000366,2024-06-06 13:09:01.598224,Low,True,1.7
T003074,A000366,2025-04-17 23:23:07.161545,Low,True,5.6
T003075,A000366,2024-12-26 22:01:04.537934,Medium,True,5.0
T003076,A000366,2026-02-11 19:00:32.110229,Low,True,1.6
T003077,A000366,2026-04-30 01:24:45.944190,Low,True,5.6
T003078,A000366,2025-02-16 04:33:08.441596,Medium,True,0.6
T003079,A000366,2026-01-29 17:20:08.531761,Medium,True,3.2
T003080,A000366,2026-06-28 01:06:15.606524,Medium,True,1.0
T003081,A000366,2026-05-23 20:18:01.905088,Low,True,0.9
T003082,A000366,2024-04-11 17:56:38.795433,Medium,True,0.7
T003083,A000366,2026-06-27 12:31:26.581805,High,True,1.4
T003084,A000366,2025-06-27 23:49:03.605924,Medium,True,4.4
T003085,A000366,2026-04-14 10:01:40.880081,Medium,True,5.0
T003086,A000366,2025-04-19 23:54:35.940581,Low,True,2.2
T003087,A000366,2025-07-28 18:24:03.711728,Low,True,2.9
T003088,A000366,2025-01-10 13:20:18.267384,Medium,True,1.6
T003089,A000366,2026-03-09 13:39:52.984237,Low,True,4.9
T003090,A000366,2026-02-05 20:48:00.159072,Medium,True,4.3
T003091,A000366,2024-12-29 07:53:00.711418,High,True,0.2
T003092,A000366,2025-09-15 20:09:04.787558,High,True,3.6
T003093,A000366,2025-07-18 19:41:59.581590,Medium,True,4.9
T003094,A000367,2024-08-21 17:55:58.043010,High,True,2.6
T003095,A000367,2024-10-13 20:39:48.169334,Low,True,6.2
T003096,A000367,2024-09-08 04:03:34.440078,Medium,True,1.5
T003097,A000367,2024-09-14 07:01:05.944202,Medium,True,9.7
T003098,A000367,2024-10-09 22:28:29.126396,Low,True,7.4
T003099,A000368,2026-01-11 17:32:56.931903,Medium,True,5.3
T003100,A000368,2025-09-23 08:47:48.653475,Medium,True,2.6
T003101,A000368,2025-09-26 19:39:00.570861,,True,5.7
T003102,A000368,2026-01-29 12:08:00.726384,Low,True,4.1
T003103,A000368,2025-05-15 06:06:46.787280,Low,True,0.5
T003104,A000368,2026-08-23 01:36:24.264869,Medium,True,3.3
T003105,A000369,2026-03-04 13:37:18.239218,Low,False,
T003106,A000369,2026-02-02 13:55:24.220539,High,False,
T003107,A000369,2026-08-18 09:17:18.383505,High,True,2.6
T003108,A000369,2026-08-08 07:23:35.402945,,True,9.6
T003109,A000369,2026-06-26 00:54:50.250012,Low,True,11.5
T003110,A000370,2023-10-24 02:16:51.077877,Low,True,7.2
T003111,A000370,2025-03-03 23:37:35.636969,,True,2.5
T003112,A000370,2024-06-06 22:36:54.199055,Low,True,0.3
T003113,A000370,2026-08-30 09:55:16.735595,Low,True,3.2
T003114,A000370,2025-08-31 22:03:18.622192,Medium,True,0.8
T003115,A000370,2023-09-26 05:54:57.516194,Low,True,10.4
T003116,A000370,2025-09-03 22:29:48.045354,Medium,True,2.0
T003117,A000370,2023-09-23 15:43:26.497410,Medium,False,
T003118,A000370,2024-01-03 16:37:20.293153,High,True,7.4
T003119,A000371,2026-05-26 01:34:25.020377,,True,2.6
T003120,A000371,2026-04-30 10:53:33.083275,Medium,True,2.2
T003121,A000372,2026-01-14 08:42:53.967637,Low,True,4.2
T003122,A000372,2025-03-12 20:16:50.968318,Medium,True,3.5
T003123,A000372,2024-09-08 02:54:58.682689,Medium,True,2.6
T003124,A000372,2025-09-30 20:13:57.638862,Medium,True,6.4
T003125,A000372,2026-04-07 21:36:48.309474,Low,True,1.9
T003126,A000372,2026-02-03 21:44:58.245135,Medium,True,1.8
T003127,A000372,2025-06-25 09:18:13.155658,,True,2.3
T003128,A000372,2026-08-10 14:12:58.441228,Medium,True,0.5
T003129,A000372,2025-06-07 02:37:10.805630,Low,True,2.9
T003130,A000372,2025-06-13 03:13:03.642554,Low,False,
T003131,A000372,2025-03-19 18:08:08.844043,Low,True,0.5
T003132,A000372,2026-02-11 16:36:50.631187,Low,True,4.3
T003133,A000373,2024-01-27 20:06:45.896612,Low,True,0.9
T003134,A000373,2025-05-02 15:43:08.917792,High,True,3.6
T003135,A000373,2024-03-01 05:07:25.016329,Medium,True,2.2
T003136,A000373,2025-04-25 22:38:48.514768,Low,True,3.5
T003137,A000373,2023-12-29 22:32:47.442728,High,True,1.3
T003138,A000373,2024-07-22 20:37:15.359886,,True,4.9
T003139,A000373,2026-07-03 23:27:19.946915,Low,True,1.7
T003140,A000373,2023-09-06 14:36:26.534547,Low,True,1.1
T003141,A000373,2025-08-08 16:08:27.280301,Medium,True,15.5
T003142,A000373,2025-10-23 13:38:24.348276,High,True,0.5
T003143,A000373,2024-09-25 11:39:51.800330,Low,True,2.7
T003144,A000373,2025-04-19 22:18:59.528789,Low,True,4.0
T003145,A000373,2026-02-18 21:37:30.289693,Medium,True,1.0
T003146,A000373,2026-04-30 10:40:18.223718,Low,False,
T003147,A000373,2026-03-01 23:32:05.815019,High,True,8.9
T003148,A000374,2025-05-04 06:17:00.216115,Medium,False,
T003149,A000374,2024-12-16 01:21:42.034283,Low,True,4.5
T003150,A000374,2024-12-22 09:15:47.797677,High,True,3.7
T003151,A000374,2025-04-28 16:12:43.923924,High,False,
T003152,A000374,2024-10-31 07:49:33.543958,High,True,4.0
T003153,A000374,2025-04-21 19:01:26.373368,,True,7.2
T003154,A000374,2025-01-02 14:19:55.567568,High,True,11.1
T003155,A000374,2024-11-12 11:57:58.405928,Medium,True,6.4
T003156,A000374,2025-05-05 16:23:28.149711,Medium,False,
T003157,A000374,2025-05-08 08:45:46.003409,High,True,3.9
T003158,A000374,2024-12-03 20:53:01.186901,High,True,5.1
T003159,A000374,2025-05-26 14:37:54.487925,,True,6.3
T003160,A000374,2024-10-23 10:43:12.957032,High,True,6.0
T003161,A000375,2026-06-08 13:10:46.239977,High,True,3.2
T003162,A000376,2026-03-30 06:19:00.255854,Medium,True,2.6
T003163,A000376,2026-03-30 09:56:48.400430,Medium,False,
T003164,A000376,2025-09-28 01:19:16.894779,High,True,1.2
T003165,A000376,2026-02-12 14:42:51.101143,High,True,6.1
T003166,A000376,2025-09-23 13:22:36.114282,Medium,False,
T003167,A000376,2026-02-27 04:14:01.983119,High,True,2.5
T003168,A000376,2026-02-04 04:37:51.392808,Medium,True,1.3
T003169,A000376,2026-03-24 05:57:38.464136,Medium,True,4.6
T003170,A000376,2026-02-14 19:12:34.907313,High,True,2.5
T003171,A000376,2026-01-29 16:26:55.784844,High,False,
T003172,A000376,2025-12-27 13:48:27.543173,High,False,
T003173,A000376,2026-02-02 08:03:46.019847,High,True,12.0
T003174,A000376,2026-03-21 18:52:37.372105,,False,
T003175,A000376,2025-08-11 21:35:22.127388,Medium,False,
T003176,A000376,2025-11-15 00:06:12.187217,High,True,1.2
T003177,A000376,2026-01-25 17:22:41.754692,,True,2.6
T003178,A000376,2026-01-18 10:35:06.342143,Medium,False,
T003179,A000376,2026-01-08 04:42:02.366483,High,False,
T003180,A000376,2026-03-06 22:02:40.558945,Low,False,
T003181,A000376,2026-01-08 12:45:05.146483,Medium,True,0.7
T003182,A000376,2025-11-08 07:47:43.660572,High,True,17.3
T003183,A000376,2026-03-28 01:19:02.749597,Medium,False,
T003184,A000376,2026-03-30 04:18:54.188092,High,True,2.7
T003185,A000376,2026-03-20 16:21:14.908335,Medium,True,2.8
T003186,A000377,2025-12-12 03:22:23.939013,Medium,True,2.8
T003187,A000377,2026-05-17 15:52:27.974063,Low,True,0.7
T003188,A000377,2026-06-21 16:33:43.306333,Low,True,5.0
T003189,A000377,2026-05-22 07:47:27.265027,Low,True,2.6
T003190,A000378,2025-12-26 13:54:21.754618,Medium,True,8.0
T003191,A000378,2025-11-20 18:56:48.614741,Medium,True,10.5
T003192,A000379,2026-08-23 12:48:39.492184,Medium,True,3.4
T003193,A000379,2026-08-06 09:12:46.802486,High,True,5.6
T003194,A000379,2026-08-21 03:00:57.711270,Low,True,1.2
T003195,A000379,2026-08-09 07:19:35.398078,,True,1.5
T003196,A000379,2026-08-18 04:29:48.782468,High,True,11.2
T003197,A000380,2025-10-11 23:32:24.350281,,False,
T003198,A000380,2025-10-23 17:20:01.677192,Low,True,5.1
T003199,A000380,2025-09-18 21:37:51.943296,High,True,1.0
T003200,A000380,2025-09-01 18:25:42.420040,,True,1.6
T003201,A000380,2025-10-20 03:09:38.256274,Medium,False,
T003202,A000380,2025-10-06 19:55:58.063988,High,False,
T003203,A000380,2025-09-27 17:24:53.029232,High,True,1.8
T003204,A000380,2025-10-18 10:01:23.485526,High,False,
T003205,A000381,2024-07-15 17:55:03.664523,Low,True,3.3
T003206,A000381,2024-08-01 09:43:05.792348,Medium,True,2.5
T003207,A000381,2024-07-21 15:37:17.166138,Low,True,3.1
T003208,A000381,2024-09-01 10:56:24.700291,Low,True,1.2
T003209,A000381,2026-03-09 19:48:11.549148,Medium,True,4.0
T003210,A000381,2024-12-08 06:11:57.019731,Medium,True,12.3
T003211,A000381,2024-08-16 23:41:33.584669,Low,True,1.5
T003212,A000381,2025-04-09 21:16:38.406239,Low,True,6.5
T003213,A000381,2024-07-20 14:56:39.184191,Low,True,4.3
T003214,A000382,2026-06-22 12:08:21.711978,Medium,True,9.9
T003215,A000382,2025-11-14 18:30:36.552210,Medium,True,5.5
T003216,A000382,2024-12-22 21:18:35.233210,Low,True,2.9
T003217,A000382,2025-08-20 13:48:21.501930,Medium,True,5.2
T003218,A000382,2025-09-04 03:43:56.391739,Low,True,7.1
T003219,A000382,2025-08-16 04:08:02.590289,Low,True,7.4
T003220,A000382,2023-10-05 20:56:33.683413,High,False,
T003221,A000382,2026-08-11 02:51:16.134927,Low,True,8.0
T003222,A000382,2025-10-11 00:37:35.286708,Low,True,0.6
T003223,A000382,2023-08-01 02:24:31.473915,Low,True,1.6
T003224,A000382,2026-08-04 08:25:00.169608,Low,True,8.0
T003225,A000382,2024-11-12 07:29:31.988042,Low,True,11.0
T003226,A000382,2024-09-23 01:11:18.142287,Low,True,1.2
T003227,A000382,2024-02-27 18:59:59.515971,Medium,True,2.7
T003228,A000382,2026-03-21 18:30:47.444749,Low,False,
T003229,A000382,2026-01-06 03:23:35.949221,Medium,True,6.3
T003230,A000382,2025-10-06 18:26:13.252285,Medium,True,0.2
T003231,A000382,2023-11-01 00:00:31.588162,Low,True,2.4
T003232,A000382,2025-09-05 04:10:20.669366,,True,2.7
T003233,A000383,2025-10-02 12:20:51.435373,Low,True,6.3
T003234,A000383,2026-07-12 17:51:28.207343,Low,True,14.6
T003235,A000383,2025-06-18 05:55:17.680407,,False,
T003236,A000383,2025-09-25 04:48:45.844027,Low,True,2.5
T003237,A000383,2025-04-24 18:42:31.849672,Medium,True,1.8
T003238,A000383,2025-07-17 19:49:40.576978,Low,True,3.7
T003239,A000383,2025-10-11 23:32:05.238669,Medium,True,3.2
T003240,A000383,2025-03-26 23:15:12.347064,Low,False,
T003241,A000383,2026-02-10 23:45:10.760487,Low,True,1.1
T003242,A000383,2026-07-04 00:10:38.139289,Low,True,2.7
T003243,A000384,2024-10-16 06:53:47.280818,High,True,10.6
T003244,A000384,2024-12-01 18:27:02.063592,High,True,11.0
T003245,A000384,2024-11-28 19:55:45.870081,Low,True,2.9
T003246,A000384,2026-05-20 01:44:03.705399,Low,False,
T003247,A000384,2026-05-19 08:42:51.349626,High,True,2.3
T003248,A000384,2024-04-01 05:07:40.002551,Low,True,3.5
T003249,A000384,2026-03-07 07:40:01.081323,Low,True,4.6
T003250,A000384,2024-04-29 04:53:34.102066,Low,False,
T003251,A000384,2026-05-22 00:22:55.252851,Low,True,3.4
T003252,A000384,2025-01-24 15:13:59.110806,Low,True,0.5
T003253,A000384,2025-05-02 20:11:56.413498,Low,True,6.2
T003254,A000384,2024-03-05 12:28:31.534128,Medium,True,9.8
T003255,A000384,2026-04-23 12:37:42.052143,,True,1.4
T003256,A000384,2024-05-11 13:27:06.352965,Medium,True,5.9
T003257,A000384,2026-01-20 11:37:54.713195,Low,True,0.5
T003258,A000384,2025-08-29 20:19:59.325711,Low,False,
T003259,A000384,2024-11-12 01:21:33.450622,Low,True,0.3
T003260,A000384,2026-05-19 00:44:26.910248,Medium,True,3.8
T003261,A000384,2025-08-12 10:54:30.169434,Low,True,0.3
T003262,A000384,2026-01-19 21:39:20.162230,High,True,2.0
T003263,A000384,2024-09-22 04:16:36.942830,High,False,
T003264,A000384,2024-08-06 05:25:59.016550,Low,True,1.1
T003265,A000384,2024-12-24 21:34:26.956685,Low,True,10.3
T003266,A000384,2024-05-09 16:56:27.274496,Medium,True,4.9
T003267,A000386,2025-02-09 20:52:15.088980,High,True,1.9
T003268,A000386,2025-02-24 09:30:06.006447,High,True,2.0
T003269,A000386,2025-01-18 00:41:21.580182,Medium,True,5.6
T003270,A000386,2025-02-10 18:07:30.182261,,True,2.9
T003271,A000386,2024-12-28 08:07:12.707333,Medium,False,
T003272,A000386,2025-03-09 14:50:45.189902,,False,
T003273,A000387,2024-09-20 04:33:45.819295,High,True,2.3
T003274,A000387,2025-12-17 17:44:31.627344,High,True,2.7
T003275,A000387,2026-03-29 20:42:36.471644,,True,4.7
T003276,A000387,2026-04-19 05:43:30.432622,Medium,True,6.5
T003277,A000387,2025-11-05 00:32:18.112571,Medium,True,5.1
T003278,A000387,2026-01-25 05:49:02.899413,Medium,True,3.5
T003279,A000387,2025-12-30 05:59:23.492689,High,True,3.7
T003280,A000387,2025-03-19 17:19:36.961371,High,True,11.0
T003281,A000387,2025-11-18 05:06:34.791159,Medium,True,3.2
T003282,A000387,2024-08-03 11:51:18.022698,,True,7.3
T003283,A000387,2025-07-01 02:51:48.905492,,True,6.2
T003284,A000387,2024-11-28 14:51:19.296600,Medium,True,5.5
T003285,A000387,2025-09-12 00:54:15.698608,Low,True,1.4
T003286,A000387,2024-09-18 06:10:07.556750,Medium,True,3.3
T003287,A000387,2024-12-11 22:08:40.549687,Medium,True,3.6
T003288,A000387,2025-04-21 06:36:38.715471,High,True,8.6
T003289,A000387,2026-02-18 13:39:29.976013,Medium,True,0.2
T003290,A000388,2026-05-07 22:07:22.481099,,True,5.3
T003291,A000388,2025-07-26 13:28:14.026886,Medium,True,2.6
T003292,A000388,2026-01-13 05:55:36.511632,High,True,5.5
T003293,A000388,2025-07-11 20:58:10.294341,High,True,5.2
T003294,A000388,2024-12-26 22:14:14.152089,Low,True,3.5
T003295,A000388,2025-06-08 21:55:10.169421,Low,False,
T003296,A000388,2024-07-17 02:50:46.578673,Medium,True,7.0
T003297,A000388,2024-11-12 20:42:13.623627,Low,True,3.8
T003298,A000389,2025-11-15 01:25:24.163554,Medium,True,0.9
T003299,A000389,2025-01-04 23:30:30.237510,Low,True,4.2
T003300,A000389,2025-05-15 11:44:00.656819,Low,True,11.5
T003301,A000389,2024-12-31 08:42:58.752766,Low,True,1.5
T003302,A000389,2025-12-31 20:54:12.136301,Medium,True,4.4
T003303,A000389,2026-01-23 17:01:18.308165,,True,7.2
T003304,A000389,2025-07-09 00:11:35.768632,Low,True,1.7
T003305,A000389,2025-03-09 09:06:07.286966,Medium,True,1.9
T003306,A000389,2024-11-29 23:17:12.909345,Low,True,4.5
T003307,A000390,2024-11-11 06:57:59.034771,,True,4.3
T003308,A000390,2024-06-04 10:40:14.735650,High,True,7.5
T003309,A000390,2026-07-31 17:28:58.904459,Medium,True,0.7
T003310,A000390,2025-11-02 20:30:46.825566,High,False,
T003311,A000390,2025-10-20 07:03:05.414283,Low,True,3.6
T003312,A000390,2025-05-26 08:09:10.045053,Low,True,3.9
T003313,A000390,2025-12-21 21:25:42.781487,Low,True,6.8
T003314,A000390,2024-10-14 01:23:11.521170,Medium,True,5.0
T003315,A000390,2025-08-28 04:31:29.523081,Low,False,
T003316,A000390,2025-06-26 13:00:26.001744,Low,True,2.9
T003317,A000390,2025-07-04 11:30:50.444410,Medium,True,4.1
T003318,A000390,2025-10-02 01:20:12.242535,Medium,True,4.8
T003319,A000390,2026-07-30 11:38:16.443218,,False,
T003320,A000390,2024-04-24 02:38:23.474939,Medium,True,5.1
T003321,A000391,2026-06-15 04:25:10.690312,High,False,
T003322,A000391,2026-05-23 23:58:06.383913,High,True,2.7
T003323,A000391,2026-08-18 01:51:07.696806,,False,
T003324,A000392,2025-12-19 14:15:23.532700,Low,True,6.3
T003325,A000392,2025-12-02 22:34:59.067559,High,True,3.4
T003326,A000392,2025-11-30 11:42:54.221202,High,True,6.2
T003327,A000392,2025-07-24 01:09:25.724481,Medium,True,1.2
T003328,A000392,2025-12-22 04:02:38.296934,High,True,4.3
T003329,A000393,2023-06-22 15:30:55.468917,Medium,True,3.5
T003330,A000393,2025-12-16 00:32:47.877464,,True,9.6
T003331,A000393,2024-04-05 04:20:57.127167,Low,False,
T003332,A000393,2023-10-16 01:22:04.807811,Low,False,
T003333,A000393,2023-06-18 16:47:37.510272,High,True,0.8
T003334,A000393,2026-08-13 00:46:28.998829,Medium,True,2.6
T003335,A000393,2025-04-18 21:52:33.745417,,True,2.6
T003336,A000393,2025-03-29 03:58:07.813047,Medium,True,4.8
T003337,A000393,2025-01-11 06:49:25.257334,Medium,True,4.4
T003338,A000393,2024-01-13 20:36:13.186698,High,True,6.9
T003339,A000393,2024-08-21 22:08:54.557675,Medium,True,4.8
T003340,A000393,2024-08-07 03:16:59.177590,Low,True,3.0
T003341,A000393,2023-12-19 15:55:15.487588,Low,True,15.4
T003342,A000393,2024-07-02 12:22:25.922745,Low,True,8.4
T003343,A000393,2025-05-24 17:21:46.974060,Low,True,1.9
T003344,A000393,2025-10-07 05:57:08.231366,High,False,
T003345,A000393,2024-05-11 08:20:01.958105,Medium,True,3.8
T003346,A000393,2025-10-07 08:41:39.246874,Medium,True,1.1
T003347,A000393,2024-10-06 14:18:20.677428,Medium,True,1.8
T003348,A000393,2025-09-08 20:10:23.376028,Low,True,2.5
T003349,A000394,2026-07-02 04:14:39.201866,Low,True,7.4
T003350,A000395,2025-07-13 06:36:05.851406,,True,0.5
T003351,A000395,2025-01-11 15:18:08.962693,Low,True,5.6
T003352,A000395,2025-04-18 09:19:47.890649,Low,True,2.6
T003353,A000395,2025-07-02 07:49:35.423866,,True,1.2
T003354,A000395,2026-05-24 16:48:31.009554,High,True,2.2
T003355,A000395,2024-12-03 08:55:30.667111,Medium,True,9.4
T003356,A000395,2025-04-28 03:54:57.636774,High,True,1.4
T003357,A000395,2024-11-05 19:04:41.068134,Medium,True,3.2
T003358,A000395,2023-11-08 21:24:51.667263,Medium,True,1.8
T003359,A000395,2023-08-07 15:06:51.124235,Low,True,2.8
T003360,A000395,2023-08-02 23:27:53.155431,Medium,True,7.9
T003361,A000395,2024-12-11 14:25:28.931570,Low,True,4.6
T003362,A000395,2023-10-04 06:19:50.466804,Low,True,6.1
T003363,A000395,2023-09-08 19:17:05.813851,Low,True,5.6
T003364,A000395,2025-08-04 19:58:48.331971,Low,True,1.4
T003365,A000396,2025-04-18 05:11:41.672267,Low,False,
T003366,A000396,2025-04-08 18:23:36.335136,,False,
T003367,A000396,2025-03-20 13:29:08.353460,Medium,True,6.7
T003368,A000396,2025-02-05 03:15:10.378927,High,True,1.9
T003369,A000396,2025-04-12 15:30:21.393307,Low,False,
T003370,A000396,2025-03-29 15:32:00.950592,Low,True,3.8
T003371,A000397,2025-04-30 09:13:05.607956,High,True,2.0
T003372,A000397,2026-06-17 00:54:50.827595,Low,True,3.0
T003373,A000397,2025-11-12 09:23:43.927648,Medium,True,3.8
T003374,A000397,2026-07-30 05:20:10.266505,Medium,True,1.5
T003375,A000397,2024-02-12 14:04:31.378815,Medium,True,2.4
T003376,A000397,2025-02-02 11:48:44.374728,Medium,True,4.6
T003377,A000397,2026-06-28 05:00:09.094649,Low,False,
T003378,A000397,2023-09-01 00:21:10.539631,Low,True,1.8
T003379,A000397,2024-05-19 10:48:17.046450,Low,True,0.9
T003380,A000397,2026-01-04 12:39:10.609823,Medium,True,1.3
T003381,A000397,2025-11-08 22:15:32.332549,High,True,4.0
T003382,A000397,2024-07-28 20:02:47.616739,Low,True,6.1
T003383,A000397,2024-07-16 06:21:49.628930,,True,4.3
T003384,A000397,2023-10-17 01:40:36.105242,Low,True,1.1
T003385,A000397,2024-02-08 19:03:33.416977,High,True,4.5
T003386,A000399,2024-02-19 01:09:59.414907,Medium,True,2.5
T003387,A000399,2024-08-17 00:07:58.984294,High,True,1.4
T003388,A000399,2024-07-27 10:19:52.782544,High,True,6.9
T003389,A000399,2025-01-10 07:50:30.967253,Low,True,4.8
T003390,A000399,2026-07-26 12:34:41.161048,Low,True,9.0
T003391,A000399,2025-09-17 18:44:07.732095,,True,2.1
T003392,A000399,2025-07-08 17:32:30.380500,Low,True,2.0
T003393,A000399,2025-07-31 23:05:40.109798,Medium,True,8.2
T003394,A000399,2025-01-03 07:40:36.002702,Medium,True,0.0
T003395,A000399,2024-12-30 23:55:32.307422,Medium,True,0.7
T003396,A000399,2024-02-07 02:52:43.536072,Low,True,0.7
T003397,A000399,2024-03-18 07:45:23.177589,Low,True,0.8
T003398,A000399,2024-10-04 08:53:49.178122,Medium,True,2.9
T003399,A000399,2026-04-16 09:07:07.192960,High,True,5.0
T003400,A000399,2024-08-13 13:27:23.181850,Low,True,4.6
T003401,A000399,2024-09-02 17:51:33.269271,Low,True,4.7
T003402,A000399,2026-06-03 10:17:00.239939,,True,6.3
T003403,A000399,2024-02-06 17:30:46.792511,Low,True,1.2
T003404,A000399,2024-02-21 21:20:56.195854,Medium,True,4.0
T003405,A000399,2026-07-20 01:15:35.004212,Low,True,3.5
T003406,A000399,2026-03-05 05:19:11.344548,Low,True,5.3
T003407,A000399,2024-06-28 21:39:43.820148,,True,4.4
T003408,A000400,2025-07-06 20:58:18.353703,,True,6.1
T003409,A000400,2025-06-07 18:14:09.884031,Medium,True,3.1
T003410,A000400,2025-11-10 12:37:17.550659,High,True,8.3
T003411,A000400,2025-11-22 04:30:27.097228,Low,True,6.5
T003412,A000400,2025-10-22 04:50:58.519166,,True,1.1
T003413,A000400,2026-07-05 12:06:53.536747,Low,True,1.7
T003414,A000400,2026-08-02 21:46:18.264378,Low,True,2.6
T003415,A000401,2025-04-04 12:01:03.608436,High,True,0.6
T003416,A000401,2025-02-14 11:00:44.433085,Medium,True,2.4
T003417,A000402,2025-08-23 09:45:10.039440,Low,True,1.0
T003418,A000403,2024-11-19 18:31:00.892090,Medium,True,3.9
T003419,A000403,2025-01-01 03:59:52.262776,Low,True,1.5
T003420,A000403,2024-11-12 02:33:14.187518,Low,False,
T003421,A000403,2026-02-24 05:41:14.194652,Low,True,3.9
T003422,A000403,2025-07-30 02:36:05.210339,Low,True,1.2
T003423,A000403,2026-05-16 01:31:40.901121,Medium,True,2.4
T003424,A000403,2024-09-03 14:00:56.713139,Low,True,3.7
T003425,A000403,2026-08-07 17:42:44.207896,Medium,True,0.8
T003426,A000403,2024-09-21 15:47:19.585816,Medium,False,
T003427,A000403,2024-09-12 16:41:49.390248,Low,False,
T003428,A000403,2025-10-10 09:44:52.370159,Medium,True,1.1
T003429,A000404,2026-08-23 03:59:36.998319,Medium,True,2.7
T003430,A000404,2026-05-16 10:08:14.263736,Medium,True,2.2
T003431,A000404,2026-07-02 16:17:43.562545,Low,True,8.8
T003432,A000404,2026-05-31 16:44:56.005038,Low,True,4.6
T003433,A000404,2026-06-11 11:42:19.407880,Low,False,
T003434,A000404,2026-05-02 07:47:20.904100,Low,False,
T003435,A000405,2025-12-02 07:14:55.018892,Low,False,
T003436,A000405,2026-03-22 07:09:07.382216,Low,True,2.0
T003437,A000405,2025-05-09 14:40:07.665148,Low,False,
T003438,A000405,2024-06-25 06:37:13.671732,Low,True,2.2
T003439,A000405,2024-10-13 10:04:33.456974,Low,True,7.6
T003440,A000405,2024-07-22 19:01:16.594991,Low,True,6.8
T003441,A000405,2025-03-03 13:02:21.307260,,True,0.3
T003442,A000405,2025-09-09 13:58:52.221349,Low,True,4.7
T003443,A000405,2026-01-31 21:02:34.501096,Low,True,1.4
T003444,A000405,2026-05-12 23:14:13.343549,Low,True,3.3
T003445,A000405,2025-11-09 12:56:41.682241,Low,True,2.9
T003446,A000406,2025-02-22 10:11:59.512317,Low,False,
T003447,A000406,2025-09-07 23:50:34.649066,High,True,2.1
T003448,A000406,2025-09-14 11:23:06.714093,Low,True,2.9
T003449,A000406,2025-08-22 08:07:34.486748,High,False,
T003450,A000406,2025-05-08 13:20:54.329917,High,True,1.8
T003451,A000406,2025-08-09 12:31:10.053521,High,True,1.0
T003452,A000406,2025-03-21 17:54:26.623966,Medium,True,3.7
T003453,A000406,2025-08-15 03:54:52.708066,Medium,True,4.7
T003454,A000406,2025-04-21 01:46:35.716945,Medium,True,3.8
T003455,A000406,2025-06-30 15:54:32.938756,Low,False,
T003456,A000406,2025-02-03 22:45:44.400123,High,False,
T003457,A000406,2024-11-09 13:21:41.245097,High,False,
T003458,A000406,2025-04-08 22:18:07.569089,Low,True,2.8
T003459,A000406,2025-03-31 09:21:14.777615,Low,True,5.0
T003460,A000406,2025-04-02 01:59:20.799802,High,True,4.6
T003461,A000407,2026-03-25 01:40:16.803581,Low,False,
T003462,A000407,2025-10-30 10:16:17.625349,Low,True,0.9
T003463,A000407,2025-04-29 10:51:20.982483,Low,False,
T003464,A000407,2025-06-07 10:36:15.912709,Low,True,1.5
T003465,A000407,2026-01-30 10:39:19.522083,Low,True,7.4
T003466,A000407,2026-01-22 01:16:14.455732,Low,True,3.5
T003467,A000407,2026-08-22 14:44:51.213799,Medium,True,2.5
T003468,A000407,2025-02-16 01:51:44.677200,Low,True,1.6
T003469,A000407,2025-12-08 10:00:54.029179,Low,True,7.0
T003470,A000407,2025-08-20 07:29:33.705747,Medium,True,5.2
T003471,A000407,2026-01-09 18:26:15.737204,High,True,1.9
T003472,A000407,2026-02-11 04:42:09.632234,Medium,True,2.9
T003473,A000407,2026-08-04 17:08:05.866293,Low,True,2.8
T003474,A000408,2026-06-16 02:07:04.383484,Medium,True,4.6
T003475,A000408,2026-05-20 12:46:56.089174,,True,3.7
T003476,A000408,2026-05-15 20:14:59.454877,Low,True,12.3
T003477,A000408,2026-07-16 05:34:30.371760,Low,False,
T003478,A000408,2026-01-29 12:48:07.350727,Low,True,2.6
T003479,A000408,2025-10-29 04:28:06.875218,,True,5.5
T003480,A000409,2026-08-12 16:04:10.931285,Medium,False,
T003481,A000409,2026-07-11 04:17:52.964892,Low,False,
T003482,A000409,2026-07-23 02:52:18.222355,Low,True,11.2
T003483,A000409,2026-03-23 06:33:51.640281,High,True,3.2
T003484,A000410,2025-12-10 02:54:17.413473,Medium,True,2.3
T003485,A000410,2025-09-15 04:42:20.253149,Low,True,0.8
T003486,A000410,2024-09-27 13:52:13.344342,High,True,2.6
T003487,A000410,2024-11-30 16:46:55.634847,Low,True,3.4
T003488,A000410,2025-06-28 17:51:12.775254,Medium,True,3.1
T003489,A000410,2026-06-01 19:00:58.441142,,True,1.4
T003490,A000410,2024-07-17 03:06:36.769414,Low,True,1.5
T003491,A000410,2026-05-26 16:03:39.376276,Medium,True,0.9
T003492,A000410,2024-02-12 00:58:36.232188,Low,True,3.6
T003493,A000410,2024-05-25 21:41:55.020267,,True,8.1
T003494,A000410,2024-02-10 01:30:36.134678,,True,3.7
T003495,A000410,2026-07-20 19:17:25.513172,Medium,True,0.8
T003496,A000410,2026-07-20 13:51:12.926412,Medium,False,
T003497,A000410,2024-12-12 20:25:12.984896,High,True,3.3
T003498,A000410,2024-05-05 15:47:10.049486,High,True,2.9
T003499,A000411,2026-08-06 22:55:25.444370,Low,True,2.1
T003500,A000411,2026-04-29 08:35:24.138547,High,True,1.1
T003501,A000412,2025-09-21 15:08:11.670654,Low,True,5.1
T003502,A000412,2026-08-16 08:08:55.165492,Low,True,2.9
T003503,A000412,2026-03-01 08:53:18.913823,High,True,16.0
T003504,A000413,2026-07-12 11:05:13.915439,,True,0.8
T003505,A000413,2026-06-12 06:57:01.886516,Medium,False,
T003506,A000414,2026-05-02 08:36:00.633152,High,True,2.9
T003507,A000414,2026-06-02 14:48:11.396095,Low,True,9.2
T003508,A000414,2026-07-14 20:56:29.473047,,True,3.5
T003509,A000415,2026-02-25 20:25:23.510609,Low,True,2.3
T003510,A000415,2026-06-28 22:05:00.135510,Medium,False,
T003511,A000415,2024-09-05 03:54:01.665850,Low,True,1.9
T003512,A000415,2025-09-01 19:56:22.842089,Medium,False,
T003513,A000415,2025-08-01 01:31:29.942164,Low,True,2.6
T003514,A000415,2025-02-19 01:14:25.529805,Medium,True,8.0
T003515,A000415,2025-08-22 14:13:08.321755,Low,True,2.4
T003516,A000416,2025-11-08 16:20:41.074063,,True,2.0
T003517,A000416,2025-11-26 18:48:38.812363,Low,True,6.1
T003518,A000416,2025-09-16 12:50:43.552053,Medium,True,17.2
T003519,A000416,2026-04-04 00:00:55.135459,Low,False,
T003520,A000416,2026-01-14 23:05:29.329031,High,True,3.2
T003521,A000416,2026-03-21 23:46:52.326621,Low,True,3.7
T003522,A000416,2026-02-12 18:27:13.667476,Low,True,2.2
T003523,A000417,2024-09-24 18:56:39.614208,Low,True,0.5
T003524,A000417,2025-12-06 16:27:52.069129,Medium,True,6.2
T003525,A000417,2026-05-24 10:16:56.372425,Medium,True,0.8
T003526,A000417,2024-09-29 13:23:14.897756,Medium,True,1.4
T003527,A000417,2026-01-20 04:13:37.708005,Low,True,2.3
T003528,A000417,2026-02-06 21:05:24.741500,High,True,8.7
T003529,A000417,2025-05-18 03:48:32.300900,Medium,True,0.7
T003530,A000417,2024-09-16 05:35:05.497041,Low,True,7.6
T003531,A000417,2026-01-10 18:38:17.031641,,True,3.3
T003532,A000417,2024-12-01 18:34:19.157871,,True,2.0
T003533,A000417,2024-08-26 15:44:20.132411,,True,7.3
T003534,A000417,2024-11-03 09:50:41.492894,Low,True,4.8
T003535,A000417,2024-11-11 16:56:13.883686,Low,True,1.2
T003536,A000417,2025-09-28 00:52:31.015263,Low,True,5.1
T003537,A000417,2024-09-08 16:27:40.005641,High,False,
T003538,A000417,2025-08-31 15:21:11.129711,,True,4.4
T003539,A000418,2026-08-15 23:21:25.316270,Low,True,12.1
T003540,A000418,2026-04-10 12:47:40.502407,Medium,True,2.6
T003541,A000418,2026-06-26 10:48:14.463810,Medium,True,1.7
T003542,A000418,2026-08-14 11:01:03.413116,Medium,True,5.7
T003543,A000419,2025-11-22 22:27:56.933440,Medium,True,3.0
T003544,A000419,2025-06-26 11:21:06.509694,Low,True,5.8
T003545,A000419,2025-05-10 00:52:36.952228,Medium,False,
T003546,A000419,2024-06-02 07:14:57.538849,High,True,2.1
T003547,A000419,2025-12-13 22:23:40.448864,Low,True,3.4
T003548,A000419,2026-01-04 14:42:02.693261,Low,True,5.0
T003549,A000419,2024-10-06 10:13:29.071124,Low,True,1.0
T003550,A000419,2024-08-07 15:46:14.040729,Low,False,
T003551,A000419,2025-02-26 09:18:50.874726,Medium,True,2.6
T003552,A000419,2025-09-18 22:21:56.133505,Medium,True,5.9
T003553,A000419,2025-01-11 08:18:34.368728,High,True,3.1
T003554,A000419,2024-09-24 01:05:39.343783,Medium,True,7.4
T003555,A000419,2024-12-25 15:29:39.779739,Low,True,6.2
T003556,A000419,2025-05-22 20:56:30.947399,Low,True,4.3
T003557,A000419,2026-08-30 05:49:27.180111,Medium,True,4.6
T003558,A000419,2024-05-27 11:19:19.837074,Low,True,2.6
T003559,A000420,2026-05-26 11:00:54.755502,Low,True,2.2
T003560,A000420,2026-01-01 19:40:18.264540,Medium,True,7.6
T003561,A000420,2025-09-16 03:45:06.024044,Medium,True,6.1
T003562,A000420,2025-05-15 00:40:34.516140,Medium,False,
T003563,A000420,2025-12-14 03:36:40.185714,,True,5.7
T003564,A000420,2024-11-30 10:29:39.549938,Low,True,1.4
T003565,A000420,2025-06-13 09:07:33.843976,High,True,1.2
T003566,A000420,2026-01-03 13:06:20.048983,High,True,0.7
T003567,A000422,2025-11-25 08:27:42.417691,Low,True,6.0
T003568,A000422,2026-01-31 20:42:16.205203,,True,3.2
T003569,A000422,2025-08-21 00:24:45.007189,,True,5.2
T003570,A000422,2026-07-11 20:03:05.492111,Low,True,9.3
T003571,A000422,2024-06-09 05:09:33.431262,Low,True,5.4
T003572,A000422,2025-09-21 22:43:06.122528,Medium,True,4.0
T003573,A000422,2026-08-12 09:57:21.287045,,True,1.3
T003574,A000422,2024-04-16 08:17:52.383032,Medium,True,1.7
T003575,A000422,2026-05-16 06:09:37.623215,Medium,True,1.7
T003576,A000422,2024-04-25 20:52:27.732700,Medium,True,2.3
T003577,A000422,2024-12-20 20:46:45.165343,Low,True,3.3
T003578,A000422,2024-01-15 13:18:15.430786,Low,True,1.6
T003579,A000422,2026-04-28 06:01:10.457350,Medium,True,9.0
T003580,A000422,2025-03-11 14:28:42.005145,Medium,True,8.6
T003581,A000422,2023-12-31 17:44:26.668755,Low,True,1.8
T003582,A000422,2024-12-22 14:06:08.911868,Low,True,0.9
T003583,A000422,2025-02-17 16:01:44.104542,Low,True,3.7
T003584,A000422,2026-05-26 02:46:27.511447,Low,False,
T003585,A000423,2025-09-02 14:57:35.008185,Low,False,
T003586,A000423,2026-04-18 12:52:23.955373,Low,True,0.8
T003587,A000423,2025-11-08 01:45:30.799936,Low,True,8.5
T003588,A000423,2025-12-12 23:35:54.688369,Low,True,3.2
T003589,A000423,2025-12-20 06:52:35.871776,Medium,True,2.2
T003590,A000424,2023-10-14 07:12:53.721742,High,True,4.3
T003591,A000424,2023-11-13 00:42:17.461713,Low,True,0.8
T003592,A000424,2023-09-17 22:15:13.380848,,True,0.5
T003593,A000424,2023-12-20 02:06:06.353734,High,True,4.6
T003594,A000426,2026-02-15 00:33:02.602218,High,True,4.4
T003595,A000426,2025-10-25 05:47:04.941131,Medium,True,3.6
T003596,A000426,2026-08-13 01:49:27.362049,Low,True,2.0
T003597,A000426,2026-01-15 06:48:24.737587,Low,True,1.1
T003598,A000426,2026-08-09 23:43:57.165068,Low,True,3.0
T003599,A000426,2025-11-12 14:14:35.679469,Low,True,2.8
T003600,A000426,2026-06-17 12:09:49.390362,Low,True,6.1
T003601,A000426,2024-08-07 07:07:05.563702,Low,True,4.7
T003602,A000426,2025-10-27 01:45:03.467436,Medium,True,2.3
T003603,A000426,2025-11-21 22:45:15.091758,High,True,0.4
T003604,A000426,2026-06-12 19:39:33.185365,High,True,0.6
T003605,A000426,2026-03-02 05:17:36.458175,Low,True,3.3
T003606,A000426,2025-01-17 10:35:09.313590,Medium,True,2.9
T003607,A000426,2025-06-12 15:19:56.798963,Low,True,1.3
T003608,A000426,2025-02-21 11:22:17.923286,Medium,True,4.8
T003609,A000427,2026-06-07 04:32:13.967628,,True,1.3
T003610,A000427,2026-05-25 08:12:04.567660,,True,6.0
T003611,A000427,2026-05-20 03:26:30.358409,Low,True,4.1
T003612,A000427,2026-06-02 07:58:24.206178,High,True,1.3
T003613,A000427,2026-04-22 16:03:00.578988,High,True,1.4
T003614,A000427,2026-06-18 22:24:23.045247,,True,3.9
T003615,A000427,2026-04-19 03:35:22.763371,High,True,2.4
T003616,A000427,2026-05-18 15:02:27.901458,Medium,True,0.9
T003617,A000427,2026-04-23 11:22:26.214393,Low,False,
T003618,A000428,2026-07-29 06:39:47.274137,Medium,True,5.8
T003619,A000429,2026-02-05 03:12:54.162052,Low,True,2.2
T003620,A000429,2025-11-25 04:17:24.181339,Medium,False,
T003621,A000429,2025-01-22 11:03:21.882751,Low,True,1.6
T003622,A000429,2024-09-15 07:41:27.262392,Low,True,3.6
T003623,A000429,2023-08-19 16:27:49.438765,Medium,True,0.5
T003624,A000429,2024-08-18 07:55:45.125666,Low,True,5.3
T003625,A000429,2026-04-23 20:24:13.488178,Low,True,5.1
T003626,A000429,2023-07-30 05:59:31.646946,Medium,True,6.1
T003627,A000429,2026-08-11 08:33:27.402283,Medium,True,1.9
T003628,A000429,2024-01-16 15:11:29.678658,Low,True,2.7
T003629,A000429,2026-05-22 19:11:05.990444,Medium,True,2.8
T003630,A000429,2025-08-30 11:50:26.785525,Low,True,5.6
T003631,A000429,2025-09-11 20:33:38.071794,Low,True,9.6
T003632,A000429,2023-05-19 02:34:46.798341,High,True,5.9
T003633,A000429,2024-03-03 18:14:33.326051,Low,True,6.5
T003634,A000429,2026-08-03 23:18:48.476625,Low,True,11.1
T003635,A000430,2026-08-06 03:52:17.174401,Medium,True,5.1
T003636,A000430,2026-08-12 01:10:57.459660,,True,1.9
T003637,A000430,2026-07-12 16:21:15.196612,Low,False,
T003638,A000430,2026-07-16 03:19:35.688911,Low,False,
T003639,A000430,2026-05-28 16:36:41.546486,Medium,False,
T003640,A000430,2026-06-30 23:34:36.253049,High,False,
T003641,A000430,2026-08-14 00:37:03.298413,Medium,True,1.1
T003642,A000430,2026-07-20 05:34:35.150410,High,True,1.9
T003643,A000430,2026-07-25 19:09:16.855271,Medium,True,8.6
T003644,A000430,2026-07-14 07:59:02.239965,,True,2.5
T003645,A000430,2026-08-24 10:52:45.714942,Low,True,1.2
T003646,A000430,2026-08-08 04:47:23.316443,Medium,True,0.4
T003647,A000431,2026-08-17 22:06:59.257008,High,True,6.5
T003648,A000431,2026-07-27 20:18:12.861842,High,True,5.7
T003649,A000432,2026-07-31 03:07:10.573401,High,True,2.6
T003650,A000432,2024-05-04 09:42:01.411033,Low,True,0.6
T003651,A000432,2024-07-10 08:35:24.919388,Low,True,2.6
T003652,A000432,2025-02-16 05:56:29.073421,Low,True,12.1
T003653,A000432,2023-11-07 19:51:36.511928,Low,True,2.8
T003654,A000432,2023-09-18 00:56:39.363995,High,True,7.5
T003655,A000432,2026-02-17 20:00:31.246460,High,True,0.7
T003656,A000432,2024-04-14 06:21:25.039394,Medium,True,4.4
T003657,A000432,2025-03-21 00:17:47.572270,Medium,False,
T003658,A000432,2023-07-31 19:34:33.712240,Low,True,0.9
T003659,A000432,2023-10-16 03:41:39.013868,Low,True,4.5
T003660,A000432,2025-09-18 19:18:22.280812,Low,True,2.8
T003661,A000432,2026-01-16 00:16:07.184945,Medium,False,
T003662,A000432,2023-06-27 16:58:44.802086,Low,True,5.0
T003663,A000432,2025-04-17 07:20:18.245941,Medium,True,2.0
T003664,A000433,2026-07-30 08:54:19.292577,,True,3.0
T003665,A000433,2026-08-02 08:03:09.373127,High,True,7.3
T003666,A000434,2024-10-28 21:51:44.334649,Low,True,1.1
T003667,A000434,2026-04-29 11:33:04.278490,Low,False,
T003668,A000434,2024-09-10 18:12:15.921126,Medium,True,0.5
T003669,A000434,2024-09-29 16:02:59.635639,Medium,True,3.2
T003670,A000434,2026-06-11 02:22:29.926901,High,True,2.5
T003671,A000434,2024-12-29 00:45:00.143621,Medium,True,3.7
T003672,A000434,2025-03-04 05:43:28.218931,Low,True,3.8
T003673,A000434,2024-10-30 05:20:00.061243,Medium,True,8.6
T003674,A000434,2025-09-15 01:01:28.901099,Medium,True,2.0
T003675,A000435,2026-08-13 16:01:39.373832,Medium,True,5.1
T003676,A000435,2024-07-31 11:02:56.325626,Low,True,0.8
T003677,A000435,2024-09-02 13:02:04.276490,Low,True,2.0
T003678,A000435,2025-05-08 13:51:18.533333,Medium,True,6.2
T003679,A000435,2025-11-24 04:24:33.270820,Medium,True,1.6
T003680,A000435,2026-04-20 04:34:35.141303,Low,True,10.0
T003681,A000435,2026-08-28 22:47:35.251030,Low,True,3.5
T003682,A000435,2025-01-11 13:58:41.152602,Medium,True,2.8
T003683,A000435,2026-08-25 13:11:15.817426,High,True,1.4
T003684,A000436,2026-08-08 12:01:02.107503,,True,2.5
T003685,A000436,2026-08-19 23:46:25.587845,Medium,True,4.6
T003686,A000437,2026-02-07 05:03:41.805668,Low,True,2.0
T003687,A000437,2025-07-26 23:56:00.025689,Low,False,
T003688,A000437,2025-08-13 04:34:42.883541,,True,0.7
T003689,A000437,2025-07-25 20:29:31.257169,Medium,True,3.3
T003690,A000437,2025-08-05 12:17:31.930862,Medium,True,1.9
T003691,A000437,2026-08-21 07:28:40.744017,Low,True,3.6
T003692,A000437,2025-09-15 01:24:43.825911,Low,True,1.4
T003693,A000437,2025-07-14 20:28:42.212728,Medium,True,3.1
T003694,A000438,2024-10-11 18:07:00.860151,,True,2.2
T003695,A000438,2024-10-02 01:25:08.724726,Low,True,6.5
T003696,A000438,2024-11-05 23:12:39.048633,Medium,True,3.5
T003697,A000438,2024-08-16 04:13:59.387275,High,True,2.3
T003698,A000438,2024-12-08 08:10:26.597275,Low,True,1.7
T003699,A000438,2024-09-15 01:15:39.175956,Medium,True,2.3
T003700,A000439,2026-04-23 02:28:57.912717,Low,True,2.9
T003701,A000439,2025-06-28 07:36:45.955488,High,False,
T003702,A000439,2026-05-16 01:15:54.123789,Low,True,3.9
T003703,A000439,2025-04-11 04:42:31.896275,Medium,True,6.4
T003704,A000439,2024-07-11 11:52:48.660012,Medium,True,2.5
T003705,A000439,2025-01-18 19:28:41.653459,Medium,True,9.2
T003706,A000439,2024-08-18 02:09:27.735685,Medium,True,1.8
T003707,A000439,2025-12-30 06:57:27.879364,,True,4.0
T003708,A000439,2026-03-02 10:26:20.337711,Low,True,2.0
T003709,A000439,2025-04-20 20:50:08.938149,Medium,True,0.8
T003710,A000439,2025-07-10 03:00:20.994458,High,False,
T003711,A000439,2026-01-04 04:14:33.561178,Low,True,1.1
T003712,A000439,2025-03-05 22:46:42.661835,Low,True,5.1
T003713,A000439,2025-04-04 09:01:19.547021,Medium,True,2.2
T003714,A000439,2025-07-23 15:17:45.267417,,True,7.2
T003715,A000439,2025-07-03 20:56:48.675390,Medium,True,4.6
T003716,A000439,2024-02-21 16:37:18.294261,Low,True,3.8
T003717,A000439,2024-09-13 22:48:15.891247,Low,True,3.2
T003718,A000439,2026-08-11 23:03:26.503465,Low,True,1.8
T003719,A000440,2026-08-15 03:50:20.181650,Medium,True,3.1
T003720,A000440,2026-07-15 02:12:05.270708,High,True,6.3
T003721,A000440,2026-07-05 07:32:18.189326,Low,True,6.0
T003722,A000440,2026-07-28 13:56:37.319927,Low,True,4.8
T003723,A000440,2026-06-15 19:14:14.217332,Low,True,1.2
T003724,A000441,2024-09-28 00:03:28.285777,Low,False,
T003725,A000441,2025-12-27 12:43:39.926096,Medium,True,2.9
T003726,A000441,2025-10-31 02:33:01.613179,Medium,True,3.8
T003727,A000441,2024-12-26 04:08:41.927249,Low,True,2.4
T003728,A000441,2026-06-07 21:52:45.335773,,True,3.3
T003729,A000441,2025-06-07 15:21:45.308356,High,True,3.5
T003730,A000441,2024-08-05 21:00:39.663507,,False,
T003731,A000441,2025-01-18 11:45:28.063914,Medium,True,7.0
T003732,A000441,2025-04-25 17:53:46.108734,High,True,0.5
T003733,A000441,2025-02-25 13:53:22.717313,Low,True,5.1
T003734,A000441,2025-04-29 13:58:58.675733,Low,True,2.4
T003735,A000441,2026-01-17 16:52:14.199993,Low,True,3.1
T003736,A000441,2026-03-03 03:12:28.128456,Medium,False,
T003737,A000442,2025-02-03 20:00:12.720949,,True,5.7
T003738,A000442,2024-02-22 16:10:10.918692,Low,True,2.1
T003739,A000442,2025-01-23 15:46:37.678242,Low,True,2.0
T003740,A000442,2026-01-15 13:41:46.971781,Medium,True,1.6
T003741,A000442,2024-12-21 16:08:27.493097,Low,True,2.1
T003742,A000442,2024-10-19 06:55:42.789264,,True,6.4
T003743,A000442,2025-07-07 05:05:38.807777,Low,False,
T003744,A000442,2024-07-13 11:33:00.457240,Medium,True,0.7
T003745,A000442,2025-08-07 14:54:09.474258,Medium,True,4.6
T003746,A000442,2025-01-25 00:08:51.289003,Low,True,1.8
T003747,A000442,2024-10-11 08:37:10.861064,Medium,True,4.0
T003748,A000442,2025-07-31 22:24:56.142338,Low,True,10.4
T003749,A000442,2024-09-20 18:05:04.267886,Low,False,
T003750,A000442,2025-03-18 00:34:44.675164,Low,True,5.0
T003751,A000442,2025-12-04 13:40:55.012975,Low,True,3.6
T003752,A000442,2025-02-25 18:07:29.209628,Low,True,6.4
T003753,A000442,2024-04-14 11:21:18.396557,Medium,True,6.0
T003754,A000443,2024-09-21 11:33:54.539010,Low,False,
T003755,A000443,2024-11-28 18:18:06.131295,Low,True,7.4
T003756,A000443,2024-05-02 22:25:23.720700,Medium,True,1.4
T003757,A000443,2024-10-19 23:08:07.301265,Medium,True,1.0
T003758,A000443,2024-08-09 00:16:48.016147,High,False,
T003759,A000443,2026-05-01 04:52:18.279750,Low,True,2.9
T003760,A000443,2024-02-15 06:04:39.618400,Medium,True,1.9
T003761,A000443,2024-12-27 16:31:35.376500,Low,True,0.9
T003762,A000443,2024-06-23 23:49:51.850405,Low,True,5.2
T003763,A000443,2026-07-19 06:55:26.775228,High,True,11.5
T003764,A000443,2025-06-05 10:40:54.898635,Low,False,
T003765,A000443,2025-10-11 09:24:39.787089,Low,True,1.6
T003766,A000443,2024-03-18 03:00:51.258736,Low,False,
T003767,A000443,2025-08-15 02:42:04.409481,High,True,0.5
T003768,A000443,2024-04-02 10:24:26.885135,,True,2.0
T003769,A000443,2024-12-26 14:10:45.623054,Medium,True,2.1
T003770,A000443,2023-12-20 03:01:39.238302,Low,True,2.0
T003771,A000443,2024-05-20 18:33:03.916498,Low,True,2.1
T003772,A000444,2026-06-19 05:26:14.234371,,True,2.6
T003773,A000444,2026-05-26 06:44:48.089578,Low,False,
T003774,A000444,2026-05-06 08:19:02.581143,Low,False,
T003775,A000444,2026-06-17 07:28:07.208910,High,True,1.0
T003776,A000444,2026-04-26 13:24:57.256116,High,False,
T003777,A000444,2026-05-19 11:17:08.047959,,True,10.0
T003778,A000444,2026-04-15 01:06:35.166543,High,True,1.3
T003779,A000444,2026-06-02 19:18:50.879651,Medium,True,2.4
T003780,A000445,2024-04-26 05:49:13.131971,Medium,True,4.4
T003781,A000445,2025-12-01 20:19:42.591996,Low,True,4.9
T003782,A000445,2024-10-28 09:50:50.077008,Low,True,1.0
T003783,A000445,2026-01-12 20:37:20.206061,Medium,True,3.2
T003784,A000445,2025-11-20 12:45:43.267460,Medium,True,3.5
T003785,A000445,2024-04-17 13:04:54.494883,Low,True,2.0
T003786,A000445,2026-04-23 08:26:35.605781,Low,True,2.4
T003787,A000445,2024-07-05 01:47:25.377937,Medium,True,2.9
T003788,A000445,2024-08-29 01:39:09.002641,High,True,4.7
T003789,A000445,2024-03-27 13:37:02.594820,Medium,True,12.5
T003790,A000445,2025-02-18 18:28:56.005129,,True,3.6
T003791,A000445,2025-01-22 10:31:28.329320,High,True,9.0
T003792,A000445,2025-10-20 07:44:28.163512,,True,1.0
T003793,A000445,2024-04-22 13:49:39.838248,Low,True,1.2
T003794,A000445,2026-05-05 16:37:43.966283,Medium,True,6.6
T003795,A000445,2025-09-01 07:05:09.957249,Medium,True,11.5
T003796,A000445,2025-12-18 02:26:43.535491,Low,True,1.2
T003797,A000445,2024-05-04 07:23:22.857111,High,True,11.8
T003798,A000446,2026-08-24 15:15:40.520970,Medium,True,0.6
T003799,A000446,2026-08-07 03:18:23.687723,Low,False,
T003800,A000446,2026-08-13 06:55:37.032245,Low,True,1.3
T003801,A000446,2026-07-08 17:13:38.367318,Medium,True,6.8
T003802,A000446,2026-08-02 17:12:16.594980,Low,True,1.7
T003803,A000446,2026-06-27 12:54:55.307293,Medium,False,
T003804,A000446,2026-06-07 17:55:35.114892,High,True,1.6
T003805,A000446,2026-05-31 00:15:05.601923,Medium,True,2.7
T003806,A000446,2026-08-05 07:55:08.998529,High,True,5.0
T003807,A000447,2026-07-28 22:09:23.901520,High,True,6.5
T003808,A000447,2025-11-14 00:34:06.878692,Medium,True,9.2
T003809,A000448,2026-05-03 12:47:47.086603,Low,False,
T003810,A000448,2026-07-24 06:15:43.529592,Low,True,3.8
T003811,A000449,2026-01-21 23:27:12.343833,High,False,
T003812,A000449,2026-03-17 12:50:30.585982,Low,True,2.1
T003813,A000449,2026-03-29 18:21:36.497488,Medium,True,2.7
T003814,A000449,2026-03-28 15:02:13.458097,High,True,2.5
T003815,A000449,2026-04-01 12:55:54.135691,High,True,4.5
T003816,A000450,2026-07-05 13:03:27.424905,Medium,True,0.4
T003817,A000450,2026-04-28 13:31:42.202600,Medium,True,1.0
T003818,A000451,2025-06-30 08:29:00.616595,High,True,8.7
T003819,A000451,2026-07-01 22:53:14.572378,High,True,2.0
T003820,A000451,2025-12-24 22:34:25.203430,Medium,True,2.4
T003821,A000451,2025-03-25 01:51:32.995120,Low,True,2.0
T003822,A000451,2024-02-06 10:21:53.606642,High,True,2.2
T003823,A000451,2025-07-18 21:39:36.953266,Low,True,3.7
T003824,A000451,2025-12-31 10:34:30.650087,Low,True,3.1
T003825,A000451,2025-11-29 13:28:40.124120,Medium,True,1.3
T003826,A000451,2025-03-18 19:50:43.592186,Low,True,2.2
T003827,A000452,2026-03-10 23:20:01.332063,Medium,True,1.2
T003828,A000452,2025-07-24 08:06:59.421825,,True,1.1
T003829,A000452,2024-10-08 07:27:26.275364,Low,True,0.5
T003830,A000452,2026-03-15 20:27:38.793738,Low,True,2.2
T003831,A000452,2026-05-20 21:43:34.432271,Low,True,2.0
T003832,A000452,2025-05-03 17:52:42.258411,Low,False,
T003833,A000452,2024-12-25 08:20:04.248840,Low,True,3.2
T003834,A000452,2025-11-07 19:10:07.312597,Medium,False,
T003835,A000452,2025-06-15 22:15:02.532204,Low,True,1.9
T003836,A000452,2026-03-02 18:08:47.893638,Low,True,0.2
T003837,A000453,2026-01-22 01:40:52.691641,Medium,True,0.6
T003838,A000453,2026-05-07 15:02:05.503137,Medium,True,5.2
T003839,A000453,2025-11-24 23:58:12.624660,Low,True,1.0
T003840,A000454,2025-09-25 23:18:14.296610,Low,False,
T003841,A000454,2025-07-16 22:07:18.226824,,True,16.2
T003842,A000454,2025-07-11 20:40:11.337022,Low,True,1.7
T003843,A000454,2025-03-05 23:25:52.629045,Medium,True,0.6
T003844,A000454,2025-07-02 10:10:40.548007,High,True,11.0
T003845,A000454,2025-05-12 23:19:21.508270,High,True,1.5
T003846,A000454,2025-03-12 19:47:00.645160,,True,2.4
T003847,A000454,2024-12-12 17:05:30.004105,Low,True,2.7
T003848,A000454,2025-09-11 21:55:46.612051,Medium,True,4.7
T003849,A000454,2025-08-23 17:08:56.703354,Low,True,5.8
T003850,A000454,2025-06-08 17:11:57.627847,Low,True,3.3
T003851,A000454,2025-06-07 19:08:11.446457,Low,True,2.2
T003852,A000454,2025-10-04 03:45:44.075990,High,True,5.4
T003853,A000454,2025-09-23 15:53:26.017242,Low,True,9.2
T003854,A000454,2025-04-27 16:43:40.173278,Low,True,2.3
T003855,A000454,2025-03-29 06:23:55.204214,High,True,4.1
T003856,A000454,2025-05-20 18:01:58.457799,Low,False,
T003857,A000455,2026-08-07 23:47:07.476538,Low,True,2.5
T003858,A000456,2026-06-15 08:39:03.365044,Low,True,0.3
T003859,A000456,2026-02-28 15:54:20.006128,Low,True,2.4
T003860,A000456,2026-04-13 07:50:57.004294,Low,True,8.5
T003861,A000457,2024-04-28 03:04:05.453100,Medium,True,0.9
T003862,A000457,2024-05-05 14:19:07.933866,High,True,1.9
T003863,A000457,2024-06-02 08:23:25.334742,Medium,False,
T003864,A000457,2024-01-09 14:56:47.014220,Medium,False,
T003865,A000457,2024-03-26 20:05:56.191161,,True,7.0
T003866,A000457,2024-07-09 22:50:53.611683,,False,
T003867,A000457,2024-07-02 08:05:09.422208,High,True,0.4
T003868,A000457,2024-06-19 18:38:08.381980,High,False,
T003869,A000457,2024-06-01 22:57:10.725034,Medium,False,
T003870,A000457,2024-06-25 14:29:47.398880,Low,False,
T003871,A000458,2026-01-27 13:09:23.307489,Medium,False,
T003872,A000458,2025-12-12 13:20:25.865357,Medium,True,2.6
T003873,A000458,2023-11-15 20:50:00.789537,Low,True,7.5
T003874,A000458,2023-10-06 10:56:15.422169,High,True,3.6
T003875,A000458,2024-11-13 10:27:06.164584,High,True,6.4
T003876,A000458,2025-10-01 15:31:40.497411,Low,True,8.6
T003877,A000458,2025-01-25 08:28:33.711693,Low,True,6.5
T003878,A000458,2024-01-04 19:37:51.481080,High,True,1.4
T003879,A000458,2026-06-04 17:44:48.965465,Low,True,2.8
T003880,A000459,2026-02-25 07:04:29.610668,Medium,True,3.4
T003881,A000459,2026-07-29 21:03:56.889429,Low,True,2.7
T003882,A000460,2026-05-03 10:58:59.219012,Low,False,
T003883,A000460,2026-08-03 20:01:14.471310,Low,True,4.9
T003884,A000460,2025-12-18 23:33:43.357459,,False,
T003885,A000460,2026-01-09 09:39:44.235725,Medium,True,5.8
T003886,A000460,2026-01-11 14:00:46.208545,Medium,True,4.0
T003887,A000460,2026-08-01 08:19:42.618873,Medium,True,7.5
T003888,A000460,2025-09-11 07:20:04.429292,Low,True,2.1
T003889,A000460,2026-07-10 11:17:02.470823,High,True,1.9
T003890,A000460,2026-04-15 02:49:00.635003,Medium,True,9.9
T003891,A000460,2026-08-01 14:56:48.423021,Low,True,2.7
T003892,A000461,2025-11-16 19:29:24.971573,Low,True,2.1
T003893,A000461,2025-07-31 23:07:55.622034,Low,True,8.4
T003894,A000461,2026-02-16 20:13:10.036268,Low,True,8.7
T003895,A000461,2025-03-03 22:22:39.825263,Medium,True,0.4
T003896,A000461,2026-06-05 07:07:13.865091,,True,0.1
T003897,A000461,2025-08-08 21:46:45.576823,Low,True,8.9
T003898,A000461,2025-11-26 13:26:45.773518,High,True,0.8
T003899,A000461,2025-05-20 09:09:53.137149,High,True,9.0
T003900,A000461,2025-05-23 16:15:54.307929,Medium,False,
T003901,A000461,2025-12-03 17:26:08.464410,High,True,4.9
T003902,A000461,2025-05-12 19:03:53.079109,,False,
T003903,A000461,2025-06-09 00:14:05.145659,High,True,1.8
T003904,A000462,2023-07-25 10:57:27.275808,Low,True,5.1
T003905,A000462,2023-11-09 09:27:24.187910,Medium,False,
T003906,A000462,2023-12-09 01:01:24.523225,Low,True,10.2
T003907,A000462,2023-11-17 16:52:41.648218,High,True,9.2
T003908,A000462,2023-10-19 09:50:43.187003,Low,False,
T003909,A000462,2023-12-11 01:46:18.568513,Low,True,6.2
T003910,A000462,2023-10-02 22:07:24.464054,Medium,True,3.0
T003911,A000462,2023-12-18 03:06:12.209242,Medium,True,5.4
T003912,A000462,2023-11-29 05:41:09.761508,High,True,1.8
T003913,A000462,2023-11-20 08:31:15.505681,Medium,True,1.1
T003914,A000462,2023-12-14 13:08:35.937028,Medium,True,2.9
T003915,A000463,2025-11-01 09:45:14.244655,Low,True,1.9
T003916,A000463,2026-01-02 12:36:33.013952,Medium,True,5.6
T003917,A000463,2026-03-22 12:55:21.073461,Medium,True,6.5
T003918,A000463,2025-11-24 21:54:38.638713,High,True,5.5
T003919,A000463,2026-05-11 10:12:50.818807,High,True,9.9
T003920,A000463,2026-03-10 11:39:15.601795,Medium,False,
T003921,A000463,2026-03-16 20:30:19.886391,Low,True,6.5
T003922,A000463,2025-01-06 09:53:07.062010,High,True,2.9
T003923,A000464,2025-06-20 07:41:38.602867,Low,False,
T003924,A000464,2026-07-21 20:46:15.980661,Low,True,0.4
T003925,A000464,2026-06-15 11:36:32.801601,Low,True,1.8
T003926,A000464,2026-05-06 14:38:49.830380,,True,0.2
T003927,A000464,2026-06-13 23:45:14.587501,Low,True,1.3
T003928,A000464,2026-01-18 11:14:49.023174,Low,True,9.2
T003929,A000464,2026-05-05 20:31:03.366446,Low,True,6.8
T003930,A000464,2026-06-19 20:30:31.977190,Low,True,1.7
T003931,A000464,2026-05-19 08:47:24.554840,Low,True,2.4
T003932,A000464,2026-01-02 14:22:41.591455,Medium,True,1.9
T003933,A000466,2025-08-04 21:27:54.392323,Medium,True,2.4
T003934,A000466,2024-07-17 15:30:04.237045,Low,True,4.3
T003935,A000466,2025-11-07 03:45:27.216816,Medium,True,3.2
T003936,A000466,2025-08-23 15:40:24.629262,Medium,True,3.8
T003937,A000466,2024-11-19 16:38:54.447861,Medium,True,3.5
T003938,A000466,2023-04-23 21:05:57.737382,Low,True,3.0
T003939,A000466,2025-05-01 05:18:29.692837,High,False,
T003940,A000466,2025-03-03 09:03:08.159544,High,True,4.6
T003941,A000466,2024-10-31 08:42:49.591952,High,True,4.4
T003942,A000466,2023-11-08 19:24:28.743363,,True,6.2
T003943,A000466,2026-05-18 10:53:03.316121,Low,True,1.1
T003944,A000466,2023-06-30 08:20:42.529007,Low,True,7.4
T003945,A000466,2025-06-22 15:19:16.124719,Low,True,1.6
T003946,A000466,2024-01-01 09:16:09.021544,High,True,2.2
T003947,A000466,2025-09-25 22:22:49.519228,Medium,True,3.3
T003948,A000466,2025-01-02 21:14:29.173112,Low,True,2.5
T003949,A000466,2025-12-11 14:09:30.484538,Low,True,5.9
T003950,A000466,2026-07-16 21:33:16.642936,High,True,4.1
T003951,A000466,2024-04-13 05:06:14.185011,,True,0.9
T003952,A000466,2024-11-15 05:14:36.702106,Low,True,4.9
T003953,A000466,2025-01-23 06:08:05.709847,Medium,True,8.5
T003954,A000466,2024-03-31 13:06:39.720548,Low,True,0.8
T003955,A000467,2025-10-27 22:02:20.177700,Low,True,2.1
T003956,A000467,2024-12-26 00:41:54.449720,Medium,True,7.2
T003957,A000467,2024-12-22 04:08:10.020295,Low,True,3.0
T003958,A000468,2026-06-30 11:33:59.215428,Low,True,3.6
T003959,A000468,2024-08-29 18:49:41.055589,Low,True,8.9
T003960,A000468,2024-02-26 22:49:33.260774,Low,True,7.7
T003961,A000468,2026-02-02 06:23:11.005316,,True,8.0
T003962,A000468,2024-03-28 19:41:33.451648,High,True,0.9
T003963,A000468,2024-10-21 17:06:42.704402,Low,True,6.5
T003964,A000468,2026-05-18 13:02:00.253454,Medium,True,4.4
T003965,A000468,2023-08-24 22:06:52.258784,Medium,True,1.7
T003966,A000468,2025-11-29 05:39:19.274732,Low,True,3.2
T003967,A000468,2024-02-24 06:17:52.710048,Low,True,4.1
T003968,A000468,2023-05-13 03:15:12.478046,,True,2.0
T003969,A000468,2024-02-19 16:36:53.269925,Low,True,3.4
T003970,A000468,2024-10-12 18:53:12.495825,Medium,True,1.6
T003971,A000468,2023-09-23 08:09:57.578311,Low,False,
T003972,A000468,2024-08-13 17:54:10.773513,Low,True,3.1
T003973,A000468,2026-08-20 02:00:59.231222,Medium,True,8.6
T003974,A000468,2025-04-21 09:58:06.908717,Medium,True,1.6
T003975,A000468,2024-03-02 20:02:44.642431,Low,True,0.8
T003976,A000468,2026-01-14 05:38:23.058893,Low,False,
T003977,A000468,2023-07-17 04:52:06.980397,Medium,True,8.7
T003978,A000468,2023-03-27 17:27:56.742747,Low,True,1.5
T003979,A000468,2024-07-22 02:47:57.232934,Low,True,10.9
T003980,A000468,2026-08-01 06:40:25.548601,High,True,4.4
T003981,A000468,2023-11-16 23:56:18.399604,Low,True,5.4
T003982,A000468,2026-03-10 22:17:54.624317,Low,False,
T003983,A000469,2025-07-16 04:53:00.049749,Low,True,5.1
T003984,A000469,2023-12-18 21:48:54.496620,,False,
T003985,A000469,2026-06-19 18:23:13.700337,,False,
T003986,A000469,2024-11-22 00:22:05.732260,Low,True,1.2
T003987,A000469,2024-03-15 11:04:53.979396,Low,True,2.3
T003988,A000469,2025-10-13 08:41:21.663623,Medium,True,3.2
T003989,A000469,2026-01-22 18:33:13.426434,Low,True,2.6
T003990,A000469,2024-09-09 04:19:03.261981,Low,True,10.4
T003991,A000469,2024-11-04 02:25:01.727533,Low,True,3.4
T003992,A000469,2024-10-19 21:30:08.624025,Medium,False,
T003993,A000469,2025-12-22 16:05:10.818672,Medium,True,4.9
T003994,A000469,2023-11-01 12:00:10.702929,,True,6.9
T003995,A000469,2025-05-25 08:40:30.119567,Medium,True,1.9
T003996,A000469,2024-12-26 03:38:07.744006,Medium,True,5.5
T003997,A000470,2026-07-01 09:11:37.894109,Low,True,13.0
T003998,A000470,2024-12-03 07:10:54.891595,Medium,False,
T003999,A000470,2026-06-28 13:14:57.095170,Medium,True,1.7
T004000,A000470,2025-06-22 02:10:15.247787,Low,True,4.5
T004001,A000470,2025-03-20 12:10:15.786852,Medium,True,4.0
T004002,A000470,2025-08-08 01:52:58.268664,Medium,True,8.6
T004003,A000470,2025-12-19 18:45:40.045619,Medium,True,2.4
T004004,A000470,2025-02-02 04:34:26.929874,Low,True,6.0
T004005,A000470,2026-03-30 14:43:59.111851,Low,True,2.5
T004006,A000470,2024-11-25 12:42:44.066741,Low,True,9.0
T004007,A000470,2026-02-06 02:04:14.780700,Medium,True,7.7
T004008,A000470,2025-09-12 09:25:44.906386,High,True,1.4
T004009,A000470,2025-06-25 07:47:46.172177,Low,True,1.3
T004010,A000471,2025-01-25 09:15:00.457270,Low,True,3.1
T004011,A000471,2026-05-27 00:06:53.814611,Low,True,0.6
T004012,A000471,2025-08-28 02:32:54.426947,Medium,True,1.4
T004013,A000471,2024-09-01 05:51:07.463953,Low,True,4.5
T004014,A000471,2026-08-17 17:26:37.429597,Low,True,2.0
T004015,A000471,2024-04-03 11:14:45.491645,Medium,True,2.6
T004016,A000471,2025-08-17 22:53:21.899974,,True,4.4
T004017,A000471,2025-07-25 07:04:12.321404,High,True,1.6
T004018,A000471,2026-04-23 15:58:09.196775,Medium,True,1.9
T004019,A000471,2024-05-08 00:47:13.985822,Medium,True,2.5
T004020,A000472,2024-07-12 14:45:08.360851,Medium,True,4.4
T004021,A000472,2025-08-07 19:25:48.502121,Low,True,5.4
T004022,A000472,2024-10-08 22:28:44.742914,High,True,2.1
T004023,A000472,2024-06-23 18:23:25.733112,Medium,True,2.0
T004024,A000472,2025-11-09 07:18:54.047185,Low,True,2.3
T004025,A000472,2025-09-10 18:25:06.006994,Low,True,4.5
T004026,A000472,2025-04-09 02:36:39.583680,Medium,True,11.4
T004027,A000472,2025-06-26 12:51:15.860606,High,True,2.7
T004028,A000472,2024-07-03 17:59:15.400284,Low,True,1.4
T004029,A000472,2025-01-19 12:58:46.231387,Low,True,4.4
T004030,A000472,2026-05-16 06:52:52.217376,Medium,True,1.2
T004031,A000472,2025-10-15 17:22:01.428803,Medium,False,
T004032,A000472,2025-07-31 01:39:49.450175,Low,True,2.3
