account_id,month,active_users,features_adopted,logins
A000000,2024-09-28 02:32:10.291873,12,4,135
A000000,2024-10-28 02:32:10.291873,11,4,193
A000000,2024-11-27 02:32:10.291873,11,5,193
A000000,2024-12-27 02:32:10.291873,13,5,231
A000000,2025-01-26 02:32:10.291873,13,5,130
A000000,2025-02-25 02:32:10.291873,12,5,120
A000000,2025-03-27 02:32:10.291873,14,6,151
A000000,2025-04-26 02:32:10.291873,16,6,261
A000000,2025-05-26 02:32:10.291873,15,6,178
A000000,2025-06-25 02:32:10.291873,15,6,229
A000000,2025-07-25 02:32:10.291873,15,6,262
A000000,2025-08-24 02:32:10.291873,16,7,242
A000000,2025-09-23 02:32:10.291873,14,7,242
A000000,2025-10-23 02:32:10.291873,15,7,150
A000000,2025-11-22 02:32:10.291873,15,7,267
A000000,2025-12-22 02:32:10.291873,19,7,376
A000000,2026-01-21 02:32:10.291873,16,8,286
A000000,2026-03-22 02:32:10.291873,17,8,194
A000000,2026-04-21 02:32:10.291873,20,8,223
A000000,2026-05-21 02:32:10.291873,17,9,220
A000000,2026-06-20 02:32:10.291873,20,9,330
A000000,2026-07-20 02:32:10.291873,18,9,250
A000001,2025-05-21 20:09:30.755158,18,4,335
A000001,2025-06-20 20:09:30.755158,18,4,254
A000001,2025-07-20 20:09:30.755158,18,4,196
A000001,2025-08-19 20:09:30.755158,20,4,194
A000001,2025-09-18 20:09:30.755158,19,4,286
A000001,2025-10-18 20:09:30.755158,18,4,206
A000001,2025-11-17 20:09:30.755158,21,4,317
A000001,2025-12-17 20:09:30.755158,19,4,262
A000001,2026-01-16 20:09:30.755158,18,4,329
A000001,2026-02-15 20:09:30.755158,18,4,307
A000001,2026-03-17 20:09:30.755158,20,4,341
A000001,2026-04-16 20:09:30.755158,20,4,261
A000001,2026-05-16 20:09:30.755158,17,4,259
A000001,2026-06-15 20:09:30.755158,18,4,173
A000001,2026-07-15 20:09:30.755158,21,4,329
A000002,2024-11-18 15:35:36.421448,5,3,83
A000002,2024-12-18 15:35:36.421448,5,3,68
A000002,2025-01-17 15:35:36.421448,5,3,68
A000002,2025-02-16 15:35:36.421448,5,3,38
A000002,2025-03-18 15:35:36.421448,5,3,43
A000002,2025-04-17 15:35:36.421448,5,3,40
A000002,2025-05-17 15:35:36.421448,5,3,55
A000002,2025-06-16 15:35:36.421448,5,3,100
A000002,2025-07-16 15:35:36.421448,5,3,95
A000002,2025-08-15 15:35:36.421448,5,3,63
A000002,2025-09-14 15:35:36.421448,5,3,50
A000002,2025-10-14 15:35:36.421448,5,3,89
A000002,2025-11-13 15:35:36.421448,5,3,107
A000002,2025-12-13 15:35:36.421448,5,3,59
A000002,2026-01-12 15:35:36.421448,5,3,46
A000002,2026-02-11 15:35:36.421448,5,3,84
A000002,2026-03-13 15:35:36.421448,5,3,84
A000002,2026-04-12 15:35:36.421448,5,3,83
A000002,2026-05-12 15:35:36.421448,5,3,38
A000002,2026-06-11 15:35:36.421448,5,3,72
A000002,2026-07-11 15:35:36.421448,5,3,72
A000003,2024-07-25 20:11:05.331064,20,4,237
A000003,2024-08-24 20:11:05.331064,19,4,226
A000003,2024-09-23 20:11:05.331064,17,4,292
A000003,2024-10-23 20:11:05.331064,20,4,271
A000003,2024-11-22 20:11:05.331064,20,4,402
A000003,2024-12-22 20:11:05.331064,17,4,211
A000003,2025-01-21 20:11:05.331064,20,4,358
A000003,2025-02-20 20:11:05.331064,19,4,187
A000003,2025-03-22 20:11:05.331064,19,4,287
A000003,2025-04-21 20:11:05.331064,17,4,285
A000003,2025-05-21 20:11:05.331064,20,4,325
A000003,2025-06-20 20:11:05.331064,18,4,264
A000003,2025-07-20 20:11:05.331064,17,4,284
A000003,2025-08-19 20:11:05.331064,20,4,276
A000003,2025-09-18 20:11:05.331064,20,4,302
A000003,2025-10-18 20:11:05.331064,17,4,206
A000003,2025-11-17 20:11:05.331064,17,4,299
A000003,2025-12-17 20:11:05.331064,21,4,190
A000003,2026-02-15 20:11:05.331064,18,4,280
A000003,2026-03-17 20:11:05.331064,17,4,139
A000003,2026-04-16 20:11:05.331064,19,4,335
A000003,2026-05-16 20:11:05.331064,19,4,289
A000003,2026-06-15 20:11:05.331064,18,4,202
A000003,2026-07-15 20:11:05.331064,18,4,254
A000004,2026-03-17 15:12:31.226309,2,4,31
A000004,2026-04-16 15:12:31.226309,2,4,17
A000004,2026-05-16 15:12:31.226309,2,4,15
A000004,2026-06-15 15:12:31.226309,2,4,32
A000004,2026-07-15 15:12:31.226309,2,4,23
A000005,2024-11-15 20:06:05.672950,2,2,18
A000005,2024-12-15 20:06:05.672950,2,2,35
A000005,2025-01-14 20:06:05.672950,2,2,15
A000005,2025-02-13 20:06:05.672950,2,3,35
A000005,2025-03-15 20:06:05.672950,2,3,40
A000005,2025-04-14 20:06:05.672950,3,3,42
A000005,2025-05-14 20:06:05.672950,3,4,23
A000005,2025-06-13 20:06:05.672950,2,4,31
A000005,2025-07-13 20:06:05.672950,3,4,35
A000005,2025-08-12 20:06:05.672950,3,4,42
A000005,2025-09-11 20:06:05.672950,3,4,51
A000005,2025-10-11 20:06:05.672950,3,5,40
A000005,2025-11-10 20:06:05.672950,3,5,31
A000005,2025-12-10 20:06:05.672950,3,5,48
A000005,2026-01-09 20:06:05.672950,3,6,38
A000005,2026-02-08 20:06:05.672950,4,6,51
A000005,2026-03-10 20:06:05.672950,3,6,34
A000005,2026-04-09 20:06:05.672950,3,6,31
A000005,2026-05-09 20:06:05.672950,3,6,36
A000005,2026-06-08 20:06:05.672950,3,7,61
A000005,2026-07-08 20:06:05.672950,4,7,72
A000006,2024-05-24 04:31:13.295294,5,4,62
A000006,2024-06-23 04:31:13.295294,5,4,63
A000006,2024-07-23 04:31:13.295294,5,4,94
A000006,2024-08-22 04:31:13.295294,5,4,72
A000006,2024-09-21 04:31:13.295294,5,4,86
A000006,2024-10-21 04:31:13.295294,5,4,46
A000006,2024-11-20 04:31:13.295294,5,4,52
A000006,2024-12-20 04:31:13.295294,5,4,75
A000006,2025-01-19 04:31:13.295294,5,4,83
A000006,2025-02-18 04:31:13.295294,5,4,52
A000006,2025-03-20 04:31:13.295294,5,4,92
A000006,2025-04-19 04:31:13.295294,5,4,84
A000006,2025-05-19 04:31:13.295294,5,4,69
A000006,2025-06-18 04:31:13.295294,5,4,62
A000006,2025-07-18 04:31:13.295294,5,4,60
A000006,2025-08-17 04:31:13.295294,5,4,56
A000006,2025-09-16 04:31:13.295294,5,4,82
A000006,2025-10-16 04:31:13.295294,5,4,46
A000006,2025-11-15 04:31:13.295294,5,4,109
A000006,2025-12-15 04:31:13.295294,5,4,66
A000006,2026-01-14 04:31:13.295294,5,4,50
A000006,2026-02-13 04:31:13.295294,5,4,61
A000006,2026-03-15 04:31:13.295294,5,4,46
A000006,2026-05-14 04:31:13.295294,5,4,54
A000006,2026-06-13 04:31:13.295294,5,4,75
A000006,2026-07-13 04:31:13.295294,5,4,99
A000007,2025-09-07 05:09:24.856106,6,3,89
A000007,2025-10-07 05:09:24.856106,5,4,57
A000007,2025-11-06 05:09:24.856106,6,4,70
A000007,2025-12-06 05:09:24.856106,6,4,110
A000007,2026-01-05 05:09:24.856106,6,5,118
A000007,2026-02-04 05:09:24.856106,7,6,73
A000007,2026-03-06 05:09:24.856106,7,6,85
A000007,2026-04-05 05:09:24.856106,9,6,129
A000007,2026-05-05 05:09:24.856106,7,7,114
A000007,2026-06-04 05:09:24.856106,8,8,74
A000007,2026-07-04 05:09:24.856106,9,8,153
A000008,2024-10-14 18:12:48.045036,6,2,98
A000008,2024-11-13 18:12:48.045036,7,2,90
A000008,2024-12-13 18:12:48.045036,7,2,106
A000008,2025-01-12 18:12:48.045036,7,2,69
A000008,2025-02-11 18:12:48.045036,7,2,107
A000008,2025-03-13 18:12:48.045036,7,2,64
A000008,2025-04-12 18:12:48.045036,7,2,57
A000008,2025-05-12 18:12:48.045036,7,2,111
A000008,2025-06-11 18:12:48.045036,8,2,128
A000008,2025-07-11 18:12:48.045036,7,2,120
A000008,2025-08-10 18:12:48.045036,6,2,60
A000008,2025-09-09 18:12:48.045036,7,2,128
A000008,2025-10-09 18:12:48.045036,7,2,106
A000008,2025-11-08 18:12:48.045036,6,2,70
A000008,2025-12-08 18:12:48.045036,8,2,123
A000008,2026-01-07 18:12:48.045036,7,2,58
A000008,2026-02-06 18:12:48.045036,8,2,136
A000008,2026-03-08 18:12:48.045036,7,2,140
A000008,2026-04-07 18:12:48.045036,8,2,114
A000008,2026-05-07 18:12:48.045036,7,2,62
A000008,2026-06-06 18:12:48.045036,7,2,107
A000008,2026-07-06 18:12:48.045036,6,2,77
A000009,2026-05-10 02:08:50.169417,12,2,226
A000009,2026-06-09 02:08:50.169417,9,2,78
A000009,2026-07-09 02:08:50.169417,6,1,107
A000010,2024-06-12 01:34:41.840869,4,2,54
A000010,2024-07-12 01:34:41.840869,4,2,65
A000010,2024-08-11 01:34:41.840869,4,2,74
A000010,2024-09-10 01:34:41.840869,4,3,53
A000010,2024-10-10 01:34:41.840869,4,3,81
A000010,2024-11-09 01:34:41.840869,4,3,52
A000010,2024-12-09 01:34:41.840869,5,3,78
A000010,2025-01-08 01:34:41.840869,5,3,93
A000010,2025-02-07 01:34:41.840869,5,4,89
A000010,2025-03-09 01:34:41.840869,6,4,88
A000010,2025-05-08 01:34:41.840869,5,4,66
A000010,2025-06-07 01:34:41.840869,5,4,40
A000010,2025-07-07 01:34:41.840869,5,4,92
A000010,2025-08-06 01:34:41.840869,6,5,54
A000010,2025-09-05 01:34:41.840869,6,5,96
A000010,2025-10-05 01:34:41.840869,6,5,110
A000010,2025-11-04 01:34:41.840869,7,5,57
A000010,2025-12-04 01:34:41.840869,6,5,87
A000010,2026-01-03 01:34:41.840869,7,6,91
A000010,2026-02-02 01:34:41.840869,6,6,69
A000010,2026-03-04 01:34:41.840869,7,6,68
A000010,2026-04-03 01:34:41.840869,7,6,56
A000010,2026-05-03 01:34:41.840869,8,6,119
A000010,2026-06-02 01:34:41.840869,8,7,134
A000010,2026-07-02 01:34:41.840869,7,7,80
A000010,2026-08-01 01:34:41.840869,7,7,100
A000011,2026-06-29 01:48:48.444121,8,4,139
A000011,2026-07-29 01:48:48.444121,3,2,26
A000012,2026-06-10 15:27:31.347248,2,3,26
A000012,2026-07-10 15:27:31.347248,2,3,19
A000013,2025-11-23 05:04:48.580482,2,3,38
A000013,2025-12-23 05:04:48.580482,2,3,32
A000013,2026-01-22 05:04:48.580482,1,3,20
A000013,2026-02-21 05:04:48.580482,1,3,26
A000013,2026-03-23 05:04:48.580482,2,2,15
A000013,2026-04-22 05:04:48.580482,1,2,22
A000013,2026-05-22 05:04:48.580482,1,2,14
A000013,2026-06-21 05:04:48.580482,1,2,11
A000013,2026-07-21 05:04:48.580482,1,2,10
A000014,2024-05-21 00:35:16.436350,3,3,40
A000014,2024-06-20 00:35:16.436350,3,3,52
A000014,2024-07-20 00:35:16.436350,3,3,27
A000014,2024-08-19 00:35:16.436350,3,3,31
A000014,2024-09-18 00:35:16.436350,3,3,39
A000014,2024-10-18 00:35:16.436350,3,3,49
A000014,2024-11-17 00:35:16.436350,3,3,57
A000014,2024-12-17 00:35:16.436350,3,3,37
A000014,2025-01-16 00:35:16.436350,3,3,37
A000014,2025-02-15 00:35:16.436350,3,3,51
A000014,2025-03-17 00:35:16.436350,3,3,45
A000014,2025-04-16 00:35:16.436350,3,3,40
A000014,2025-05-16 00:35:16.436350,3,3,61
A000014,2025-06-15 00:35:16.436350,3,3,50
A000014,2025-07-15 00:35:16.436350,3,3,51
A000014,2025-08-14 00:35:16.436350,3,3,23
A000014,2025-09-13 00:35:16.436350,3,3,47
A000014,2025-10-13 00:35:16.436350,3,3,40
A000014,2025-11-12 00:35:16.436350,3,3,45
A000014,2025-12-12 00:35:16.436350,3,3,54
A000014,2026-01-11 00:35:16.436350,3,3,42
A000014,2026-03-12 00:35:16.436350,3,3,31
A000014,2026-04-11 00:35:16.436350,3,3,51
A000014,2026-05-11 00:35:16.436350,3,3,56
A000014,2026-06-10 00:35:16.436350,3,3,46
A000015,2025-08-17 10:16:11.455850,2,3,28
A000015,2025-09-16 10:16:11.455850,2,3,14
A000015,2025-10-16 10:16:11.455850,1,2,11
A000015,2025-11-15 10:16:11.455850,1,2,13
A000015,2025-12-15 10:16:11.455850,1,2,12
A000016,2023-07-21 09:03:59.223845,2,3,26
A000016,2023-08-20 09:03:59.223845,2,3,38
A000016,2023-09-19 09:03:59.223845,2,3,23
A000016,2023-10-19 09:03:59.223845,2,3,41
A000016,2023-11-18 09:03:59.223845,2,4,46
A000016,2023-12-18 09:03:59.223845,2,4,20
A000016,2024-01-17 09:03:59.223845,3,4,46
A000016,2024-02-16 09:03:59.223845,2,4,26
A000016,2024-03-17 09:03:59.223845,2,4,32
A000016,2024-04-16 09:03:59.223845,2,4,18
A000016,2024-05-16 09:03:59.223845,3,4,42
A000016,2024-06-15 09:03:59.223845,3,5,28
A000016,2024-07-15 09:03:59.223845,3,5,23
A000016,2024-08-14 09:03:59.223845,2,5,44
A000016,2024-09-13 09:03:59.223845,2,5,36
A000016,2024-10-13 09:03:59.223845,3,5,32
A000016,2024-11-12 09:03:59.223845,3,5,32
A000016,2024-12-12 09:03:59.223845,3,5,29
A000016,2025-01-11 09:03:59.223845,3,6,45
A000016,2025-02-10 09:03:59.223845,3,6,27
A000016,2025-03-12 09:03:59.223845,3,6,28
A000016,2025-04-11 09:03:59.223845,3,6,48
A000016,2025-05-11 09:03:59.223845,3,6,38
A000016,2025-06-10 09:03:59.223845,3,6,42
A000016,2025-07-10 09:03:59.223845,3,6,32
A000016,2025-08-09 09:03:59.223845,3,6,30
A000016,2025-09-08 09:03:59.223845,3,7,43
A000016,2025-10-08 09:03:59.223845,3,7,38
A000016,2025-11-07 09:03:59.223845,3,7,45
A000016,2025-12-07 09:03:59.223845,3,7,30
A000016,2026-02-05 09:03:59.223845,3,7,33
A000016,2026-04-06 09:03:59.223845,3,8,31
A000016,2026-05-06 09:03:59.223845,3,8,30
A000016,2026-06-05 09:03:59.223845,4,8,39
A000016,2026-07-05 09:03:59.223845,4,8,51
A000017,2024-11-14 07:34:10.734696,3,3,58
A000017,2024-12-14 07:34:10.734696,3,3,52
A000017,2025-01-13 07:34:10.734696,3,3,32
A000017,2025-03-14 07:34:10.734696,3,3,55
A000017,2025-04-13 07:34:10.734696,3,3,31
A000017,2025-05-13 07:34:10.734696,3,3,51
A000017,2025-06-12 07:34:10.734696,3,3,34
A000017,2025-07-12 07:34:10.734696,3,3,53
A000017,2025-08-11 07:34:10.734696,3,3,37
A000017,2025-09-10 07:34:10.734696,3,3,45
A000017,2025-10-10 07:34:10.734696,3,3,31
A000017,2025-11-09 07:34:10.734696,3,3,50
A000017,2025-12-09 07:34:10.734696,3,3,37
A000017,2026-01-08 07:34:10.734696,3,3,31
A000017,2026-02-07 07:34:10.734696,3,3,55
A000017,2026-03-09 07:34:10.734696,3,3,56
A000017,2026-04-08 07:34:10.734696,3,3,42
A000017,2026-05-08 07:34:10.734696,3,3,34
A000017,2026-06-07 07:34:10.734696,3,3,36
A000017,2026-07-07 07:34:10.734696,3,3,27
A000018,2025-11-11 00:27:43.312924,2,2,37
A000018,2025-12-11 00:27:43.312924,2,2,20
A000018,2026-01-10 00:27:43.312924,2,2,25
A000018,2026-02-09 00:27:43.312924,2,2,26
A000018,2026-03-11 00:27:43.312924,2,2,21
A000018,2026-04-10 00:27:43.312924,2,2,15
A000018,2026-05-10 00:27:43.312924,2,2,32
A000018,2026-07-09 00:27:43.312924,2,2,32
A000019,2026-03-25 09:54:25.551973,3,4,45
A000019,2026-04-24 09:54:25.551973,3,4,36
A000019,2026-05-24 09:54:25.551973,3,4,26
A000019,2026-06-23 09:54:25.551973,3,4,34
A000019,2026-07-23 09:54:25.551973,3,4,45
A000020,2026-08-03 16:17:23.571948,9,2,71
A000021,2024-08-05 21:58:04.474867,12,3,106
A000021,2024-09-04 21:58:04.474867,12,3,157
A000021,2024-10-04 21:58:04.474867,12,3,197
A000021,2024-11-03 21:58:04.474867,11,3,162
A000021,2024-12-03 21:58:04.474867,10,3,140
A000021,2025-02-01 21:58:04.474867,11,3,172
A000021,2025-03-03 21:58:04.474867,12,3,195
A000021,2025-04-02 21:58:04.474867,12,3,156
A000021,2025-05-02 21:58:04.474867,10,3,127
A000021,2025-06-01 21:58:04.474867,12,3,164
A000021,2025-07-01 21:58:04.474867,12,3,116
A000021,2025-07-31 21:58:04.474867,11,3,162
A000021,2025-08-30 21:58:04.474867,11,3,96
A000021,2025-09-29 21:58:04.474867,12,3,169
A000021,2025-10-29 21:58:04.474867,11,3,128
A000021,2025-11-28 21:58:04.474867,12,3,232
A000021,2025-12-28 21:58:04.474867,11,3,157
A000021,2026-01-27 21:58:04.474867,12,3,201
A000021,2026-02-26 21:58:04.474867,11,3,141
A000021,2026-03-28 21:58:04.474867,11,3,153
A000021,2026-04-27 21:58:04.474867,10,3,155
A000021,2026-05-27 21:58:04.474867,12,3,127
A000021,2026-06-26 21:58:04.474867,11,3,119
A000021,2026-07-26 21:58:04.474867,11,3,215
A000022,2024-09-18 19:31:18.187388,2,4,32
A000022,2024-10-18 19:31:18.187388,2,4,18
A000022,2024-11-17 19:31:18.187388,2,4,15
A000022,2024-12-17 19:31:18.187388,2,3,31
A000022,2025-01-16 19:31:18.187388,1,3,25
A000022,2025-02-15 19:31:18.187388,1,3,19
A000022,2025-03-17 19:31:18.187388,1,3,9
A000022,2025-04-16 19:31:18.187388,1,3,18
A000022,2025-05-16 19:31:18.187388,1,2,8
A000023,2025-08-01 02:08:50.987361,33,3,505
A000023,2025-08-31 02:08:50.987361,32,3,347
A000023,2025-09-30 02:08:50.987361,35,4,557
A000023,2025-10-30 02:08:50.987361,41,4,624
A000023,2025-11-29 02:08:50.987361,42,5,545
A000023,2026-01-28 02:08:50.987361,45,6,860
A000023,2026-02-27 02:08:50.987361,39,6,409
A000023,2026-03-29 02:08:50.987361,43,6,776
A000023,2026-04-28 02:08:50.987361,46,7,381
A000023,2026-05-28 02:08:50.987361,47,7,435
A000023,2026-06-27 02:08:50.987361,56,8,661
A000024,2025-10-21 17:08:27.237817,2,4,41
A000024,2025-11-20 17:08:27.237817,2,4,24
A000024,2025-12-20 17:08:27.237817,2,4,28
A000024,2026-01-19 17:08:27.237817,2,4,23
A000024,2026-02-18 17:08:27.237817,2,4,17
A000024,2026-03-20 17:08:27.237817,2,4,21
A000024,2026-04-19 17:08:27.237817,2,4,30
A000024,2026-05-19 17:08:27.237817,2,4,21
A000024,2026-06-18 17:08:27.237817,2,4,26
A000024,2026-07-18 17:08:27.237817,2,4,38
A000025,2024-05-23 23:40:37.840434,10,4,91
A000025,2024-06-22 23:40:37.840434,10,4,145
A000025,2024-07-22 23:40:37.840434,11,4,166
A000025,2024-08-21 23:40:37.840434,9,4,149
A000025,2024-09-20 23:40:37.840434,11,4,170
A000025,2024-10-20 23:40:37.840434,10,4,136
A000025,2024-11-19 23:40:37.840434,11,4,149
A000025,2024-12-19 23:40:37.840434,10,4,127
A000025,2025-01-18 23:40:37.840434,10,4,81
A000025,2025-02-17 23:40:37.840434,11,4,118
A000025,2025-03-19 23:40:37.840434,9,4,156
A000025,2025-04-18 23:40:37.840434,9,4,112
A000025,2025-06-17 23:40:37.840434,10,4,173
A000025,2025-07-17 23:40:37.840434,11,4,174
A000025,2025-08-16 23:40:37.840434,10,4,203
A000025,2025-09-15 23:40:37.840434,11,4,189
A000025,2025-10-15 23:40:37.840434,11,4,163
A000025,2025-11-14 23:40:37.840434,9,4,127
A000025,2025-12-14 23:40:37.840434,9,4,117
A000025,2026-01-13 23:40:37.840434,10,4,146
A000025,2026-03-14 23:40:37.840434,10,4,161
A000025,2026-05-13 23:40:37.840434,9,4,115
A000025,2026-06-12 23:40:37.840434,10,4,148
A000025,2026-07-12 23:40:37.840434,10,4,133
A000026,2024-10-24 10:48:39.591604,2,3,36
A000026,2024-11-23 10:48:39.591604,2,3,25
A000026,2024-12-23 10:48:39.591604,2,3,24
A000026,2025-01-22 10:48:39.591604,2,3,33
A000026,2025-02-21 10:48:39.591604,2,3,22
A000026,2025-03-23 10:48:39.591604,2,3,18
A000026,2025-04-22 10:48:39.591604,2,3,34
A000026,2025-05-22 10:48:39.591604,2,3,31
A000026,2025-06-21 10:48:39.591604,2,3,32
A000026,2025-07-21 10:48:39.591604,2,3,30
A000026,2025-08-20 10:48:39.591604,2,3,18
A000026,2025-10-19 10:48:39.591604,2,3,15
A000026,2025-11-18 10:48:39.591604,2,3,21
A000026,2025-12-18 10:48:39.591604,2,3,17
A000026,2026-01-17 10:48:39.591604,2,3,37
A000026,2026-03-18 10:48:39.591604,2,3,24
A000026,2026-04-17 10:48:39.591604,2,3,19
A000026,2026-05-17 10:48:39.591604,2,3,23
A000026,2026-06-16 10:48:39.591604,2,3,23
A000026,2026-07-16 10:48:39.591604,2,3,17
A000027,2024-06-29 01:34:59.262721,2,3,24
A000027,2024-07-29 01:34:59.262721,2,3,31
A000027,2024-08-28 01:34:59.262721,2,3,36
A000027,2024-09-27 01:34:59.262721,2,3,32
A000027,2024-10-27 01:34:59.262721,2,3,22
A000027,2024-11-26 01:34:59.262721,2,3,25
A000027,2024-12-26 01:34:59.262721,2,3,23
A000027,2025-01-25 01:34:59.262721,1,2,21
A000027,2025-02-24 01:34:59.262721,1,2,12
A000027,2025-03-26 01:34:59.262721,1,2,12
A000027,2025-04-25 01:34:59.262721,1,2,26
A000027,2025-05-25 01:34:59.262721,1,2,17
A000027,2025-06-24 01:34:59.262721,1,2,21
A000027,2025-07-24 01:34:59.262721,1,2,15
A000027,2025-08-23 01:34:59.262721,1,2,14
A000027,2025-09-22 01:34:59.262721,1,2,11
A000028,2025-11-25 23:45:23.724817,2,4,20
A000028,2025-12-25 23:45:23.724817,2,4,15
A000028,2026-01-24 23:45:23.724817,2,4,25
A000028,2026-02-23 23:45:23.724817,2,4,30
A000028,2026-03-25 23:45:23.724817,2,4,22
A000028,2026-04-24 23:45:23.724817,2,4,19
A000028,2026-05-24 23:45:23.724817,2,4,34
A000028,2026-06-23 23:45:23.724817,2,4,34
A000028,2026-07-23 23:45:23.724817,2,4,17
A000029,2023-11-16 17:45:08.174729,2,4,18
A000029,2023-12-16 17:45:08.174729,2,4,18
A000029,2024-01-15 17:45:08.174729,2,4,20
A000029,2024-02-14 17:45:08.174729,2,4,27
A000029,2024-03-15 17:45:08.174729,2,4,27
A000029,2024-04-14 17:45:08.174729,2,4,29
A000029,2024-05-14 17:45:08.174729,2,4,36
A000029,2024-06-13 17:45:08.174729,2,4,27
A000029,2024-07-13 17:45:08.174729,2,4,28
A000029,2024-08-12 17:45:08.174729,2,4,16
A000029,2024-09-11 17:45:08.174729,2,4,27
A000029,2024-10-11 17:45:08.174729,2,4,38
A000029,2024-11-10 17:45:08.174729,2,4,31
A000029,2024-12-10 17:45:08.174729,2,4,30
A000029,2025-01-09 17:45:08.174729,2,4,41
A000029,2025-02-08 17:45:08.174729,2,4,36
A000029,2025-03-10 17:45:08.174729,2,4,18
A000029,2025-04-09 17:45:08.174729,2,4,24
A000029,2025-05-09 17:45:08.174729,2,4,16
A000029,2025-06-08 17:45:08.174729,2,4,16
A000029,2025-07-08 17:45:08.174729,2,4,30
A000029,2025-08-07 17:45:08.174729,2,4,19
A000029,2025-09-06 17:45:08.174729,2,4,34
A000029,2025-10-06 17:45:08.174729,2,4,19
A000029,2025-11-05 17:45:08.174729,2,4,24
A000029,2025-12-05 17:45:08.174729,2,4,28
A000029,2026-01-04 17:45:08.174729,2,4,24
A000029,2026-02-03 17:45:08.174729,2,4,28
A000029,2026-03-05 17:45:08.174729,2,4,42
A000029,2026-04-04 17:45:08.174729,2,4,24
A000029,2026-05-04 17:45:08.174729,2,4,34
A000029,2026-06-03 17:45:08.174729,2,4,17
A000029,2026-07-03 17:45:08.174729,2,4,16
A000030,2024-06-23 23:52:52.533218,2,4,20
A000030,2024-07-23 23:52:52.533218,2,4,23
A000030,2024-08-22 23:52:52.533218,2,4,20
A000030,2024-09-21 23:52:52.533218,2,3,17
A000030,2024-10-21 23:52:52.533218,1,3,13
A000030,2024-11-20 23:52:52.533218,1,3,11
A000030,2024-12-20 23:52:52.533218,1,3,13
A000030,2025-01-19 23:52:52.533218,1,2,12
A000031,2025-04-26 14:35:05.291074,2,2,15
A000031,2025-05-26 14:35:05.291074,2,2,16
A000031,2025-06-25 14:35:05.291074,2,2,37
A000031,2025-07-25 14:35:05.291074,2,2,26
A000031,2025-08-24 14:35:05.291074,2,2,34
A000031,2025-09-23 14:35:05.291074,2,2,20
A000031,2025-10-23 14:35:05.291074,2,2,22
A000031,2025-11-22 14:35:05.291074,2,2,26
A000031,2025-12-22 14:35:05.291074,2,2,18
A000031,2026-01-21 14:35:05.291074,2,2,27
A000031,2026-02-20 14:35:05.291074,2,2,38
A000031,2026-03-22 14:35:05.291074,2,2,30
A000031,2026-04-21 14:35:05.291074,2,2,27
A000031,2026-05-21 14:35:05.291074,2,2,27
A000031,2026-06-20 14:35:05.291074,2,2,32
A000031,2026-07-20 14:35:05.291074,2,2,33
A000032,2025-05-31 00:36:06.736712,2,4,33
A000032,2025-06-30 00:36:06.736712,2,4,29
A000032,2025-07-30 00:36:06.736712,2,4,17
A000032,2025-08-29 00:36:06.736712,2,3,28
A000032,2025-10-28 00:36:06.736712,1,3,18
A000032,2025-11-27 00:36:06.736712,1,3,14
A000032,2025-12-27 00:36:06.736712,1,2,13
A000033,2024-03-22 15:06:28.475013,2,2,1850
A000033,2024-04-21 15:06:28.475013,2,2,1100
A000033,2024-05-21 15:06:28.475013,2,2,1350
A000033,2024-06-20 15:06:28.475013,2,2,1650
A000033,2024-07-20 15:06:28.475013,2,2,2050
A000033,2024-08-19 15:06:28.475013,2,2,1050
A000033,2024-09-18 15:06:28.475013,2,2,1700
A000033,2024-10-18 15:06:28.475013,2,2,950
A000033,2024-11-17 15:06:28.475013,2,2,1400
A000033,2024-12-17 15:06:28.475013,2,2,1100
A000033,2025-01-16 15:06:28.475013,2,2,1800
A000033,2025-02-15 15:06:28.475013,2,2,1700
A000033,2025-03-17 15:06:28.475013,2,2,1750
A000033,2025-04-16 15:06:28.475013,2,2,1100
A000033,2025-05-16 15:06:28.475013,2,2,1200
A000033,2025-06-15 15:06:28.475013,2,2,1150
A000033,2025-07-15 15:06:28.475013,2,2,800
A000033,2025-08-14 15:06:28.475013,2,2,1050
A000033,2025-09-13 15:06:28.475013,2,2,1350
A000033,2025-10-13 15:06:28.475013,2,2,950
A000033,2025-11-12 15:06:28.475013,2,2,1850
A000033,2025-12-12 15:06:28.475013,2,2,1050
A000033,2026-01-11 15:06:28.475013,2,2,1300
A000033,2026-02-10 15:06:28.475013,2,2,1100
A000033,2026-03-12 15:06:28.475013,2,2,1450
A000033,2026-04-11 15:06:28.475013,2,2,1050
A000033,2026-05-11 15:06:28.475013,2,2,850
A000033,2026-06-10 15:06:28.475013,2,2,800
A000033,2026-07-10 15:06:28.475013,2,2,1800
A000034,2024-12-01 12:35:27.481746,2,3,24
A000034,2024-12-31 12:35:27.481746,2,3,25
A000034,2025-01-30 12:35:27.481746,2,3,18
A000034,2025-03-01 12:35:27.481746,2,3,39
A000034,2025-03-31 12:35:27.481746,2,3,19
A000034,2025-04-30 12:35:27.481746,2,3,33
A000034,2025-05-30 12:35:27.481746,2,3,18
A000034,2025-06-29 12:35:27.481746,2,3,30
A000034,2025-07-29 12:35:27.481746,2,3,23
A000034,2025-08-28 12:35:27.481746,2,3,24
A000034,2025-09-27 12:35:27.481746,2,3,35
A000034,2025-10-27 12:35:27.481746,2,3,32
A000034,2025-11-26 12:35:27.481746,2,3,25
A000034,2025-12-26 12:35:27.481746,2,3,26
A000034,2026-01-25 12:35:27.481746,2,3,19
A000034,2026-02-24 12:35:27.481746,2,3,22
A000034,2026-03-26 12:35:27.481746,2,3,20
A000034,2026-04-25 12:35:27.481746,2,3,26
A000034,2026-05-25 12:35:27.481746,2,3,28
A000034,2026-06-24 12:35:27.481746,2,3,28
A000035,2024-11-28 03:12:17.870613,15,4,232
A000035,2024-12-28 03:12:17.870613,16,4,306
A000035,2025-02-26 03:12:17.870613,16,4,248
A000035,2025-03-28 03:12:17.870613,17,4,199
A000035,2025-04-27 03:12:17.870613,18,4,216
A000035,2025-05-27 03:12:17.870613,16,4,218
A000035,2025-06-26 03:12:17.870613,16,4,181
A000035,2025-07-26 03:12:17.870613,17,4,203
A000035,2025-08-25 03:12:17.870613,16,4,256
A000035,2025-09-24 03:12:17.870613,16,4,135
A000035,2025-10-24 03:12:17.870613,15,4,293
A000035,2025-11-23 03:12:17.870613,16,4,315
A000035,2025-12-23 03:12:17.870613,15,4,194
A000035,2026-01-22 03:12:17.870613,18,4,237
A000035,2026-02-21 03:12:17.870613,17,4,220
A000035,2026-03-23 03:12:17.870613,16,4,150
A000035,2026-04-22 03:12:17.870613,15,4,303
A000035,2026-05-22 03:12:17.870613,15,4,141
A000035,2026-06-21 03:12:17.870613,16,4,143
A000035,2026-07-21 03:12:17.870613,15,4,192
A000037,2025-03-02 06:00:14.196583,2,3,27
A000037,2025-04-01 06:00:14.196583,2,3,18
A000037,2025-05-01 06:00:14.196583,2,3,34
A000037,2025-05-31 06:00:14.196583,2,3,20
A000037,2025-06-30 06:00:14.196583,2,3,21
A000037,2025-07-30 06:00:14.196583,2,3,16
A000037,2025-08-29 06:00:14.196583,2,3,27
A000037,2025-09-28 06:00:14.196583,2,3,21
A000037,2025-10-28 06:00:14.196583,2,3,20
A000037,2025-11-27 06:00:14.196583,2,3,39
A000037,2025-12-27 06:00:14.196583,2,3,32
A000037,2026-01-26 06:00:14.196583,2,3,29
A000037,2026-02-25 06:00:14.196583,2,3,16
A000037,2026-03-27 06:00:14.196583,2,3,24
A000037,2026-04-26 06:00:14.196583,2,3,20
A000037,2026-05-26 06:00:14.196583,2,3,29
A000037,2026-06-25 06:00:14.196583,2,3,33
A000037,2026-07-25 06:00:14.196583,2,3,24
A000038,2025-04-29 14:22:06.971223,16,3,143
A000038,2025-05-29 14:22:06.971223,15,3,200
A000038,2025-06-28 14:22:06.971223,15,3,294
A000038,2025-07-28 14:22:06.971223,14,3,257
A000038,2025-08-27 14:22:06.971223,15,3,121
A000038,2025-09-26 14:22:06.971223,15,3,135
A000038,2025-10-26 14:22:06.971223,14,3,247
A000038,2025-11-25 14:22:06.971223,16,3,254
A000038,2025-12-25 14:22:06.971223,15,3,296
A000038,2026-01-24 14:22:06.971223,15,3,146
A000038,2026-02-23 14:22:06.971223,15,3,237
A000038,2026-03-25 14:22:06.971223,16,3,167
A000038,2026-04-24 14:22:06.971223,16,3,186
A000038,2026-05-24 14:22:06.971223,14,3,187
A000038,2026-06-23 14:22:06.971223,15,3,224
A000038,2026-07-23 14:22:06.971223,16,3,202
A000039,2023-12-29 13:46:33.226987,6,4,49
A000039,2024-01-28 13:46:33.226987,4,3,58
A000039,2024-02-27 13:46:33.226987,2,2,41
A000040,2024-07-24 04:27:41.933470,8,3,108
A000040,2024-08-23 04:27:41.933470,10,3,99
A000040,2024-09-22 04:27:41.933470,9,3,137
A000040,2024-10-22 04:27:41.933470,10,4,185
A000040,2024-12-21 04:27:41.933470,10,4,173
A000040,2025-01-20 04:27:41.933470,11,4,139
A000040,2025-02-19 04:27:41.933470,12,4,158
A000040,2025-03-21 04:27:41.933470,13,5,171
A000040,2025-04-20 04:27:41.933470,11,5,210
A000040,2025-05-20 04:27:41.933470,11,5,94
A000040,2025-06-19 04:27:41.933470,12,5,242
A000040,2025-07-19 04:27:41.933470,12,6,197
A000040,2025-08-18 04:27:41.933470,13,6,213
A000040,2025-09-17 04:27:41.933470,13,6,236
A000040,2025-10-17 04:27:41.933470,12,6,209
A000040,2025-11-16 04:27:41.933470,12,6,239
A000040,2025-12-16 04:27:41.933470,13,7,161
A000040,2026-01-15 04:27:41.933470,14,7,274
A000040,2026-02-14 04:27:41.933470,13,7,140
A000040,2026-03-16 04:27:41.933470,15,7,226
A000040,2026-04-15 04:27:41.933470,14,7,185
A000040,2026-05-15 04:27:41.933470,13,8,233
A000040,2026-06-14 04:27:41.933470,14,8,141
A000040,2026-07-14 04:27:41.933470,16,8,285
A000041,2023-12-09 11:35:08.470250,4,2,70
A000041,2024-01-08 11:35:08.470250,4,2,34
A000041,2024-02-07 11:35:08.470250,4,2,46
A000041,2024-03-08 11:35:08.470250,4,2,58
A000041,2024-04-07 11:35:08.470250,4,2,33
A000041,2024-05-07 11:35:08.470250,4,2,58
A000041,2024-06-06 11:35:08.470250,4,2,31
A000041,2024-07-06 11:35:08.470250,4,2,57
A000041,2024-08-05 11:35:08.470250,4,2,33
A000041,2024-09-04 11:35:08.470250,4,2,35
A000041,2024-10-04 11:35:08.470250,4,2,36
A000041,2024-11-03 11:35:08.470250,4,2,81
A000041,2024-12-03 11:35:08.470250,4,2,55
A000041,2025-01-02 11:35:08.470250,4,2,50
A000041,2025-02-01 11:35:08.470250,4,2,59
A000041,2025-03-03 11:35:08.470250,4,2,46
A000041,2025-04-02 11:35:08.470250,4,2,43
A000041,2025-05-02 11:35:08.470250,4,2,62
A000041,2025-06-01 11:35:08.470250,4,2,45
A000041,2025-07-01 11:35:08.470250,4,2,51
A000041,2025-07-31 11:35:08.470250,4,2,42
A000041,2025-08-30 11:35:08.470250,4,2,73
A000041,2025-09-29 11:35:08.470250,4,2,64
A000041,2025-10-29 11:35:08.470250,4,2,43
A000041,2025-11-28 11:35:08.470250,4,2,42
A000041,2025-12-28 11:35:08.470250,4,2,38
A000041,2026-01-27 11:35:08.470250,4,2,48
A000041,2026-02-26 11:35:08.470250,4,2,54
A000041,2026-03-28 11:35:08.470250,4,2,53
A000041,2026-04-27 11:35:08.470250,4,2,52
A000041,2026-05-27 11:35:08.470250,4,2,32
A000041,2026-06-26 11:35:08.470250,4,2,45
A000041,2026-07-26 11:35:08.470250,4,2,33
A000042,2024-08-08 22:40:48.839131,43,3,553
A000042,2024-09-07 22:40:48.839131,47,3,625
A000042,2024-10-07 22:40:48.839131,51,3,418
A000042,2024-11-06 22:40:48.839131,48,4,936
A000042,2024-12-06 22:40:48.839131,45,4,434
A000042,2025-01-05 22:40:48.839131,46,4,411
A000042,2025-02-04 22:40:48.839131,48,4,784
A000042,2025-04-05 22:40:48.839131,57,5,487
A000042,2025-05-05 22:40:48.839131,50,5,626
A000042,2025-06-04 22:40:48.839131,62,5,735
A000042,2025-07-04 22:40:48.839131,50,5,525
A000042,2025-08-03 22:40:48.839131,63,6,1099
A000042,2025-09-02 22:40:48.839131,62,6,1230
A000042,2025-10-02 22:40:48.839131,64,6,698
A000042,2025-11-01 22:40:48.839131,65,6,554
A000042,2025-12-01 22:40:48.839131,68,6,1301
A000042,2025-12-31 22:40:48.839131,69,7,1075
A000042,2026-01-30 22:40:48.839131,69,7,1092
A000042,2026-03-01 22:40:48.839131,77,7,654
A000042,2026-03-31 22:40:48.839131,60,7,510
A000042,2026-04-30 22:40:48.839131,82,7,670
A000042,2026-05-30 22:40:48.839131,68,8,1311
A000042,2026-06-29 22:40:48.839131,83,8,778
A000042,2026-07-29 22:40:48.839131,81,8,1361
A000043,2024-02-18 01:22:35.295307,28,4,550
A000043,2024-03-19 01:22:35.295307,27,4,498
A000043,2024-04-18 01:22:35.295307,31,4,498
A000043,2024-05-18 01:22:35.295307,27,4,356
A000043,2024-06-17 01:22:35.295307,30,4,535
A000043,2024-07-17 01:22:35.295307,28,4,553
A000043,2024-08-16 01:22:35.295307,30,4,501
A000043,2024-09-15 01:22:35.295307,31,4,616
A000043,2024-10-15 01:22:35.295307,31,4,278
A000043,2024-11-14 01:22:35.295307,28,4,261
A000043,2024-12-14 01:22:35.295307,31,4,589
A000043,2025-01-13 01:22:35.295307,29,4,557
A000043,2025-02-12 01:22:35.295307,30,4,318
A000043,2025-03-14 01:22:35.295307,31,4,377
A000043,2025-04-13 01:22:35.295307,30,4,278
A000043,2025-05-13 01:22:35.295307,32,4,565
A000043,2025-06-12 01:22:35.295307,29,4,426
A000043,2025-07-12 01:22:35.295307,27,4,500
A000043,2025-09-10 01:22:35.295307,31,4,614
A000043,2025-10-10 01:22:35.295307,31,4,544
A000043,2025-11-09 01:22:35.295307,30,4,525
A000043,2025-12-09 01:22:35.295307,28,4,311
A000043,2026-01-08 01:22:35.295307,29,4,456
A000043,2026-02-07 01:22:35.295307,31,4,394
A000043,2026-03-09 01:22:35.295307,27,4,533
A000043,2026-04-08 01:22:35.295307,30,4,395
A000043,2026-05-08 01:22:35.295307,31,4,526
A000043,2026-06-07 01:22:35.295307,31,4,287
A000043,2026-07-07 01:22:35.295307,29,4,392
A000044,2023-10-09 10:19:45.718293,4,2,77
A000044,2023-11-08 10:19:45.718293,4,2,73
A000044,2023-12-08 10:19:45.718293,4,2,48
A000044,2024-01-07 10:19:45.718293,4,2,71
A000044,2024-02-06 10:19:45.718293,4,2,51
A000044,2024-03-07 10:19:45.718293,4,2,50
A000044,2024-04-06 10:19:45.718293,4,2,75
A000044,2024-05-06 10:19:45.718293,4,2,44
A000044,2024-06-05 10:19:45.718293,4,2,84
A000044,2024-07-05 10:19:45.718293,4,2,36
A000044,2024-08-04 10:19:45.718293,4,2,38
A000044,2024-09-03 10:19:45.718293,4,2,50
A000044,2024-10-03 10:19:45.718293,4,2,32
A000044,2024-11-02 10:19:45.718293,4,2,50
A000044,2024-12-02 10:19:45.718293,4,2,35
A000044,2025-03-02 10:19:45.718293,4,2,41
A000044,2025-04-01 10:19:45.718293,4,2,59
A000044,2025-05-01 10:19:45.718293,4,2,35
A000044,2025-05-31 10:19:45.718293,4,2,51
A000044,2025-06-30 10:19:45.718293,4,2,36
A000044,2025-07-30 10:19:45.718293,4,2,48
A000044,2025-08-29 10:19:45.718293,4,2,70
A000044,2025-09-28 10:19:45.718293,4,2,66
A000044,2025-10-28 10:19:45.718293,4,2,40
A000044,2025-11-27 10:19:45.718293,4,2,54
A000044,2025-12-27 10:19:45.718293,4,2,75
A000044,2026-01-26 10:19:45.718293,4,2,69
A000044,2026-02-25 10:19:45.718293,4,2,72
A000044,2026-04-26 10:19:45.718293,4,2,52
A000044,2026-05-26 10:19:45.718293,4,2,51
A000044,2026-06-25 10:19:45.718293,4,2,45
A000044,2026-07-25 10:19:45.718293,4,2,37
A000045,2025-10-16 03:47:35.883086,5,4,48
A000045,2025-11-15 03:47:35.883086,3,4,38
A000045,2025-12-15 03:47:35.883086,3,4,58
A000045,2026-01-14 03:47:35.883086,4,3,56
A000045,2026-02-13 03:47:35.883086,3,3,43
A000045,2026-03-15 03:47:35.883086,3,3,35
A000045,2026-04-14 03:47:35.883086,2,3,23
A000045,2026-05-14 03:47:35.883086,2,3,23
A000045,2026-06-13 03:47:35.883086,2,3,22
A000045,2026-07-13 03:47:35.883086,1,2,21
A000046,2024-12-08 06:08:57.154727,31,3,401
A000046,2025-01-07 06:08:57.154727,35,3,596
A000046,2025-02-06 06:08:57.154727,33,3,504
A000046,2025-03-08 06:08:57.154727,31,3,295
A000046,2025-04-07 06:08:57.154727,31,3,509
A000046,2025-05-07 06:08:57.154727,32,3,503
A000046,2025-06-06 06:08:57.154727,31,3,577
A000046,2025-07-06 06:08:57.154727,32,3,560
A000046,2025-08-05 06:08:57.154727,31,3,491
A000046,2025-09-04 06:08:57.154727,35,3,306
A000046,2025-10-04 06:08:57.154727,35,3,542
A000046,2025-11-03 06:08:57.154727,30,3,298
A000046,2025-12-03 06:08:57.154727,31,3,597
A000046,2026-01-02 06:08:57.154727,32,3,363
A000046,2026-02-01 06:08:57.154727,34,3,445
A000046,2026-03-03 06:08:57.154727,33,3,485
A000046,2026-04-02 06:08:57.154727,34,3,639
A000046,2026-05-02 06:08:57.154727,32,3,620
A000046,2026-06-01 06:08:57.154727,36,3,425
A000046,2026-07-01 06:08:57.154727,33,3,334
A000046,2026-07-31 06:08:57.154727,36,3,586
A000047,2024-05-12 21:59:22.574217,5,2,47
A000047,2024-06-11 21:59:22.574217,4,2,64
A000047,2024-07-11 21:59:22.574217,5,2,40
A000047,2024-08-10 21:59:22.574217,4,2,72
A000047,2024-09-09 21:59:22.574217,4,2,78
A000047,2024-10-09 21:59:22.574217,3,2,29
A000047,2024-11-08 21:59:22.574217,3,1,48
A000047,2024-12-08 21:59:22.574217,2,1,19
A000047,2025-01-07 21:59:22.574217,2,1,25
A000047,2025-02-06 21:59:22.574217,2,1,22
A000048,2023-08-31 09:39:01.508682,4,3,62
A000048,2023-09-30 09:39:01.508682,4,3,58
A000048,2023-10-30 09:39:01.508682,4,3,54
A000048,2023-11-29 09:39:01.508682,4,3,55
A000048,2023-12-29 09:39:01.508682,4,3,78
A000048,2024-01-28 09:39:01.508682,4,3,51
A000048,2024-02-27 09:39:01.508682,4,3,72
A000048,2024-03-28 09:39:01.508682,4,3,59
A000048,2024-04-27 09:39:01.508682,4,3,35
A000048,2024-05-27 09:39:01.508682,4,3,52
A000048,2024-06-26 09:39:01.508682,4,3,68
A000048,2024-07-26 09:39:01.508682,4,3,63
A000048,2024-08-25 09:39:01.508682,4,3,45
A000048,2024-09-24 09:39:01.508682,4,3,53
A000048,2024-10-24 09:39:01.508682,4,3,58
A000048,2024-11-23 09:39:01.508682,4,3,59
A000048,2024-12-23 09:39:01.508682,4,3,38
A000048,2025-02-21 09:39:01.508682,4,3,57
A000048,2025-03-23 09:39:01.508682,4,3,73
A000048,2025-04-22 09:39:01.508682,4,3,78
A000048,2025-05-22 09:39:01.508682,4,3,74
A000048,2025-06-21 09:39:01.508682,4,3,74
A000048,2025-07-21 09:39:01.508682,4,3,46
A000048,2025-08-20 09:39:01.508682,4,3,41
A000048,2025-09-19 09:39:01.508682,4,3,35
A000048,2025-10-19 09:39:01.508682,4,3,58
A000048,2025-11-18 09:39:01.508682,4,3,59
A000048,2025-12-18 09:39:01.508682,4,3,44
A000048,2026-01-17 09:39:01.508682,4,3,72
A000048,2026-02-16 09:39:01.508682,4,3,56
A000048,2026-03-18 09:39:01.508682,4,3,45
A000048,2026-04-17 09:39:01.508682,4,3,36
A000048,2026-06-16 09:39:01.508682,4,3,61
A000048,2026-07-16 09:39:01.508682,4,3,45
A000049,2023-10-14 17:05:00.524589,11,2,109
A000049,2023-11-13 17:05:00.524589,10,2,102
A000049,2023-12-13 17:05:00.524589,10,2,147
A000049,2024-01-12 17:05:00.524589,9,2,98
A000049,2024-02-11 17:05:00.524589,10,2,194
A000049,2024-03-12 17:05:00.524589,11,2,166
A000049,2024-04-11 17:05:00.524589,11,2,129
A000049,2024-05-11 17:05:00.524589,10,2,116
A000049,2024-06-10 17:05:00.524589,10,2,117
A000049,2024-07-10 17:05:00.524589,10,2,167
A000049,2024-08-09 17:05:00.524589,9,2,161
A000049,2024-09-08 17:05:00.524589,10,2,117
A000049,2024-10-08 17:05:00.524589,10,2,185
A000049,2024-11-07 17:05:00.524589,9,2,137
A000049,2024-12-07 17:05:00.524589,10,2,121
A000049,2025-01-06 17:05:00.524589,10,2,155
A000049,2025-02-05 17:05:00.524589,9,2,81
A000049,2025-03-07 17:05:00.524589,9,2,81
A000049,2025-04-06 17:05:00.524589,10,2,178
A000049,2025-05-06 17:05:00.524589,11,2,141
A000049,2025-06-05 17:05:00.524589,11,2,99
A000049,2025-07-05 17:05:00.524589,10,2,84
A000049,2025-08-04 17:05:00.524589,10,2,141
A000049,2025-09-03 17:05:00.524589,9,2,143
A000049,2025-10-03 17:05:00.524589,9,2,180
A000049,2025-11-02 17:05:00.524589,10,2,86
A000049,2025-12-02 17:05:00.524589,9,2,102
A000049,2026-01-01 17:05:00.524589,9,2,95
A000049,2026-01-31 17:05:00.524589,9,2,85
A000049,2026-03-02 17:05:00.524589,9,2,87
A000049,2026-04-01 17:05:00.524589,10,2,109
A000049,2026-05-01 17:05:00.524589,11,2,193
A000049,2026-05-31 17:05:00.524589,9,2,105
A000049,2026-06-30 17:05:00.524589,10,2,120
A000049,2026-07-30 17:05:00.524589,10,2,87
A000051,2024-05-28 08:03:29.741135,5,2,71
A000051,2024-06-27 08:03:29.741135,5,2,90
A000051,2024-07-27 08:03:29.741135,5,2,54
A000051,2024-08-26 08:03:29.741135,5,2,45
A000051,2024-09-25 08:03:29.741135,5,2,70
A000051,2024-10-25 08:03:29.741135,5,2,84
A000051,2024-11-24 08:03:29.741135,5,2,44
A000051,2024-12-24 08:03:29.741135,5,2,52
A000051,2025-01-23 08:03:29.741135,5,2,44
A000051,2025-02-22 08:03:29.741135,5,2,68
A000051,2025-03-24 08:03:29.741135,5,2,95
A000051,2025-04-23 08:03:29.741135,5,2,78
A000051,2025-05-23 08:03:29.741135,5,2,73
A000051,2025-06-22 08:03:29.741135,5,2,61
A000051,2025-07-22 08:03:29.741135,5,2,46
A000051,2025-08-21 08:03:29.741135,5,2,49
A000051,2025-09-20 08:03:29.741135,5,2,62
A000051,2025-10-20 08:03:29.741135,5,2,67
A000051,2025-11-19 08:03:29.741135,5,2,51
A000051,2025-12-19 08:03:29.741135,5,2,96
A000051,2026-01-18 08:03:29.741135,5,2,95
A000051,2026-02-17 08:03:29.741135,5,2,83
A000051,2026-03-19 08:03:29.741135,5,2,76
A000051,2026-04-18 08:03:29.741135,5,2,58
A000051,2026-05-18 08:03:29.741135,5,2,44
A000051,2026-06-17 08:03:29.741135,5,2,107
A000051,2026-07-17 08:03:29.741135,5,2,96
A000052,2024-03-25 11:22:05.283164,5,3,72
A000052,2024-04-24 11:22:05.283164,5,3,57
A000052,2024-05-24 11:22:05.283164,5,3,67
A000052,2024-06-23 11:22:05.283164,5,3,51
A000052,2024-07-23 11:22:05.283164,5,3,86
A000052,2024-08-22 11:22:05.283164,5,3,88
A000052,2024-09-21 11:22:05.283164,5,3,88
A000052,2024-10-21 11:22:05.283164,5,3,59
A000052,2024-11-20 11:22:05.283164,5,3,67
A000052,2024-12-20 11:22:05.283164,5,3,96
A000052,2025-01-19 11:22:05.283164,5,3,63
A000052,2025-02-18 11:22:05.283164,5,3,96
A000052,2025-03-20 11:22:05.283164,5,3,57
A000052,2025-04-19 11:22:05.283164,5,3,71
A000052,2025-05-19 11:22:05.283164,5,3,77
A000052,2025-06-18 11:22:05.283164,5,3,104
A000052,2025-07-18 11:22:05.283164,5,3,45
A000052,2025-08-17 11:22:05.283164,5,3,72
A000052,2025-09-16 11:22:05.283164,5,3,107
A000052,2025-10-16 11:22:05.283164,5,3,89
A000052,2025-11-15 11:22:05.283164,5,3,77
A000052,2025-12-15 11:22:05.283164,5,3,54
A000052,2026-01-14 11:22:05.283164,5,3,105
A000052,2026-02-13 11:22:05.283164,5,3,65
A000052,2026-03-15 11:22:05.283164,5,3,40
A000052,2026-04-14 11:22:05.283164,5,3,68
A000052,2026-05-14 11:22:05.283164,5,3,72
A000052,2026-06-13 11:22:05.283164,5,3,57
A000052,2026-07-13 11:22:05.283164,5,3,65
A000053,2023-10-22 13:08:08.451942,10,4,169
A000053,2023-11-21 13:08:08.451942,10,4,128
A000053,2023-12-21 13:08:08.451942,8,3,93
A000053,2024-01-20 13:08:08.451942,7,3,59
A000053,2024-02-19 13:08:08.451942,6,3,60
A000053,2024-03-20 13:08:08.451942,5,3,43
A000053,2024-04-19 13:08:08.451942,4,2,51
A000054,2025-05-27 12:17:47.753400,4,3,62
A000054,2025-06-26 12:17:47.753400,4,3,49
A000054,2025-07-26 12:17:47.753400,4,3,37
A000054,2025-08-25 12:17:47.753400,4,3,69
A000054,2025-09-24 12:17:47.753400,4,3,50
A000054,2025-10-24 12:17:47.753400,4,3,74
A000054,2025-11-23 12:17:47.753400,4,3,37
A000054,2025-12-23 12:17:47.753400,4,3,37
A000054,2026-01-22 12:17:47.753400,4,3,49
A000054,2026-02-21 12:17:47.753400,4,3,80
A000054,2026-03-23 12:17:47.753400,4,3,79
A000054,2026-04-22 12:17:47.753400,4,3,70
A000054,2026-05-22 12:17:47.753400,4,3,72
A000054,2026-06-21 12:17:47.753400,4,3,52
A000054,2026-07-21 12:17:47.753400,4,3,84
A000055,2023-05-22 15:45:54.120726,2,3,900
A000055,2023-07-21 15:45:54.120726,2,3,1500
A000055,2023-08-20 15:45:54.120726,2,3,1400
A000055,2023-09-19 15:45:54.120726,2,3,1050
A000055,2023-10-19 15:45:54.120726,2,3,1600
A000055,2023-11-18 15:45:54.120726,2,3,1550
A000055,2023-12-18 15:45:54.120726,2,3,1000
A000055,2024-01-17 15:45:54.120726,2,3,1100
A000055,2024-02-16 15:45:54.120726,2,3,1750
A000055,2024-03-17 15:45:54.120726,2,3,1050
A000055,2024-04-16 15:45:54.120726,2,3,1450
A000055,2024-06-15 15:45:54.120726,2,3,1900
A000055,2024-07-15 15:45:54.120726,2,3,850
A000055,2024-08-14 15:45:54.120726,2,3,1600
A000055,2024-09-13 15:45:54.120726,2,3,1150
A000055,2024-10-13 15:45:54.120726,2,3,1600
A000055,2024-11-12 15:45:54.120726,2,3,900
A000055,2024-12-12 15:45:54.120726,2,3,1500
A000055,2025-01-11 15:45:54.120726,2,3,1200
A000055,2025-02-10 15:45:54.120726,2,3,1850
A000055,2025-03-12 15:45:54.120726,2,3,1700
A000055,2025-04-11 15:45:54.120726,2,3,750
A000055,2025-05-11 15:45:54.120726,2,3,750
A000055,2025-06-10 15:45:54.120726,2,3,1200
A000055,2025-07-10 15:45:54.120726,2,3,1000
A000055,2025-08-09 15:45:54.120726,2,3,1700
A000055,2025-09-08 15:45:54.120726,2,3,1700
A000055,2025-10-08 15:45:54.120726,2,3,1000
A000055,2025-11-07 15:45:54.120726,2,3,1100
A000055,2025-12-07 15:45:54.120726,2,3,800
A000055,2026-01-06 15:45:54.120726,2,3,1500
A000055,2026-02-05 15:45:54.120726,2,3,1550
A000055,2026-03-07 15:45:54.120726,2,3,1350
A000055,2026-04-06 15:45:54.120726,2,3,1850
A000055,2026-05-06 15:45:54.120726,2,3,1500
A000055,2026-06-05 15:45:54.120726,2,3,850
A000055,2026-07-05 15:45:54.120726,2,3,1350
A000056,2024-12-12 05:57:30.762702,2,2,20
A000056,2025-01-11 05:57:30.762702,2,2,26
A000056,2025-02-10 05:57:30.762702,2,2,30
A000056,2025-03-12 05:57:30.762702,2,2,35
A000056,2025-04-11 05:57:30.762702,2,2,19
A000056,2025-05-11 05:57:30.762702,2,2,40
A000056,2025-06-10 05:57:30.762702,2,2,29
A000056,2025-07-10 05:57:30.762702,2,2,38
A000056,2025-08-09 05:57:30.762702,2,2,17
A000056,2025-09-08 05:57:30.762702,2,2,22
A000056,2025-10-08 05:57:30.762702,2,2,22
A000056,2025-11-07 05:57:30.762702,2,2,30
A000056,2025-12-07 05:57:30.762702,2,2,15
A000056,2026-01-06 05:57:30.762702,2,2,35
A000056,2026-02-05 05:57:30.762702,2,2,38
A000056,2026-03-07 05:57:30.762702,2,2,39
A000056,2026-04-06 05:57:30.762702,2,2,30
A000056,2026-05-06 05:57:30.762702,2,2,24
A000056,2026-06-05 05:57:30.762702,2,2,18
A000056,2026-07-05 05:57:30.762702,2,2,20
A000057,2024-05-22 11:40:33.924888,6,2,100
A000057,2024-06-21 11:40:33.924888,8,2,118
A000057,2024-07-21 11:40:33.924888,7,2,54
A000057,2024-08-20 11:40:33.924888,9,3,165
A000057,2024-09-19 11:40:33.924888,9,3,122
A000057,2024-10-19 11:40:33.924888,8,3,139
A000057,2024-11-18 11:40:33.924888,9,3,116
A000057,2024-12-18 11:40:33.924888,8,3,112
A000057,2025-01-17 11:40:33.924888,8,4,128
A000057,2025-02-16 11:40:33.924888,8,4,163
A000057,2025-03-18 11:40:33.924888,9,4,103
A000057,2025-04-17 11:40:33.924888,10,4,167
A000057,2025-05-17 11:40:33.924888,10,4,140
A000057,2025-06-16 11:40:33.924888,9,4,97
A000057,2025-07-16 11:40:33.924888,10,5,109
A000057,2025-08-15 11:40:33.924888,10,5,146
A000057,2025-09-14 11:40:33.924888,11,5,205
A000057,2025-10-14 11:40:33.924888,10,5,131
A000057,2025-11-13 11:40:33.924888,12,5,137
A000057,2025-12-13 11:40:33.924888,11,6,171
A000057,2026-01-12 11:40:33.924888,12,6,186
A000057,2026-02-11 11:40:33.924888,12,6,124
A000057,2026-03-13 11:40:33.924888,13,6,244
A000057,2026-04-12 11:40:33.924888,13,6,151
A000057,2026-05-12 11:40:33.924888,14,7,149
A000057,2026-06-11 11:40:33.924888,14,7,201
A000057,2026-07-11 11:40:33.924888,13,7,190
A000058,2025-10-07 11:33:50.012233,10,3,183
A000058,2025-11-06 11:33:50.012233,10,4,148
A000058,2025-12-06 11:33:50.012233,12,4,145
A000058,2026-01-05 11:33:50.012233,11,5,186
A000058,2026-02-04 11:33:50.012233,15,5,239
A000058,2026-03-06 11:33:50.012233,13,6,201
A000058,2026-04-05 11:33:50.012233,18,6,299
A000058,2026-05-05 11:33:50.012233,16,7,312
A000058,2026-06-04 11:33:50.012233,19,7,332
A000058,2026-07-04 11:33:50.012233,20,8,351
A000059,2025-09-15 07:41:31.123071,10,3,167
A000059,2025-10-15 07:41:31.123071,11,3,144
A000059,2025-11-14 07:41:31.123071,11,3,112
A000059,2025-12-14 07:41:31.123071,11,3,208
A000059,2026-01-13 07:41:31.123071,9,3,180
A000059,2026-02-12 07:41:31.123071,11,3,172
A000059,2026-03-14 07:41:31.123071,10,3,82
A000059,2026-04-13 07:41:31.123071,9,3,150
A000059,2026-05-13 07:41:31.123071,11,3,186
A000059,2026-06-12 07:41:31.123071,10,3,165
A000059,2026-07-12 07:41:31.123071,9,3,84
A000060,2024-04-07 12:07:06.333458,2,4,26
A000060,2024-05-07 12:07:06.333458,2,4,37
A000060,2024-06-06 12:07:06.333458,2,4,41
A000060,2024-07-06 12:07:06.333458,2,5,33
A000060,2024-08-05 12:07:06.333458,2,5,33
A000060,2024-09-04 12:07:06.333458,2,5,34
A000060,2024-10-04 12:07:06.333458,2,5,32
A000060,2024-11-03 12:07:06.333458,3,5,40
A000060,2024-12-03 12:07:06.333458,2,5,21
A000060,2025-01-02 12:07:06.333458,2,6,46
A000060,2025-02-01 12:07:06.333458,3,6,22
A000060,2025-03-03 12:07:06.333458,3,6,38
A000060,2025-04-02 12:07:06.333458,3,6,25
A000060,2025-05-02 12:07:06.333458,3,6,42
A000060,2025-06-01 12:07:06.333458,3,6,25
A000060,2025-07-01 12:07:06.333458,3,7,52
A000060,2025-07-31 12:07:06.333458,3,7,22
A000060,2025-08-30 12:07:06.333458,3,7,61
A000060,2025-09-29 12:07:06.333458,3,7,49
A000060,2025-10-29 12:07:06.333458,3,7,33
A000060,2025-11-28 12:07:06.333458,3,8,58
A000060,2026-01-27 12:07:06.333458,3,8,24
A000060,2026-02-26 12:07:06.333458,3,8,30
A000060,2026-03-28 12:07:06.333458,4,8,44
A000060,2026-04-27 12:07:06.333458,3,8,40
A000060,2026-05-27 12:07:06.333458,4,9,70
A000060,2026-06-26 12:07:06.333458,4,9,42
A000060,2026-07-26 12:07:06.333458,4,9,60
A000061,2024-09-21 18:08:21.400692,14,4,110
A000061,2024-11-20 18:08:21.400692,14,4,126
A000061,2024-12-20 18:08:21.400692,14,4,198
A000061,2025-01-19 18:08:21.400692,15,4,238
A000061,2025-02-18 18:08:21.400692,13,4,244
A000061,2025-03-20 18:08:21.400692,13,4,215
A000061,2025-04-19 18:08:21.400692,13,4,248
A000061,2025-05-19 18:08:21.400692,14,4,133
A000061,2025-06-18 18:08:21.400692,14,4,157
A000061,2025-07-18 18:08:21.400692,15,4,269
A000061,2025-08-17 18:08:21.400692,15,4,221
A000061,2025-09-16 18:08:21.400692,14,4,263
A000061,2025-10-16 18:08:21.400692,14,4,243
A000061,2025-11-15 18:08:21.400692,13,4,214
A000061,2025-12-15 18:08:21.400692,14,4,225
A000061,2026-01-14 18:08:21.400692,13,4,133
A000061,2026-02-13 18:08:21.400692,15,4,293
A000061,2026-03-15 18:08:21.400692,14,4,184
A000061,2026-04-14 18:08:21.400692,15,4,294
A000061,2026-05-14 18:08:21.400692,15,4,279
A000061,2026-06-13 18:08:21.400692,13,4,172
A000061,2026-07-13 18:08:21.400692,15,4,215
A000062,2026-05-30 08:23:26.475014,8,3,76
A000062,2026-06-29 08:23:26.475014,9,6,118
A000062,2026-07-29 08:23:26.475014,14,8,135
A000063,2025-05-28 22:00:11.832584,4,4,72
A000063,2025-06-27 22:00:11.832584,4,4,61
A000063,2025-07-27 22:00:11.832584,4,4,67
A000063,2025-08-26 22:00:11.832584,4,4,43
A000063,2025-09-25 22:00:11.832584,4,4,48
A000063,2025-10-25 22:00:11.832584,4,4,67
A000063,2025-11-24 22:00:11.832584,4,4,74
A000063,2025-12-24 22:00:11.832584,4,4,35
A000063,2026-01-23 22:00:11.832584,4,4,81
A000063,2026-02-22 22:00:11.832584,4,4,60
A000063,2026-03-24 22:00:11.832584,4,4,57
A000063,2026-04-23 22:00:11.832584,4,4,46
A000063,2026-05-23 22:00:11.832584,4,4,56
A000063,2026-06-22 22:00:11.832584,4,4,40
A000063,2026-07-22 22:00:11.832584,4,4,32
A000064,2026-07-24 12:27:51.224129,6,3,100
A000065,2023-06-28 16:03:06.404359,4,2,61
A000065,2023-07-28 16:03:06.404359,4,2,75
A000065,2023-08-27 16:03:06.404359,4,2,53
A000065,2023-09-26 16:03:06.404359,4,2,72
A000065,2023-10-26 16:03:06.404359,4,2,40
A000065,2023-11-25 16:03:06.404359,4,2,58
A000065,2023-12-25 16:03:06.404359,4,2,62
A000065,2024-01-24 16:03:06.404359,4,2,52
A000065,2024-02-23 16:03:06.404359,4,2,55
A000065,2024-03-24 16:03:06.404359,4,2,61
A000065,2024-04-23 16:03:06.404359,4,2,68
A000065,2024-05-23 16:03:06.404359,4,2,54
A000065,2024-06-22 16:03:06.404359,4,2,45
A000065,2024-07-22 16:03:06.404359,4,2,46
A000065,2024-08-21 16:03:06.404359,4,2,50
A000065,2024-09-20 16:03:06.404359,4,2,47
A000065,2024-10-20 16:03:06.404359,4,2,61
A000065,2024-11-19 16:03:06.404359,4,2,64
A000065,2024-12-19 16:03:06.404359,4,2,50
A000065,2025-01-18 16:03:06.404359,4,2,58
A000065,2025-02-17 16:03:06.404359,4,2,48
A000065,2025-03-19 16:03:06.404359,4,2,39
A000065,2025-04-18 16:03:06.404359,4,2,57
A000065,2025-05-18 16:03:06.404359,4,2,57
A000065,2025-06-17 16:03:06.404359,4,2,51
A000065,2025-07-17 16:03:06.404359,4,2,32
A000065,2025-08-16 16:03:06.404359,4,2,37
A000065,2025-09-15 16:03:06.404359,4,2,64
A000065,2025-10-15 16:03:06.404359,4,2,68
A000065,2025-11-14 16:03:06.404359,4,2,70
A000065,2025-12-14 16:03:06.404359,4,2,52
A000065,2026-01-13 16:03:06.404359,4,2,35
A000065,2026-02-12 16:03:06.404359,4,2,70
A000065,2026-03-14 16:03:06.404359,4,2,43
A000065,2026-05-13 16:03:06.404359,4,2,46
A000065,2026-06-12 16:03:06.404359,4,2,69
A000065,2026-07-12 16:03:06.404359,4,2,32
A000066,2026-02-24 16:02:56.322628,5,2,60
A000066,2026-03-26 16:02:56.322628,6,3,100
A000066,2026-04-25 16:02:56.322628,7,4,100
A000066,2026-05-25 16:02:56.322628,7,5,131
A000066,2026-06-24 16:02:56.322628,9,6,105
A000066,2026-07-24 16:02:56.322628,8,7,111
A000067,2024-07-21 07:53:56.042637,3,4,24
A000067,2024-08-20 07:53:56.042637,3,4,38
A000067,2024-09-19 07:53:56.042637,3,4,51
A000067,2024-10-19 07:53:56.042637,3,4,25
A000067,2024-11-18 07:53:56.042637,3,4,25
A000067,2024-12-18 07:53:56.042637,3,4,49
A000067,2025-01-17 07:53:56.042637,3,4,52
A000067,2025-02-16 07:53:56.042637,3,4,49
A000067,2025-03-18 07:53:56.042637,3,4,42
A000067,2025-04-17 07:53:56.042637,3,4,34
A000067,2025-05-17 07:53:56.042637,3,4,37
A000067,2025-06-16 07:53:56.042637,3,4,41
A000067,2025-07-16 07:53:56.042637,3,4,41
A000067,2025-08-15 07:53:56.042637,3,4,55
A000067,2025-09-14 07:53:56.042637,3,4,47
A000067,2025-10-14 07:53:56.042637,3,4,60
A000067,2025-11-13 07:53:56.042637,3,4,61
A000067,2025-12-13 07:53:56.042637,3,4,46
A000067,2026-01-12 07:53:56.042637,3,4,29
A000067,2026-02-11 07:53:56.042637,3,4,53
A000067,2026-03-13 07:53:56.042637,3,4,55
A000067,2026-04-12 07:53:56.042637,3,4,56
A000067,2026-05-12 07:53:56.042637,3,4,23
A000067,2026-06-11 07:53:56.042637,3,4,31
A000067,2026-07-11 07:53:56.042637,3,4,44
A000068,2026-08-08 12:53:49.821292,3,4,33
A000069,2023-12-13 07:41:24.044933,13,2,231
A000069,2024-01-12 07:41:24.044933,14,2,249
A000069,2024-02-11 07:41:24.044933,13,2,117
A000069,2024-03-12 07:41:24.044933,14,2,118
A000069,2024-04-11 07:41:24.044933,14,3,120
A000069,2024-05-11 07:41:24.044933,12,3,170
A000069,2024-06-10 07:41:24.044933,14,3,267
A000069,2024-07-10 07:41:24.044933,16,3,274
A000069,2024-08-09 07:41:24.044933,17,3,174
A000069,2024-09-08 07:41:24.044933,15,3,254
A000069,2024-10-08 07:41:24.044933,13,4,180
A000069,2024-11-07 07:41:24.044933,17,4,262
A000069,2024-12-07 07:41:24.044933,17,4,304
A000069,2025-01-06 07:41:24.044933,18,4,223
A000069,2025-02-05 07:41:24.044933,15,4,189
A000069,2025-03-07 07:41:24.044933,16,4,217
A000069,2025-05-06 07:41:24.044933,19,5,202
A000069,2025-06-05 07:41:24.044933,19,5,197
A000069,2025-07-05 07:41:24.044933,19,5,191
A000069,2025-08-04 07:41:24.044933,18,5,353
A000069,2025-09-03 07:41:24.044933,19,5,163
A000069,2025-10-03 07:41:24.044933,20,5,181
A000069,2025-11-02 07:41:24.044933,16,6,229
A000069,2025-12-02 07:41:24.044933,21,6,395
A000069,2026-01-31 07:41:24.044933,22,6,380
A000069,2026-03-02 07:41:24.044933,23,6,320
A000069,2026-04-01 07:41:24.044933,23,6,350
A000069,2026-05-01 07:41:24.044933,23,7,194
A000069,2026-05-31 07:41:24.044933,20,7,279
A000069,2026-06-30 07:41:24.044933,19,7,249
A000070,2024-03-27 20:06:00.519496,11,4,142
A000070,2024-04-26 20:06:00.519496,11,4,206
A000070,2024-05-26 20:06:00.519496,11,4,105
A000070,2024-06-25 20:06:00.519496,12,4,100
A000070,2024-07-25 20:06:00.519496,10,4,154
A000070,2024-08-24 20:06:00.519496,11,4,211
A000070,2024-09-23 20:06:00.519496,10,4,153
A000070,2024-10-23 20:06:00.519496,12,4,109
A000070,2024-11-22 20:06:00.519496,11,4,202
A000070,2024-12-22 20:06:00.519496,11,4,114
A000070,2025-01-21 20:06:00.519496,12,4,225
A000070,2025-02-20 20:06:00.519496,11,4,91
A000070,2025-03-22 20:06:00.519496,10,4,107
A000070,2025-04-21 20:06:00.519496,11,4,99
A000070,2025-05-21 20:06:00.519496,12,4,128
A000070,2025-06-20 20:06:00.519496,11,4,179
A000070,2025-07-20 20:06:00.519496,10,4,86
A000070,2025-08-19 20:06:00.519496,11,4,89
A000070,2025-09-18 20:06:00.519496,11,4,208
A000070,2025-10-18 20:06:00.519496,12,4,216
A000070,2025-11-17 20:06:00.519496,10,4,127
A000070,2025-12-17 20:06:00.519496,11,4,110
A000070,2026-01-16 20:06:00.519496,10,4,144
A000070,2026-02-15 20:06:00.519496,10,4,205
A000070,2026-03-17 20:06:00.519496,11,4,182
A000070,2026-04-16 20:06:00.519496,11,4,175
A000070,2026-05-16 20:06:00.519496,10,4,95
A000070,2026-06-15 20:06:00.519496,11,4,209
A000070,2026-07-15 20:06:00.519496,11,4,175
A000071,2026-07-29 20:03:56.831453,2,4,17
A000072,2026-07-05 02:59:15.468794,9,4,166
A000073,2026-03-06 00:45:10.151051,2,2,1100
A000073,2026-04-05 00:45:10.151051,2,2,1250
A000073,2026-05-05 00:45:10.151051,1,2,1450
A000073,2026-06-04 00:45:10.151051,1,1,900
A000073,2026-07-04 00:45:10.151051,1,1,500
A000074,2024-02-25 01:27:15.159709,7,3,57
A000074,2024-03-26 01:27:15.159709,5,3,69
A000074,2024-04-25 01:27:15.159709,5,3,65
A000074,2024-05-25 01:27:15.159709,5,3,83
A000074,2024-06-24 01:27:15.159709,5,3,73
A000074,2024-07-24 01:27:15.159709,4,2,56
A000074,2024-08-23 01:27:15.159709,3,2,42
A000074,2024-09-22 01:27:15.159709,4,2,68
A000074,2024-10-22 01:27:15.159709,3,2,25
A000074,2024-11-21 01:27:15.159709,2,2,31
A000074,2024-12-21 01:27:15.159709,2,2,25
A000075,2024-05-19 14:40:07.303765,7,4,75
A000075,2024-06-18 14:40:07.303765,8,4,119
A000075,2024-07-18 14:40:07.303765,7,4,89
A000075,2024-08-17 14:40:07.303765,7,4,71
A000075,2024-09-16 14:40:07.303765,7,4,117
A000075,2024-10-16 14:40:07.303765,7,4,104
A000075,2024-11-15 14:40:07.303765,7,4,124
A000075,2024-12-15 14:40:07.303765,7,4,107
A000075,2025-01-14 14:40:07.303765,7,4,104
A000075,2025-02-13 14:40:07.303765,7,4,146
A000075,2025-03-15 14:40:07.303765,7,4,101
A000075,2025-04-14 14:40:07.303765,8,4,109
A000075,2025-05-14 14:40:07.303765,7,4,58
A000075,2025-06-13 14:40:07.303765,7,4,88
A000075,2025-07-13 14:40:07.303765,7,4,98
A000075,2025-08-12 14:40:07.303765,7,4,121
A000075,2025-10-11 14:40:07.303765,7,4,86
A000075,2025-11-10 14:40:07.303765,7,4,84
A000075,2025-12-10 14:40:07.303765,8,4,74
A000075,2026-01-09 14:40:07.303765,7,4,65
A000075,2026-02-08 14:40:07.303765,8,4,74
A000075,2026-03-10 14:40:07.303765,8,4,106
A000075,2026-04-09 14:40:07.303765,7,4,109
A000075,2026-05-09 14:40:07.303765,7,4,114
A000075,2026-06-08 14:40:07.303765,7,4,90
A000075,2026-07-08 14:40:07.303765,7,4,85
A000076,2024-05-05 07:17:34.249889,2,2,34
A000076,2024-06-04 07:17:34.249889,2,2,36
A000076,2024-07-04 07:17:34.249889,1,2,24
A000076,2024-08-03 07:17:34.249889,1,1,16
A000076,2024-09-02 07:17:34.249889,1,1,11
A000077,2026-08-07 12:14:14.117790,6,4,94
A000078,2023-07-26 03:23:15.830571,31,2,275
A000078,2023-08-25 03:23:15.830571,33,2,396
A000078,2023-09-24 03:23:15.830571,33,2,585
A000078,2023-10-24 03:23:15.830571,33,2,276
A000078,2023-11-23 03:23:15.830571,34,3,371
A000078,2023-12-23 03:23:15.830571,41,3,329
A000078,2024-01-22 03:23:15.830571,45,3,508
A000078,2024-02-21 03:23:15.830571,36,3,692
A000078,2024-04-21 03:23:15.830571,41,3,642
A000078,2024-05-21 03:23:15.830571,46,3,918
A000078,2024-06-20 03:23:15.830571,47,4,681
A000078,2024-07-20 03:23:15.830571,38,4,398
A000078,2024-08-19 03:23:15.830571,50,4,637
A000078,2024-09-18 03:23:15.830571,40,4,709
A000078,2024-10-18 03:23:15.830571,41,4,471
A000078,2024-11-17 03:23:15.830571,41,4,471
A000078,2024-12-17 03:23:15.830571,53,4,703
A000078,2025-01-16 03:23:15.830571,45,4,615
A000078,2025-02-15 03:23:15.830571,42,5,695
A000078,2025-03-17 03:23:15.830571,43,5,506
A000078,2025-04-16 03:23:15.830571,46,5,898
A000078,2025-05-16 03:23:15.830571,46,5,709
A000078,2025-06-15 03:23:15.830571,51,5,847
A000078,2025-07-15 03:23:15.830571,51,5,472
A000078,2025-08-14 03:23:15.830571,47,5,933
A000078,2025-09-13 03:23:15.830571,63,6,665
A000078,2025-10-13 03:23:15.830571,49,6,750
A000078,2025-11-12 03:23:15.830571,60,6,1009
A000078,2025-12-12 03:23:15.830571,65,6,714
A000078,2026-01-11 03:23:15.830571,53,6,475
A000078,2026-03-12 03:23:15.830571,60,6,990
A000078,2026-04-11 03:23:15.830571,63,7,1036
A000078,2026-05-11 03:23:15.830571,62,7,1201
A000078,2026-06-10 03:23:15.830571,65,7,1078
A000078,2026-07-10 03:23:15.830571,70,7,1075
A000079,2025-01-27 12:06:12.273811,2,2,18
A000079,2025-02-26 12:06:12.273811,2,2,16
A000079,2025-03-28 12:06:12.273811,1,1,11
A000079,2025-04-27 12:06:12.273811,1,1,12
A000080,2026-07-02 11:05:43.374592,2,3,36
A000080,2026-08-01 11:05:43.374592,2,3,30
A000081,2024-08-01 16:19:20.695993,23,2,368
A000081,2024-08-31 16:19:20.695993,25,2,202
A000081,2024-09-30 16:19:20.695993,22,2,395
A000081,2024-10-30 16:19:20.695993,21,2,208
A000081,2024-11-29 16:19:20.695993,23,2,396
A000081,2024-12-29 16:19:20.695993,23,2,445
A000081,2025-01-28 16:19:20.695993,22,2,334
A000081,2025-02-27 16:19:20.695993,22,2,324
A000081,2025-03-29 16:19:20.695993,21,2,289
A000081,2025-04-28 16:19:20.695993,24,2,389
A000081,2025-05-28 16:19:20.695993,25,2,331
A000081,2025-07-27 16:19:20.695993,23,2,428
A000081,2025-08-26 16:19:20.695993,21,2,291
A000081,2025-09-25 16:19:20.695993,21,2,343
A000081,2025-10-25 16:19:20.695993,24,2,355
A000081,2025-11-24 16:19:20.695993,22,2,336
A000081,2025-12-24 16:19:20.695993,23,2,446
A000081,2026-01-23 16:19:20.695993,22,2,226
A000081,2026-02-22 16:19:20.695993,24,2,273
A000081,2026-03-24 16:19:20.695993,22,2,318
A000081,2026-04-23 16:19:20.695993,23,2,268
A000081,2026-05-23 16:19:20.695993,24,2,218
A000081,2026-06-22 16:19:20.695993,21,2,374
A000081,2026-07-22 16:19:20.695993,21,2,369
A000082,2024-01-20 01:44:27.938909,2,3,30
A000082,2024-02-19 01:44:27.938909,2,3,24
A000082,2024-03-20 01:44:27.938909,2,3,30
A000082,2024-04-19 01:44:27.938909,2,3,40
A000082,2024-05-19 01:44:27.938909,2,3,36
A000082,2024-06-18 01:44:27.938909,2,3,36
A000082,2024-07-18 01:44:27.938909,2,3,25
A000082,2024-08-17 01:44:27.938909,2,3,20
A000082,2024-09-16 01:44:27.938909,2,3,17
A000082,2024-10-16 01:44:27.938909,2,3,18
A000082,2024-11-15 01:44:27.938909,2,3,24
A000082,2024-12-15 01:44:27.938909,2,3,18
A000082,2025-01-14 01:44:27.938909,2,3,17
A000082,2025-02-13 01:44:27.938909,2,3,31
A000082,2025-03-15 01:44:27.938909,2,3,22
A000082,2025-04-14 01:44:27.938909,2,3,38
A000082,2025-05-14 01:44:27.938909,2,3,37
A000082,2025-06-13 01:44:27.938909,2,3,22
A000082,2025-07-13 01:44:27.938909,2,3,38
A000082,2025-08-12 01:44:27.938909,2,3,35
A000082,2025-09-11 01:44:27.938909,2,3,29
A000082,2025-10-11 01:44:27.938909,2,3,22
A000082,2025-11-10 01:44:27.938909,2,3,33
A000082,2025-12-10 01:44:27.938909,2,3,27
A000082,2026-01-09 01:44:27.938909,2,3,36
A000082,2026-02-08 01:44:27.938909,2,3,30
A000082,2026-03-10 01:44:27.938909,2,3,34
A000082,2026-04-09 01:44:27.938909,2,3,23
A000082,2026-05-09 01:44:27.938909,2,3,20
A000082,2026-06-08 01:44:27.938909,2,3,23
A000082,2026-07-08 01:44:27.938909,2,3,25
A000083,2025-05-07 14:35:13.179311,4,2,44
A000083,2025-06-06 14:35:13.179311,5,2,75
A000083,2025-07-06 14:35:13.179311,4,3,85
A000083,2025-08-05 14:35:13.179311,5,3,63
A000083,2025-09-04 14:35:13.179311,5,3,53
A000083,2025-10-04 14:35:13.179311,5,4,46
A000083,2025-11-03 14:35:13.179311,6,4,63
A000083,2025-12-03 14:35:13.179311,5,4,74
A000083,2026-01-02 14:35:13.179311,6,5,107
A000083,2026-02-01 14:35:13.179311,7,5,89
A000083,2026-03-03 14:35:13.179311,7,5,97
A000083,2026-04-02 14:35:13.179311,7,6,122
A000083,2026-05-02 14:35:13.179311,7,6,90
A000083,2026-06-01 14:35:13.179311,6,6,112
A000083,2026-07-01 14:35:13.179311,7,7,63
A000083,2026-07-31 14:35:13.179311,7,7,68
A000084,2025-09-01 10:32:48.694070,6,4,58
A000084,2025-10-01 10:32:48.694070,6,4,116
A000084,2025-10-31 10:32:48.694070,7,4,73
A000084,2025-11-30 10:32:48.694070,6,4,76
A000084,2025-12-30 10:32:48.694070,6,4,66
A000084,2026-01-29 10:32:48.694070,7,4,119
A000084,2026-02-28 10:32:48.694070,6,4,70
A000084,2026-03-30 10:32:48.694070,6,4,77
A000084,2026-04-29 10:32:48.694070,6,4,93
A000084,2026-05-29 10:32:48.694070,6,4,86
A000084,2026-06-28 10:32:48.694070,6,4,67
A000084,2026-07-28 10:32:48.694070,6,4,107
A000085,2025-11-30 10:02:26.307017,3,4,52
A000085,2025-12-30 10:02:26.307017,3,4,44
A000085,2026-01-29 10:02:26.307017,3,4,32
A000085,2026-02-28 10:02:26.307017,2,3,32
A000085,2026-03-30 10:02:26.307017,2,3,20
A000085,2026-04-29 10:02:26.307017,2,3,13
A000085,2026-05-29 10:02:26.307017,2,3,12
A000085,2026-06-28 10:02:26.307017,1,3,20
A000085,2026-07-28 10:02:26.307017,1,2,14
A000086,2025-07-13 17:22:34.504442,4,3,53
A000086,2025-08-12 17:22:34.504442,4,3,84
A000086,2025-09-11 17:22:34.504442,4,3,69
A000086,2025-10-11 17:22:34.504442,4,3,85
A000086,2025-11-10 17:22:34.504442,4,3,71
A000086,2025-12-10 17:22:34.504442,4,3,42
A000086,2026-01-09 17:22:34.504442,4,3,61
A000086,2026-02-08 17:22:34.504442,4,3,48
A000086,2026-03-10 17:22:34.504442,4,3,61
A000086,2026-04-09 17:22:34.504442,4,3,49
A000086,2026-05-09 17:22:34.504442,4,3,78
A000086,2026-06-08 17:22:34.504442,4,3,38
A000086,2026-07-08 17:22:34.504442,4,3,37
A000087,2024-01-01 23:12:29.115381,3,2,44
A000087,2024-01-31 23:12:29.115381,4,2,46
A000087,2024-03-01 23:12:29.115381,3,2,48
A000087,2024-03-31 23:12:29.115381,3,2,47
A000087,2024-04-30 23:12:29.115381,3,3,54
A000087,2024-05-30 23:12:29.115381,3,3,39
A000087,2024-06-29 23:12:29.115381,3,3,53
A000087,2024-07-29 23:12:29.115381,3,3,59
A000087,2024-08-28 23:12:29.115381,4,3,58
A000087,2024-09-27 23:12:29.115381,3,3,35
A000087,2024-10-27 23:12:29.115381,3,4,32
A000087,2024-11-26 23:12:29.115381,4,4,54
A000087,2025-01-25 23:12:29.115381,4,4,46
A000087,2025-02-24 23:12:29.115381,4,4,77
A000087,2025-03-26 23:12:29.115381,4,4,44
A000087,2025-04-25 23:12:29.115381,4,5,42
A000087,2025-05-25 23:12:29.115381,5,5,61
A000087,2025-06-24 23:12:29.115381,4,5,45
A000087,2025-08-23 23:12:29.115381,5,5,43
A000087,2025-09-22 23:12:29.115381,4,5,40
A000087,2025-10-22 23:12:29.115381,5,6,62
A000087,2025-11-21 23:12:29.115381,5,6,75
A000087,2025-12-21 23:12:29.115381,5,6,104
A000087,2026-01-20 23:12:29.115381,5,6,62
A000087,2026-03-21 23:12:29.115381,5,6,37
A000087,2026-04-20 23:12:29.115381,4,7,76
A000087,2026-05-20 23:12:29.115381,6,7,46
A000087,2026-06-19 23:12:29.115381,5,7,51
A000087,2026-07-19 23:12:29.115381,5,7,93
A000088,2025-09-20 01:08:38.410883,2,2,29
A000088,2025-10-20 01:08:38.410883,2,2,29
A000088,2025-11-19 01:08:38.410883,2,2,35
A000088,2025-12-19 01:08:38.410883,2,2,33
A000088,2026-01-18 01:08:38.410883,2,2,19
A000088,2026-02-17 01:08:38.410883,2,2,22
A000088,2026-03-19 01:08:38.410883,2,2,35
A000088,2026-04-18 01:08:38.410883,2,2,36
A000088,2026-05-18 01:08:38.410883,2,2,21
A000088,2026-06-17 01:08:38.410883,2,2,25
A000088,2026-07-17 01:08:38.410883,2,2,30
A000089,2024-02-29 12:45:51.014451,17,2,227
A000089,2024-03-30 12:45:51.014451,19,2,248
A000089,2024-04-29 12:45:51.014451,20,2,334
A000089,2024-06-28 12:45:51.014451,19,2,204
A000089,2024-07-28 12:45:51.014451,20,2,303
A000089,2024-08-27 12:45:51.014451,17,2,258
A000089,2024-10-26 12:45:51.014451,17,2,256
A000089,2024-11-25 12:45:51.014451,20,2,169
A000089,2024-12-25 12:45:51.014451,18,2,214
A000089,2025-01-24 12:45:51.014451,19,2,232
A000089,2025-02-23 12:45:51.014451,20,2,246
A000089,2025-03-25 12:45:51.014451,20,2,304
A000089,2025-04-24 12:45:51.014451,17,2,263
A000089,2025-05-24 12:45:51.014451,20,2,351
A000089,2025-06-23 12:45:51.014451,18,2,351
A000089,2025-07-23 12:45:51.014451,19,2,362
A000089,2025-08-22 12:45:51.014451,21,2,279
A000089,2025-09-21 12:45:51.014451,19,2,308
A000089,2025-10-21 12:45:51.014451,18,2,346
A000089,2025-11-20 12:45:51.014451,17,2,279
A000089,2025-12-20 12:45:51.014451,20,2,219
A000089,2026-01-19 12:45:51.014451,20,2,392
A000089,2026-02-18 12:45:51.014451,18,2,168
A000089,2026-03-20 12:45:51.014451,21,2,319
A000089,2026-04-19 12:45:51.014451,20,2,222
A000089,2026-05-19 12:45:51.014451,18,2,309
A000089,2026-06-18 12:45:51.014451,20,2,400
A000089,2026-07-18 12:45:51.014451,20,2,203
A000090,2026-06-24 00:42:23.654289,2,4,18
A000090,2026-07-24 00:42:23.654289,1,2,10
A000091,2024-05-31 07:36:01.066411,4,3,65
A000091,2024-06-30 07:36:01.066411,5,3,39
A000091,2024-07-30 07:36:01.066411,4,3,35
A000091,2024-08-29 07:36:01.066411,4,4,51
A000091,2024-09-28 07:36:01.066411,5,4,84
A000091,2024-10-28 07:36:01.066411,4,4,57
A000091,2024-11-27 07:36:01.066411,4,4,39
A000091,2024-12-27 07:36:01.066411,5,4,76
A000091,2025-01-26 07:36:01.066411,5,5,55
A000091,2025-02-25 07:36:01.066411,5,5,67
A000091,2025-03-27 07:36:01.066411,5,5,56
A000091,2025-04-26 07:36:01.066411,5,5,99
A000091,2025-05-26 07:36:01.066411,5,5,55
A000091,2025-06-25 07:36:01.066411,5,6,68
A000091,2025-07-25 07:36:01.066411,6,6,106
A000091,2025-08-24 07:36:01.066411,5,6,87
A000091,2025-09-23 07:36:01.066411,6,6,103
A000091,2025-10-23 07:36:01.066411,7,6,125
A000091,2025-11-22 07:36:01.066411,7,6,108
A000091,2025-12-22 07:36:01.066411,5,7,99
A000091,2026-01-21 07:36:01.066411,7,7,89
A000091,2026-02-20 07:36:01.066411,7,7,104
A000091,2026-03-22 07:36:01.066411,6,7,118
A000091,2026-04-21 07:36:01.066411,6,7,53
A000091,2026-05-21 07:36:01.066411,6,8,63
A000091,2026-06-20 07:36:01.066411,8,8,107
A000091,2026-07-20 07:36:01.066411,7,8,142
A000092,2025-09-19 04:44:12.583421,6,4,69
A000092,2025-10-19 04:44:12.583421,7,4,74
A000092,2025-11-18 04:44:12.583421,7,4,57
A000092,2025-12-18 04:44:12.583421,7,4,79
A000092,2026-01-17 04:44:12.583421,6,4,97
A000092,2026-02-16 04:44:12.583421,7,4,103
A000092,2026-03-18 04:44:12.583421,7,4,95
A000092,2026-04-17 04:44:12.583421,6,4,122
A000092,2026-05-17 04:44:12.583421,8,4,135
A000092,2026-06-16 04:44:12.583421,7,4,111
A000092,2026-07-16 04:44:12.583421,6,4,99
A000093,2024-08-25 05:46:55.150742,2,3,36
A000093,2024-09-24 05:46:55.150742,2,3,22
A000093,2024-10-24 05:46:55.150742,2,3,17
A000093,2024-11-23 05:46:55.150742,2,4,26
A000093,2024-12-23 05:46:55.150742,2,4,23
A000093,2025-01-22 05:46:55.150742,2,4,36
A000093,2025-02-21 05:46:55.150742,3,4,51
A000093,2025-03-23 05:46:55.150742,2,5,40
A000093,2025-04-22 05:46:55.150742,3,5,52
A000093,2025-05-22 05:46:55.150742,2,5,25
A000093,2025-06-21 05:46:55.150742,3,5,58
A000093,2025-07-21 05:46:55.150742,3,5,53
A000093,2025-09-19 05:46:55.150742,3,6,58
A000093,2025-10-19 05:46:55.150742,3,6,45
A000093,2025-11-18 05:46:55.150742,3,6,68
A000093,2025-12-18 05:46:55.150742,4,6,59
A000093,2026-01-17 05:46:55.150742,3,7,56
A000093,2026-02-16 05:46:55.150742,3,7,51
A000093,2026-03-18 05:46:55.150742,3,7,57
A000093,2026-04-17 05:46:55.150742,4,7,57
A000093,2026-05-17 05:46:55.150742,3,8,30
A000093,2026-06-16 05:46:55.150742,3,8,60
A000093,2026-07-16 05:46:55.150742,3,8,67
A000094,2023-11-08 09:27:30.479052,12,4,139
A000094,2023-12-08 09:27:30.479052,11,4,86
A000094,2024-01-07 09:27:30.479052,10,4,89
A000094,2024-02-06 09:27:30.479052,9,4,106
A000094,2024-03-07 09:27:30.479052,10,4,103
A000094,2024-04-06 09:27:30.479052,8,3,107
A000094,2024-05-06 09:27:30.479052,9,3,111
A000094,2024-06-05 09:27:30.479052,9,3,164
A000094,2024-07-05 09:27:30.479052,8,3,136
A000094,2024-08-04 09:27:30.479052,7,3,102
A000094,2024-09-03 09:27:30.479052,5,3,77
A000094,2024-10-03 09:27:30.479052,6,3,86
A000094,2024-11-02 09:27:30.479052,5,3,61
A000094,2024-12-02 09:27:30.479052,6,3,100
A000094,2025-01-01 09:27:30.479052,4,2,56
A000095,2026-07-26 15:21:40.843183,2,2,20
A000096,2025-01-29 15:24:48.475557,9,4,145
A000096,2025-02-28 15:24:48.475557,9,4,73
A000096,2025-03-30 15:24:48.475557,8,4,84
A000096,2025-04-29 15:24:48.475557,8,4,114
A000096,2025-05-29 15:24:48.475557,9,4,89
A000096,2025-06-28 15:24:48.475557,9,4,130
A000096,2025-07-28 15:24:48.475557,8,4,78
A000096,2025-08-27 15:24:48.475557,8,4,100
A000096,2025-09-26 15:24:48.475557,8,4,134
A000096,2025-10-26 15:24:48.475557,9,4,148
A000096,2025-11-25 15:24:48.475557,9,4,83
A000096,2025-12-25 15:24:48.475557,8,4,88
A000096,2026-01-24 15:24:48.475557,8,4,110
A000096,2026-02-23 15:24:48.475557,8,4,72
A000096,2026-03-25 15:24:48.475557,8,4,145
A000096,2026-04-24 15:24:48.475557,8,4,104
A000096,2026-05-24 15:24:48.475557,7,4,71
A000096,2026-06-23 15:24:48.475557,7,4,94
A000096,2026-07-23 15:24:48.475557,7,4,115
A000097,2025-07-01 05:55:02.017884,8,4,156
A000097,2025-07-31 05:55:02.017884,9,4,170
A000097,2025-08-30 05:55:02.017884,9,4,78
A000097,2025-09-29 05:55:02.017884,9,4,134
A000097,2025-10-29 05:55:02.017884,8,4,117
A000097,2025-11-28 05:55:02.017884,7,4,79
A000097,2025-12-28 05:55:02.017884,9,4,172
A000097,2026-01-27 05:55:02.017884,8,4,135
A000097,2026-02-26 05:55:02.017884,9,4,170
A000097,2026-03-28 05:55:02.017884,8,4,83
A000097,2026-04-27 05:55:02.017884,8,4,116
A000097,2026-05-27 05:55:02.017884,9,4,120
A000097,2026-06-26 05:55:02.017884,8,4,118
A000097,2026-07-26 05:55:02.017884,8,4,86
A000098,2026-01-12 03:57:48.196638,6,3,90
A000098,2026-02-11 03:57:48.196638,5,3,38
A000098,2026-03-13 03:57:48.196638,3,2,48
A000099,2024-10-05 23:59:44.955274,6,2,107
A000099,2024-11-04 23:59:44.955274,6,2,106
A000099,2024-12-04 23:59:44.955274,6,2,104
A000099,2025-01-03 23:59:44.955274,5,2,47
A000099,2025-02-02 23:59:44.955274,6,2,58
A000099,2025-03-04 23:59:44.955274,6,2,109
A000099,2025-04-03 23:59:44.955274,6,2,70
A000099,2025-05-03 23:59:44.955274,6,2,93
A000099,2025-06-02 23:59:44.955274,6,2,74
A000099,2025-07-02 23:59:44.955274,6,2,54
A000099,2025-08-01 23:59:44.955274,6,2,71
A000099,2025-08-31 23:59:44.955274,5,2,57
A000099,2025-09-30 23:59:44.955274,6,2,72
A000099,2025-10-30 23:59:44.955274,6,2,52
A000099,2025-11-29 23:59:44.955274,7,2,128
A000099,2025-12-29 23:59:44.955274,6,2,80
A000099,2026-01-28 23:59:44.955274,5,2,98
A000099,2026-02-27 23:59:44.955274,6,2,102
A000099,2026-03-29 23:59:44.955274,6,2,51
A000099,2026-04-28 23:59:44.955274,6,2,63
A000099,2026-05-28 23:59:44.955274,6,2,64
A000099,2026-06-27 23:59:44.955274,6,2,55
A000099,2026-07-27 23:59:44.955274,5,2,76
A000100,2024-08-30 02:19:10.681687,11,2,108
A000100,2024-09-29 02:19:10.681687,10,2,134
A000100,2024-10-29 02:19:10.681687,10,2,82
A000100,2024-11-28 02:19:10.681687,11,2,148
A000100,2024-12-28 02:19:10.681687,11,2,130
A000100,2025-01-27 02:19:10.681687,10,2,82
A000100,2025-02-26 02:19:10.681687,9,2,177
A000100,2025-03-28 02:19:10.681687,11,2,160
A000100,2025-04-27 02:19:10.681687,10,2,141
A000100,2025-05-27 02:19:10.681687,9,2,101
A000100,2025-06-26 02:19:10.681687,9,2,151
A000100,2025-07-26 02:19:10.681687,11,2,115
A000100,2025-08-25 02:19:10.681687,11,2,201
A000100,2025-09-24 02:19:10.681687,10,2,102
A000100,2025-10-24 02:19:10.681687,10,2,150
A000100,2025-11-23 02:19:10.681687,10,2,97
A000100,2025-12-23 02:19:10.681687,11,2,126
A000100,2026-01-22 02:19:10.681687,10,2,173
A000100,2026-02-21 02:19:10.681687,11,2,149
A000100,2026-03-23 02:19:10.681687,10,2,157
A000100,2026-04-22 02:19:10.681687,10,2,84
A000100,2026-05-22 02:19:10.681687,10,2,121
A000100,2026-06-21 02:19:10.681687,9,2,160
A000100,2026-07-21 02:19:10.681687,9,2,180
A000101,2025-12-02 21:30:35.720165,2,2,42
A000101,2026-01-01 21:30:35.720165,2,3,37
A000101,2026-01-31 21:30:35.720165,3,3,34
A000101,2026-03-02 21:30:35.720165,3,4,39
A000101,2026-04-01 21:30:35.720165,3,4,26
A000101,2026-05-01 21:30:35.720165,3,5,38
A000101,2026-05-31 21:30:35.720165,3,6,47
A000101,2026-06-30 21:30:35.720165,3,6,58
A000101,2026-07-30 21:30:35.720165,3,7,45
A000102,2025-08-30 20:32:45.182182,3,4,43
A000102,2025-09-29 20:32:45.182182,3,4,36
A000102,2025-11-28 20:32:45.182182,3,5,27
A000102,2025-12-28 20:32:45.182182,3,6,40
A000102,2026-01-27 20:32:45.182182,4,6,39
A000102,2026-02-26 20:32:45.182182,4,7,33
A000102,2026-03-28 20:32:45.182182,4,7,60
A000102,2026-04-27 20:32:45.182182,5,8,41
A000102,2026-05-27 20:32:45.182182,4,8,44
A000102,2026-06-26 20:32:45.182182,5,9,87
A000102,2026-07-26 20:32:45.182182,6,9,114
A000103,2025-04-01 01:12:00.561201,5,2,91
A000103,2025-05-01 01:12:00.561201,3,2,51
A000103,2025-05-31 01:12:00.561201,2,1,21
A000104,2025-08-09 19:39:53.934213,3,3,36
A000104,2025-09-08 19:39:53.934213,3,3,52
A000104,2025-10-08 19:39:53.934213,3,3,36
A000104,2025-11-07 19:39:53.934213,3,3,39
A000104,2025-12-07 19:39:53.934213,3,3,48
A000104,2026-01-06 19:39:53.934213,3,3,53
A000104,2026-02-05 19:39:53.934213,3,3,55
A000104,2026-03-07 19:39:53.934213,3,3,55
A000104,2026-04-06 19:39:53.934213,3,3,45
A000104,2026-05-06 19:39:53.934213,3,3,56
A000104,2026-06-05 19:39:53.934213,3,3,56
A000104,2026-07-05 19:39:53.934213,3,3,57
A000105,2023-11-19 07:54:24.631004,2,2,38
A000105,2023-12-19 07:54:24.631004,1,2,12
A000105,2024-01-18 07:54:24.631004,1,1,7
A000106,2023-11-07 06:34:48.034217,8,3,64
A000106,2023-12-07 06:34:48.034217,8,3,90
A000106,2024-01-06 06:34:48.034217,8,3,120
A000106,2024-02-05 06:34:48.034217,9,3,87
A000106,2024-03-06 06:34:48.034217,8,3,160
A000106,2024-04-05 06:34:48.034217,8,3,68
A000106,2024-05-05 06:34:48.034217,8,3,83
A000106,2024-06-04 06:34:48.034217,8,3,112
A000106,2024-07-04 06:34:48.034217,8,3,93
A000106,2024-08-03 06:34:48.034217,8,3,152
A000106,2024-09-02 06:34:48.034217,7,3,98
A000106,2024-10-02 06:34:48.034217,8,3,136
A000106,2024-11-01 06:34:48.034217,8,3,84
A000106,2024-12-01 06:34:48.034217,8,3,117
A000106,2024-12-31 06:34:48.034217,8,3,113
A000106,2025-01-30 06:34:48.034217,8,3,74
A000106,2025-03-01 06:34:48.034217,8,3,144
A000106,2025-03-31 06:34:48.034217,9,3,164
A000106,2025-04-30 06:34:48.034217,7,3,81
A000106,2025-05-30 06:34:48.034217,8,3,134
A000106,2025-06-29 06:34:48.034217,8,3,114
A000106,2025-07-29 06:34:48.034217,8,3,80
A000106,2025-08-28 06:34:48.034217,9,3,76
A000106,2025-09-27 06:34:48.034217,9,3,139
A000106,2025-10-27 06:34:48.034217,8,3,129
A000106,2025-11-26 06:34:48.034217,8,3,122
A000106,2025-12-26 06:34:48.034217,7,3,58
A000106,2026-01-25 06:34:48.034217,8,3,99
A000106,2026-02-24 06:34:48.034217,8,3,65
A000106,2026-03-26 06:34:48.034217,8,3,115
A000106,2026-04-25 06:34:48.034217,7,3,62
A000106,2026-05-25 06:34:48.034217,8,3,122
A000106,2026-06-24 06:34:48.034217,8,3,79
A000106,2026-07-24 06:34:48.034217,7,3,75
A000107,2026-06-21 17:33:50.159269,10,4,146
A000107,2026-07-21 17:33:50.159269,17,9,336
A000108,2025-06-23 19:23:01.402988,9,3,124
A000108,2025-07-23 19:23:01.402988,7,3,103
A000108,2025-08-22 19:23:01.402988,7,3,84
A000108,2025-09-21 19:23:01.402988,7,3,113
A000108,2025-10-21 19:23:01.402988,6,3,99
A000108,2025-11-20 19:23:01.402988,5,2,43
A000108,2025-12-20 19:23:01.402988,6,2,55
A000108,2026-01-19 19:23:01.402988,6,2,112
A000108,2026-02-18 19:23:01.402988,5,2,70
A000108,2026-03-20 19:23:01.402988,4,2,61
A000108,2026-04-19 19:23:01.402988,4,2,53
A000108,2026-05-19 19:23:01.402988,3,2,34
A000108,2026-06-18 19:23:01.402988,3,2,24
A000109,2026-04-01 06:57:17.848363,2,2,21
A000109,2026-05-01 06:57:17.848363,2,2,14
A000109,2026-05-31 06:57:17.848363,1,2,15
A000109,2026-06-30 06:57:17.848363,1,1,12
A000109,2026-07-30 06:57:17.848363,1,1,5
A000110,2025-04-23 06:40:06.959104,2,2,38
A000110,2025-05-23 06:40:06.959104,1,2,19
A000110,2025-06-22 06:40:06.959104,1,1,14
A000111,2024-06-08 08:46:41.349069,2,2,22
A000111,2024-07-08 08:46:41.349069,2,2,34
A000111,2024-08-07 08:46:41.349069,2,2,35
A000111,2024-09-06 08:46:41.349069,2,2,18
A000111,2024-10-06 08:46:41.349069,2,2,36
A000111,2024-11-05 08:46:41.349069,2,2,35
A000111,2024-12-05 08:46:41.349069,2,2,29
A000111,2025-01-04 08:46:41.349069,2,2,20
A000111,2025-02-03 08:46:41.349069,2,2,18
A000111,2025-03-05 08:46:41.349069,2,2,34
A000111,2025-05-04 08:46:41.349069,2,2,23
A000111,2025-06-03 08:46:41.349069,2,2,42
A000111,2025-07-03 08:46:41.349069,2,2,33
A000111,2025-08-02 08:46:41.349069,2,2,36
A000111,2025-09-01 08:46:41.349069,2,2,39
A000111,2025-10-01 08:46:41.349069,2,2,21
A000111,2025-10-31 08:46:41.349069,2,2,37
A000111,2025-11-30 08:46:41.349069,2,2,29
A000111,2025-12-30 08:46:41.349069,2,2,34
A000111,2026-01-29 08:46:41.349069,2,2,29
A000111,2026-02-28 08:46:41.349069,2,2,23
A000111,2026-03-30 08:46:41.349069,2,2,24
A000111,2026-04-29 08:46:41.349069,2,2,38
A000111,2026-05-29 08:46:41.349069,2,2,35
A000111,2026-06-28 08:46:41.349069,2,2,39
A000111,2026-07-28 08:46:41.349069,2,2,26
A000112,2026-06-08 12:54:51.985333,6,4,60
A000113,2026-03-01 05:55:43.727663,2,4,32
A000113,2026-03-31 05:55:43.727663,2,4,32
A000113,2026-04-30 05:55:43.727663,2,4,34
A000113,2026-05-30 05:55:43.727663,2,4,17
A000113,2026-06-29 05:55:43.727663,2,4,18
A000113,2026-07-29 05:55:43.727663,2,4,16
A000114,2026-05-07 18:51:28.458037,11,3,166
A000114,2026-06-06 18:51:28.458037,12,3,153
A000114,2026-07-06 18:51:28.458037,11,3,166
A000115,2025-02-01 11:44:52.802299,13,3,257
A000115,2025-04-02 11:44:52.802299,14,3,252
A000115,2025-05-02 11:44:52.802299,12,3,220
A000115,2025-06-01 11:44:52.802299,12,3,188
A000115,2025-07-01 11:44:52.802299,13,3,209
A000115,2025-07-31 11:44:52.802299,13,3,128
A000115,2025-08-30 11:44:52.802299,13,3,125
A000115,2025-09-29 11:44:52.802299,14,3,270
A000115,2025-10-29 11:44:52.802299,14,3,240
A000115,2025-11-28 11:44:52.802299,12,3,156
A000115,2025-12-28 11:44:52.802299,13,3,179
A000115,2026-01-27 11:44:52.802299,14,3,156
A000115,2026-02-26 11:44:52.802299,13,3,222
A000115,2026-03-28 11:44:52.802299,14,3,240
A000115,2026-04-27 11:44:52.802299,13,3,173
A000115,2026-05-27 11:44:52.802299,14,3,269
A000115,2026-06-26 11:44:52.802299,13,3,208
A000115,2026-07-26 11:44:52.802299,12,3,111
A000116,2025-05-03 05:28:37.276864,8,3,91
A000116,2025-06-02 05:28:37.276864,9,3,122
A000116,2025-07-02 05:28:37.276864,8,4,114
A000116,2025-08-01 05:28:37.276864,9,4,106
A000116,2025-08-31 05:28:37.276864,11,4,154
A000116,2025-09-30 05:28:37.276864,10,5,115
A000116,2025-10-30 05:28:37.276864,11,5,206
A000116,2025-11-29 05:28:37.276864,10,5,203
A000116,2025-12-29 05:28:37.276864,12,6,220
A000116,2026-01-28 05:28:37.276864,12,6,194
A000116,2026-02-27 05:28:37.276864,14,6,271
A000116,2026-03-29 05:28:37.276864,12,7,195
A000116,2026-04-28 05:28:37.276864,12,7,238
A000116,2026-05-28 05:28:37.276864,15,7,261
A000116,2026-06-27 05:28:37.276864,16,8,265
A000116,2026-07-27 05:28:37.276864,14,8,216
A000117,2026-06-10 20:03:03.323493,2,2,30
A000117,2026-07-10 20:03:03.323493,2,2,33
A000118,2026-02-11 06:38:44.218155,14,3,192
A000118,2026-03-13 06:38:44.218155,15,3,268
A000118,2026-04-12 06:38:44.218155,14,3,268
A000118,2026-06-11 06:38:44.218155,16,3,220
A000118,2026-07-11 06:38:44.218155,14,3,163
A000120,2023-12-30 16:27:25.294593,20,3,295
A000120,2024-01-29 16:27:25.294593,20,3,202
A000120,2024-02-28 16:27:25.294593,24,3,392
A000120,2024-03-29 16:27:25.294593,22,3,430
A000120,2024-04-28 16:27:25.294593,21,3,281
A000120,2024-05-28 16:27:25.294593,22,3,398
A000120,2024-06-27 16:27:25.294593,22,3,300
A000120,2024-08-26 16:27:25.294593,21,3,167
A000120,2024-09-25 16:27:25.294593,21,3,321
A000120,2024-10-25 16:27:25.294593,24,3,227
A000120,2024-12-24 16:27:25.294593,24,3,278
A000120,2025-01-23 16:27:25.294593,20,3,367
A000120,2025-02-22 16:27:25.294593,22,3,186
A000120,2025-03-24 16:27:25.294593,21,3,380
A000120,2025-04-23 16:27:25.294593,22,3,340
A000120,2025-05-23 16:27:25.294593,24,3,226
A000120,2025-06-22 16:27:25.294593,22,3,389
A000120,2025-07-22 16:27:25.294593,24,3,204
A000120,2025-08-21 16:27:25.294593,24,3,295
A000120,2025-09-20 16:27:25.294593,21,3,289
A000120,2025-10-20 16:27:25.294593,23,3,361
A000120,2025-11-19 16:27:25.294593,22,3,393
A000120,2025-12-19 16:27:25.294593,22,3,312
A000120,2026-01-18 16:27:25.294593,24,3,366
A000120,2026-02-17 16:27:25.294593,20,3,242
A000120,2026-03-19 16:27:25.294593,23,3,411
A000120,2026-04-18 16:27:25.294593,20,3,256
A000120,2026-05-18 16:27:25.294593,20,3,278
A000120,2026-06-17 16:27:25.294593,23,3,450
A000120,2026-07-17 16:27:25.294593,20,3,250
A000121,2025-07-02 07:02:06.445625,2,2,25
A000121,2025-08-01 07:02:06.445625,2,2,31
A000121,2025-08-31 07:02:06.445625,2,2,29
A000121,2025-09-30 07:02:06.445625,2,2,24
A000121,2025-10-30 07:02:06.445625,2,2,27
A000121,2025-11-29 07:02:06.445625,2,2,29
A000121,2025-12-29 07:02:06.445625,2,2,23
A000121,2026-01-28 07:02:06.445625,2,2,30
A000121,2026-02-27 07:02:06.445625,2,2,30
A000121,2026-03-29 07:02:06.445625,2,2,32
A000121,2026-04-28 07:02:06.445625,2,2,19
A000121,2026-05-28 07:02:06.445625,2,2,18
A000121,2026-06-27 07:02:06.445625,2,2,27
A000121,2026-07-27 07:02:06.445625,2,2,22
A000122,2026-07-21 15:24:21.049253,12,4,120
A000123,2023-11-21 09:37:14.459281,8,2,74
A000123,2023-12-21 09:37:14.459281,8,2,91
A000123,2024-01-20 09:37:14.459281,7,2,84
A000123,2024-02-19 09:37:14.459281,6,2,120
A000123,2024-03-20 09:37:14.459281,7,2,58
A000123,2024-04-19 09:37:14.459281,6,1,47
A000123,2024-05-19 09:37:14.459281,5,1,49
A000123,2024-06-18 09:37:14.459281,4,1,42
A000124,2024-08-12 13:22:47.633438,2,4,16
A000124,2024-09-11 13:22:47.633438,2,4,27
A000124,2024-10-11 13:22:47.633438,2,4,23
A000124,2024-11-10 13:22:47.633438,1,3,21
A000124,2024-12-10 13:22:47.633438,1,3,20
A000124,2025-01-09 13:22:47.633438,1,3,11
A000124,2025-02-08 13:22:47.633438,1,3,14
A000124,2025-03-10 13:22:47.633438,1,3,17
A000124,2025-04-09 13:22:47.633438,1,3,10
A000124,2025-05-09 13:22:47.633438,1,2,13
A000125,2023-10-30 22:00:56.892458,2,3,36
A000125,2023-11-29 22:00:56.892458,2,3,39
A000125,2023-12-29 22:00:56.892458,2,3,23
A000125,2024-01-28 22:00:56.892458,2,3,18
A000125,2024-02-27 22:00:56.892458,2,3,34
A000125,2024-03-28 22:00:56.892458,2,3,20
A000125,2024-04-27 22:00:56.892458,2,3,26
A000125,2024-05-27 22:00:56.892458,2,3,27
A000125,2024-06-26 22:00:56.892458,2,3,31
A000125,2024-07-26 22:00:56.892458,2,3,30
A000125,2024-08-25 22:00:56.892458,2,3,20
A000125,2024-09-24 22:00:56.892458,2,3,30
A000125,2024-10-24 22:00:56.892458,2,3,33
A000125,2024-12-23 22:00:56.892458,2,3,33
A000125,2025-01-22 22:00:56.892458,2,3,35
A000125,2025-02-21 22:00:56.892458,2,3,22
A000125,2025-03-23 22:00:56.892458,2,3,37
A000125,2025-04-22 22:00:56.892458,2,3,35
A000125,2025-05-22 22:00:56.892458,2,3,38
A000125,2025-06-21 22:00:56.892458,2,3,20
A000125,2025-07-21 22:00:56.892458,2,3,34
A000125,2025-08-20 22:00:56.892458,2,3,15
A000125,2025-09-19 22:00:56.892458,2,3,34
A000125,2025-10-19 22:00:56.892458,2,3,34
A000125,2025-11-18 22:00:56.892458,2,3,27
A000125,2025-12-18 22:00:56.892458,2,3,37
A000125,2026-01-17 22:00:56.892458,2,3,38
A000125,2026-02-16 22:00:56.892458,2,3,17
A000125,2026-03-18 22:00:56.892458,2,3,36
A000125,2026-04-17 22:00:56.892458,2,3,33
A000125,2026-05-17 22:00:56.892458,2,3,18
A000125,2026-06-16 22:00:56.892458,2,3,39
A000125,2026-07-16 22:00:56.892458,2,3,32
A000126,2024-02-03 07:33:02.020938,4,2,50
A000126,2024-03-04 07:33:02.020938,5,2,91
A000126,2024-04-03 07:33:02.020938,4,2,63
A000126,2024-05-03 07:33:02.020938,5,2,64
A000126,2024-06-02 07:33:02.020938,4,2,62
A000126,2024-07-02 07:33:02.020938,4,2,33
A000126,2024-08-01 07:33:02.020938,4,2,80
A000126,2024-08-31 07:33:02.020938,4,2,32
A000126,2024-09-30 07:33:02.020938,3,2,55
A000126,2024-10-30 07:33:02.020938,4,2,49
A000126,2024-11-29 07:33:02.020938,3,2,62
A000126,2024-12-29 07:33:02.020938,3,1,54
A000126,2025-01-28 07:33:02.020938,3,1,28
A000126,2025-02-27 07:33:02.020938,3,1,34
A000126,2025-03-29 07:33:02.020938,2,1,40
A000126,2025-04-28 07:33:02.020938,2,1,39
A000126,2025-05-28 07:33:02.020938,2,1,23
A000127,2023-11-13 12:19:54.193650,6,3,55
A000127,2023-12-13 12:19:54.193650,7,3,105
A000127,2024-01-12 12:19:54.193650,7,3,124
A000127,2024-02-11 12:19:54.193650,6,3,81
A000127,2024-03-12 12:19:54.193650,5,2,44
A000127,2024-04-11 12:19:54.193650,4,2,56
A000127,2024-05-11 12:19:54.193650,5,2,74
A000127,2024-06-10 12:19:54.193650,4,2,57
A000127,2024-07-10 12:19:54.193650,3,2,37
A000127,2024-08-09 12:19:54.193650,3,2,31
A000128,2025-09-09 22:20:04.756238,9,4,165
A000128,2025-10-09 22:20:04.756238,7,3,59
A000128,2025-11-08 22:20:04.756238,4,2,41
A000129,2024-01-06 12:25:33.146064,13,2,246
A000129,2024-02-05 12:25:33.146064,13,2,193
A000129,2024-03-06 12:25:33.146064,14,2,271
A000129,2024-04-05 12:25:33.146064,15,2,149
A000129,2024-05-05 12:25:33.146064,15,3,130
A000129,2024-06-04 12:25:33.146064,17,3,217
A000129,2024-07-04 12:25:33.146064,16,3,161
A000129,2024-08-03 12:25:33.146064,17,3,272
A000129,2024-09-02 12:25:33.146064,15,3,184
A000129,2024-10-02 12:25:33.146064,17,3,209
A000129,2024-11-01 12:25:33.146064,19,4,220
A000129,2024-12-01 12:25:33.146064,16,4,265
A000129,2024-12-31 12:25:33.146064,15,4,221
A000129,2025-01-30 12:25:33.146064,18,4,210
A000129,2025-03-01 12:25:33.146064,20,4,261
A000129,2025-03-31 12:25:33.146064,17,4,273
A000129,2025-05-30 12:25:33.146064,17,5,263
A000129,2025-06-29 12:25:33.146064,18,5,187
A000129,2025-07-29 12:25:33.146064,20,5,393
A000129,2025-08-28 12:25:33.146064,21,5,369
A000129,2025-09-27 12:25:33.146064,21,5,265
A000129,2025-10-27 12:25:33.146064,23,6,404
A000129,2025-11-26 12:25:33.146064,22,6,317
A000129,2025-12-26 12:25:33.146064,20,6,270
A000129,2026-01-25 12:25:33.146064,20,6,384
A000129,2026-02-24 12:25:33.146064,21,6,396
A000129,2026-03-26 12:25:33.146064,22,6,391
A000129,2026-04-25 12:25:33.146064,21,7,405
A000129,2026-05-25 12:25:33.146064,25,7,416
A000129,2026-06-24 12:25:33.146064,26,7,401
A000129,2026-07-24 12:25:33.146064,20,7,220
A000130,2024-06-30 14:39:25.716446,3,4,47
A000130,2024-07-30 14:39:25.716446,4,4,54
A000130,2024-08-29 14:39:25.716446,4,4,73
A000130,2024-12-27 14:39:25.716446,2,3,20
A000130,2025-01-26 14:39:25.716446,2,3,20
A000130,2025-02-25 14:39:25.716446,2,3,17
A000130,2025-03-27 14:39:25.716446,2,2,27
A000131,2026-04-15 15:50:25.681560,2,4,27
A000131,2026-05-15 15:50:25.681560,2,3,27
A000131,2026-06-14 15:50:25.681560,1,3,16
A000131,2026-07-14 15:50:25.681560,1,2,11
A000132,2025-05-16 12:01:53.419069,2,4,27
A000132,2025-06-15 12:01:53.419069,2,4,24
A000132,2025-07-15 12:01:53.419069,2,5,25
A000132,2025-08-14 12:01:53.419069,2,5,32
A000132,2025-09-13 12:01:53.419069,2,5,30
A000132,2025-10-13 12:01:53.419069,3,6,25
A000132,2025-11-12 12:01:53.419069,2,6,47
A000132,2025-12-12 12:01:53.419069,3,6,49
A000132,2026-01-11 12:01:53.419069,3,7,57
A000132,2026-02-10 12:01:53.419069,3,7,64
A000132,2026-03-12 12:01:53.419069,3,8,46
A000132,2026-04-11 12:01:53.419069,4,8,65
A000132,2026-05-11 12:01:53.419069,4,8,40
A000132,2026-06-10 12:01:53.419069,4,9,73
A000132,2026-07-10 12:01:53.419069,4,9,67
A000133,2023-10-02 01:29:19.039808,2,3,38
A000133,2023-11-01 01:29:19.039808,2,3,23
A000133,2023-12-01 01:29:19.039808,2,3,30
A000133,2023-12-31 01:29:19.039808,2,3,41
A000133,2024-01-30 01:29:19.039808,2,3,16
A000133,2024-02-29 01:29:19.039808,2,3,15
A000133,2024-03-30 01:29:19.039808,2,3,38
A000133,2024-04-29 01:29:19.039808,2,3,21
A000133,2024-05-29 01:29:19.039808,2,3,33
A000133,2024-06-28 01:29:19.039808,2,3,26
A000133,2024-07-28 01:29:19.039808,2,3,26
A000133,2024-08-27 01:29:19.039808,2,3,19
A000133,2024-09-26 01:29:19.039808,2,3,30
A000133,2024-10-26 01:29:19.039808,2,3,38
A000133,2024-11-25 01:29:19.039808,2,3,28
A000133,2024-12-25 01:29:19.039808,2,3,19
A000133,2025-01-24 01:29:19.039808,2,3,20
A000133,2025-02-23 01:29:19.039808,2,3,28
A000133,2025-03-25 01:29:19.039808,2,3,20
A000133,2025-04-24 01:29:19.039808,2,3,30
A000133,2025-05-24 01:29:19.039808,2,3,22
A000133,2025-06-23 01:29:19.039808,2,3,25
A000133,2025-07-23 01:29:19.039808,2,3,41
A000133,2025-08-22 01:29:19.039808,2,3,19
A000133,2025-10-21 01:29:19.039808,2,3,23
A000133,2025-11-20 01:29:19.039808,2,3,22
A000133,2025-12-20 01:29:19.039808,2,3,29
A000133,2026-01-19 01:29:19.039808,2,3,21
A000133,2026-02-18 01:29:19.039808,2,3,31
A000133,2026-03-20 01:29:19.039808,2,3,22
A000133,2026-04-19 01:29:19.039808,2,3,32
A000133,2026-05-19 01:29:19.039808,2,3,38
A000133,2026-06-18 01:29:19.039808,2,3,19
A000133,2026-07-18 01:29:19.039808,2,3,33
A000134,2023-10-22 13:33:09.042431,4,3,61
A000134,2023-11-21 13:33:09.042431,4,3,36
A000134,2023-12-21 13:33:09.042431,4,3,43
A000134,2024-01-20 13:33:09.042431,4,3,52
A000134,2024-02-19 13:33:09.042431,3,3,47
A000134,2024-03-20 13:33:09.042431,3,3,57
A000134,2024-04-19 13:33:09.042431,3,2,43
A000134,2024-05-19 13:33:09.042431,3,2,47
A000134,2024-06-18 13:33:09.042431,3,2,38
A000134,2024-07-18 13:33:09.042431,2,2,32
A000134,2024-08-17 13:33:09.042431,2,2,38
A000134,2024-09-16 13:33:09.042431,2,2,31
A000134,2024-10-16 13:33:09.042431,2,2,26
A000134,2024-11-15 13:33:09.042431,2,2,21
A000134,2024-12-15 13:33:09.042431,2,2,32
A000135,2024-01-25 01:06:45.714545,16,2,131
A000135,2024-02-24 01:06:45.714545,12,2,147
A000135,2024-03-25 01:06:45.714545,12,2,113
A000135,2024-04-24 01:06:45.714545,13,2,260
A000135,2024-05-24 01:06:45.714545,12,2,134
A000135,2024-06-23 01:06:45.714545,9,2,174
A000135,2024-07-23 01:06:45.714545,8,2,75
A000135,2024-08-22 01:06:45.714545,8,1,151
A000135,2024-09-21 01:06:45.714545,6,1,99
A000135,2024-10-21 01:06:45.714545,7,1,65
A000135,2024-11-20 01:06:45.714545,5,1,56
A000136,2023-10-20 17:24:03.222280,4,3,50
A000136,2023-11-19 17:24:03.222280,4,3,60
A000136,2023-12-19 17:24:03.222280,4,3,48
A000136,2024-01-18 17:24:03.222280,4,3,62
A000136,2024-02-17 17:24:03.222280,4,3,77
A000136,2024-03-18 17:24:03.222280,4,3,51
A000136,2024-04-17 17:24:03.222280,4,3,38
A000136,2024-05-17 17:24:03.222280,4,3,48
A000136,2024-06-16 17:24:03.222280,4,3,44
A000136,2024-07-16 17:24:03.222280,4,3,59
A000136,2024-08-15 17:24:03.222280,4,3,52
A000136,2024-09-14 17:24:03.222280,4,3,42
A000136,2024-10-14 17:24:03.222280,4,3,72
A000136,2024-11-13 17:24:03.222280,4,3,60
A000136,2024-12-13 17:24:03.222280,4,3,36
A000136,2025-01-12 17:24:03.222280,4,3,39
A000136,2025-02-11 17:24:03.222280,4,3,34
A000136,2025-03-13 17:24:03.222280,4,3,35
A000136,2025-04-12 17:24:03.222280,4,3,42
A000136,2025-05-12 17:24:03.222280,4,3,38
A000136,2025-06-11 17:24:03.222280,4,3,45
A000136,2025-07-11 17:24:03.222280,4,3,36
A000136,2025-08-10 17:24:03.222280,4,3,46
A000136,2025-09-09 17:24:03.222280,4,3,51
A000136,2025-10-09 17:24:03.222280,4,3,72
A000136,2025-11-08 17:24:03.222280,4,3,35
A000136,2025-12-08 17:24:03.222280,4,3,64
A000136,2026-01-07 17:24:03.222280,4,3,37
A000136,2026-02-06 17:24:03.222280,4,3,32
A000136,2026-03-08 17:24:03.222280,4,3,80
A000136,2026-04-07 17:24:03.222280,4,3,73
A000136,2026-05-07 17:24:03.222280,4,3,52
A000136,2026-06-06 17:24:03.222280,4,3,37
A000136,2026-07-06 17:24:03.222280,4,3,56
A000137,2024-07-23 08:16:24.002291,3,3,35
A000137,2024-08-22 08:16:24.002291,3,3,50
A000137,2024-09-21 08:16:24.002291,3,3,55
A000137,2024-10-21 08:16:24.002291,3,3,40
A000137,2024-11-20 08:16:24.002291,3,3,41
A000137,2024-12-20 08:16:24.002291,3,3,26
A000137,2025-01-19 08:16:24.002291,3,3,45
A000137,2025-02-18 08:16:24.002291,3,3,51
A000137,2025-03-20 08:16:24.002291,3,3,51
A000137,2025-04-19 08:16:24.002291,3,3,43
A000137,2025-05-19 08:16:24.002291,3,3,48
A000137,2025-06-18 08:16:24.002291,3,3,43
A000137,2025-07-18 08:16:24.002291,3,3,25
A000137,2025-08-17 08:16:24.002291,3,3,30
A000137,2025-09-16 08:16:24.002291,3,3,42
A000137,2025-10-16 08:16:24.002291,3,3,49
A000137,2025-11-15 08:16:24.002291,3,3,27
A000137,2025-12-15 08:16:24.002291,3,3,22
A000137,2026-01-14 08:16:24.002291,3,3,49
A000137,2026-02-13 08:16:24.002291,3,3,36
A000137,2026-03-15 08:16:24.002291,3,3,27
A000137,2026-04-14 08:16:24.002291,3,3,36
A000137,2026-05-14 08:16:24.002291,3,3,34
A000137,2026-06-13 08:16:24.002291,3,3,58
A000137,2026-07-13 08:16:24.002291,3,3,45
A000138,2026-01-02 02:27:16.414084,11,2,151
A000138,2026-02-01 02:27:16.414084,12,3,238
A000138,2026-03-03 02:27:16.414084,14,3,189
A000138,2026-04-02 02:27:16.414084,18,4,355
A000138,2026-05-02 02:27:16.414084,19,5,316
A000138,2026-06-01 02:27:16.414084,21,6,413
A000138,2026-07-01 02:27:16.414084,23,6,186
A000138,2026-07-31 02:27:16.414084,23,7,442
A000139,2025-03-25 13:09:09.044362,3,3,60
A000139,2025-04-24 13:09:09.044362,3,3,33
A000139,2025-05-24 13:09:09.044362,3,3,54
A000139,2025-06-23 13:09:09.044362,2,3,19
A000139,2025-07-23 13:09:09.044362,2,2,36
A000139,2025-08-22 13:09:09.044362,2,2,28
A000139,2025-09-21 13:09:09.044362,2,2,29
A000139,2025-10-21 13:09:09.044362,1,2,20
A000139,2025-11-20 13:09:09.044362,1,2,24
A000140,2025-07-03 14:51:20.335210,14,3,218
A000140,2025-08-02 14:51:20.335210,14,3,168
A000140,2025-09-01 14:51:20.335210,14,3,169
A000140,2025-10-01 14:51:20.335210,14,3,160
A000140,2025-10-31 14:51:20.335210,15,3,235
A000140,2025-11-30 14:51:20.335210,14,3,138
A000140,2025-12-30 14:51:20.335210,15,3,295
A000140,2026-01-29 14:51:20.335210,14,3,261
A000140,2026-02-28 14:51:20.335210,14,3,192
A000140,2026-03-30 14:51:20.335210,13,3,173
A000140,2026-04-29 14:51:20.335210,14,3,216
A000140,2026-05-29 14:51:20.335210,15,3,233
A000140,2026-06-28 14:51:20.335210,13,3,115
A000140,2026-07-28 14:51:20.335210,15,3,244
A000141,2023-10-01 11:37:30.729540,5,4,109
A000141,2023-10-31 11:37:30.729540,5,4,46
A000141,2023-11-30 11:37:30.729540,6,4,81
A000141,2024-01-29 11:37:30.729540,6,4,96
A000141,2024-02-28 11:37:30.729540,6,4,95
A000141,2024-03-29 11:37:30.729540,6,4,58
A000141,2024-04-28 11:37:30.729540,6,4,78
A000141,2024-05-28 11:37:30.729540,6,4,114
A000141,2024-06-27 11:37:30.729540,7,4,62
A000141,2024-08-26 11:37:30.729540,6,4,103
A000141,2024-09-25 11:37:30.729540,7,4,59
A000141,2024-10-25 11:37:30.729540,6,4,116
A000141,2024-11-24 11:37:30.729540,6,4,113
A000141,2024-12-24 11:37:30.729540,6,4,106
A000141,2025-01-23 11:37:30.729540,6,4,97
A000141,2025-02-22 11:37:30.729540,6,4,58
A000141,2025-03-24 11:37:30.729540,6,4,119
A000141,2025-04-23 11:37:30.729540,6,4,74
A000141,2025-05-23 11:37:30.729540,5,4,56
A000141,2025-06-22 11:37:30.729540,6,4,86
A000141,2025-07-22 11:37:30.729540,5,4,83
A000141,2025-08-21 11:37:30.729540,6,4,82
A000141,2025-09-20 11:37:30.729540,6,4,115
A000141,2025-10-20 11:37:30.729540,6,4,75
A000141,2025-11-19 11:37:30.729540,6,4,83
A000141,2025-12-19 11:37:30.729540,6,4,123
A000141,2026-01-18 11:37:30.729540,6,4,96
A000141,2026-03-19 11:37:30.729540,6,4,124
A000141,2026-04-18 11:37:30.729540,6,4,111
A000141,2026-05-18 11:37:30.729540,6,4,59
A000141,2026-06-17 11:37:30.729540,6,4,77
A000141,2026-07-17 11:37:30.729540,6,4,89
A000142,2025-06-21 04:50:57.130175,2,3,25
A000142,2025-07-21 04:50:57.130175,2,3,32
A000142,2025-08-20 04:50:57.130175,2,3,40
A000142,2025-09-19 04:50:57.130175,2,3,19
A000142,2025-10-19 04:50:57.130175,2,3,31
A000142,2025-12-18 04:50:57.130175,2,3,26
A000142,2026-02-16 04:50:57.130175,2,3,24
A000142,2026-04-17 04:50:57.130175,2,3,16
A000142,2026-05-17 04:50:57.130175,2,3,19
A000142,2026-06-16 04:50:57.130175,2,3,23
A000142,2026-07-16 04:50:57.130175,2,3,18
A000143,2024-11-15 03:19:26.753401,5,2,46
A000143,2024-12-15 03:19:26.753401,5,2,93
A000143,2025-01-14 03:19:26.753401,5,2,70
A000143,2025-02-13 03:19:26.753401,5,2,60
A000143,2025-03-15 03:19:26.753401,5,2,53
A000143,2025-04-14 03:19:26.753401,5,2,85
A000143,2025-06-13 03:19:26.753401,5,2,82
A000143,2025-08-12 03:19:26.753401,5,2,66
A000143,2025-09-11 03:19:26.753401,5,2,65
A000143,2025-10-11 03:19:26.753401,5,2,91
A000143,2025-11-10 03:19:26.753401,5,2,91
A000143,2025-12-10 03:19:26.753401,5,2,94
A000143,2026-01-09 03:19:26.753401,5,2,48
A000143,2026-02-08 03:19:26.753401,5,2,46
A000143,2026-03-10 03:19:26.753401,5,2,47
A000143,2026-04-09 03:19:26.753401,5,2,80
A000143,2026-05-09 03:19:26.753401,5,2,52
A000143,2026-06-08 03:19:26.753401,5,2,46
A000143,2026-07-08 03:19:26.753401,5,2,52
A000144,2023-10-13 04:58:48.527124,2,4,33
A000144,2023-11-12 04:58:48.527124,2,4,26
A000144,2023-12-12 04:58:48.527124,2,4,41
A000144,2024-01-11 04:58:48.527124,2,4,18
A000144,2024-02-10 04:58:48.527124,2,4,38
A000144,2024-03-11 04:58:48.527124,2,4,40
A000144,2024-04-10 04:58:48.527124,2,4,26
A000144,2024-05-10 04:58:48.527124,2,4,30
A000144,2024-06-09 04:58:48.527124,2,4,20
A000144,2024-07-09 04:58:48.527124,2,4,16
A000144,2024-08-08 04:58:48.527124,2,4,38
A000144,2024-09-07 04:58:48.527124,2,4,28
A000144,2024-10-07 04:58:48.527124,2,4,34
A000144,2024-12-06 04:58:48.527124,2,4,26
A000144,2025-01-05 04:58:48.527124,2,4,21
A000144,2025-02-04 04:58:48.527124,2,4,33
A000144,2025-03-06 04:58:48.527124,2,4,33
A000144,2025-04-05 04:58:48.527124,2,4,15
A000144,2025-05-05 04:58:48.527124,2,4,17
A000144,2025-06-04 04:58:48.527124,2,4,21
A000144,2025-07-04 04:58:48.527124,2,4,22
A000144,2025-08-03 04:58:48.527124,2,4,19
A000144,2025-09-02 04:58:48.527124,2,4,26
A000144,2025-10-02 04:58:48.527124,2,4,37
A000144,2025-11-01 04:58:48.527124,2,4,17
A000144,2025-12-01 04:58:48.527124,2,4,39
A000144,2025-12-31 04:58:48.527124,2,4,24
A000144,2026-01-30 04:58:48.527124,2,4,41
A000144,2026-03-01 04:58:48.527124,2,4,20
A000144,2026-03-31 04:58:48.527124,2,4,31
A000144,2026-05-30 04:58:48.527124,2,4,24
A000144,2026-06-29 04:58:48.527124,2,4,31
A000144,2026-07-29 04:58:48.527124,2,4,28
A000145,2025-10-19 05:47:04.954915,7,2,64
A000145,2025-11-18 05:47:04.954915,8,3,104
A000145,2025-12-18 05:47:04.954915,9,3,74
A000145,2026-01-17 05:47:04.954915,8,4,90
A000145,2026-02-16 05:47:04.954915,11,4,93
A000145,2026-03-18 05:47:04.954915,11,5,106
A000145,2026-04-17 05:47:04.954915,11,5,119
A000145,2026-05-17 05:47:04.954915,12,6,103
A000145,2026-06-16 05:47:04.954915,11,6,222
A000145,2026-07-16 05:47:04.954915,12,7,198
A000147,2026-01-19 16:58:12.332354,6,4,50
A000147,2026-02-18 16:58:12.332354,7,4,94
A000147,2026-03-20 16:58:12.332354,6,4,99
A000147,2026-04-19 16:58:12.332354,6,4,51
A000147,2026-05-19 16:58:12.332354,6,4,76
A000147,2026-06-18 16:58:12.332354,6,4,100
A000147,2026-07-18 16:58:12.332354,6,4,91
A000148,2025-09-26 01:47:57.484024,2,2,30
A000148,2025-10-26 01:47:57.484024,2,3,29
A000148,2025-11-25 01:47:57.484024,2,3,29
A000148,2025-12-25 01:47:57.484024,2,4,43
A000148,2026-01-24 01:47:57.484024,3,4,50
A000148,2026-02-23 01:47:57.484024,3,5,41
A000148,2026-03-25 01:47:57.484024,3,5,44
A000148,2026-04-24 01:47:57.484024,3,6,48
A000148,2026-05-24 01:47:57.484024,3,6,68
A000148,2026-07-23 01:47:57.484024,3,7,55
A000149,2026-03-16 18:54:05.261459,3,2,28
A000149,2026-04-15 18:54:05.261459,3,2,48
A000149,2026-05-15 18:54:05.261459,3,2,35
A000149,2026-06-14 18:54:05.261459,3,2,27
A000150,2025-12-17 03:30:24.779961,7,4,69
A000150,2026-01-16 03:30:24.779961,7,4,83
A000150,2026-02-15 03:30:24.779961,8,4,145
A000150,2026-03-17 03:30:24.779961,6,4,124
A000150,2026-04-16 03:30:24.779961,7,4,111
A000150,2026-05-16 03:30:24.779961,7,4,125
A000150,2026-06-15 03:30:24.779961,8,4,68
A000150,2026-07-15 03:30:24.779961,7,4,94
A000151,2024-10-19 17:46:28.808913,9,2,118
A000151,2024-11-18 17:46:28.808913,9,2,136
A000151,2024-12-18 17:46:28.808913,9,2,132
A000151,2025-01-17 17:46:28.808913,9,2,99
A000151,2025-02-16 17:46:28.808913,9,2,160
A000151,2025-03-18 17:46:28.808913,10,2,79
A000151,2025-04-17 17:46:28.808913,9,2,104
A000151,2025-05-17 17:46:28.808913,9,2,148
A000151,2025-06-16 17:46:28.808913,8,2,151
A000151,2025-07-16 17:46:28.808913,9,2,141
A000151,2025-08-15 17:46:28.808913,10,2,143
A000151,2025-09-14 17:46:28.808913,9,2,81
A000151,2025-10-14 17:46:28.808913,10,2,88
A000151,2025-11-13 17:46:28.808913,9,2,83
A000151,2025-12-13 17:46:28.808913,10,2,144
A000151,2026-01-12 17:46:28.808913,9,2,139
A000151,2026-03-13 17:46:28.808913,9,2,131
A000151,2026-04-12 17:46:28.808913,9,2,158
A000151,2026-05-12 17:46:28.808913,10,2,87
A000151,2026-06-11 17:46:28.808913,9,2,141
A000151,2026-07-11 17:46:28.808913,10,2,89
A000152,2025-04-30 10:18:48.332557,2,4,27
A000152,2025-05-30 10:18:48.332557,2,4,17
A000152,2025-06-29 10:18:48.332557,2,4,29
A000152,2025-07-29 10:18:48.332557,2,4,22
A000152,2025-08-28 10:18:48.332557,2,4,29
A000152,2025-09-27 10:18:48.332557,2,4,18
A000152,2025-10-27 10:18:48.332557,2,4,35
A000152,2025-11-26 10:18:48.332557,2,4,21
A000152,2025-12-26 10:18:48.332557,2,4,26
A000152,2026-01-25 10:18:48.332557,2,4,26
A000152,2026-03-26 10:18:48.332557,2,4,35
A000152,2026-04-25 10:18:48.332557,2,4,27
A000152,2026-05-25 10:18:48.332557,2,4,31
A000152,2026-06-24 10:18:48.332557,2,4,24
A000152,2026-07-24 10:18:48.332557,2,4,34
A000153,2024-06-12 12:24:20.030943,3,2,57
A000153,2024-07-12 12:24:20.030943,3,2,24
A000153,2024-08-11 12:24:20.030943,3,2,57
A000153,2024-09-10 12:24:20.030943,3,2,52
A000153,2024-10-10 12:24:20.030943,2,2,30
A000153,2024-11-09 12:24:20.030943,2,2,17
A000153,2024-12-09 12:24:20.030943,2,2,31
A000153,2025-01-08 12:24:20.030943,2,1,23
A000153,2025-02-07 12:24:20.030943,2,1,33
A000153,2025-03-09 12:24:20.030943,2,1,21
A000153,2025-04-08 12:24:20.030943,1,1,12
A000153,2025-05-08 12:24:20.030943,1,1,13
A000154,2024-11-16 21:01:16.422500,8,2,69
A000154,2024-12-16 21:01:16.422500,7,2,66
A000154,2025-01-15 21:01:16.422500,7,2,93
A000154,2025-02-14 21:01:16.422500,7,2,68
A000154,2025-03-16 21:01:16.422500,7,2,92
A000154,2025-04-15 21:01:16.422500,7,2,70
A000154,2025-05-15 21:01:16.422500,7,2,92
A000154,2025-06-14 21:01:16.422500,6,2,50
A000154,2025-07-14 21:01:16.422500,7,2,70
A000154,2025-08-13 21:01:16.422500,7,2,76
A000154,2025-09-12 21:01:16.422500,7,2,98
A000154,2025-10-12 21:01:16.422500,6,2,65
A000154,2025-12-11 21:01:16.422500,7,2,132
A000154,2026-01-10 21:01:16.422500,7,2,128
A000154,2026-02-09 21:01:16.422500,7,2,106
A000154,2026-03-11 21:01:16.422500,7,2,71
A000154,2026-04-10 21:01:16.422500,7,2,77
A000154,2026-05-10 21:01:16.422500,6,2,104
A000154,2026-06-09 21:01:16.422500,7,2,65
A000155,2023-11-11 17:41:36.280859,2,3,27
A000155,2023-12-11 17:41:36.280859,2,3,34
A000155,2024-01-10 17:41:36.280859,2,3,40
A000155,2024-02-09 17:41:36.280859,2,3,22
A000155,2024-03-10 17:41:36.280859,2,3,32
A000155,2024-04-09 17:41:36.280859,2,3,23
A000155,2024-05-09 17:41:36.280859,2,3,28
A000155,2024-06-08 17:41:36.280859,2,3,18
A000155,2024-07-08 17:41:36.280859,2,3,16
A000155,2024-08-07 17:41:36.280859,2,3,22
A000155,2024-09-06 17:41:36.280859,2,3,15
A000155,2024-10-06 17:41:36.280859,2,3,25
A000155,2024-11-05 17:41:36.280859,2,3,33
A000155,2024-12-05 17:41:36.280859,2,3,15
A000155,2025-01-04 17:41:36.280859,2,3,30
A000155,2025-02-03 17:41:36.280859,2,3,29
A000155,2025-03-05 17:41:36.280859,2,3,35
A000155,2025-04-04 17:41:36.280859,2,3,23
A000155,2025-05-04 17:41:36.280859,2,3,15
A000155,2025-06-03 17:41:36.280859,2,3,26
A000155,2025-07-03 17:41:36.280859,2,3,25
A000155,2025-09-01 17:41:36.280859,2,3,33
A000155,2025-10-01 17:41:36.280859,2,3,23
A000155,2025-10-31 17:41:36.280859,2,3,25
A000155,2025-11-30 17:41:36.280859,2,3,17
A000155,2025-12-30 17:41:36.280859,2,3,39
A000155,2026-01-29 17:41:36.280859,2,3,40
A000155,2026-02-28 17:41:36.280859,2,3,18
A000155,2026-03-30 17:41:36.280859,2,3,23
A000155,2026-06-28 17:41:36.280859,2,3,18
A000155,2026-07-28 17:41:36.280859,2,3,29
A000156,2023-03-09 06:48:38.993542,5,2,55
A000156,2023-04-08 06:48:38.993542,5,2,101
A000156,2023-05-08 06:48:38.993542,6,2,48
A000156,2023-06-07 06:48:38.993542,5,2,63
A000156,2023-07-07 06:48:38.993542,5,2,88
A000156,2023-08-06 06:48:38.993542,5,3,81
A000156,2023-09-05 06:48:38.993542,5,3,60
A000156,2023-10-05 06:48:38.993542,6,3,49
A000156,2023-11-04 06:48:38.993542,5,3,43
A000156,2023-12-04 06:48:38.993542,6,3,58
A000156,2024-01-03 06:48:38.993542,6,3,99
A000156,2024-02-02 06:48:38.993542,6,3,71
A000156,2024-03-03 06:48:38.993542,5,3,88
A000156,2024-04-02 06:48:38.993542,6,4,89
A000156,2024-05-02 06:48:38.993542,6,4,75
A000156,2024-06-01 06:48:38.993542,6,4,48
A000156,2024-07-01 06:48:38.993542,7,4,58
A000156,2024-07-31 06:48:38.993542,7,4,57
A000156,2024-08-30 06:48:38.993542,7,4,63
A000156,2024-09-29 06:48:38.993542,8,4,104
A000156,2024-10-29 06:48:38.993542,6,4,64
A000156,2024-11-28 06:48:38.993542,7,5,106
A000156,2024-12-28 06:48:38.993542,6,5,118
A000156,2025-01-27 06:48:38.993542,7,5,122
A000156,2025-02-26 06:48:38.993542,7,5,91
A000156,2025-03-28 06:48:38.993542,6,5,80
A000156,2025-04-27 06:48:38.993542,7,5,122
A000156,2025-05-27 06:48:38.993542,7,5,136
A000156,2025-06-26 06:48:38.993542,8,5,122
A000156,2025-07-26 06:48:38.993542,8,6,120
A000156,2025-08-25 06:48:38.993542,9,6,178
A000156,2025-09-24 06:48:38.993542,7,6,99
A000156,2025-10-24 06:48:38.993542,8,6,147
A000156,2025-12-23 06:48:38.993542,8,6,72
A000156,2026-01-22 06:48:38.993542,9,6,85
A000156,2026-03-23 06:48:38.993542,9,7,86
A000156,2026-04-22 06:48:38.993542,8,7,139
A000156,2026-05-22 06:48:38.993542,8,7,81
A000156,2026-06-21 06:48:38.993542,8,7,90
A000156,2026-07-21 06:48:38.993542,9,7,110
A000157,2025-04-01 04:19:15.459146,8,3,118
A000157,2025-05-01 04:19:15.459146,8,3,116
A000157,2025-05-31 04:19:15.459146,7,3,110
A000157,2025-06-30 04:19:15.459146,7,3,123
A000157,2025-07-30 04:19:15.459146,8,3,78
A000157,2025-08-29 04:19:15.459146,7,3,102
A000157,2025-10-28 04:19:15.459146,9,3,127
A000157,2025-11-27 04:19:15.459146,8,3,131
A000157,2025-12-27 04:19:15.459146,7,3,59
A000157,2026-01-26 04:19:15.459146,8,3,100
A000157,2026-02-25 04:19:15.459146,8,3,151
A000157,2026-03-27 04:19:15.459146,8,3,84
A000157,2026-04-26 04:19:15.459146,7,3,128
A000157,2026-05-26 04:19:15.459146,8,3,146
A000157,2026-06-25 04:19:15.459146,8,3,69
A000157,2026-07-25 04:19:15.459146,8,3,69
A000158,2026-06-01 21:54:35.892116,5,3,49
A000158,2026-07-01 21:54:35.892116,3,2,49
A000158,2026-07-31 21:54:35.892116,2,2,38
A000159,2025-12-27 04:19:30.660623,6,4,51
A000159,2026-01-26 04:19:30.660623,4,3,39
A000159,2026-02-25 04:19:30.660623,3,2,41
A000160,2023-05-05 02:39:54.027969,2,2,20
A000160,2023-06-04 02:39:54.027969,2,2,25
A000160,2023-07-04 02:39:54.027969,2,2,36
A000160,2023-08-03 02:39:54.027969,2,2,37
A000160,2023-09-02 02:39:54.027969,2,2,33
A000160,2023-10-02 02:39:54.027969,2,2,25
A000160,2023-11-01 02:39:54.027969,2,2,28
A000160,2023-12-31 02:39:54.027969,2,2,38
A000160,2024-01-30 02:39:54.027969,2,2,36
A000160,2024-03-30 02:39:54.027969,2,2,28
A000160,2024-04-29 02:39:54.027969,2,2,39
A000160,2024-05-29 02:39:54.027969,2,2,34
A000160,2024-07-28 02:39:54.027969,2,2,28
A000160,2024-08-27 02:39:54.027969,2,2,26
A000160,2024-09-26 02:39:54.027969,2,2,23
A000160,2024-10-26 02:39:54.027969,2,2,23
A000160,2024-11-25 02:39:54.027969,2,2,30
A000160,2024-12-25 02:39:54.027969,2,2,36
A000160,2025-01-24 02:39:54.027969,2,2,28
A000160,2025-02-23 02:39:54.027969,2,2,32
A000160,2025-03-25 02:39:54.027969,2,2,17
A000160,2025-04-24 02:39:54.027969,2,2,35
A000160,2025-06-23 02:39:54.027969,2,2,27
A000160,2025-07-23 02:39:54.027969,2,2,19
A000160,2025-08-22 02:39:54.027969,2,2,23
A000160,2025-09-21 02:39:54.027969,2,2,38
A000160,2025-10-21 02:39:54.027969,2,2,20
A000160,2025-11-20 02:39:54.027969,2,2,22
A000160,2025-12-20 02:39:54.027969,2,2,15
A000160,2026-01-19 02:39:54.027969,2,2,22
A000160,2026-02-18 02:39:54.027969,2,2,31
A000160,2026-03-20 02:39:54.027969,2,2,19
A000160,2026-04-19 02:39:54.027969,2,2,35
A000160,2026-05-19 02:39:54.027969,2,2,15
A000160,2026-06-18 02:39:54.027969,2,2,38
A000160,2026-07-18 02:39:54.027969,2,2,30
A000161,2025-05-11 22:51:28.727660,2,4,28
A000161,2025-06-10 22:51:28.727660,2,4,27
A000161,2025-07-10 22:51:28.727660,2,4,25
A000161,2025-08-09 22:51:28.727660,2,4,32
A000161,2025-09-08 22:51:28.727660,2,4,31
A000161,2025-10-08 22:51:28.727660,2,4,34
A000161,2025-11-07 22:51:28.727660,2,4,36
A000161,2025-12-07 22:51:28.727660,2,4,37
A000161,2026-01-06 22:51:28.727660,2,4,33
A000161,2026-02-05 22:51:28.727660,2,4,32
A000161,2026-03-07 22:51:28.727660,2,4,30
A000161,2026-04-06 22:51:28.727660,2,4,32
A000161,2026-05-06 22:51:28.727660,2,4,28
A000161,2026-06-05 22:51:28.727660,2,4,22
A000161,2026-07-05 22:51:28.727660,2,4,16
A000162,2024-10-28 19:22:38.874140,4,2,42
A000162,2024-11-27 19:22:38.874140,4,2,42
A000162,2024-12-27 19:22:38.874140,4,2,46
A000162,2025-01-26 19:22:38.874140,4,2,33
A000162,2025-02-25 19:22:38.874140,3,2,27
A000162,2025-03-27 19:22:38.874140,3,2,24
A000162,2025-04-26 19:22:38.874140,2,2,35
A000162,2025-05-26 19:22:38.874140,2,2,40
A000162,2025-06-25 19:22:38.874140,2,2,22
A000162,2025-07-25 19:22:38.874140,2,1,40
A000162,2025-08-24 19:22:38.874140,2,1,41
A000162,2025-09-23 19:22:38.874140,2,1,38
A000162,2025-10-23 19:22:38.874140,2,1,28
A000162,2025-11-22 19:22:38.874140,1,1,19
A000163,2023-05-11 22:34:04.006403,10,2,163
A000163,2023-06-10 22:34:04.006403,9,2,75
A000163,2023-07-10 22:34:04.006403,10,2,117
A000163,2023-08-09 22:34:04.006403,8,2,143
A000163,2023-09-08 22:34:04.006403,9,2,134
A000163,2023-10-08 22:34:04.006403,8,2,132
A000163,2023-11-07 22:34:04.006403,7,1,78
A000163,2023-12-07 22:34:04.006403,6,1,92
A000163,2024-01-06 22:34:04.006403,5,1,50
A000163,2024-02-05 22:34:04.006403,5,1,75
A000164,2026-02-25 03:55:51.711191,2,3,20
A000164,2026-03-27 03:55:51.711191,2,4,46
A000164,2026-04-26 03:55:51.711191,2,5,26
A000164,2026-05-26 03:55:51.711191,3,6,22
A000164,2026-06-25 03:55:51.711191,3,7,35
A000164,2026-07-25 03:55:51.711191,4,8,31
A000165,2025-07-01 14:31:37.012852,8,3,157
A000165,2025-07-31 14:31:37.012852,9,3,104
A000165,2025-08-30 14:31:37.012852,8,3,144
A000165,2025-09-29 14:31:37.012852,7,3,105
A000165,2025-10-29 14:31:37.012852,8,3,95
A000165,2025-11-28 14:31:37.012852,8,3,82
A000165,2025-12-28 14:31:37.012852,8,3,71
A000165,2026-01-27 14:31:37.012852,8,3,115
A000165,2026-02-26 14:31:37.012852,7,3,112
A000165,2026-03-28 14:31:37.012852,8,3,84
A000165,2026-04-27 14:31:37.012852,8,3,130
A000165,2026-05-27 14:31:37.012852,8,3,145
A000165,2026-06-26 14:31:37.012852,8,3,111
A000165,2026-07-26 14:31:37.012852,8,3,89
A000166,2025-04-02 06:43:43.452586,2,2,27
A000166,2025-05-02 06:43:43.452586,2,2,25
A000166,2025-06-01 06:43:43.452586,2,2,30
A000166,2025-07-01 06:43:43.452586,2,2,34
A000166,2025-07-31 06:43:43.452586,2,2,27
A000166,2025-08-30 06:43:43.452586,1,2,15
A000166,2025-09-29 06:43:43.452586,1,2,15
A000166,2025-11-28 06:43:43.452586,1,1,8
A000166,2025-12-28 06:43:43.452586,1,1,11
A000166,2026-01-27 06:43:43.452586,1,1,11
A000167,2025-01-06 17:07:39.717123,17,3,194
A000167,2025-02-05 17:07:39.717123,17,3,293
A000167,2025-03-07 17:07:39.717123,18,3,248
A000167,2025-05-06 17:07:39.717123,17,3,253
A000167,2025-06-05 17:07:39.717123,16,3,195
A000167,2025-07-05 17:07:39.717123,19,3,203
A000167,2025-08-04 17:07:39.717123,18,3,177
A000167,2025-09-03 17:07:39.717123,17,3,143
A000167,2025-10-03 17:07:39.717123,16,3,313
A000167,2025-11-02 17:07:39.717123,17,3,158
A000167,2025-12-02 17:07:39.717123,17,3,200
A000167,2026-01-01 17:07:39.717123,16,3,236
A000167,2026-01-31 17:07:39.717123,16,3,299
A000167,2026-03-02 17:07:39.717123,19,3,259
A000167,2026-04-01 17:07:39.717123,16,3,211
A000167,2026-05-01 17:07:39.717123,18,3,299
A000167,2026-05-31 17:07:39.717123,16,3,303
A000167,2026-06-30 17:07:39.717123,16,3,273
A000167,2026-07-30 17:07:39.717123,18,3,174
A000168,2023-10-23 16:06:47.461942,8,4,126
A000168,2023-11-22 16:06:47.461942,8,4,144
A000168,2023-12-22 16:06:47.461942,8,4,70
A000168,2024-01-21 16:06:47.461942,8,4,104
A000168,2024-02-20 16:06:47.461942,8,5,118
A000168,2024-03-21 16:06:47.461942,8,5,128
A000168,2024-04-20 16:06:47.461942,9,5,136
A000168,2024-05-20 16:06:47.461942,9,5,84
A000168,2024-06-19 16:06:47.461942,8,5,157
A000168,2024-07-19 16:06:47.461942,8,5,79
A000168,2024-08-18 16:06:47.461942,7,6,91
A000168,2024-09-17 16:06:47.461942,10,6,184
A000168,2024-10-17 16:06:47.461942,10,6,93
A000168,2024-11-16 16:06:47.461942,8,6,120
A000168,2024-12-16 16:06:47.461942,10,6,120
A000168,2025-01-15 16:06:47.461942,9,6,163
A000168,2025-02-14 16:06:47.461942,9,6,154
A000168,2025-03-16 16:06:47.461942,10,7,86
A000168,2025-04-15 16:06:47.461942,11,7,157
A000168,2025-05-15 16:06:47.461942,9,7,157
A000168,2025-06-14 16:06:47.461942,10,7,142
A000168,2025-07-14 16:06:47.461942,9,7,99
A000168,2025-08-13 16:06:47.461942,10,7,164
A000168,2025-09-12 16:06:47.461942,11,7,125
A000168,2025-10-12 16:06:47.461942,11,8,112
A000168,2025-11-11 16:06:47.461942,10,8,132
A000168,2025-12-11 16:06:47.461942,12,8,122
A000168,2026-01-10 16:06:47.461942,11,8,133
A000168,2026-02-09 16:06:47.461942,13,8,207
A000168,2026-03-11 16:06:47.461942,13,8,129
A000168,2026-04-10 16:06:47.461942,11,9,200
A000168,2026-05-10 16:06:47.461942,14,9,220
A000168,2026-06-09 16:06:47.461942,11,9,195
A000168,2026-07-09 16:06:47.461942,14,9,237
A000169,2025-12-09 15:09:23.044899,2,4,17
A000169,2026-01-08 15:09:23.044899,3,5,49
A000169,2026-03-09 15:09:23.044899,3,6,48
A000169,2026-04-08 15:09:23.044899,3,7,56
A000169,2026-05-08 15:09:23.044899,3,8,26
A000169,2026-06-07 15:09:23.044899,4,8,53
A000169,2026-07-07 15:09:23.044899,4,9,45
A000170,2023-10-20 21:13:46.434662,5,3,98
A000170,2023-11-19 21:13:46.434662,4,3,79
A000170,2023-12-19 21:13:46.434662,4,3,60
A000170,2024-01-18 21:13:46.434662,3,2,59
A000170,2024-02-17 21:13:46.434662,3,2,54
A000170,2024-03-18 21:13:46.434662,3,2,44
A000170,2024-04-17 21:13:46.434662,2,2,30
A000171,2024-07-12 00:04:19.333186,2,4,23
A000171,2024-08-11 00:04:19.333186,2,4,17
A000171,2024-09-10 00:04:19.333186,2,4,32
A000171,2024-10-10 00:04:19.333186,2,5,24
A000171,2024-11-09 00:04:19.333186,2,5,40
A000171,2024-12-09 00:04:19.333186,2,5,33
A000171,2025-01-08 00:04:19.333186,3,5,32
A000171,2025-02-07 00:04:19.333186,2,5,26
A000171,2025-03-09 00:04:19.333186,2,6,35
A000171,2025-04-08 00:04:19.333186,3,6,30
A000171,2025-05-08 00:04:19.333186,3,6,46
A000171,2025-06-07 00:04:19.333186,3,6,58
A000171,2025-07-07 00:04:19.333186,3,6,55
A000171,2025-08-06 00:04:19.333186,3,7,27
A000171,2025-09-05 00:04:19.333186,3,7,47
A000171,2025-10-05 00:04:19.333186,3,7,60
A000171,2025-11-04 00:04:19.333186,3,7,30
A000171,2025-12-04 00:04:19.333186,3,7,35
A000171,2026-01-03 00:04:19.333186,3,8,32
A000171,2026-02-02 00:04:19.333186,3,8,56
A000171,2026-03-04 00:04:19.333186,3,8,50
A000171,2026-04-03 00:04:19.333186,3,8,29
A000171,2026-05-03 00:04:19.333186,3,8,51
A000171,2026-06-02 00:04:19.333186,4,9,56
A000171,2026-07-02 00:04:19.333186,4,9,32
A000171,2026-08-01 00:04:19.333186,4,9,67
A000172,2024-11-20 15:34:55.575164,2,4,28
A000172,2024-12-20 15:34:55.575164,2,4,27
A000172,2025-01-19 15:34:55.575164,2,3,23
A000172,2025-02-18 15:34:55.575164,1,3,18
A000172,2025-03-20 15:34:55.575164,1,3,11
A000172,2025-04-19 15:34:55.575164,1,3,9
A000172,2025-05-19 15:34:55.575164,1,2,10
A000173,2026-03-21 16:34:03.150683,2,2,33
A000173,2026-04-20 16:34:03.150683,2,2,43
A000173,2026-07-19 16:34:03.150683,2,2,37
A000174,2026-05-10 19:45:10.272973,17,3,222
A000174,2026-06-09 19:45:10.272973,16,3,204
A000174,2026-07-09 19:45:10.272973,17,3,340
A000175,2023-07-21 16:04:10.670410,11,4,93
A000175,2023-08-20 16:04:10.670410,11,4,148
A000175,2023-09-19 16:04:10.670410,11,4,107
A000175,2023-10-19 16:04:10.670410,11,4,117
A000175,2023-11-18 16:04:10.670410,12,4,204
A000175,2023-12-18 16:04:10.670410,10,4,184
A000175,2024-01-17 16:04:10.670410,11,4,143
A000175,2024-02-16 16:04:10.670410,11,4,130
A000175,2024-03-17 16:04:10.670410,10,4,98
A000175,2024-04-16 16:04:10.670410,11,4,99
A000175,2024-05-16 16:04:10.670410,11,4,193
A000175,2024-06-15 16:04:10.670410,11,4,132
A000175,2024-07-15 16:04:10.670410,12,4,198
A000175,2024-08-14 16:04:10.670410,12,4,102
A000175,2024-09-13 16:04:10.670410,10,4,124
A000175,2024-10-13 16:04:10.670410,11,4,221
A000175,2024-11-12 16:04:10.670410,11,4,190
A000175,2024-12-12 16:04:10.670410,10,4,98
A000175,2025-01-11 16:04:10.670410,10,4,86
A000175,2025-02-10 16:04:10.670410,12,4,197
A000175,2025-03-12 16:04:10.670410,11,4,161
A000175,2025-04-11 16:04:10.670410,11,4,207
A000175,2025-05-11 16:04:10.670410,12,4,186
A000175,2025-06-10 16:04:10.670410,11,4,127
A000175,2025-07-10 16:04:10.670410,11,4,117
A000175,2025-08-09 16:04:10.670410,11,4,214
A000175,2025-09-08 16:04:10.670410,10,4,169
A000175,2025-10-08 16:04:10.670410,11,4,168
A000175,2025-11-07 16:04:10.670410,11,4,120
A000175,2025-12-07 16:04:10.670410,10,4,180
A000175,2026-01-06 16:04:10.670410,10,4,196
A000175,2026-02-05 16:04:10.670410,12,4,96
A000175,2026-03-07 16:04:10.670410,10,4,126
A000175,2026-04-06 16:04:10.670410,11,4,171
A000175,2026-05-06 16:04:10.670410,12,4,110
A000175,2026-06-05 16:04:10.670410,11,4,191
A000175,2026-07-05 16:04:10.670410,11,4,196
A000176,2026-04-01 06:23:29.049657,5,2,64
A000176,2026-05-01 06:23:29.049657,4,2,70
A000176,2026-05-31 06:23:29.049657,2,2,31
A000176,2026-06-30 06:23:29.049657,2,1,40
A000176,2026-07-30 06:23:29.049657,2,1,25
A000177,2026-07-30 03:43:48.150905,1,1,11
A000179,2025-03-14 23:57:42.214893,3,2,54
A000179,2025-04-13 23:57:42.214893,2,2,26
A000179,2025-05-13 23:57:42.214893,2,2,26
A000179,2025-06-12 23:57:42.214893,2,2,40
A000179,2025-07-12 23:57:42.214893,2,1,24
A000179,2025-08-11 23:57:42.214893,2,1,27
A000179,2025-09-10 23:57:42.214893,1,1,10
A000180,2025-10-15 10:49:36.882607,19,4,193
A000180,2025-11-14 10:49:36.882607,20,4,193
A000180,2025-12-14 10:49:36.882607,22,4,346
A000180,2026-01-13 10:49:36.882607,20,4,374
A000180,2026-02-12 10:49:36.882607,18,4,290
A000180,2026-03-14 10:49:36.882607,21,4,421
A000180,2026-04-13 10:49:36.882607,21,4,208
A000180,2026-05-13 10:49:36.882607,22,4,273
A000180,2026-06-12 10:49:36.882607,20,4,330
A000180,2026-07-12 10:49:36.882607,21,4,418
A000181,2025-05-12 07:02:23.500422,7,2,94
A000181,2025-06-11 07:02:23.500422,7,2,121
A000181,2025-07-11 07:02:23.500422,6,3,91
A000181,2025-08-10 07:02:23.500422,8,3,114
A000181,2025-09-09 07:02:23.500422,7,3,115
A000181,2025-10-09 07:02:23.500422,9,4,110
A000181,2025-11-08 07:02:23.500422,7,4,70
A000181,2025-12-08 07:02:23.500422,10,4,106
A000181,2026-02-06 07:02:23.500422,8,5,93
A000181,2026-03-08 07:02:23.500422,9,6,98
A000181,2026-04-07 07:02:23.500422,11,6,221
A000181,2026-05-07 07:02:23.500422,9,6,184
A000181,2026-06-06 07:02:23.500422,12,7,228
A000181,2026-07-06 07:02:23.500422,12,7,160
A000182,2024-04-28 05:57:19.547331,2,3,34
A000182,2024-05-28 05:57:19.547331,2,3,33
A000182,2024-06-27 05:57:19.547331,2,3,27
A000182,2024-07-27 05:57:19.547331,2,3,30
A000182,2024-08-26 05:57:19.547331,2,3,33
A000182,2024-09-25 05:57:19.547331,2,3,35
A000182,2024-10-25 05:57:19.547331,2,3,30
A000182,2024-11-24 05:57:19.547331,2,3,32
A000182,2024-12-24 05:57:19.547331,2,3,17
A000182,2025-01-23 05:57:19.547331,2,3,35
A000182,2025-02-22 05:57:19.547331,2,3,37
A000182,2025-03-24 05:57:19.547331,2,3,18
A000182,2025-04-23 05:57:19.547331,2,3,28
A000182,2025-05-23 05:57:19.547331,2,3,18
A000182,2025-06-22 05:57:19.547331,2,3,26
A000182,2025-07-22 05:57:19.547331,2,3,35
A000182,2025-08-21 05:57:19.547331,2,3,19
A000182,2025-09-20 05:57:19.547331,2,3,31
A000182,2025-10-20 05:57:19.547331,2,3,28
A000182,2025-11-19 05:57:19.547331,2,3,32
A000182,2025-12-19 05:57:19.547331,2,3,34
A000182,2026-01-18 05:57:19.547331,2,3,32
A000182,2026-02-17 05:57:19.547331,2,3,36
A000182,2026-03-19 05:57:19.547331,2,3,26
A000182,2026-04-18 05:57:19.547331,2,3,15
A000182,2026-05-18 05:57:19.547331,2,3,42
A000182,2026-06-17 05:57:19.547331,2,3,22
A000182,2026-07-17 05:57:19.547331,2,3,17
A000183,2025-10-11 02:17:55.529948,3,3,31
A000183,2025-11-10 02:17:55.529948,4,4,54
A000183,2025-12-10 02:17:55.529948,4,4,31
A000183,2026-01-09 02:17:55.529948,4,5,48
A000183,2026-02-08 02:17:55.529948,4,5,76
A000183,2026-03-10 02:17:55.529948,5,6,63
A000183,2026-04-09 02:17:55.529948,4,6,72
A000183,2026-05-09 02:17:55.529948,5,7,50
A000183,2026-06-08 02:17:55.529948,5,7,79
A000183,2026-07-08 02:17:55.529948,5,8,45
A000184,2023-11-27 18:02:13.638939,5,2,71
A000184,2023-12-27 18:02:13.638939,5,2,90
A000184,2024-01-26 18:02:13.638939,5,2,53
A000184,2024-02-25 18:02:13.638939,5,2,85
A000184,2024-03-26 18:02:13.638939,5,2,95
A000184,2024-04-25 18:02:13.638939,5,2,63
A000184,2024-05-25 18:02:13.638939,5,2,67
A000184,2024-06-24 18:02:13.638939,5,2,79
A000184,2024-07-24 18:02:13.638939,5,2,99
A000184,2024-08-23 18:02:13.638939,5,2,91
A000184,2024-09-22 18:02:13.638939,5,2,85
A000184,2024-10-22 18:02:13.638939,5,2,57
A000184,2024-11-21 18:02:13.638939,5,2,46
A000184,2024-12-21 18:02:13.638939,5,2,79
A000184,2025-01-20 18:02:13.638939,5,2,44
A000184,2025-02-19 18:02:13.638939,5,2,75
A000184,2025-03-21 18:02:13.638939,5,2,74
A000184,2025-04-20 18:02:13.638939,5,2,71
A000184,2025-05-20 18:02:13.638939,5,2,66
A000184,2025-06-19 18:02:13.638939,5,2,61
A000184,2025-07-19 18:02:13.638939,5,2,90
A000184,2025-08-18 18:02:13.638939,5,2,75
A000184,2025-09-17 18:02:13.638939,5,2,48
A000184,2025-10-17 18:02:13.638939,5,2,93
A000184,2025-11-16 18:02:13.638939,5,2,64
A000184,2025-12-16 18:02:13.638939,5,2,86
A000184,2026-01-15 18:02:13.638939,5,2,82
A000184,2026-02-14 18:02:13.638939,5,2,93
A000184,2026-03-16 18:02:13.638939,5,2,74
A000184,2026-04-15 18:02:13.638939,5,2,61
A000184,2026-05-15 18:02:13.638939,5,2,76
A000184,2026-06-14 18:02:13.638939,5,2,63
A000184,2026-07-14 18:02:13.638939,5,2,83
A000185,2026-08-04 12:44:05.683137,22,3,402
A000186,2026-02-05 19:11:22.727810,4,2,67
A000186,2026-03-07 19:11:22.727810,4,2,81
A000186,2026-04-06 19:11:22.727810,4,2,31
A000186,2026-06-05 19:11:22.727810,4,2,58
A000186,2026-07-05 19:11:22.727810,4,2,65
A000187,2026-01-05 16:03:15.700163,6,4,106
A000187,2026-02-04 16:03:15.700163,6,4,63
A000187,2026-03-06 16:03:15.700163,6,4,70
A000187,2026-04-05 16:03:15.700163,6,4,92
A000187,2026-05-05 16:03:15.700163,6,4,91
A000187,2026-06-04 16:03:15.700163,6,4,102
A000187,2026-07-04 16:03:15.700163,7,4,121
A000188,2024-11-11 07:05:54.382636,12,4,101
A000188,2024-12-11 07:05:54.382636,14,4,163
A000188,2025-01-10 07:05:54.382636,15,4,250
A000188,2025-02-09 07:05:54.382636,15,5,143
A000188,2025-03-11 07:05:54.382636,14,5,235
A000188,2025-04-10 07:05:54.382636,14,5,232
A000188,2025-05-10 07:05:54.382636,18,6,332
A000188,2025-06-09 07:05:54.382636,14,6,265
A000188,2025-07-09 07:05:54.382636,16,6,212
A000188,2025-08-08 07:05:54.382636,18,6,230
A000188,2025-09-07 07:05:54.382636,19,6,340
A000188,2025-10-07 07:05:54.382636,20,7,215
A000188,2025-11-06 07:05:54.382636,22,7,353
A000188,2025-12-06 07:05:54.382636,18,7,295
A000188,2026-01-05 07:05:54.382636,17,8,270
A000188,2026-02-04 07:05:54.382636,23,8,349
A000188,2026-03-06 07:05:54.382636,20,8,398
A000188,2026-05-05 07:05:54.382636,19,8,381
A000188,2026-06-04 07:05:54.382636,20,9,317
A000188,2026-07-04 07:05:54.382636,27,9,293
A000189,2023-06-23 04:51:52.583865,32,3,267
A000189,2023-07-23 04:51:52.583865,35,3,626
A000189,2023-08-22 04:51:52.583865,31,3,522
A000189,2023-09-21 04:51:52.583865,36,3,632
A000189,2023-10-21 04:51:52.583865,32,3,570
A000189,2023-11-20 04:51:52.583865,35,3,478
A000189,2023-12-20 04:51:52.583865,32,3,522
A000189,2024-01-19 04:51:52.583865,33,3,523
A000189,2024-02-18 04:51:52.583865,32,3,460
A000189,2024-04-18 04:51:52.583865,32,3,583
A000189,2024-06-17 04:51:52.583865,33,3,314
A000189,2024-07-17 04:51:52.583865,33,3,267
A000189,2024-08-16 04:51:52.583865,32,3,582
A000189,2024-09-15 04:51:52.583865,33,3,363
A000189,2024-10-15 04:51:52.583865,35,3,658
A000189,2024-11-14 04:51:52.583865,34,3,654
A000189,2024-12-14 04:51:52.583865,30,3,601
A000189,2025-01-13 04:51:52.583865,36,3,384
A000189,2025-02-12 04:51:52.583865,31,3,608
A000189,2025-03-14 04:51:52.583865,34,3,493
A000189,2025-04-13 04:51:52.583865,33,3,403
A000189,2025-05-13 04:51:52.583865,34,3,273
A000189,2025-06-12 04:51:52.583865,36,3,509
A000189,2025-07-12 04:51:52.583865,34,3,379
A000189,2025-08-11 04:51:52.583865,33,3,412
A000189,2025-09-10 04:51:52.583865,36,3,463
A000189,2025-10-10 04:51:52.583865,36,3,702
A000189,2025-11-09 04:51:52.583865,34,3,521
A000189,2025-12-09 04:51:52.583865,32,3,398
A000189,2026-01-08 04:51:52.583865,32,3,293
A000189,2026-02-07 04:51:52.583865,31,3,251
A000189,2026-03-09 04:51:52.583865,31,3,518
A000189,2026-04-08 04:51:52.583865,32,3,390
A000189,2026-05-08 04:51:52.583865,30,3,419
A000189,2026-06-07 04:51:52.583865,31,3,413
A000189,2026-07-07 04:51:52.583865,33,3,453
A000190,2023-12-27 16:54:05.364160,10,3,132
A000190,2024-01-26 16:54:05.364160,8,3,102
A000190,2024-02-25 16:54:05.364160,7,2,59
A000190,2024-03-26 16:54:05.364160,4,2,49
A000191,2025-12-02 07:33:09.052742,20,2,381
A000191,2026-01-01 07:33:09.052742,18,2,200
A000191,2026-01-31 07:33:09.052742,20,2,174
A000191,2026-03-02 07:33:09.052742,18,2,276
A000191,2026-04-01 07:33:09.052742,20,2,213
A000191,2026-05-01 07:33:09.052742,20,2,317
A000191,2026-05-31 07:33:09.052742,19,2,254
A000191,2026-06-30 07:33:09.052742,18,2,225
A000191,2026-07-30 07:33:09.052742,20,2,284
A000192,2023-08-23 02:05:40.994137,2,3,31
A000192,2023-09-22 02:05:40.994137,2,3,38
A000192,2023-10-22 02:05:40.994137,2,3,20
A000192,2023-11-21 02:05:40.994137,2,3,16
A000192,2023-12-21 02:05:40.994137,2,4,26
A000192,2024-01-20 02:05:40.994137,2,4,23
A000192,2024-02-19 02:05:40.994137,2,4,27
A000192,2024-03-20 02:05:40.994137,3,4,52
A000192,2024-04-19 02:05:40.994137,3,4,21
A000192,2024-05-19 02:05:40.994137,2,4,24
A000192,2024-06-18 02:05:40.994137,3,4,38
A000192,2024-07-18 02:05:40.994137,3,5,32
A000192,2024-08-17 02:05:40.994137,2,5,39
A000192,2024-09-16 02:05:40.994137,3,5,49
A000192,2024-10-16 02:05:40.994137,2,5,25
A000192,2024-11-15 02:05:40.994137,3,5,44
A000192,2024-12-15 02:05:40.994137,2,5,27
A000192,2025-01-14 02:05:40.994137,3,5,29
A000192,2025-02-13 02:05:40.994137,3,6,45
A000192,2025-03-15 02:05:40.994137,3,6,28
A000192,2025-04-14 02:05:40.994137,3,6,50
A000192,2025-05-14 02:05:40.994137,3,6,55
A000192,2025-06-13 02:05:40.994137,3,6,57
A000192,2025-07-13 02:05:40.994137,3,6,50
A000192,2025-08-12 02:05:40.994137,3,6,41
A000192,2025-09-11 02:05:40.994137,3,7,29
A000192,2025-10-11 02:05:40.994137,4,7,64
A000192,2025-11-10 02:05:40.994137,3,7,49
A000192,2025-12-10 02:05:40.994137,4,7,69
A000192,2026-01-09 02:05:40.994137,3,7,46
A000192,2026-02-08 02:05:40.994137,3,7,69
A000192,2026-03-10 02:05:40.994137,3,7,29
A000192,2026-04-09 02:05:40.994137,4,8,48
A000192,2026-05-09 02:05:40.994137,3,8,41
A000192,2026-06-08 02:05:40.994137,3,8,37
A000192,2026-07-08 02:05:40.994137,3,8,59
A000193,2024-08-12 04:32:50.125773,6,3,110
A000193,2024-09-11 04:32:50.125773,7,3,72
A000193,2024-10-11 04:32:50.125773,7,3,61
A000193,2024-11-10 04:32:50.125773,6,3,99
A000193,2024-12-10 04:32:50.125773,7,3,103
A000193,2025-01-09 04:32:50.125773,8,3,105
A000193,2025-02-08 04:32:50.125773,7,3,84
A000193,2025-03-10 04:32:50.125773,8,3,119
A000193,2025-04-09 04:32:50.125773,7,3,126
A000193,2025-05-09 04:32:50.125773,6,3,88
A000193,2025-06-08 04:32:50.125773,7,3,135
A000193,2025-07-08 04:32:50.125773,7,3,93
A000193,2025-08-07 04:32:50.125773,7,3,116
A000193,2025-09-06 04:32:50.125773,7,3,90
A000193,2025-10-06 04:32:50.125773,7,3,139
A000193,2025-11-05 04:32:50.125773,7,3,96
A000193,2025-12-05 04:32:50.125773,6,3,83
A000193,2026-01-04 04:32:50.125773,7,3,76
A000193,2026-02-03 04:32:50.125773,7,3,108
A000193,2026-03-05 04:32:50.125773,7,3,91
A000193,2026-04-04 04:32:50.125773,7,3,64
A000193,2026-05-04 04:32:50.125773,8,3,142
A000193,2026-06-03 04:32:50.125773,7,3,121
A000193,2026-07-03 04:32:50.125773,6,3,61
A000194,2025-05-05 07:29:32.096188,3,4,36
A000194,2025-06-04 07:29:32.096188,3,4,47
A000194,2025-07-04 07:29:32.096188,3,4,27
A000194,2025-08-03 07:29:32.096188,3,4,31
A000194,2025-10-02 07:29:32.096188,3,4,26
A000194,2025-11-01 07:29:32.096188,3,4,55
A000194,2025-12-01 07:29:32.096188,3,4,27
A000194,2025-12-31 07:29:32.096188,3,4,59
A000194,2026-01-30 07:29:32.096188,3,4,31
A000194,2026-03-01 07:29:32.096188,3,4,54
A000194,2026-03-31 07:29:32.096188,3,4,41
A000194,2026-04-30 07:29:32.096188,3,4,55
A000194,2026-05-30 07:29:32.096188,3,4,28
A000194,2026-06-29 07:29:32.096188,3,4,29
A000194,2026-07-29 07:29:32.096188,3,4,47
A000195,2025-05-07 19:16:38.479940,4,2,58
A000195,2025-06-06 19:16:38.479940,4,2,37
A000195,2025-07-06 19:16:38.479940,4,2,40
A000195,2025-08-05 19:16:38.479940,4,2,55
A000195,2025-09-04 19:16:38.479940,4,2,41
A000195,2025-10-04 19:16:38.479940,4,2,31
A000195,2025-11-03 19:16:38.479940,4,2,38
A000195,2025-12-03 19:16:38.479940,4,2,76
A000195,2026-01-02 19:16:38.479940,4,2,34
A000195,2026-02-01 19:16:38.479940,4,2,66
A000195,2026-03-03 19:16:38.479940,4,2,69
A000195,2026-04-02 19:16:38.479940,4,2,55
A000195,2026-05-02 19:16:38.479940,4,2,73
A000195,2026-06-01 19:16:38.479940,4,2,67
A000195,2026-07-01 19:16:38.479940,4,2,63
A000195,2026-07-31 19:16:38.479940,4,2,36
A000196,2023-12-09 14:55:51.078336,2,3,21
A000196,2024-01-08 14:55:51.078336,2,3,25
A000196,2024-02-07 14:55:51.078336,2,3,41
A000196,2024-03-08 14:55:51.078336,2,3,33
A000196,2024-05-07 14:55:51.078336,2,3,21
A000196,2024-06-06 14:55:51.078336,2,3,16
A000196,2024-07-06 14:55:51.078336,2,3,18
A000196,2024-08-05 14:55:51.078336,2,3,31
A000196,2024-09-04 14:55:51.078336,2,3,22
A000196,2024-11-03 14:55:51.078336,2,3,31
A000196,2025-01-02 14:55:51.078336,2,3,32
A000196,2025-02-01 14:55:51.078336,2,3,19
A000196,2025-03-03 14:55:51.078336,2,3,23
A000196,2025-04-02 14:55:51.078336,2,3,20
A000196,2025-05-02 14:55:51.078336,2,3,27
A000196,2025-06-01 14:55:51.078336,2,3,36
A000196,2025-07-01 14:55:51.078336,2,3,28
A000196,2025-07-31 14:55:51.078336,2,3,28
A000196,2025-08-30 14:55:51.078336,2,3,40
A000196,2025-09-29 14:55:51.078336,2,3,34
A000196,2025-10-29 14:55:51.078336,2,3,23
A000196,2025-11-28 14:55:51.078336,2,3,28
A000196,2025-12-28 14:55:51.078336,2,3,37
A000196,2026-01-27 14:55:51.078336,2,3,26
A000196,2026-02-26 14:55:51.078336,2,3,17
A000196,2026-03-28 14:55:51.078336,2,3,23
A000196,2026-04-27 14:55:51.078336,2,3,27
A000196,2026-05-27 14:55:51.078336,2,3,28
A000196,2026-06-26 14:55:51.078336,2,3,18
A000196,2026-07-26 14:55:51.078336,2,3,37
A000197,2025-04-02 02:24:41.063275,2,3,28
A000197,2025-05-02 02:24:41.063275,2,3,19
A000197,2025-06-01 02:24:41.063275,2,3,12
A000197,2025-08-30 02:24:41.063275,1,2,18
A000197,2025-09-29 02:24:41.063275,1,2,14
A000197,2025-10-29 02:24:41.063275,1,2,15
A000197,2025-11-28 02:24:41.063275,1,2,18
A000198,2026-03-22 13:00:16.455837,57,4,777
A000198,2026-04-21 13:00:16.455837,57,4,1104
A000198,2026-05-21 13:00:16.455837,61,4,524
A000198,2026-06-20 13:00:16.455837,61,4,902
A000198,2026-07-20 13:00:16.455837,52,4,419
A000199,2026-08-07 09:58:01.680808,9,4,76
A000200,2025-06-22 14:24:22.696149,7,4,107
A000200,2025-07-22 14:24:22.696149,7,4,89
A000200,2025-08-21 14:24:22.696149,8,4,130
A000200,2025-09-20 14:24:22.696149,7,4,122
A000200,2025-10-20 14:24:22.696149,7,4,101
A000200,2025-11-19 14:24:22.696149,6,4,105
A000200,2025-12-19 14:24:22.696149,7,4,111
A000200,2026-01-18 14:24:22.696149,7,4,85
A000200,2026-02-17 14:24:22.696149,8,4,95
A000200,2026-03-19 14:24:22.696149,8,4,62
A000200,2026-04-18 14:24:22.696149,6,4,114
A000200,2026-05-18 14:24:22.696149,7,4,104
A000200,2026-06-17 14:24:22.696149,7,4,74
A000200,2026-07-17 14:24:22.696149,7,4,109
A000201,2023-06-11 07:31:06.932941,8,2,124
A000201,2023-07-11 07:31:06.932941,9,2,80
A000201,2023-08-10 07:31:06.932941,7,2,145
A000201,2023-09-09 07:31:06.932941,9,2,128
A000201,2023-10-09 07:31:06.932941,8,2,70
A000201,2023-11-08 07:31:06.932941,8,2,72
A000201,2024-01-07 07:31:06.932941,9,2,136
A000201,2024-02-06 07:31:06.932941,8,2,134
A000201,2024-03-07 07:31:06.932941,8,2,68
A000201,2024-04-06 07:31:06.932941,8,2,157
A000201,2024-05-06 07:31:06.932941,8,2,106
A000201,2024-06-05 07:31:06.932941,8,2,78
A000201,2024-07-05 07:31:06.932941,9,2,166
A000201,2024-08-04 07:31:06.932941,8,2,69
A000201,2024-09-03 07:31:06.932941,8,2,114
A000201,2024-10-03 07:31:06.932941,9,2,125
A000201,2024-11-02 07:31:06.932941,9,2,134
A000201,2024-12-02 07:31:06.932941,9,2,70
A000201,2025-01-01 07:31:06.932941,8,2,72
A000201,2025-03-02 07:31:06.932941,8,2,123
A000201,2025-04-01 07:31:06.932941,8,2,70
A000201,2025-05-01 07:31:06.932941,8,2,145
A000201,2025-05-31 07:31:06.932941,8,2,123
A000201,2025-06-30 07:31:06.932941,8,2,152
A000201,2025-07-30 07:31:06.932941,8,2,80
A000201,2025-08-29 07:31:06.932941,8,2,64
A000201,2025-09-28 07:31:06.932941,8,2,85
A000201,2025-10-28 07:31:06.932941,8,2,104
A000201,2025-11-27 07:31:06.932941,8,2,82
A000201,2025-12-27 07:31:06.932941,9,2,99
A000201,2026-01-26 07:31:06.932941,8,2,70
A000201,2026-02-25 07:31:06.932941,8,2,131
A000201,2026-03-27 07:31:06.932941,9,2,166
A000201,2026-04-26 07:31:06.932941,8,2,73
A000201,2026-05-26 07:31:06.932941,8,2,144
A000201,2026-06-25 07:31:06.932941,8,2,120
A000202,2025-08-06 11:05:31.163167,5,4,49
A000202,2025-09-05 11:05:31.163167,6,4,101
A000202,2025-10-05 11:05:31.163167,5,3,69
A000202,2025-11-04 11:05:31.163167,5,3,92
A000202,2025-12-04 11:05:31.163167,4,3,56
A000202,2026-01-03 11:05:31.163167,3,3,36
A000202,2026-02-02 11:05:31.163167,2,2,28
A000203,2023-07-09 21:25:01.370402,16,3,292
A000203,2023-08-08 21:25:01.370402,17,3,297
A000203,2023-09-07 21:25:01.370402,18,3,229
A000203,2023-10-07 21:25:01.370402,17,3,191
A000203,2023-11-06 21:25:01.370402,18,3,221
A000203,2023-12-06 21:25:01.370402,19,3,201
A000203,2024-01-05 21:25:01.370402,17,3,296
A000203,2024-02-04 21:25:01.370402,17,3,167
A000203,2024-03-05 21:25:01.370402,17,3,224
A000203,2024-04-04 21:25:01.370402,19,3,347
A000203,2024-05-04 21:25:01.370402,19,3,355
A000203,2024-06-03 21:25:01.370402,19,3,344
A000203,2024-07-03 21:25:01.370402,16,3,188
A000203,2024-08-02 21:25:01.370402,19,3,355
A000203,2024-09-01 21:25:01.370402,17,3,141
A000203,2024-10-01 21:25:01.370402,20,3,290
A000203,2024-10-31 21:25:01.370402,18,3,195
A000203,2024-11-30 21:25:01.370402,19,3,303
A000203,2024-12-30 21:25:01.370402,19,3,169
A000203,2025-01-29 21:25:01.370402,20,3,298
A000203,2025-02-28 21:25:01.370402,17,3,302
A000203,2025-03-30 21:25:01.370402,18,3,339
A000203,2025-04-29 21:25:01.370402,16,3,206
A000203,2025-05-29 21:25:01.370402,18,3,306
A000203,2025-06-28 21:25:01.370402,18,3,355
A000203,2025-07-28 21:25:01.370402,18,3,284
A000203,2025-08-27 21:25:01.370402,16,3,160
A000203,2025-09-26 21:25:01.370402,18,3,213
A000203,2025-10-26 21:25:01.370402,18,3,335
A000203,2025-11-25 21:25:01.370402,17,3,214
A000203,2025-12-25 21:25:01.370402,18,3,279
A000203,2026-01-24 21:25:01.370402,19,3,240
A000203,2026-02-23 21:25:01.370402,18,3,300
A000203,2026-03-25 21:25:01.370402,17,3,262
A000203,2026-04-24 21:25:01.370402,17,3,183
A000203,2026-05-24 21:25:01.370402,19,3,384
A000203,2026-06-23 21:25:01.370402,17,3,236
A000203,2026-07-23 21:25:01.370402,19,3,247
A000204,2024-06-04 18:43:51.001512,43,2,354
A000204,2024-07-04 18:43:51.001512,48,2,636
A000204,2024-08-03 18:43:51.001512,44,2,841
A000204,2024-09-02 18:43:51.001512,45,2,381
A000204,2024-10-02 18:43:51.001512,41,2,750
A000204,2024-11-01 18:43:51.001512,44,2,575
A000204,2024-12-01 18:43:51.001512,40,2,320
A000204,2024-12-31 18:43:51.001512,47,2,401
A000204,2025-01-30 18:43:51.001512,40,2,668
A000204,2025-03-01 18:43:51.001512,40,2,380
A000204,2025-03-31 18:43:51.001512,47,2,532
A000204,2025-04-30 18:43:51.001512,41,2,771
A000204,2025-05-30 18:43:51.001512,47,2,493
A000204,2025-06-29 18:43:51.001512,46,2,503
A000204,2025-07-29 18:43:51.001512,43,2,641
A000204,2025-08-28 18:43:51.001512,47,2,506
A000204,2025-09-27 18:43:51.001512,47,2,839
A000204,2025-10-27 18:43:51.001512,45,2,607
A000204,2025-11-26 18:43:51.001512,46,2,636
A000204,2025-12-26 18:43:51.001512,45,2,516
A000204,2026-01-25 18:43:51.001512,40,2,484
A000204,2026-02-24 18:43:51.001512,40,2,652
A000204,2026-03-26 18:43:51.001512,42,2,616
A000204,2026-04-25 18:43:51.001512,45,2,882
A000204,2026-05-25 18:43:51.001512,41,2,527
A000204,2026-06-24 18:43:51.001512,47,2,705
A000204,2026-07-24 18:43:51.001512,41,2,362
A000205,2025-01-04 17:06:53.072048,2,4,20
A000205,2025-02-03 17:06:53.072048,2,4,27
A000205,2025-03-05 17:06:53.072048,2,4,33
A000205,2025-04-04 17:06:53.072048,2,4,21
A000205,2025-05-04 17:06:53.072048,2,4,35
A000205,2025-07-03 17:06:53.072048,2,4,15
A000205,2025-08-02 17:06:53.072048,2,4,31
A000205,2025-09-01 17:06:53.072048,2,4,20
A000205,2025-10-01 17:06:53.072048,2,4,35
A000205,2025-10-31 17:06:53.072048,2,4,25
A000205,2025-11-30 17:06:53.072048,2,4,21
A000205,2025-12-30 17:06:53.072048,2,4,36
A000205,2026-01-29 17:06:53.072048,2,4,19
A000205,2026-02-28 17:06:53.072048,2,4,18
A000205,2026-03-30 17:06:53.072048,2,4,23
A000205,2026-04-29 17:06:53.072048,2,4,26
A000205,2026-05-29 17:06:53.072048,2,4,26
A000205,2026-07-28 17:06:53.072048,2,4,17
A000206,2024-11-09 19:27:22.830403,7,4,115
A000206,2024-12-09 19:27:22.830403,7,4,64
A000206,2025-01-08 19:27:22.830403,7,4,76
A000206,2025-02-07 19:27:22.830403,7,4,135
A000206,2025-03-09 19:27:22.830403,7,4,56
A000206,2025-04-08 19:27:22.830403,7,4,69
A000206,2025-05-08 19:27:22.830403,7,4,108
A000206,2025-06-07 19:27:22.830403,8,4,148
A000206,2025-07-07 19:27:22.830403,7,4,90
A000206,2025-08-06 19:27:22.830403,7,4,113
A000206,2025-09-05 19:27:22.830403,8,4,99
A000206,2025-10-05 19:27:22.830403,6,4,56
A000206,2025-11-04 19:27:22.830403,7,4,137
A000206,2025-12-04 19:27:22.830403,8,4,91
A000206,2026-01-03 19:27:22.830403,8,4,62
A000206,2026-02-02 19:27:22.830403,6,4,128
A000206,2026-03-04 19:27:22.830403,7,4,132
A000206,2026-04-03 19:27:22.830403,7,4,114
A000206,2026-05-03 19:27:22.830403,7,4,69
A000206,2026-06-02 19:27:22.830403,7,4,111
A000206,2026-07-02 19:27:22.830403,7,4,135
A000206,2026-08-01 19:27:22.830403,7,4,82
A000207,2024-05-01 02:49:53.358535,2,2,22
A000207,2024-05-31 02:49:53.358535,2,2,34
A000207,2024-06-30 02:49:53.358535,2,2,39
A000207,2024-07-30 02:49:53.358535,2,3,36
A000207,2024-08-29 02:49:53.358535,2,3,38
A000207,2024-09-28 02:49:53.358535,3,3,52
A000207,2024-10-28 02:49:53.358535,3,3,21
A000207,2024-11-27 02:49:53.358535,3,3,46
A000207,2024-12-27 02:49:53.358535,3,3,25
A000207,2025-01-26 02:49:53.358535,2,4,30
A000207,2025-02-25 02:49:53.358535,3,4,46
A000207,2025-03-27 02:49:53.358535,3,4,47
A000207,2025-04-26 02:49:53.358535,3,4,36
A000207,2025-05-26 02:49:53.358535,3,4,30
A000207,2025-06-25 02:49:53.358535,3,5,32
A000207,2025-07-25 02:49:53.358535,3,5,37
A000207,2025-08-24 02:49:53.358535,3,5,28
A000207,2025-09-23 02:49:53.358535,3,5,25
A000207,2025-10-23 02:49:53.358535,3,5,53
A000207,2025-11-22 02:49:53.358535,3,6,60
A000207,2025-12-22 02:49:53.358535,3,6,32
A000207,2026-01-21 02:49:53.358535,4,6,34
A000207,2026-02-20 02:49:53.358535,3,6,60
A000207,2026-03-22 02:49:53.358535,3,6,65
A000207,2026-04-21 02:49:53.358535,4,6,72
A000207,2026-05-21 02:49:53.358535,4,7,41
A000207,2026-06-20 02:49:53.358535,4,7,48
A000207,2026-07-20 02:49:53.358535,3,7,35
A000208,2025-08-21 17:02:41.341490,2,3,16
A000208,2025-09-20 17:02:41.341490,2,3,23
A000208,2025-10-20 17:02:41.341490,2,3,32
A000208,2025-11-19 17:02:41.341490,2,3,27
A000208,2025-12-19 17:02:41.341490,2,3,21
A000208,2026-01-18 17:02:41.341490,2,3,25
A000208,2026-02-17 17:02:41.341490,2,3,38
A000208,2026-03-19 17:02:41.341490,2,3,37
A000208,2026-04-18 17:02:41.341490,2,3,36
A000208,2026-05-18 17:02:41.341490,2,3,16
A000208,2026-06-17 17:02:41.341490,2,3,30
A000208,2026-07-17 17:02:41.341490,2,3,36
A000209,2025-07-09 06:35:35.131764,7,2,96
A000209,2025-08-08 06:35:35.131764,9,2,75
A000209,2025-09-07 06:35:35.131764,7,2,130
A000209,2025-10-07 06:35:35.131764,8,2,116
A000209,2025-11-06 06:35:35.131764,7,2,91
A000209,2025-12-06 06:35:35.131764,8,2,94
A000209,2026-01-05 06:35:35.131764,8,2,123
A000209,2026-02-04 06:35:35.131764,8,2,115
A000209,2026-04-05 06:35:35.131764,9,2,126
A000209,2026-05-05 06:35:35.131764,8,2,114
A000209,2026-06-04 06:35:35.131764,7,2,110
A000209,2026-07-04 06:35:35.131764,8,2,70
A000210,2023-07-10 13:37:59.734617,15,4,143
A000210,2023-08-09 13:37:59.734617,15,4,288
A000210,2023-09-08 13:37:59.734617,16,4,272
A000210,2023-10-08 13:37:59.734617,14,4,276
A000210,2023-11-07 13:37:59.734617,17,4,203
A000210,2023-12-07 13:37:59.734617,15,4,160
A000210,2024-01-06 13:37:59.734617,15,4,218
A000210,2024-02-05 13:37:59.734617,16,4,209
A000210,2024-03-06 13:37:59.734617,15,4,252
A000210,2024-04-05 13:37:59.734617,16,4,135
A000210,2024-05-05 13:37:59.734617,16,4,276
A000210,2024-07-04 13:37:59.734617,17,4,331
A000210,2024-08-03 13:37:59.734617,18,4,142
A000210,2024-09-02 13:37:59.734617,16,4,263
A000210,2024-10-02 13:37:59.734617,15,4,257
A000210,2024-11-01 13:37:59.734617,15,4,279
A000210,2024-12-01 13:37:59.734617,16,4,173
A000210,2024-12-31 13:37:59.734617,17,4,299
A000210,2025-01-30 13:37:59.734617,17,4,173
A000210,2025-03-01 13:37:59.734617,15,4,265
A000210,2025-03-31 13:37:59.734617,17,4,180
A000210,2025-04-30 13:37:59.734617,15,4,161
A000210,2025-05-30 13:37:59.734617,16,4,177
A000210,2025-06-29 13:37:59.734617,16,4,198
A000210,2025-07-29 13:37:59.734617,17,4,293
A000210,2025-08-28 13:37:59.734617,16,4,287
A000210,2025-09-27 13:37:59.734617,17,4,264
A000210,2025-10-27 13:37:59.734617,14,4,185
A000210,2025-11-26 13:37:59.734617,15,4,164
A000210,2025-12-26 13:37:59.734617,15,4,120
A000210,2026-01-25 13:37:59.734617,17,4,202
A000210,2026-02-24 13:37:59.734617,15,4,181
A000210,2026-03-26 13:37:59.734617,17,4,235
A000210,2026-04-25 13:37:59.734617,16,4,243
A000210,2026-05-25 13:37:59.734617,15,4,259
A000210,2026-06-24 13:37:59.734617,15,4,261
A000210,2026-07-24 13:37:59.734617,15,4,221
A000211,2024-02-11 03:27:28.068559,12,4,185
A000211,2024-04-11 03:27:28.068559,8,3,107
A000211,2024-05-11 03:27:28.068559,5,2,41
A000212,2026-05-19 16:34:54.423711,33,3,337
A000212,2026-06-18 16:34:54.423711,39,3,654
A000212,2026-07-18 16:34:54.423711,37,3,608
A000213,2024-01-13 00:20:01.057262,13,3,142
A000213,2024-02-12 00:20:01.057262,13,3,106
A000213,2024-03-13 00:20:01.057262,12,3,141
A000213,2024-04-12 00:20:01.057262,11,3,187
A000213,2024-05-12 00:20:01.057262,13,3,108
A000213,2024-06-11 00:20:01.057262,11,3,206
A000213,2024-07-11 00:20:01.057262,11,3,156
A000213,2024-08-10 00:20:01.057262,11,3,136
A000213,2024-09-09 00:20:01.057262,13,3,222
A000213,2024-10-09 00:20:01.057262,11,3,117
A000213,2024-11-08 00:20:01.057262,11,3,117
A000213,2024-12-08 00:20:01.057262,13,3,231
A000213,2025-01-07 00:20:01.057262,13,3,130
A000213,2025-02-06 00:20:01.057262,11,3,109
A000213,2025-03-08 00:20:01.057262,13,3,218
A000213,2025-04-07 00:20:01.057262,13,3,240
A000213,2025-05-07 00:20:01.057262,11,3,164
A000213,2025-06-06 00:20:01.057262,13,3,170
A000213,2025-07-06 00:20:01.057262,11,3,94
A000213,2025-08-05 00:20:01.057262,13,3,121
A000213,2025-09-04 00:20:01.057262,13,3,142
A000213,2025-10-04 00:20:01.057262,11,3,185
A000213,2025-11-03 00:20:01.057262,11,3,213
A000213,2025-12-03 00:20:01.057262,13,3,205
A000213,2026-01-02 00:20:01.057262,12,3,216
A000213,2026-02-01 00:20:01.057262,13,3,128
A000213,2026-03-03 00:20:01.057262,12,3,135
A000213,2026-04-02 00:20:01.057262,13,3,221
A000213,2026-05-02 00:20:01.057262,12,3,153
A000213,2026-06-01 00:20:01.057262,12,3,178
A000213,2026-07-01 00:20:01.057262,11,3,217
A000213,2026-07-31 00:20:01.057262,12,3,102
A000214,2026-02-17 11:49:36.244354,18,2,185
A000214,2026-03-19 11:49:36.244354,18,2,287
A000214,2026-04-18 11:49:36.244354,17,2,144
A000214,2026-05-18 11:49:36.244354,17,2,271
A000214,2026-06-17 11:49:36.244354,15,2,299
A000214,2026-07-17 11:49:36.244354,18,2,267
A000215,2024-05-04 00:28:45.543238,33,4,644
A000215,2024-06-03 00:28:45.543238,28,4,555
A000215,2024-07-03 00:28:45.543238,28,4,397
A000215,2024-08-02 00:28:45.543238,30,4,433
A000215,2024-09-01 00:28:45.543238,32,4,630
A000215,2024-10-01 00:28:45.543238,32,4,467
A000215,2024-10-31 00:28:45.543238,31,4,438
A000215,2024-11-30 00:28:45.543238,29,4,512
A000215,2024-12-30 00:28:45.543238,30,4,309
A000215,2025-01-29 00:28:45.543238,31,4,317
A000215,2025-02-28 00:28:45.543238,30,4,580
A000215,2025-03-30 00:28:45.543238,32,4,318
A000215,2025-04-29 00:28:45.543238,33,4,475
A000215,2025-05-29 00:28:45.543238,28,4,448
A000215,2025-06-28 00:28:45.543238,32,4,543
A000215,2025-07-28 00:28:45.543238,31,4,266
A000215,2025-08-27 00:28:45.543238,30,4,598
A000215,2025-09-26 00:28:45.543238,31,4,442
A000215,2025-10-26 00:28:45.543238,29,4,551
A000215,2025-11-25 00:28:45.543238,28,4,491
A000215,2025-12-25 00:28:45.543238,32,4,598
A000215,2026-01-24 00:28:45.543238,30,4,277
A000215,2026-03-25 00:28:45.543238,30,4,577
A000215,2026-04-24 00:28:45.543238,30,4,321
A000215,2026-05-24 00:28:45.543238,31,4,430
A000215,2026-06-23 00:28:45.543238,29,4,277
A000215,2026-07-23 00:28:45.543238,33,4,325
A000216,2024-05-14 08:25:45.989529,2,2,23
A000216,2024-06-13 08:25:45.989529,2,2,26
A000216,2024-07-13 08:25:45.989529,2,2,24
A000216,2024-08-12 08:25:45.989529,2,2,27
A000216,2024-09-11 08:25:45.989529,2,2,22
A000216,2024-10-11 08:25:45.989529,2,2,27
A000216,2024-11-10 08:25:45.989529,2,2,17
A000216,2024-12-10 08:25:45.989529,2,2,31
A000216,2025-01-09 08:25:45.989529,2,2,20
A000216,2025-02-08 08:25:45.989529,2,2,25
A000216,2025-03-10 08:25:45.989529,2,2,24
A000216,2025-04-09 08:25:45.989529,2,2,24
A000216,2025-05-09 08:25:45.989529,2,2,32
A000216,2025-06-08 08:25:45.989529,2,2,25
A000216,2025-07-08 08:25:45.989529,2,2,38
A000216,2025-08-07 08:25:45.989529,2,2,31
A000216,2025-09-06 08:25:45.989529,2,2,31
A000216,2025-10-06 08:25:45.989529,2,2,22
A000216,2025-11-05 08:25:45.989529,2,2,18
A000216,2025-12-05 08:25:45.989529,2,2,24
A000216,2026-01-04 08:25:45.989529,2,2,28
A000216,2026-02-03 08:25:45.989529,2,2,18
A000216,2026-03-05 08:25:45.989529,2,2,24
A000216,2026-04-04 08:25:45.989529,2,2,30
A000216,2026-05-04 08:25:45.989529,2,2,41
A000216,2026-06-03 08:25:45.989529,2,2,26
A000216,2026-07-03 08:25:45.989529,2,2,30
A000217,2024-06-02 17:51:43.890827,4,2,61
A000217,2024-07-02 17:51:43.890827,4,2,59
A000217,2024-08-01 17:51:43.890827,3,1,40
A000217,2024-08-31 17:51:43.890827,2,1,44
A000218,2023-07-21 11:43:59.503060,15,2,208
A000218,2023-08-20 11:43:59.503060,13,2,244
A000218,2023-09-19 11:43:59.503060,13,2,196
A000218,2023-10-19 11:43:59.503060,12,2,198
A000218,2023-11-18 11:43:59.503060,9,2,151
A000218,2023-12-18 11:43:59.503060,11,2,162
A000218,2024-01-17 11:43:59.503060,10,2,107
A000218,2024-02-16 11:43:59.503060,9,2,172
A000218,2024-03-17 11:43:59.503060,8,2,150
A000218,2024-04-16 11:43:59.503060,8,1,85
A000218,2024-05-16 11:43:59.503060,7,1,97
A000218,2024-06-15 11:43:59.503060,7,1,120
A000218,2024-07-15 11:43:59.503060,5,1,70
A000218,2024-08-14 11:43:59.503060,5,1,83
A000219,2023-08-29 13:56:24.470790,5,3,73
A000219,2023-09-28 13:56:24.470790,5,3,83
A000219,2023-10-28 13:56:24.470790,5,3,72
A000219,2023-11-27 13:56:24.470790,5,3,86
A000219,2023-12-27 13:56:24.470790,5,3,84
A000219,2024-01-26 13:56:24.470790,5,3,97
A000219,2024-02-25 13:56:24.470790,5,3,50
A000219,2024-03-26 13:56:24.470790,5,3,69
A000219,2024-04-25 13:56:24.470790,5,3,46
A000219,2024-05-25 13:56:24.470790,5,3,40
A000219,2024-06-24 13:56:24.470790,5,3,56
A000219,2024-07-24 13:56:24.470790,5,3,48
A000219,2024-08-23 13:56:24.470790,5,3,43
A000219,2024-09-22 13:56:24.470790,5,3,55
A000219,2024-12-21 13:56:24.470790,5,3,41
A000219,2025-02-19 13:56:24.470790,5,3,65
A000219,2025-03-21 13:56:24.470790,5,3,47
A000219,2025-04-20 13:56:24.470790,5,3,78
A000219,2025-05-20 13:56:24.470790,5,3,83
A000219,2025-06-19 13:56:24.470790,5,3,41
A000219,2025-07-19 13:56:24.470790,5,3,56
A000219,2025-08-18 13:56:24.470790,5,3,84
A000219,2025-09-17 13:56:24.470790,5,3,69
A000219,2025-10-17 13:56:24.470790,5,3,46
A000219,2025-11-16 13:56:24.470790,5,3,55
A000219,2025-12-16 13:56:24.470790,5,3,67
A000219,2026-01-15 13:56:24.470790,5,3,72
A000219,2026-02-14 13:56:24.470790,5,3,74
A000219,2026-03-16 13:56:24.470790,5,3,88
A000219,2026-04-15 13:56:24.470790,5,3,70
A000219,2026-05-15 13:56:24.470790,5,3,49
A000219,2026-06-14 13:56:24.470790,5,3,96
A000219,2026-07-14 13:56:24.470790,5,3,100
A000220,2025-10-12 22:30:58.056318,4,2,74
A000220,2025-11-11 22:30:58.056318,5,2,69
A000220,2025-12-11 22:30:58.056318,4,2,83
A000220,2026-01-10 22:30:58.056318,4,2,43
A000220,2026-02-09 22:30:58.056318,4,2,61
A000220,2026-03-11 22:30:58.056318,3,2,61
A000220,2026-04-10 22:30:58.056318,3,1,39
A000220,2026-05-10 22:30:58.056318,3,1,45
A000220,2026-06-09 22:30:58.056318,2,1,35
A000221,2024-02-14 17:30:38.660343,4,3,59
A000221,2024-04-14 17:30:38.660343,2,2,30
A000221,2024-05-14 17:30:38.660343,2,2,28
A000221,2024-06-13 17:30:38.660343,1,2,17
A000222,2025-09-27 19:17:56.109895,2,3,25
A000222,2025-10-27 19:17:56.109895,2,4,26
A000222,2025-11-26 19:17:56.109895,2,4,39
A000222,2025-12-26 19:17:56.109895,2,4,33
A000222,2026-01-25 19:17:56.109895,2,5,23
A000222,2026-02-24 19:17:56.109895,3,6,27
A000222,2026-03-26 19:17:56.109895,3,6,46
A000222,2026-04-25 19:17:56.109895,3,6,47
A000222,2026-05-25 19:17:56.109895,3,7,55
A000222,2026-06-24 19:17:56.109895,4,8,40
A000222,2026-07-24 19:17:56.109895,4,8,40
A000223,2026-04-16 04:22:00.459120,3,3,59
A000223,2026-05-16 04:22:00.459120,3,3,39
A000223,2026-06-15 04:22:00.459120,2,2,20
A000223,2026-07-15 04:22:00.459120,1,2,14
A000224,2026-03-13 17:13:35.637261,7,2,86
A000224,2026-04-12 17:13:35.637261,7,2,103
A000224,2026-05-12 17:13:35.637261,7,2,71
A000224,2026-06-11 17:13:35.637261,7,2,99
A000224,2026-07-11 17:13:35.637261,8,2,152
A000225,2024-05-20 02:08:35.806523,3,2,44
A000225,2024-06-19 02:08:35.806523,3,2,53
A000225,2024-07-19 02:08:35.806523,3,2,31
A000225,2024-08-18 02:08:35.806523,3,2,30
A000225,2024-09-17 02:08:35.806523,3,2,44
A000225,2024-10-17 02:08:35.806523,3,2,22
A000225,2024-11-16 02:08:35.806523,3,2,63
A000225,2024-12-16 02:08:35.806523,3,2,23
A000225,2025-01-15 02:08:35.806523,3,2,31
A000225,2025-02-14 02:08:35.806523,3,2,25
A000225,2025-03-16 02:08:35.806523,3,2,60
A000225,2025-04-15 02:08:35.806523,3,2,41
A000225,2025-05-15 02:08:35.806523,3,2,44
A000225,2025-06-14 02:08:35.806523,3,2,49
A000225,2025-07-14 02:08:35.806523,3,2,28
A000225,2025-08-13 02:08:35.806523,3,2,25
A000225,2025-09-12 02:08:35.806523,3,2,26
A000225,2025-10-12 02:08:35.806523,3,2,51
A000225,2025-11-11 02:08:35.806523,3,2,25
A000225,2025-12-11 02:08:35.806523,3,2,46
A000225,2026-01-10 02:08:35.806523,3,2,25
A000225,2026-02-09 02:08:35.806523,3,2,41
A000225,2026-03-11 02:08:35.806523,3,2,42
A000225,2026-04-10 02:08:35.806523,3,2,54
A000225,2026-05-10 02:08:35.806523,3,2,35
A000225,2026-06-09 02:08:35.806523,3,2,41
A000225,2026-07-09 02:08:35.806523,3,2,50
A000226,2026-06-28 04:58:32.703508,6,3,67
A000226,2026-07-28 04:58:32.703508,3,2,47
A000227,2024-04-09 16:41:28.595361,4,3,73
A000227,2024-05-09 16:41:28.595361,4,3,47
A000227,2024-06-08 16:41:28.595361,4,3,68
A000227,2024-07-08 16:41:28.595361,4,4,35
A000227,2024-08-07 16:41:28.595361,4,4,59
A000227,2024-09-06 16:41:28.595361,4,4,87
A000227,2024-10-06 16:41:28.595361,5,4,80
A000227,2024-11-05 16:41:28.595361,4,4,55
A000227,2024-12-05 16:41:28.595361,5,4,91
A000227,2025-01-04 16:41:28.595361,5,5,63
A000227,2025-02-03 16:41:28.595361,5,5,90
A000227,2025-03-05 16:41:28.595361,6,5,118
A000227,2025-04-04 16:41:28.595361,5,5,88
A000227,2025-05-04 16:41:28.595361,5,5,88
A000227,2025-06-03 16:41:28.595361,5,6,78
A000227,2025-07-03 16:41:28.595361,6,6,61
A000227,2025-08-02 16:41:28.595361,6,6,63
A000227,2025-09-01 16:41:28.595361,6,6,89
A000227,2025-10-01 16:41:28.595361,6,6,110
A000227,2025-10-31 16:41:28.595361,7,6,79
A000227,2025-12-30 16:41:28.595361,6,7,58
A000227,2026-01-29 16:41:28.595361,7,7,81
A000227,2026-02-28 16:41:28.595361,8,7,107
A000227,2026-03-30 16:41:28.595361,7,7,63
A000227,2026-04-29 16:41:28.595361,6,7,114
A000227,2026-05-29 16:41:28.595361,7,8,70
A000227,2026-06-28 16:41:28.595361,6,8,119
A000227,2026-07-28 16:41:28.595361,8,8,73
A000228,2025-02-27 19:24:12.484463,3,4,36
A000228,2025-03-29 19:24:12.484463,3,4,36
A000228,2025-04-28 19:24:12.484463,3,4,31
A000228,2025-05-28 19:24:12.484463,3,4,26
A000228,2025-06-27 19:24:12.484463,3,4,39
A000228,2025-07-27 19:24:12.484463,3,4,42
A000228,2025-08-26 19:24:12.484463,3,4,33
A000228,2025-09-25 19:24:12.484463,3,4,47
A000228,2025-10-25 19:24:12.484463,3,4,50
A000228,2025-11-24 19:24:12.484463,3,4,41
A000228,2025-12-24 19:24:12.484463,3,4,51
A000228,2026-01-23 19:24:12.484463,3,4,46
A000228,2026-02-22 19:24:12.484463,3,4,40
A000228,2026-03-24 19:24:12.484463,3,4,39
A000228,2026-04-23 19:24:12.484463,3,4,35
A000228,2026-05-23 19:24:12.484463,3,4,53
A000228,2026-06-22 19:24:12.484463,3,4,27
A000228,2026-07-22 19:24:12.484463,3,4,41
A000229,2025-05-29 22:04:59.583308,3,2,35
A000229,2025-06-28 22:04:59.583308,2,2,23
A000229,2025-07-28 22:04:59.583308,3,2,30
A000229,2025-08-27 22:04:59.583308,2,2,32
A000229,2025-09-26 22:04:59.583308,2,2,44
A000229,2025-10-26 22:04:59.583308,2,2,20
A000229,2025-11-25 22:04:59.583308,2,2,21
A000229,2025-12-25 22:04:59.583308,2,2,22
A000229,2026-01-24 22:04:59.583308,2,2,42
A000229,2026-03-25 22:04:59.583308,2,1,30
A000229,2026-04-24 22:04:59.583308,2,1,17
A000229,2026-05-24 22:04:59.583308,2,1,21
A000229,2026-06-23 22:04:59.583308,1,1,22
A000229,2026-07-23 22:04:59.583308,1,1,18
A000230,2024-04-09 01:52:21.759735,18,4,300
A000230,2024-05-09 01:52:21.759735,17,4,275
A000230,2024-07-08 01:52:21.759735,20,4,369
A000230,2024-08-07 01:52:21.759735,18,4,212
A000230,2024-09-06 01:52:21.759735,19,4,200
A000230,2024-10-06 01:52:21.759735,17,4,274
A000230,2024-11-05 01:52:21.759735,18,4,313
A000230,2024-12-05 01:52:21.759735,18,4,270
A000230,2025-01-04 01:52:21.759735,18,4,278
A000230,2025-02-03 01:52:21.759735,18,4,272
A000230,2025-04-04 01:52:21.759735,17,4,194
A000230,2025-05-04 01:52:21.759735,18,4,145
A000230,2025-06-03 01:52:21.759735,18,4,206
A000230,2025-07-03 01:52:21.759735,18,4,333
A000230,2025-08-02 01:52:21.759735,17,4,283
A000230,2025-09-01 01:52:21.759735,20,4,312
A000230,2025-10-01 01:52:21.759735,17,4,218
A000230,2025-10-31 01:52:21.759735,18,4,211
A000230,2025-11-30 01:52:21.759735,19,4,165
A000230,2025-12-30 01:52:21.759735,16,4,175
A000230,2026-01-29 01:52:21.759735,20,4,344
A000230,2026-02-28 01:52:21.759735,17,4,146
A000230,2026-03-30 01:52:21.759735,18,4,233
A000230,2026-04-29 01:52:21.759735,16,4,208
A000230,2026-05-29 01:52:21.759735,17,4,298
A000230,2026-06-28 01:52:21.759735,19,4,221
A000230,2026-07-28 01:52:21.759735,17,4,215
A000231,2026-06-19 19:29:05.214386,9,3,148
A000231,2026-07-19 19:29:05.214386,11,3,131
A000232,2024-02-02 01:23:20.808622,4,2,41
A000232,2024-03-03 01:23:20.808622,4,2,54
A000232,2024-04-02 01:23:20.808622,3,2,28
A000232,2024-05-02 01:23:20.808622,3,2,56
A000232,2024-06-01 01:23:20.808622,2,1,32
A000232,2024-07-01 01:23:20.808622,2,1,29
A000233,2024-02-10 10:30:42.043081,2,4,29
A000233,2024-03-11 10:30:42.043081,2,4,40
A000233,2024-04-10 10:30:42.043081,2,4,37
A000233,2024-05-10 10:30:42.043081,2,4,19
A000233,2024-06-09 10:30:42.043081,2,4,25
A000233,2024-07-09 10:30:42.043081,2,4,24
A000233,2024-08-08 10:30:42.043081,1,3,19
A000233,2024-09-07 10:30:42.043081,1,3,26
A000233,2024-10-07 10:30:42.043081,1,3,24
A000233,2024-11-06 10:30:42.043081,1,3,18
A000233,2024-12-06 10:30:42.043081,1,3,17
A000233,2025-01-05 10:30:42.043081,1,3,16
A000233,2025-02-04 10:30:42.043081,1,3,8
A000233,2025-03-06 10:30:42.043081,1,3,13
A000233,2025-04-05 10:30:42.043081,1,3,19
A000233,2025-05-05 10:30:42.043081,1,2,10
A000233,2025-06-04 10:30:42.043081,1,2,13
A000234,2024-01-22 01:55:40.960114,2,4,34
A000234,2024-02-21 01:55:40.960114,2,4,35
A000234,2024-03-22 01:55:40.960114,2,4,37
A000234,2024-04-21 01:55:40.960114,2,4,21
A000234,2024-05-21 01:55:40.960114,2,4,22
A000234,2024-06-20 01:55:40.960114,2,4,27
A000234,2024-07-20 01:55:40.960114,2,4,19
A000234,2024-08-19 01:55:40.960114,2,4,32
A000234,2024-09-18 01:55:40.960114,2,4,34
A000234,2024-10-18 01:55:40.960114,2,4,40
A000234,2024-11-17 01:55:40.960114,2,4,35
A000234,2024-12-17 01:55:40.960114,2,4,17
A000234,2025-01-16 01:55:40.960114,2,4,22
A000234,2025-02-15 01:55:40.960114,2,4,30
A000234,2025-03-17 01:55:40.960114,2,4,30
A000234,2025-04-16 01:55:40.960114,2,4,19
A000234,2025-05-16 01:55:40.960114,2,4,19
A000234,2025-06-15 01:55:40.960114,2,4,26
A000234,2025-07-15 01:55:40.960114,2,4,29
A000234,2025-08-14 01:55:40.960114,2,4,30
A000234,2025-09-13 01:55:40.960114,2,4,30
A000234,2025-10-13 01:55:40.960114,2,4,31
A000234,2025-11-12 01:55:40.960114,2,4,32
A000234,2025-12-12 01:55:40.960114,2,4,27
A000234,2026-01-11 01:55:40.960114,2,4,16
A000234,2026-02-10 01:55:40.960114,2,4,39
A000234,2026-03-12 01:55:40.960114,2,4,18
A000234,2026-04-11 01:55:40.960114,2,4,24
A000234,2026-05-11 01:55:40.960114,2,4,34
A000234,2026-07-10 01:55:40.960114,2,4,33
A000235,2025-03-26 05:10:18.442707,13,2,151
A000235,2025-04-25 05:10:18.442707,13,2,130
A000235,2025-05-25 05:10:18.442707,12,2,201
A000235,2025-06-24 05:10:18.442707,12,2,208
A000235,2025-07-24 05:10:18.442707,14,2,241
A000235,2025-08-23 05:10:18.442707,13,2,111
A000235,2025-09-22 05:10:18.442707,14,2,154
A000235,2025-10-22 05:10:18.442707,13,2,229
A000235,2025-11-21 05:10:18.442707,12,2,167
A000235,2025-12-21 05:10:18.442707,14,2,156
A000235,2026-01-20 05:10:18.442707,12,2,152
A000235,2026-02-19 05:10:18.442707,12,2,229
A000235,2026-03-21 05:10:18.442707,12,2,116
A000235,2026-04-20 05:10:18.442707,12,2,169
A000235,2026-05-20 05:10:18.442707,13,2,250
A000235,2026-06-19 05:10:18.442707,12,2,195
A000235,2026-07-19 05:10:18.442707,14,2,224
A000236,2026-08-09 21:59:05.608991,2,3,34
A000237,2024-05-12 17:31:58.689260,4,2,53
A000237,2024-06-11 17:31:58.689260,4,2,83
A000237,2024-08-10 17:31:58.689260,3,2,46
A000237,2024-09-09 17:31:58.689260,3,2,25
A000237,2024-11-08 17:31:58.689260,2,1,34
A000237,2024-12-08 17:31:58.689260,2,1,24
A000237,2025-01-07 17:31:58.689260,2,1,25
A000238,2025-01-01 14:29:07.738430,2,2,24
A000238,2025-01-31 14:29:07.738430,2,2,22
A000238,2025-03-02 14:29:07.738430,2,2,33
A000238,2025-04-01 14:29:07.738430,2,2,29
A000238,2025-05-01 14:29:07.738430,2,2,36
A000238,2025-05-31 14:29:07.738430,2,2,36
A000238,2025-06-30 14:29:07.738430,2,2,19
A000238,2025-07-30 14:29:07.738430,2,2,26
A000238,2025-08-29 14:29:07.738430,2,2,20
A000238,2025-09-28 14:29:07.738430,2,2,40
A000238,2025-10-28 14:29:07.738430,2,2,40
A000238,2025-11-27 14:29:07.738430,2,2,24
A000238,2025-12-27 14:29:07.738430,2,2,28
A000238,2026-01-26 14:29:07.738430,2,2,23
A000238,2026-02-25 14:29:07.738430,2,2,15
A000238,2026-04-26 14:29:07.738430,2,2,29
A000238,2026-05-26 14:29:07.738430,2,2,39
A000238,2026-06-25 14:29:07.738430,2,2,20
A000239,2026-02-15 07:20:07.984363,5,2,60
A000239,2026-03-17 07:20:07.984363,4,2,76
A000239,2026-04-16 07:20:07.984363,4,2,75
A000239,2026-05-16 07:20:07.984363,3,2,29
A000239,2026-06-15 07:20:07.984363,3,1,43
A000239,2026-07-15 07:20:07.984363,2,1,17
A000240,2024-10-16 19:42:36.117162,2,4,26
A000240,2024-11-15 19:42:36.117162,2,4,17
A000240,2024-12-15 19:42:36.117162,2,4,17
A000240,2025-01-14 19:42:36.117162,3,5,45
A000240,2025-02-13 19:42:36.117162,2,5,29
A000240,2025-03-15 19:42:36.117162,2,5,39
A000240,2025-04-14 19:42:36.117162,2,5,40
A000240,2025-05-14 19:42:36.117162,2,6,26
A000240,2025-06-13 19:42:36.117162,3,6,33
A000240,2025-07-13 19:42:36.117162,3,6,29
A000240,2025-08-12 19:42:36.117162,3,6,32
A000240,2025-09-11 19:42:36.117162,3,7,48
A000240,2025-10-11 19:42:36.117162,3,7,31
A000240,2025-11-10 19:42:36.117162,3,7,43
A000240,2025-12-10 19:42:36.117162,3,7,64
A000240,2026-01-09 19:42:36.117162,3,8,39
A000240,2026-02-08 19:42:36.117162,3,8,51
A000240,2026-03-10 19:42:36.117162,3,8,25
A000240,2026-04-09 19:42:36.117162,3,8,41
A000240,2026-05-09 19:42:36.117162,4,9,37
A000240,2026-06-08 19:42:36.117162,3,9,42
A000240,2026-07-08 19:42:36.117162,3,9,42
A000241,2026-04-07 20:33:27.856012,2,2,20
A000241,2026-05-07 20:33:27.856012,2,2,35
A000241,2026-06-06 20:33:27.856012,2,2,20
A000241,2026-07-06 20:33:27.856012,2,2,42
A000242,2023-08-14 09:19:04.367412,2,4,33
A000242,2023-09-13 09:19:04.367412,2,4,20
A000242,2023-10-13 09:19:04.367412,2,4,21
A000242,2023-11-12 09:19:04.367412,2,4,26
A000242,2024-01-11 09:19:04.367412,2,4,33
A000242,2024-02-10 09:19:04.367412,2,4,29
A000242,2024-03-11 09:19:04.367412,2,4,35
A000242,2024-05-10 09:19:04.367412,2,4,26
A000242,2024-06-09 09:19:04.367412,2,4,26
A000242,2024-07-09 09:19:04.367412,2,4,34
A000242,2024-08-08 09:19:04.367412,2,4,26
A000242,2024-09-07 09:19:04.367412,2,4,30
A000242,2024-10-07 09:19:04.367412,2,4,22
A000242,2024-11-06 09:19:04.367412,2,4,37
A000242,2024-12-06 09:19:04.367412,2,4,31
A000242,2025-01-05 09:19:04.367412,2,4,31
A000242,2025-02-04 09:19:04.367412,2,4,38
A000242,2025-03-06 09:19:04.367412,2,4,22
A000242,2025-04-05 09:19:04.367412,2,4,36
A000242,2025-05-05 09:19:04.367412,2,4,23
A000242,2025-06-04 09:19:04.367412,2,4,38
A000242,2025-07-04 09:19:04.367412,2,4,19
A000242,2025-08-03 09:19:04.367412,2,4,23
A000242,2025-09-02 09:19:04.367412,2,4,20
A000242,2025-10-02 09:19:04.367412,2,4,32
A000242,2025-11-01 09:19:04.367412,2,4,41
A000242,2025-12-01 09:19:04.367412,2,4,18
A000242,2025-12-31 09:19:04.367412,2,4,33
A000242,2026-01-30 09:19:04.367412,2,4,17
A000242,2026-03-01 09:19:04.367412,2,4,35
A000242,2026-03-31 09:19:04.367412,2,4,19
A000242,2026-05-30 09:19:04.367412,2,4,35
A000242,2026-06-29 09:19:04.367412,2,4,34
A000242,2026-07-29 09:19:04.367412,2,4,24
A000243,2023-11-29 19:24:45.287758,2,4,25
A000243,2023-12-29 19:24:45.287758,2,4,33
A000243,2024-01-28 19:24:45.287758,2,4,29
A000243,2024-02-27 19:24:45.287758,2,4,20
A000243,2024-04-27 19:24:45.287758,2,3,17
A000243,2024-05-27 19:24:45.287758,1,3,12
A000243,2024-06-26 19:24:45.287758,1,3,19
A000243,2024-07-26 19:24:45.287758,1,3,12
A000243,2024-08-25 19:24:45.287758,1,3,12
A000243,2024-09-24 19:24:45.287758,1,2,16
A000244,2025-04-10 01:27:56.647170,6,4,102
A000244,2025-05-10 01:27:56.647170,6,4,71
A000244,2025-06-09 01:27:56.647170,6,5,72
A000244,2025-07-09 01:27:56.647170,5,5,60
A000244,2025-08-08 01:27:56.647170,7,5,95
A000244,2025-09-07 01:27:56.647170,7,6,119
A000244,2025-10-07 01:27:56.647170,6,6,70
A000244,2025-11-06 01:27:56.647170,8,6,64
A000244,2025-12-06 01:27:56.647170,8,7,142
A000244,2026-01-05 01:27:56.647170,7,7,93
A000244,2026-02-04 01:27:56.647170,9,7,151
A000244,2026-03-06 01:27:56.647170,9,8,144
A000244,2026-04-05 01:27:56.647170,7,8,107
A000244,2026-05-05 01:27:56.647170,8,8,82
A000244,2026-06-04 01:27:56.647170,8,9,146
A000244,2026-07-04 01:27:56.647170,8,9,94
A000245,2025-06-23 02:48:13.350750,12,4,178
A000245,2025-07-23 02:48:13.350750,10,4,116
A000245,2025-08-22 02:48:13.350750,12,4,226
A000245,2025-09-21 02:48:13.350750,11,4,192
A000245,2025-10-21 02:48:13.350750,12,4,169
A000245,2025-11-20 02:48:13.350750,11,4,92
A000245,2025-12-20 02:48:13.350750,11,4,147
A000245,2026-01-19 02:48:13.350750,11,4,99
A000245,2026-02-18 02:48:13.350750,10,4,108
A000245,2026-03-20 02:48:13.350750,10,4,96
A000245,2026-04-19 02:48:13.350750,11,4,153
A000245,2026-05-19 02:48:13.350750,11,4,179
A000245,2026-06-18 02:48:13.350750,11,4,182
A000245,2026-07-18 02:48:13.350750,10,4,175
A000246,2026-06-03 17:18:27.492243,2,2,26
A000246,2026-07-03 17:18:27.492243,2,2,33
A000247,2026-05-09 02:45:49.571495,4,2,42
A000247,2026-06-08 02:45:49.571495,4,2,50
A000247,2026-07-08 02:45:49.571495,4,2,49
A000248,2026-01-12 10:30:42.853729,2,2,30
A000248,2026-02-11 10:30:42.853729,2,2,26
A000248,2026-04-12 10:30:42.853729,2,2,28
A000248,2026-05-12 10:30:42.853729,2,2,32
A000248,2026-06-11 10:30:42.853729,2,2,32
A000248,2026-07-11 10:30:42.853729,2,2,21
A000249,2023-09-04 10:56:05.456084,10,4,81
A000249,2023-10-04 10:56:05.456084,11,4,209
A000249,2023-11-03 10:56:05.456084,10,4,88
A000249,2023-12-03 10:56:05.456084,11,4,153
A000249,2024-01-02 10:56:05.456084,11,4,124
A000249,2024-02-01 10:56:05.456084,11,4,102
A000249,2024-03-02 10:56:05.456084,11,4,190
A000249,2024-04-01 10:56:05.456084,11,4,135
A000249,2024-05-01 10:56:05.456084,11,4,133
A000249,2024-05-31 10:56:05.456084,11,4,143
A000249,2024-06-30 10:56:05.456084,11,4,189
A000249,2024-08-29 10:56:05.456084,11,4,118
A000249,2024-09-28 10:56:05.456084,10,4,168
A000249,2024-10-28 10:56:05.456084,11,4,94
A000249,2024-11-27 10:56:05.456084,12,4,157
A000249,2024-12-27 10:56:05.456084,10,4,129
A000249,2025-01-26 10:56:05.456084,12,4,222
A000249,2025-02-25 10:56:05.456084,11,4,105
A000249,2025-04-26 10:56:05.456084,11,4,139
A000249,2025-06-25 10:56:05.456084,12,4,137
A000249,2025-07-25 10:56:05.456084,11,4,108
A000249,2025-08-24 10:56:05.456084,11,4,125
A000249,2025-09-23 10:56:05.456084,11,4,170
A000249,2025-10-23 10:56:05.456084,10,4,160
A000249,2025-11-22 10:56:05.456084,11,4,180
A000249,2025-12-22 10:56:05.456084,11,4,175
A000249,2026-01-21 10:56:05.456084,11,4,93
A000249,2026-02-20 10:56:05.456084,12,4,227
A000249,2026-03-22 10:56:05.456084,11,4,115
A000249,2026-04-21 10:56:05.456084,12,4,171
A000249,2026-05-21 10:56:05.456084,12,4,128
A000249,2026-06-20 10:56:05.456084,12,4,222
A000249,2026-07-20 10:56:05.456084,11,4,122
A000251,2024-07-24 12:19:16.199025,8,4,126
A000251,2024-08-23 12:19:16.199025,7,4,102
A000251,2024-09-22 12:19:16.199025,6,4,64
A000251,2024-10-22 12:19:16.199025,6,4,67
A000251,2024-11-21 12:19:16.199025,5,3,76
A000251,2024-12-21 12:19:16.199025,5,3,53
A000251,2025-01-20 12:19:16.199025,6,3,65
A000251,2025-02-19 12:19:16.199025,5,3,60
A000251,2025-03-21 12:19:16.199025,4,3,68
A000251,2025-04-20 12:19:16.199025,4,3,47
A000251,2025-05-20 12:19:16.199025,4,3,39
A000251,2025-06-19 12:19:16.199025,4,3,32
A000251,2025-07-19 12:19:16.199025,3,2,49
A000252,2025-12-03 15:45:21.979164,2,4,30
A000252,2026-01-02 15:45:21.979164,2,4,28
A000252,2026-02-01 15:45:21.979164,2,4,22
A000252,2026-03-03 15:45:21.979164,1,3,18
A000252,2026-04-02 15:45:21.979164,1,3,25
A000252,2026-05-02 15:45:21.979164,1,3,15
A000252,2026-06-01 15:45:21.979164,1,3,11
A000252,2026-07-01 15:45:21.979164,1,3,16
A000252,2026-07-31 15:45:21.979164,1,2,9
A000253,2023-04-21 20:00:49.959873,2,3,32
A000253,2023-05-21 20:00:49.959873,2,3,41
A000253,2023-06-20 20:00:49.959873,2,3,26
A000253,2023-07-20 20:00:49.959873,2,3,20
A000253,2023-08-19 20:00:49.959873,1,3,27
A000253,2023-09-18 20:00:49.959873,2,2,24
A000253,2023-10-18 20:00:49.959873,1,2,12
A000253,2023-11-17 20:00:49.959873,1,2,16
A000253,2023-12-17 20:00:49.959873,1,2,9
A000253,2024-01-16 20:00:49.959873,1,2,10
A000253,2024-02-15 20:00:49.959873,1,2,11
A000253,2024-03-16 20:00:49.959873,1,2,15
A000254,2024-08-14 17:36:20.035116,23,3,224
A000254,2024-09-13 17:36:20.035116,25,3,231
A000254,2024-10-13 17:36:20.035116,21,3,354
A000254,2024-11-12 17:36:20.035116,23,3,430
A000254,2024-12-12 17:36:20.035116,22,3,439
A000254,2025-01-11 17:36:20.035116,24,3,460
A000254,2025-02-10 17:36:20.035116,23,3,265
A000254,2025-03-12 17:36:20.035116,23,3,225
A000254,2025-04-11 17:36:20.035116,23,3,392
A000254,2025-05-11 17:36:20.035116,21,3,200
A000254,2025-06-10 17:36:20.035116,25,3,441
A000254,2025-07-10 17:36:20.035116,22,3,233
A000254,2025-09-08 17:36:20.035116,23,3,278
A000254,2025-10-08 17:36:20.035116,22,3,192
A000254,2025-11-07 17:36:20.035116,24,3,235
A000254,2025-12-07 17:36:20.035116,21,3,315
A000254,2026-01-06 17:36:20.035116,22,3,338
A000254,2026-02-05 17:36:20.035116,21,3,354
A000254,2026-03-07 17:36:20.035116,22,3,323
A000254,2026-04-06 17:36:20.035116,25,3,413
A000254,2026-05-06 17:36:20.035116,23,3,229
A000254,2026-06-05 17:36:20.035116,22,3,335
A000254,2026-07-05 17:36:20.035116,23,3,450
A000255,2025-08-27 12:22:28.154466,12,4,106
A000255,2025-09-26 12:22:28.154466,13,4,247
A000255,2025-10-26 12:22:28.154466,12,5,109
A000255,2025-11-25 12:22:28.154466,17,5,208
A000255,2025-12-25 12:22:28.154466,17,6,256
A000255,2026-01-24 12:22:28.154466,15,6,154
A000255,2026-02-23 12:22:28.154466,18,7,288
A000255,2026-03-25 12:22:28.154466,15,7,215
A000255,2026-04-24 12:22:28.154466,21,8,307
A000255,2026-05-24 12:22:28.154466,17,8,236
A000255,2026-06-23 12:22:28.154466,18,9,240
A000255,2026-07-23 12:22:28.154466,23,9,221
A000256,2023-07-27 19:55:01.726952,2,4,39
A000256,2023-08-26 19:55:01.726952,2,4,37
A000256,2023-09-25 19:55:01.726952,2,4,28
A000256,2023-10-25 19:55:01.726952,2,4,39
A000256,2023-11-24 19:55:01.726952,2,4,35
A000256,2023-12-24 19:55:01.726952,2,4,34
A000256,2024-01-23 19:55:01.726952,2,4,30
A000256,2024-02-22 19:55:01.726952,2,4,30
A000256,2024-03-23 19:55:01.726952,2,4,38
A000256,2024-04-22 19:55:01.726952,2,4,30
A000256,2024-05-22 19:55:01.726952,2,4,31
A000256,2024-06-21 19:55:01.726952,2,4,31
A000256,2024-07-21 19:55:01.726952,2,4,35
A000256,2024-08-20 19:55:01.726952,2,4,35
A000256,2024-09-19 19:55:01.726952,2,4,31
A000256,2024-10-19 19:55:01.726952,2,4,19
A000256,2024-12-18 19:55:01.726952,2,4,23
A000256,2025-01-17 19:55:01.726952,2,4,21
A000256,2025-02-16 19:55:01.726952,2,4,27
A000256,2025-04-17 19:55:01.726952,2,4,27
A000256,2025-05-17 19:55:01.726952,2,4,36
A000256,2025-06-16 19:55:01.726952,2,4,30
A000256,2025-08-15 19:55:01.726952,2,4,22
A000256,2025-09-14 19:55:01.726952,2,4,25
A000256,2025-10-14 19:55:01.726952,2,4,23
A000256,2025-11-13 19:55:01.726952,2,4,21
A000256,2025-12-13 19:55:01.726952,2,4,34
A000256,2026-01-12 19:55:01.726952,2,4,17
A000256,2026-02-11 19:55:01.726952,2,4,19
A000256,2026-03-13 19:55:01.726952,2,4,35
A000256,2026-04-12 19:55:01.726952,2,4,40
A000256,2026-05-12 19:55:01.726952,2,4,20
A000256,2026-06-11 19:55:01.726952,2,4,36
A000256,2026-07-11 19:55:01.726952,2,4,34
A000257,2025-08-07 07:35:36.676286,11,4,186
A000257,2025-09-06 07:35:36.676286,11,4,145
A000257,2025-10-06 07:35:36.676286,11,4,92
A000257,2025-11-05 07:35:36.676286,13,4,107
A000257,2025-12-05 07:35:36.676286,13,4,205
A000257,2026-01-04 07:35:36.676286,13,4,134
A000257,2026-02-03 07:35:36.676286,11,4,98
A000257,2026-03-05 07:35:36.676286,12,4,153
A000257,2026-04-04 07:35:36.676286,12,4,170
A000257,2026-05-04 07:35:36.676286,13,4,137
A000257,2026-06-03 07:35:36.676286,12,4,171
A000257,2026-07-03 07:35:36.676286,11,4,102
A000258,2026-06-20 16:59:57.647220,2,4,43
A000258,2026-07-20 16:59:57.647220,2,4,30
A000259,2023-11-11 20:32:52.124833,17,2,230
A000259,2023-12-11 20:32:52.124833,18,2,164
A000259,2024-01-10 20:32:52.124833,18,2,331
A000259,2024-02-09 20:32:52.124833,15,2,205
A000259,2024-03-10 20:32:52.124833,16,2,259
A000259,2024-04-09 20:32:52.124833,16,2,220
A000259,2024-05-09 20:32:52.124833,16,2,243
A000259,2024-06-08 20:32:52.124833,18,2,329
A000259,2024-07-08 20:32:52.124833,15,2,168
A000259,2024-08-07 20:32:52.124833,19,2,349
A000259,2024-09-06 20:32:52.124833,18,2,291
A000259,2024-10-06 20:32:52.124833,17,2,257
A000259,2024-11-05 20:32:52.124833,17,2,204
A000259,2024-12-05 20:32:52.124833,15,2,170
A000259,2025-01-04 20:32:52.124833,16,2,213
A000259,2025-02-03 20:32:52.124833,17,2,173
A000259,2025-03-05 20:32:52.124833,17,2,294
A000259,2025-04-04 20:32:52.124833,17,2,170
A000259,2025-05-04 20:32:52.124833,17,2,163
A000259,2025-06-03 20:32:52.124833,19,2,257
A000259,2025-07-03 20:32:52.124833,16,2,151
A000259,2025-08-02 20:32:52.124833,18,2,147
A000259,2025-09-01 20:32:52.124833,18,2,224
A000259,2025-10-01 20:32:52.124833,16,2,194
A000259,2025-10-31 20:32:52.124833,18,2,189
A000259,2025-11-30 20:32:52.124833,18,2,185
A000259,2025-12-30 20:32:52.124833,17,2,239
A000259,2026-01-29 20:32:52.124833,17,2,317
A000259,2026-02-28 20:32:52.124833,18,2,255
A000259,2026-03-30 20:32:52.124833,16,2,292
A000259,2026-04-29 20:32:52.124833,18,2,361
A000259,2026-05-29 20:32:52.124833,17,2,159
A000259,2026-06-28 20:32:52.124833,18,2,352
A000259,2026-07-28 20:32:52.124833,17,2,154
A000260,2025-02-05 09:24:39.499310,2,4,23
A000260,2025-03-07 09:24:39.499310,2,4,27
A000260,2025-05-06 09:24:39.499310,2,4,21
A000260,2025-06-05 09:24:39.499310,2,4,39
A000260,2025-07-05 09:24:39.499310,2,4,22
A000260,2025-08-04 09:24:39.499310,2,4,28
A000260,2025-09-03 09:24:39.499310,2,4,22
A000260,2025-10-03 09:24:39.499310,2,4,25
A000260,2025-11-02 09:24:39.499310,2,4,25
A000260,2025-12-02 09:24:39.499310,2,4,36
A000260,2026-01-01 09:24:39.499310,2,4,18
A000260,2026-01-31 09:24:39.499310,2,4,31
A000260,2026-03-02 09:24:39.499310,2,4,21
A000260,2026-04-01 09:24:39.499310,2,4,37
A000260,2026-05-01 09:24:39.499310,2,4,26
A000260,2026-05-31 09:24:39.499310,2,4,30
A000260,2026-06-30 09:24:39.499310,2,4,34
A000260,2026-07-30 09:24:39.499310,2,4,17
A000261,2026-04-20 08:49:31.281746,2,4,17
A000261,2026-05-20 08:49:31.281746,2,4,21
A000261,2026-06-19 08:49:31.281746,2,4,23
A000261,2026-07-19 08:49:31.281746,2,4,38
A000262,2026-08-18 23:53:06.994764,16,2,129
A000263,2023-11-19 21:04:26.399543,5,3,48
A000263,2023-12-19 21:04:26.399543,6,3,46
A000263,2024-01-18 21:04:26.399543,6,3,47
A000263,2024-02-17 21:04:26.399543,6,3,109
A000263,2024-03-18 21:04:26.399543,6,3,62
A000263,2024-04-17 21:04:26.399543,5,3,78
A000263,2024-05-17 21:04:26.399543,6,3,71
A000263,2024-06-16 21:04:26.399543,7,3,58
A000263,2024-07-16 21:04:26.399543,6,3,55
A000263,2024-08-15 21:04:26.399543,6,3,84
A000263,2024-10-14 21:04:26.399543,5,3,99
A000263,2024-11-13 21:04:26.399543,6,3,117
A000263,2024-12-13 21:04:26.399543,6,3,113
A000263,2025-01-12 21:04:26.399543,6,3,100
A000263,2025-02-11 21:04:26.399543,7,3,58
A000263,2025-04-12 21:04:26.399543,6,3,62
A000263,2025-05-12 21:04:26.399543,6,3,76
A000263,2025-06-11 21:04:26.399543,6,3,84
A000263,2025-07-11 21:04:26.399543,5,3,81
A000263,2025-08-10 21:04:26.399543,6,3,87
A000263,2025-09-09 21:04:26.399543,6,3,112
A000263,2025-10-09 21:04:26.399543,6,3,72
A000263,2025-11-08 21:04:26.399543,6,3,60
A000263,2025-12-08 21:04:26.399543,6,3,84
A000263,2026-01-07 21:04:26.399543,5,3,68
A000263,2026-02-06 21:04:26.399543,6,3,117
A000263,2026-03-08 21:04:26.399543,6,3,94
A000263,2026-04-07 21:04:26.399543,6,3,81
A000263,2026-05-07 21:04:26.399543,6,3,75
A000263,2026-06-06 21:04:26.399543,6,3,54
A000263,2026-07-06 21:04:26.399543,5,3,44
A000264,2025-10-21 01:49:17.847300,2,3,32
A000264,2025-11-20 01:49:17.847300,2,3,39
A000264,2025-12-20 01:49:17.847300,2,3,20
A000264,2026-01-19 01:49:17.847300,2,3,31
A000264,2026-02-18 01:49:17.847300,2,3,34
A000264,2026-03-20 01:49:17.847300,2,3,31
A000264,2026-04-19 01:49:17.847300,2,3,21
A000264,2026-05-19 01:49:17.847300,2,3,33
A000264,2026-06-18 01:49:17.847300,2,3,35
A000264,2026-07-18 01:49:17.847300,2,3,32
A000265,2025-12-17 04:31:55.085208,6,3,107
A000265,2026-01-16 04:31:55.085208,6,3,46
A000265,2026-02-15 04:31:55.085208,6,3,114
A000265,2026-03-17 04:31:55.085208,6,3,63
A000265,2026-04-16 04:31:55.085208,6,3,54
A000265,2026-05-16 04:31:55.085208,5,3,91
A000265,2026-06-15 04:31:55.085208,6,3,65
A000265,2026-07-15 04:31:55.085208,6,3,64
A000266,2025-06-05 12:18:42.377175,7,3,119
A000266,2025-07-05 12:18:42.377175,5,3,80
A000266,2025-08-04 12:18:42.377175,5,3,92
A000266,2025-09-03 12:18:42.377175,4,2,65
A000266,2025-10-03 12:18:42.377175,4,2,46
A000266,2025-11-02 12:18:42.377175,3,2,51
A000266,2025-12-02 12:18:42.377175,2,2,47
A000267,2026-01-17 22:23:27.059424,2,3,22
A000267,2026-02-16 22:23:27.059424,2,3,22
A000267,2026-03-18 22:23:27.059424,2,3,13
A000267,2026-04-17 22:23:27.059424,1,2,26
A000267,2026-05-17 22:23:27.059424,1,2,13
A000267,2026-06-16 22:23:27.059424,1,2,13
A000267,2026-07-16 22:23:27.059424,1,2,8
A000268,2026-07-13 23:37:18.998300,7,4,131
A000269,2024-12-13 11:06:07.968070,4,2,78
A000269,2025-01-12 11:06:07.968070,4,2,77
A000269,2025-02-11 11:06:07.968070,4,2,35
A000269,2025-03-13 11:06:07.968070,4,2,73
A000269,2025-04-12 11:06:07.968070,4,2,81
A000269,2025-05-12 11:06:07.968070,4,2,79
A000269,2025-06-11 11:06:07.968070,4,2,75
A000269,2025-07-11 11:06:07.968070,4,2,86
A000269,2025-08-10 11:06:07.968070,4,2,65
A000269,2025-10-09 11:06:07.968070,4,2,30
A000269,2025-11-08 11:06:07.968070,4,2,73
A000269,2025-12-08 11:06:07.968070,4,2,44
A000269,2026-01-07 11:06:07.968070,4,2,38
A000269,2026-02-06 11:06:07.968070,4,2,45
A000269,2026-03-08 11:06:07.968070,4,2,75
A000269,2026-04-07 11:06:07.968070,4,2,72
A000269,2026-05-07 11:06:07.968070,4,2,78
A000269,2026-06-06 11:06:07.968070,4,2,52
A000269,2026-07-06 11:06:07.968070,4,2,43
A000270,2025-10-06 06:15:18.471085,3,3,36
A000270,2025-11-05 06:15:18.471085,3,4,27
A000270,2025-12-05 06:15:18.471085,4,4,35
A000270,2026-01-04 06:15:18.471085,4,5,70
A000270,2026-02-03 06:15:18.471085,4,5,58
A000270,2026-03-05 06:15:18.471085,4,6,71
A000270,2026-04-04 06:15:18.471085,5,6,58
A000270,2026-05-04 06:15:18.471085,5,7,60
A000270,2026-06-03 06:15:18.471085,4,7,50
A000270,2026-07-03 06:15:18.471085,5,8,79
A000271,2026-03-16 16:18:48.068650,7,3,71
A000271,2026-04-15 16:18:48.068650,8,3,125
A000271,2026-05-15 16:18:48.068650,8,3,149
A000271,2026-06-14 16:18:48.068650,8,3,95
A000271,2026-07-14 16:18:48.068650,8,3,95
A000272,2025-10-03 23:41:16.428124,6,3,113
A000272,2025-11-02 23:41:16.428124,6,3,112
A000272,2025-12-02 23:41:16.428124,7,3,105
A000272,2026-01-01 23:41:16.428124,6,3,83
A000272,2026-01-31 23:41:16.428124,5,3,80
A000272,2026-03-02 23:41:16.428124,6,3,103
A000272,2026-04-01 23:41:16.428124,5,3,64
A000272,2026-05-01 23:41:16.428124,6,3,110
A000272,2026-05-31 23:41:16.428124,5,3,96
A000272,2026-06-30 23:41:16.428124,6,3,78
A000272,2026-07-30 23:41:16.428124,6,3,66
A000273,2025-04-10 06:02:09.401001,2,3,24
A000273,2025-05-10 06:02:09.401001,2,3,35
A000273,2025-06-09 06:02:09.401001,2,3,22
A000273,2025-07-09 06:02:09.401001,2,3,17
A000273,2025-08-08 06:02:09.401001,2,3,29
A000273,2025-09-07 06:02:09.401001,1,2,14
A000273,2025-10-07 06:02:09.401001,1,2,26
A000273,2025-11-06 06:02:09.401001,1,2,11
A000273,2026-01-05 06:02:09.401001,1,2,9
A000274,2026-05-11 21:57:20.298947,6,3,64
A000274,2026-06-10 21:57:20.298947,6,3,53
A000274,2026-07-10 21:57:20.298947,6,3,58
A000275,2025-06-13 18:05:40.553378,2,3,32
A000275,2025-07-13 18:05:40.553378,2,3,27
A000275,2025-08-12 18:05:40.553378,2,3,27
A000275,2025-09-11 18:05:40.553378,2,3,30
A000275,2025-10-11 18:05:40.553378,2,3,18
A000275,2025-11-10 18:05:40.553378,2,3,28
A000275,2025-12-10 18:05:40.553378,2,3,29
A000275,2026-02-08 18:05:40.553378,2,3,34
A000275,2026-03-10 18:05:40.553378,2,3,42
A000275,2026-04-09 18:05:40.553378,2,3,40
A000275,2026-05-09 18:05:40.553378,2,3,17
A000275,2026-06-08 18:05:40.553378,2,3,23
A000275,2026-07-08 18:05:40.553378,2,3,17
A000276,2025-09-27 11:55:41.455442,11,4,129
A000276,2025-10-27 11:55:41.455442,13,4,142
A000276,2025-11-26 11:55:41.455442,11,4,113
A000276,2025-12-26 11:55:41.455442,11,4,200
A000276,2026-01-25 11:55:41.455442,11,4,179
A000276,2026-02-24 11:55:41.455442,11,4,127
A000276,2026-03-26 11:55:41.455442,13,4,187
A000276,2026-04-25 11:55:41.455442,13,4,115
A000276,2026-05-25 11:55:41.455442,13,4,233
A000276,2026-06-24 11:55:41.455442,13,4,146
A000276,2026-07-24 11:55:41.455442,12,4,111
A000277,2025-04-06 19:56:02.777163,8,3,91
A000277,2025-05-06 19:56:02.777163,8,3,78
A000277,2025-06-05 19:56:02.777163,8,3,81
A000277,2025-07-05 19:56:02.777163,8,3,109
A000277,2025-09-03 19:56:02.777163,9,3,122
A000277,2025-10-03 19:56:02.777163,8,3,158
A000277,2025-11-02 19:56:02.777163,8,3,76
A000277,2025-12-02 19:56:02.777163,8,3,98
A000277,2026-01-01 19:56:02.777163,7,3,68
A000277,2026-01-31 19:56:02.777163,8,3,135
A000277,2026-03-02 19:56:02.777163,8,3,157
A000277,2026-04-01 19:56:02.777163,7,3,137
A000277,2026-05-01 19:56:02.777163,8,3,68
A000277,2026-05-31 19:56:02.777163,8,3,142
A000277,2026-06-30 19:56:02.777163,9,3,101
A000277,2026-07-30 19:56:02.777163,8,3,65
A000278,2023-08-22 05:10:13.123059,2,3,15
A000278,2023-09-21 05:10:13.123059,2,3,21
A000278,2023-10-21 05:10:13.123059,2,3,17
A000278,2023-11-20 05:10:13.123059,2,3,15
A000278,2023-12-20 05:10:13.123059,2,3,40
A000278,2024-01-19 05:10:13.123059,2,3,22
A000278,2024-02-18 05:10:13.123059,2,3,27
A000278,2024-03-19 05:10:13.123059,2,3,37
A000278,2024-04-18 05:10:13.123059,2,3,31
A000278,2024-06-17 05:10:13.123059,2,3,20
A000278,2024-07-17 05:10:13.123059,2,3,41
A000278,2024-08-16 05:10:13.123059,2,3,21
A000278,2024-09-15 05:10:13.123059,2,3,36
A000278,2024-10-15 05:10:13.123059,2,3,25
A000278,2024-11-14 05:10:13.123059,2,3,18
A000278,2024-12-14 05:10:13.123059,2,3,38
A000278,2025-01-13 05:10:13.123059,2,3,38
A000278,2025-02-12 05:10:13.123059,2,3,22
A000278,2025-03-14 05:10:13.123059,2,3,18
A000278,2025-04-13 05:10:13.123059,2,3,37
A000278,2025-05-13 05:10:13.123059,2,3,26
A000278,2025-06-12 05:10:13.123059,2,3,18
A000278,2025-07-12 05:10:13.123059,2,3,26
A000278,2025-08-11 05:10:13.123059,2,3,31
A000278,2025-10-10 05:10:13.123059,2,3,20
A000278,2025-11-09 05:10:13.123059,2,3,30
A000278,2025-12-09 05:10:13.123059,2,3,23
A000278,2026-01-08 05:10:13.123059,2,3,35
A000278,2026-02-07 05:10:13.123059,2,3,28
A000278,2026-03-09 05:10:13.123059,2,3,34
A000278,2026-04-08 05:10:13.123059,2,3,24
A000278,2026-05-08 05:10:13.123059,2,3,18
A000278,2026-06-07 05:10:13.123059,2,3,29
A000278,2026-07-07 05:10:13.123059,2,3,34
A000279,2023-08-31 22:43:03.419936,2,3,28
A000279,2023-09-30 22:43:03.419936,2,3,36
A000279,2023-10-30 22:43:03.419936,2,3,17
A000279,2023-11-29 22:43:03.419936,2,3,13
A000279,2023-12-29 22:43:03.419936,2,3,18
A000279,2024-01-28 22:43:03.419936,2,3,19
A000279,2024-02-27 22:43:03.419936,2,3,30
A000279,2024-03-28 22:43:03.419936,1,2,27
A000279,2024-04-27 22:43:03.419936,2,2,18
A000279,2024-05-27 22:43:03.419936,1,2,16
A000279,2024-06-26 22:43:03.419936,1,2,19
A000279,2024-07-26 22:43:03.419936,1,2,9
A000279,2024-08-25 22:43:03.419936,1,2,11
A000279,2024-09-24 22:43:03.419936,1,2,16
A000279,2024-10-24 22:43:03.419936,1,2,7
A000279,2024-11-23 22:43:03.419936,1,2,18
A000279,2024-12-23 22:43:03.419936,1,2,15
A000280,2026-06-10 11:23:02.760304,7,3,124
A000280,2026-07-10 11:23:02.760304,7,3,140
A000281,2026-05-21 03:58:21.919510,6,3,83
A000281,2026-06-20 03:58:21.919510,9,6,142
A000281,2026-07-20 03:58:21.919510,9,8,182
A000282,2026-05-17 06:06:02.413006,6,2,105
A000282,2026-06-16 06:06:02.413006,3,2,34
A000282,2026-07-16 06:06:02.413006,2,1,30
A000283,2026-08-30 10:18:04.861587,21,3,220
A000284,2024-12-18 01:12:28.491866,16,4,244
A000284,2025-01-17 01:12:28.491866,15,4,267
A000284,2025-02-16 01:12:28.491866,14,4,136
A000284,2025-03-18 01:12:28.491866,16,4,228
A000284,2025-04-17 01:12:28.491866,17,4,203
A000284,2025-05-17 01:12:28.491866,17,4,212
A000284,2025-06-16 01:12:28.491866,17,4,282
A000284,2025-07-16 01:12:28.491866,16,4,263
A000284,2025-08-15 01:12:28.491866,17,4,159
A000284,2025-09-14 01:12:28.491866,16,4,269
A000284,2025-10-14 01:12:28.491866,18,4,173
A000284,2025-11-13 01:12:28.491866,16,4,227
A000284,2025-12-13 01:12:28.491866,16,4,221
A000284,2026-01-12 01:12:28.491866,18,4,301
A000284,2026-02-11 01:12:28.491866,17,4,185
A000284,2026-03-13 01:12:28.491866,15,4,192
A000284,2026-04-12 01:12:28.491866,17,4,321
A000284,2026-05-12 01:12:28.491866,15,4,238
A000284,2026-06-11 01:12:28.491866,16,4,238
A000284,2026-07-11 01:12:28.491866,17,4,222
A000285,2024-12-04 20:23:02.057202,15,4,125
A000285,2025-01-03 20:23:02.057202,12,4,220
A000285,2025-02-02 20:23:02.057202,12,4,220
A000285,2025-03-04 20:23:02.057202,12,4,161
A000285,2025-04-03 20:23:02.057202,13,4,188
A000285,2025-05-03 20:23:02.057202,13,3,196
A000285,2025-06-02 20:23:02.057202,11,3,98
A000285,2025-07-02 20:23:02.057202,8,3,139
A000285,2025-08-01 20:23:02.057202,9,3,162
A000285,2025-08-31 20:23:02.057202,8,3,138
A000285,2025-09-30 20:23:02.057202,8,3,92
A000285,2025-10-30 20:23:02.057202,8,3,163
A000285,2025-11-29 20:23:02.057202,7,3,90
A000285,2025-12-29 20:23:02.057202,6,3,105
A000285,2026-01-28 20:23:02.057202,6,2,85
A000286,2023-11-29 11:05:02.199267,2,3,25
A000286,2024-01-28 11:05:02.199267,2,2,22
A000286,2024-02-27 11:05:02.199267,1,2,11
A000286,2024-03-28 11:05:02.199267,1,2,7
A000287,2026-05-06 12:44:54.956477,17,2,334
A000287,2026-06-05 12:44:54.956477,17,2,157
A000287,2026-07-05 12:44:54.956477,19,2,192
A000288,2023-05-20 19:41:52.995505,7,4,119
A000288,2023-06-19 19:41:52.995505,7,4,86
A000288,2023-07-19 19:41:52.995505,7,4,109
A000288,2023-08-18 19:41:52.995505,7,4,119
A000288,2023-10-17 19:41:52.995505,7,5,98
A000288,2023-11-16 19:41:52.995505,8,5,150
A000288,2023-12-16 19:41:52.995505,8,5,85
A000288,2024-01-15 19:41:52.995505,8,5,107
A000288,2024-02-14 19:41:52.995505,9,5,105
A000288,2024-03-15 19:41:52.995505,9,5,148
A000288,2024-04-14 19:41:52.995505,9,5,167
A000288,2024-05-14 19:41:52.995505,8,6,133
A000288,2024-06-13 19:41:52.995505,8,6,139
A000288,2024-07-13 19:41:52.995505,8,6,82
A000288,2024-08-12 19:41:52.995505,9,6,138
A000288,2024-09-11 19:41:52.995505,11,6,116
A000288,2024-10-11 19:41:52.995505,10,6,133
A000288,2024-11-10 19:41:52.995505,10,6,111
A000288,2024-12-10 19:41:52.995505,11,6,220
A000288,2025-01-09 19:41:52.995505,11,7,182
A000288,2025-02-08 19:41:52.995505,11,7,180
A000288,2025-04-09 19:41:52.995505,12,7,184
A000288,2025-05-09 19:41:52.995505,9,7,128
A000288,2025-06-08 19:41:52.995505,11,7,96
A000288,2025-07-08 19:41:52.995505,10,7,109
A000288,2025-08-07 19:41:52.995505,9,8,78
A000288,2025-09-06 19:41:52.995505,10,8,94
A000288,2025-10-06 19:41:52.995505,12,8,245
A000288,2025-11-05 19:41:52.995505,11,8,170
A000288,2025-12-05 19:41:52.995505,13,8,223
A000288,2026-01-04 19:41:52.995505,12,8,154
A000288,2026-02-03 19:41:52.995505,13,8,151
A000288,2026-03-05 19:41:52.995505,13,8,114
A000288,2026-04-04 19:41:52.995505,12,9,124
A000288,2026-05-04 19:41:52.995505,13,9,258
A000288,2026-06-03 19:41:52.995505,13,9,217
A000288,2026-07-03 19:41:52.995505,11,9,165
A000289,2025-07-28 10:21:41.320081,2,2,34
A000289,2025-08-27 10:21:41.320081,2,2,33
A000289,2025-09-26 10:21:41.320081,2,2,28
A000289,2025-10-26 10:21:41.320081,2,2,25
A000289,2025-11-25 10:21:41.320081,2,2,18
A000289,2025-12-25 10:21:41.320081,2,2,22
A000289,2026-01-24 10:21:41.320081,2,2,39
A000289,2026-02-23 10:21:41.320081,2,2,35
A000289,2026-03-25 10:21:41.320081,2,2,23
A000289,2026-04-24 10:21:41.320081,2,2,20
A000289,2026-05-24 10:21:41.320081,2,2,29
A000289,2026-06-23 10:21:41.320081,2,2,20
A000289,2026-07-23 10:21:41.320081,2,2,18
A000290,2024-04-19 04:14:34.338618,2,2,29
A000290,2024-05-19 04:14:34.338618,2,2,17
A000290,2024-06-18 04:14:34.338618,2,2,16
A000290,2024-07-18 04:14:34.338618,2,2,23
A000290,2024-08-17 04:14:34.338618,2,2,22
A000290,2024-09-16 04:14:34.338618,2,2,23
A000290,2024-10-16 04:14:34.338618,2,2,26
A000290,2024-11-15 04:14:34.338618,2,2,39
A000290,2024-12-15 04:14:34.338618,2,2,24
A000290,2025-01-14 04:14:34.338618,2,2,16
A000290,2025-02-13 04:14:34.338618,2,2,33
A000290,2025-03-15 04:14:34.338618,2,2,27
A000290,2025-04-14 04:14:34.338618,2,2,26
A000290,2025-05-14 04:14:34.338618,2,2,17
A000290,2025-06-13 04:14:34.338618,2,2,29
A000290,2025-07-13 04:14:34.338618,2,2,17
A000290,2025-08-12 04:14:34.338618,2,2,34
A000290,2025-09-11 04:14:34.338618,2,2,19
A000290,2025-10-11 04:14:34.338618,2,2,37
A000290,2025-11-10 04:14:34.338618,2,2,17
A000290,2025-12-10 04:14:34.338618,2,2,38
A000290,2026-01-09 04:14:34.338618,2,2,31
A000290,2026-02-08 04:14:34.338618,2,2,23
A000290,2026-03-10 04:14:34.338618,2,2,39
A000290,2026-04-09 04:14:34.338618,2,2,19
A000290,2026-05-09 04:14:34.338618,2,2,24
A000290,2026-06-08 04:14:34.338618,2,2,27
A000290,2026-07-08 04:14:34.338618,2,2,25
A000291,2024-11-15 13:57:45.491399,2,4,37
A000291,2024-12-15 13:57:45.491399,2,4,24
A000291,2025-01-14 13:57:45.491399,2,4,35
A000291,2025-02-13 13:57:45.491399,2,4,20
A000291,2025-03-15 13:57:45.491399,2,4,15
A000291,2025-04-14 13:57:45.491399,2,4,33
A000291,2025-05-14 13:57:45.491399,2,4,17
A000291,2025-06-13 13:57:45.491399,2,4,20
A000291,2025-07-13 13:57:45.491399,2,4,22
A000291,2025-08-12 13:57:45.491399,2,4,25
A000291,2025-09-11 13:57:45.491399,2,4,18
A000291,2025-10-11 13:57:45.491399,2,4,28
A000291,2025-11-10 13:57:45.491399,2,4,35
A000291,2025-12-10 13:57:45.491399,2,4,30
A000291,2026-01-09 13:57:45.491399,2,4,19
A000291,2026-02-08 13:57:45.491399,2,4,24
A000291,2026-03-10 13:57:45.491399,2,4,30
A000291,2026-04-09 13:57:45.491399,2,4,24
A000291,2026-05-09 13:57:45.491399,2,4,23
A000291,2026-06-08 13:57:45.491399,2,4,18
A000291,2026-07-08 13:57:45.491399,2,4,27
A000292,2024-05-24 22:54:39.154021,3,4,33
A000292,2024-06-23 22:54:39.154021,3,4,61
A000292,2024-07-23 22:54:39.154021,3,4,25
A000292,2024-08-22 22:54:39.154021,3,5,44
A000292,2024-09-21 22:54:39.154021,4,5,40
A000292,2024-10-21 22:54:39.154021,3,5,48
A000292,2024-11-20 22:54:39.154021,4,5,59
A000292,2024-12-20 22:54:39.154021,4,5,39
A000292,2025-01-19 22:54:39.154021,3,6,59
A000292,2025-02-18 22:54:39.154021,4,6,34
A000292,2025-03-20 22:54:39.154021,4,6,66
A000292,2025-04-19 22:54:39.154021,4,6,48
A000292,2025-05-19 22:54:39.154021,4,6,53
A000292,2025-06-18 22:54:39.154021,4,6,38
A000292,2025-07-18 22:54:39.154021,4,7,39
A000292,2025-08-17 22:54:39.154021,4,7,58
A000292,2025-09-16 22:54:39.154021,4,7,38
A000292,2025-10-16 22:54:39.154021,4,7,53
A000292,2025-11-15 22:54:39.154021,5,7,79
A000292,2025-12-15 22:54:39.154021,4,8,59
A000292,2026-01-14 22:54:39.154021,5,8,62
A000292,2026-02-13 22:54:39.154021,5,8,68
A000292,2026-03-15 22:54:39.154021,6,8,49
A000292,2026-04-14 22:54:39.154021,5,8,63
A000292,2026-05-14 22:54:39.154021,6,9,47
A000292,2026-06-13 22:54:39.154021,5,9,40
A000292,2026-07-13 22:54:39.154021,5,9,48
A000293,2025-08-06 19:43:34.854113,3,3,29
A000293,2025-09-05 19:43:34.854113,3,3,48
A000293,2025-10-05 19:43:34.854113,3,3,60
A000293,2025-11-04 19:43:34.854113,3,3,47
A000293,2025-12-04 19:43:34.854113,3,3,40
A000293,2026-01-03 19:43:34.854113,3,3,32
A000293,2026-02-02 19:43:34.854113,3,3,46
A000293,2026-03-04 19:43:34.854113,3,3,53
A000293,2026-04-03 19:43:34.854113,3,3,54
A000293,2026-05-03 19:43:34.854113,3,3,53
A000293,2026-06-02 19:43:34.854113,3,3,25
A000293,2026-07-02 19:43:34.854113,3,3,27
A000293,2026-08-01 19:43:34.854113,3,3,42
A000294,2023-08-19 08:20:32.870369,14,4,203
A000294,2023-09-18 08:20:32.870369,15,4,143
A000294,2023-10-18 08:20:32.870369,13,4,209
A000294,2023-12-17 08:20:32.870369,15,4,282
A000294,2024-01-16 08:20:32.870369,14,4,278
A000294,2024-02-15 08:20:32.870369,13,4,188
A000294,2024-03-16 08:20:32.870369,13,4,170
A000294,2024-04-15 08:20:32.870369,14,4,266
A000294,2024-05-15 08:20:32.870369,14,4,114
A000294,2024-06-14 08:20:32.870369,15,4,257
A000294,2024-07-14 08:20:32.870369,15,4,171
A000294,2024-08-13 08:20:32.870369,15,4,260
A000294,2024-09-12 08:20:32.870369,15,4,288
A000294,2024-10-12 08:20:32.870369,15,4,128
A000294,2024-11-11 08:20:32.870369,15,4,256
A000294,2024-12-11 08:20:32.870369,14,4,222
A000294,2025-01-10 08:20:32.870369,13,4,192
A000294,2025-02-09 08:20:32.870369,13,4,212
A000294,2025-03-11 08:20:32.870369,15,4,197
A000294,2025-04-10 08:20:32.870369,13,4,117
A000294,2025-05-10 08:20:32.870369,13,4,241
A000294,2025-06-09 08:20:32.870369,13,4,199
A000294,2025-07-09 08:20:32.870369,14,4,151
A000294,2025-08-08 08:20:32.870369,14,4,209
A000294,2025-09-07 08:20:32.870369,14,4,170
A000294,2025-10-07 08:20:32.870369,13,4,180
A000294,2025-11-06 08:20:32.870369,13,4,130
A000294,2025-12-06 08:20:32.870369,14,4,254
A000294,2026-01-05 08:20:32.870369,15,4,198
A000294,2026-02-04 08:20:32.870369,15,4,143
A000294,2026-03-06 08:20:32.870369,14,4,141
A000294,2026-04-05 08:20:32.870369,13,4,206
A000294,2026-05-05 08:20:32.870369,15,4,282
A000294,2026-06-04 08:20:32.870369,15,4,119
A000294,2026-07-04 08:20:32.870369,13,4,171
A000295,2024-05-13 06:50:45.602672,4,4,42
A000295,2024-06-12 06:50:45.602672,5,4,53
A000295,2024-07-12 06:50:45.602672,4,4,39
A000295,2024-08-11 06:50:45.602672,5,5,94
A000295,2024-09-10 06:50:45.602672,4,5,81
A000295,2024-10-10 06:50:45.602672,5,5,82
A000295,2024-11-09 06:50:45.602672,5,5,86
A000295,2024-12-09 06:50:45.602672,5,5,55
A000295,2025-01-08 06:50:45.602672,5,5,45
A000295,2025-02-07 06:50:45.602672,5,6,83
A000295,2025-03-09 06:50:45.602672,6,6,79
A000295,2025-04-08 06:50:45.602672,5,6,61
A000295,2025-05-08 06:50:45.602672,6,6,113
A000295,2025-06-07 06:50:45.602672,6,6,82
A000295,2025-07-07 06:50:45.602672,6,7,60
A000295,2025-08-06 06:50:45.602672,7,7,126
A000295,2025-09-05 06:50:45.602672,7,7,56
A000295,2025-10-05 06:50:45.602672,6,7,92
A000295,2025-11-04 06:50:45.602672,7,7,87
A000295,2025-12-04 06:50:45.602672,7,8,87
A000295,2026-01-03 06:50:45.602672,7,8,57
A000295,2026-02-02 06:50:45.602672,6,8,114
A000295,2026-03-04 06:50:45.602672,6,8,59
A000295,2026-04-03 06:50:45.602672,7,8,86
A000295,2026-05-03 06:50:45.602672,6,8,118
A000295,2026-06-02 06:50:45.602672,7,9,70
A000295,2026-07-02 06:50:45.602672,6,9,119
A000295,2026-08-01 06:50:45.602672,8,9,72
A000296,2024-09-19 07:24:30.474016,14,2,251
A000296,2024-10-19 07:24:30.474016,15,2,207
A000296,2024-11-18 07:24:30.474016,13,2,128
A000296,2024-12-18 07:24:30.474016,15,2,165
A000296,2025-01-17 07:24:30.474016,14,2,208
A000296,2025-02-16 07:24:30.474016,15,2,148
A000296,2025-03-18 07:24:30.474016,14,2,259
A000296,2025-04-17 07:24:30.474016,15,2,290
A000296,2025-05-17 07:24:30.474016,15,2,271
A000296,2025-06-16 07:24:30.474016,15,2,195
A000296,2025-07-16 07:24:30.474016,15,2,276
A000296,2025-08-15 07:24:30.474016,13,2,143
A000296,2025-09-14 07:24:30.474016,14,2,194
A000296,2025-10-14 07:24:30.474016,14,2,167
A000296,2025-11-13 07:24:30.474016,13,2,206
A000296,2025-12-13 07:24:30.474016,13,2,189
A000296,2026-01-12 07:24:30.474016,15,2,265
A000296,2026-02-11 07:24:30.474016,13,2,244
A000296,2026-03-13 07:24:30.474016,14,2,178
A000296,2026-04-12 07:24:30.474016,15,2,211
A000296,2026-05-12 07:24:30.474016,13,2,166
A000296,2026-06-11 07:24:30.474016,15,2,179
A000296,2026-07-11 07:24:30.474016,13,2,115
A000297,2024-09-27 01:54:19.301480,3,2,38
A000297,2024-10-27 01:54:19.301480,3,2,43
A000297,2024-11-26 01:54:19.301480,3,2,49
A000297,2024-12-26 01:54:19.301480,3,2,33
A000297,2025-01-25 01:54:19.301480,3,2,49
A000297,2025-02-24 01:54:19.301480,3,2,35
A000297,2025-03-26 01:54:19.301480,3,2,37
A000297,2025-04-25 01:54:19.301480,3,2,41
A000297,2025-05-25 01:54:19.301480,3,2,30
A000297,2025-06-24 01:54:19.301480,3,2,52
A000297,2025-07-24 01:54:19.301480,3,2,34
A000297,2025-08-23 01:54:19.301480,3,2,36
A000297,2025-09-22 01:54:19.301480,3,2,47
A000297,2025-10-22 01:54:19.301480,3,2,52
A000297,2025-11-21 01:54:19.301480,3,2,25
A000297,2026-01-20 01:54:19.301480,3,2,39
A000297,2026-02-19 01:54:19.301480,3,2,57
A000297,2026-03-21 01:54:19.301480,3,2,44
A000297,2026-04-20 01:54:19.301480,3,2,50
A000297,2026-05-20 01:54:19.301480,3,2,33
A000297,2026-06-19 01:54:19.301480,3,2,39
A000297,2026-07-19 01:54:19.301480,3,2,39
A000298,2025-11-14 07:59:55.667031,13,3,110
A000298,2025-12-14 07:59:55.667031,13,3,172
A000298,2026-01-13 07:59:55.667031,12,3,231
A000298,2026-02-12 07:59:55.667031,12,3,119
A000298,2026-03-14 07:59:55.667031,14,3,159
A000298,2026-04-13 07:59:55.667031,14,3,170
A000298,2026-05-13 07:59:55.667031,12,3,160
A000298,2026-06-12 07:59:55.667031,12,3,234
A000298,2026-07-12 07:59:55.667031,12,3,175
A000299,2023-10-16 10:59:05.470511,16,3,235
A000299,2023-11-15 10:59:05.470511,16,3,296
A000299,2023-12-15 10:59:05.470511,18,3,235
A000299,2024-01-14 10:59:05.470511,18,3,207
A000299,2024-02-13 10:59:05.470511,20,4,283
A000299,2024-03-14 10:59:05.470511,18,4,147
A000299,2024-04-13 10:59:05.470511,19,4,158
A000299,2024-05-13 10:59:05.470511,20,4,265
A000299,2024-06-12 10:59:05.470511,19,4,368
A000299,2024-07-12 10:59:05.470511,22,4,188
A000299,2024-08-11 10:59:05.470511,22,4,203
A000299,2024-09-10 10:59:05.470511,19,5,281
A000299,2024-10-10 10:59:05.470511,22,5,388
A000299,2024-11-09 10:59:05.470511,21,5,248
A000299,2024-12-09 10:59:05.470511,22,5,194
A000299,2025-01-08 10:59:05.470511,19,5,300
A000299,2025-02-07 10:59:05.470511,21,5,180
A000299,2025-03-09 10:59:05.470511,23,6,445
A000299,2025-04-08 10:59:05.470511,22,6,316
A000299,2025-05-08 10:59:05.470511,26,6,289
A000299,2025-06-07 10:59:05.470511,26,6,289
A000299,2025-07-07 10:59:05.470511,26,6,272
A000299,2025-08-06 10:59:05.470511,22,6,183
A000299,2025-09-05 10:59:05.470511,22,6,273
A000299,2025-10-05 10:59:05.470511,25,7,470
A000299,2025-11-04 10:59:05.470511,26,7,354
A000299,2026-01-03 10:59:05.470511,23,7,446
A000299,2026-02-02 10:59:05.470511,27,7,496
A000299,2026-03-04 10:59:05.470511,23,7,453
A000299,2026-04-03 10:59:05.470511,31,7,254
A000299,2026-05-03 10:59:05.470511,28,8,367
A000299,2026-06-02 10:59:05.470511,28,8,285
A000299,2026-07-02 10:59:05.470511,31,8,342
A000299,2026-08-01 10:59:05.470511,30,8,280
A000300,2024-03-03 12:30:22.938793,2,3,33
A000300,2024-04-02 12:30:22.938793,2,3,29
A000300,2024-05-02 12:30:22.938793,2,3,29
A000300,2024-06-01 12:30:22.938793,2,3,29
A000300,2024-07-01 12:30:22.938793,2,3,35
A000300,2024-07-31 12:30:22.938793,2,3,21
A000300,2024-08-30 12:30:22.938793,2,3,20
A000300,2024-10-29 12:30:22.938793,2,3,21
A000300,2024-11-28 12:30:22.938793,2,3,29
A000300,2024-12-28 12:30:22.938793,2,3,17
A000300,2025-01-27 12:30:22.938793,2,3,29
A000300,2025-02-26 12:30:22.938793,2,3,28
A000300,2025-04-27 12:30:22.938793,2,3,36
A000300,2025-05-27 12:30:22.938793,2,3,42
A000300,2025-06-26 12:30:22.938793,2,3,34
A000300,2025-07-26 12:30:22.938793,2,3,33
A000300,2025-08-25 12:30:22.938793,2,3,20
A000300,2025-09-24 12:30:22.938793,2,3,34
A000300,2025-10-24 12:30:22.938793,2,3,32
A000300,2025-11-23 12:30:22.938793,2,3,30
A000300,2025-12-23 12:30:22.938793,2,3,24
A000300,2026-01-22 12:30:22.938793,2,3,36
A000300,2026-02-21 12:30:22.938793,2,3,34
A000300,2026-03-23 12:30:22.938793,2,3,19
A000300,2026-04-22 12:30:22.938793,2,3,30
A000300,2026-05-22 12:30:22.938793,2,3,32
A000300,2026-06-21 12:30:22.938793,2,3,39
A000300,2026-07-21 12:30:22.938793,2,3,20
A000301,2025-12-03 14:57:03.809388,6,2,90
A000301,2026-01-02 14:57:03.809388,6,3,127
A000301,2026-02-01 14:57:03.809388,7,3,65
A000301,2026-03-03 14:57:03.809388,7,4,146
A000301,2026-04-02 14:57:03.809388,9,4,170
A000301,2026-05-02 14:57:03.809388,10,5,140
A000301,2026-06-01 14:57:03.809388,9,6,159
A000301,2026-07-01 14:57:03.809388,9,6,124
A000301,2026-07-31 14:57:03.809388,12,7,146
A000302,2024-02-14 19:49:25.267728,3,2,51
A000302,2024-03-15 19:49:25.267728,3,2,26
A000302,2024-04-14 19:49:25.267728,3,2,53
A000302,2024-05-14 19:49:25.267728,3,3,41
A000302,2024-06-13 19:49:25.267728,4,3,57
A000302,2024-07-13 19:49:25.267728,3,3,51
A000302,2024-08-12 19:49:25.267728,3,3,51
A000302,2024-09-11 19:49:25.267728,3,3,36
A000302,2024-10-11 19:49:25.267728,3,3,30
A000302,2024-11-10 19:49:25.267728,4,4,54
A000302,2024-12-10 19:49:25.267728,4,4,30
A000302,2025-01-09 19:49:25.267728,4,4,47
A000302,2025-02-08 19:49:25.267728,5,4,86
A000302,2025-03-10 19:49:25.267728,4,4,50
A000302,2025-04-09 19:49:25.267728,4,4,29
A000302,2025-05-09 19:49:25.267728,5,5,64
A000302,2025-06-08 19:49:25.267728,4,5,60
A000302,2025-07-08 19:49:25.267728,4,5,52
A000302,2025-08-07 19:49:25.267728,4,5,52
A000302,2025-09-06 19:49:25.267728,4,5,53
A000302,2025-10-06 19:49:25.267728,5,5,54
A000302,2025-11-05 19:49:25.267728,4,6,71
A000302,2025-12-05 19:49:25.267728,5,6,63
A000302,2026-01-04 19:49:25.267728,4,6,57
A000302,2026-02-03 19:49:25.267728,5,6,48
A000302,2026-03-05 19:49:25.267728,6,6,73
A000302,2026-04-04 19:49:25.267728,4,6,85
A000302,2026-05-04 19:49:25.267728,5,7,80
A000302,2026-06-03 19:49:25.267728,5,7,89
A000302,2026-07-03 19:49:25.267728,5,7,68
A000303,2026-02-21 15:21:24.036395,2,3,34
A000303,2026-03-23 15:21:24.036395,2,3,17
A000303,2026-04-22 15:21:24.036395,2,3,19
A000303,2026-05-22 15:21:24.036395,2,3,20
A000303,2026-06-21 15:21:24.036395,2,3,26
A000303,2026-07-21 15:21:24.036395,2,3,39
A000304,2026-07-05 20:36:37.396110,4,3,42
A000305,2024-01-22 09:29:52.859825,7,3,92
A000305,2024-02-21 09:29:52.859825,7,3,132
A000305,2024-03-22 09:29:52.859825,7,3,100
A000305,2024-04-21 09:29:52.859825,7,3,102
A000305,2024-05-21 09:29:52.859825,7,3,137
A000305,2024-06-20 09:29:52.859825,7,3,94
A000305,2024-07-20 09:29:52.859825,7,3,100
A000305,2024-08-19 09:29:52.859825,6,3,76
A000305,2024-09-18 09:29:52.859825,8,3,90
A000305,2024-11-17 09:29:52.859825,7,3,89
A000305,2025-01-16 09:29:52.859825,8,3,114
A000305,2025-02-15 09:29:52.859825,7,3,57
A000305,2025-03-17 09:29:52.859825,7,3,92
A000305,2025-04-16 09:29:52.859825,7,3,138
A000305,2025-05-16 09:29:52.859825,7,3,95
A000305,2025-06-15 09:29:52.859825,7,3,88
A000305,2025-07-15 09:29:52.859825,7,3,108
A000305,2025-08-14 09:29:52.859825,7,3,83
A000305,2025-09-13 09:29:52.859825,7,3,120
A000305,2025-10-13 09:29:52.859825,7,3,89
A000305,2025-11-12 09:29:52.859825,7,3,91
A000305,2025-12-12 09:29:52.859825,7,3,89
A000305,2026-01-11 09:29:52.859825,7,3,87
A000305,2026-02-10 09:29:52.859825,7,3,59
A000305,2026-03-12 09:29:52.859825,7,3,105
A000305,2026-04-11 09:29:52.859825,7,3,119
A000305,2026-05-11 09:29:52.859825,7,3,105
A000305,2026-06-10 09:29:52.859825,7,3,126
A000305,2026-07-10 09:29:52.859825,7,3,86
A000306,2026-01-27 16:25:12.504725,3,4,39
A000306,2026-02-26 16:25:12.504725,3,4,36
A000306,2026-03-28 16:25:12.504725,3,4,36
A000306,2026-04-27 16:25:12.504725,3,4,54
A000306,2026-05-27 16:25:12.504725,3,4,29
A000306,2026-06-26 16:25:12.504725,3,4,54
A000306,2026-07-26 16:25:12.504725,3,4,23
A000307,2023-08-04 21:39:47.998958,3,3,35
A000307,2023-09-03 21:39:47.998958,3,3,39
A000307,2023-10-03 21:39:47.998958,3,3,25
A000307,2023-11-02 21:39:47.998958,3,3,39
A000307,2023-12-02 21:39:47.998958,3,3,40
A000307,2024-01-01 21:39:47.998958,3,3,31
A000307,2024-01-31 21:39:47.998958,3,3,26
A000307,2024-03-01 21:39:47.998958,3,3,23
A000307,2024-03-31 21:39:47.998958,3,3,23
A000307,2024-04-30 21:39:47.998958,3,3,41
A000307,2024-05-30 21:39:47.998958,3,3,30
A000307,2024-06-29 21:39:47.998958,3,3,43
A000307,2024-07-29 21:39:47.998958,3,3,59
A000307,2024-08-28 21:39:47.998958,3,3,46
A000307,2024-09-27 21:39:47.998958,3,3,27
A000307,2024-10-27 21:39:47.998958,3,3,56
A000307,2024-11-26 21:39:47.998958,3,3,47
A000307,2024-12-26 21:39:47.998958,3,3,36
A000307,2025-01-25 21:39:47.998958,3,3,49
A000307,2025-02-24 21:39:47.998958,3,3,35
A000307,2025-03-26 21:39:47.998958,3,3,60
A000307,2025-04-25 21:39:47.998958,3,3,43
A000307,2025-05-25 21:39:47.998958,3,3,26
A000307,2025-06-24 21:39:47.998958,3,3,27
A000307,2025-07-24 21:39:47.998958,3,3,48
A000307,2025-08-23 21:39:47.998958,3,3,32
A000307,2025-09-22 21:39:47.998958,3,3,46
A000307,2025-10-22 21:39:47.998958,3,3,56
A000307,2025-11-21 21:39:47.998958,3,3,31
A000307,2025-12-21 21:39:47.998958,3,3,39
A000307,2026-01-20 21:39:47.998958,3,3,42
A000307,2026-02-19 21:39:47.998958,3,3,46
A000307,2026-03-21 21:39:47.998958,3,3,30
A000307,2026-04-20 21:39:47.998958,3,3,31
A000307,2026-05-20 21:39:47.998958,3,3,22
A000307,2026-06-19 21:39:47.998958,3,3,55
A000307,2026-07-19 21:39:47.998958,3,3,32
A000308,2026-06-25 02:38:12.700742,16,3,158
A000308,2026-07-25 02:38:12.700742,16,3,154
A000309,2026-05-17 20:28:54.230694,5,3,82
A000309,2026-06-16 20:28:54.230694,5,3,78
A000309,2026-07-16 20:28:54.230694,5,3,99
A000310,2023-12-28 20:20:12.563343,2,3,30
A000310,2024-01-27 20:20:12.563343,2,3,19
A000310,2024-02-26 20:20:12.563343,2,3,27
A000310,2024-03-27 20:20:12.563343,2,3,35
A000310,2024-04-26 20:20:12.563343,2,3,25
A000310,2024-05-26 20:20:12.563343,2,3,23
A000310,2024-06-25 20:20:12.563343,2,3,18
A000310,2024-07-25 20:20:12.563343,2,3,29
A000310,2024-08-24 20:20:12.563343,2,3,32
A000310,2024-09-23 20:20:12.563343,2,3,33
A000310,2024-10-23 20:20:12.563343,2,3,27
A000310,2024-11-22 20:20:12.563343,2,3,28
A000310,2024-12-22 20:20:12.563343,2,3,36
A000310,2025-01-21 20:20:12.563343,2,3,19
A000310,2025-02-20 20:20:12.563343,2,3,24
A000310,2025-03-22 20:20:12.563343,2,3,20
A000310,2025-04-21 20:20:12.563343,2,3,33
A000310,2025-06-20 20:20:12.563343,2,3,23
A000310,2025-07-20 20:20:12.563343,2,3,28
A000310,2025-08-19 20:20:12.563343,2,3,18
A000310,2025-09-18 20:20:12.563343,2,3,32
A000310,2025-10-18 20:20:12.563343,2,3,39
A000310,2025-11-17 20:20:12.563343,2,3,34
A000310,2025-12-17 20:20:12.563343,2,3,20
A000310,2026-01-16 20:20:12.563343,2,3,18
A000310,2026-02-15 20:20:12.563343,2,3,15
A000310,2026-03-17 20:20:12.563343,2,3,28
A000310,2026-04-16 20:20:12.563343,2,3,40
A000310,2026-05-16 20:20:12.563343,2,3,17
A000310,2026-06-15 20:20:12.563343,2,3,22
A000310,2026-07-15 20:20:12.563343,2,3,14
A000311,2024-10-30 23:57:56.898325,2,2,37
A000311,2024-11-29 23:57:56.898325,2,2,22
A000311,2024-12-29 23:57:56.898325,2,2,29
A000311,2025-01-28 23:57:56.898325,2,2,18
A000311,2025-02-27 23:57:56.898325,2,2,33
A000311,2025-03-29 23:57:56.898325,2,2,26
A000311,2025-04-28 23:57:56.898325,2,2,18
A000311,2025-05-28 23:57:56.898325,2,2,28
A000311,2025-06-27 23:57:56.898325,2,2,18
A000311,2025-07-27 23:57:56.898325,2,2,32
A000311,2025-08-26 23:57:56.898325,2,2,29
A000311,2025-09-25 23:57:56.898325,2,2,30
A000311,2025-10-25 23:57:56.898325,2,2,31
A000311,2025-11-24 23:57:56.898325,2,2,17
A000311,2025-12-24 23:57:56.898325,2,2,35
A000311,2026-01-23 23:57:56.898325,2,2,34
A000311,2026-02-22 23:57:56.898325,2,2,20
A000311,2026-03-24 23:57:56.898325,2,2,29
A000311,2026-04-23 23:57:56.898325,2,2,17
A000311,2026-05-23 23:57:56.898325,2,2,29
A000311,2026-06-22 23:57:56.898325,2,2,23
A000311,2026-07-22 23:57:56.898325,2,2,22
A000312,2024-07-16 11:33:31.480933,7,3,137
A000312,2024-08-15 11:33:31.480933,7,3,62
A000312,2024-09-14 11:33:31.480933,9,3,104
A000312,2024-10-14 11:33:31.480933,7,3,94
A000312,2024-11-13 11:33:31.480933,7,3,120
A000312,2024-12-13 11:33:31.480933,9,3,167
A000312,2025-01-12 11:33:31.480933,8,3,90
A000312,2025-02-11 11:33:31.480933,8,3,84
A000312,2025-03-13 11:33:31.480933,9,3,115
A000312,2025-04-12 11:33:31.480933,9,3,136
A000312,2025-05-12 11:33:31.480933,8,3,106
A000312,2025-06-11 11:33:31.480933,8,3,143
A000312,2025-07-11 11:33:31.480933,8,3,99
A000312,2025-08-10 11:33:31.480933,8,3,133
A000312,2025-09-09 11:33:31.480933,8,3,124
A000312,2025-10-09 11:33:31.480933,8,3,108
A000312,2025-11-08 11:33:31.480933,8,3,137
A000312,2025-12-08 11:33:31.480933,8,3,156
A000312,2026-01-07 11:33:31.480933,7,3,115
A000312,2026-02-06 11:33:31.480933,8,3,94
A000312,2026-03-08 11:33:31.480933,8,3,88
A000312,2026-04-07 11:33:31.480933,7,3,123
A000312,2026-05-07 11:33:31.480933,9,3,123
A000312,2026-06-06 11:33:31.480933,7,3,63
A000312,2026-07-06 11:33:31.480933,8,3,88
A000313,2025-08-29 06:53:07.764550,11,3,165
A000313,2025-09-28 06:53:07.764550,13,3,170
A000313,2025-10-28 06:53:07.764550,12,4,200
A000313,2025-11-27 06:53:07.764550,15,4,225
A000313,2025-12-27 06:53:07.764550,15,5,171
A000313,2026-01-26 06:53:07.764550,15,5,211
A000313,2026-02-25 06:53:07.764550,18,6,327
A000313,2026-03-27 06:53:07.764550,17,6,255
A000313,2026-04-26 06:53:07.764550,18,7,145
A000313,2026-05-26 06:53:07.764550,19,7,204
A000313,2026-06-25 06:53:07.764550,18,8,347
A000314,2024-07-10 01:52:16.460051,9,3,77
A000314,2024-08-09 01:52:16.460051,9,3,169
A000314,2024-09-08 01:52:16.460051,8,3,152
A000314,2024-10-08 01:52:16.460051,9,3,136
A000314,2024-11-07 01:52:16.460051,9,3,158
A000314,2024-12-07 01:52:16.460051,9,3,130
A000314,2025-01-06 01:52:16.460051,10,3,188
A000314,2025-02-05 01:52:16.460051,9,3,164
A000314,2025-03-07 01:52:16.460051,10,3,129
A000314,2025-04-06 01:52:16.460051,10,3,88
A000314,2025-05-06 01:52:16.460051,9,3,153
A000314,2025-07-05 01:52:16.460051,10,3,101
A000314,2025-08-04 01:52:16.460051,9,3,148
A000314,2025-09-03 01:52:16.460051,10,3,186
A000314,2025-10-03 01:52:16.460051,9,3,133
A000314,2025-11-02 01:52:16.460051,10,3,135
A000314,2025-12-02 01:52:16.460051,9,3,93
A000314,2026-01-01 01:52:16.460051,8,3,102
A000314,2026-01-31 01:52:16.460051,9,3,95
A000314,2026-03-02 01:52:16.460051,8,3,67
A000314,2026-04-01 01:52:16.460051,8,3,142
A000314,2026-05-01 01:52:16.460051,9,3,83
A000314,2026-05-31 01:52:16.460051,9,3,85
A000314,2026-06-30 01:52:16.460051,8,3,128
A000314,2026-07-30 01:52:16.460051,9,3,77
A000315,2024-09-13 19:01:22.219931,47,4,388
A000315,2024-10-13 19:01:22.219931,49,4,424
A000315,2024-12-12 19:01:22.219931,46,3,410
A000315,2025-01-11 19:01:22.219931,37,3,521
A000315,2025-02-10 19:01:22.219931,34,3,623
A000315,2025-03-12 19:01:22.219931,28,3,420
A000315,2025-04-11 19:01:22.219931,25,3,244
A000315,2025-05-11 19:01:22.219931,19,2,204
A000316,2026-01-18 02:32:11.287035,8,3,82
A000316,2026-02-17 02:32:11.287035,9,3,103
A000316,2026-03-19 02:32:11.287035,8,3,115
A000316,2026-04-18 02:32:11.287035,9,3,137
A000316,2026-05-18 02:32:11.287035,10,3,98
A000316,2026-06-17 02:32:11.287035,10,3,107
A000316,2026-07-17 02:32:11.287035,10,3,98
A000317,2025-09-08 09:01:57.998095,9,4,145
A000317,2025-10-08 09:01:57.998095,11,4,210
A000317,2025-11-07 09:01:57.998095,10,4,139
A000317,2025-12-07 09:01:57.998095,11,4,99
A000317,2026-01-06 09:01:57.998095,10,4,86
A000317,2026-02-05 09:01:57.998095,9,4,83
A000317,2026-03-07 09:01:57.998095,10,4,145
A000317,2026-04-06 09:01:57.998095,10,4,159
A000317,2026-05-06 09:01:57.998095,9,4,98
A000317,2026-06-05 09:01:57.998095,10,4,164
A000317,2026-07-05 09:01:57.998095,10,4,167
A000318,2025-09-03 17:28:59.270233,12,2,159
A000318,2025-10-03 17:28:59.270233,13,2,164
A000318,2025-11-02 17:28:59.270233,14,3,207
A000318,2025-12-02 17:28:59.270233,15,3,129
A000318,2026-01-01 17:28:59.270233,20,4,178
A000318,2026-01-31 17:28:59.270233,22,4,325
A000318,2026-03-02 17:28:59.270233,19,5,212
A000318,2026-04-01 17:28:59.270233,22,5,406
A000318,2026-05-01 17:28:59.270233,22,6,382
A000318,2026-05-31 17:28:59.270233,26,6,399
A000318,2026-06-30 17:28:59.270233,24,7,220
A000318,2026-07-30 17:28:59.270233,27,7,485
A000319,2024-12-25 23:30:08.427563,11,3,154
A000319,2025-01-24 23:30:08.427563,10,3,180
A000319,2025-02-23 23:30:08.427563,11,3,134
A000319,2025-03-25 23:30:08.427563,10,3,142
A000319,2025-04-24 23:30:08.427563,11,3,152
A000319,2025-05-24 23:30:08.427563,9,3,125
A000319,2025-06-23 23:30:08.427563,11,3,160
A000319,2025-07-23 23:30:08.427563,10,3,144
A000319,2025-09-21 23:30:08.427563,10,3,185
A000319,2025-10-21 23:30:08.427563,10,3,102
A000319,2025-11-20 23:30:08.427563,10,3,110
A000319,2025-12-20 23:30:08.427563,9,3,128
A000319,2026-01-19 23:30:08.427563,9,3,115
A000319,2026-02-18 23:30:08.427563,9,3,162
A000319,2026-03-20 23:30:08.427563,10,3,86
A000319,2026-04-19 23:30:08.427563,10,3,117
A000319,2026-05-19 23:30:08.427563,10,3,131
A000319,2026-06-18 23:30:08.427563,10,3,164
A000319,2026-07-18 23:30:08.427563,9,3,111
A000320,2024-02-29 12:51:16.706660,3,2,38
A000320,2024-03-30 12:51:16.706660,3,2,51
A000320,2024-04-29 12:51:16.706660,3,2,59
A000320,2024-05-29 12:51:16.706660,3,2,54
A000320,2024-06-28 12:51:16.706660,3,2,52
A000320,2024-07-28 12:51:16.706660,3,2,29
A000320,2024-08-27 12:51:16.706660,3,2,36
A000320,2024-09-26 12:51:16.706660,3,2,36
A000320,2024-11-25 12:51:16.706660,3,2,53
A000320,2024-12-25 12:51:16.706660,3,2,41
A000320,2025-01-24 12:51:16.706660,3,2,41
A000320,2025-02-23 12:51:16.706660,3,2,48
A000320,2025-03-25 12:51:16.706660,3,2,42
A000320,2025-04-24 12:51:16.706660,3,2,51
A000320,2025-05-24 12:51:16.706660,3,2,29
A000320,2025-06-23 12:51:16.706660,3,2,30
A000320,2025-07-23 12:51:16.706660,3,2,52
A000320,2025-08-22 12:51:16.706660,3,2,48
A000320,2025-09-21 12:51:16.706660,3,2,50
A000320,2025-10-21 12:51:16.706660,3,2,41
A000320,2025-11-20 12:51:16.706660,3,2,34
A000320,2025-12-20 12:51:16.706660,3,2,30
A000320,2026-01-19 12:51:16.706660,3,2,42
A000320,2026-02-18 12:51:16.706660,3,2,60
A000320,2026-03-20 12:51:16.706660,3,2,37
A000320,2026-04-19 12:51:16.706660,3,2,38
A000320,2026-05-19 12:51:16.706660,3,2,53
A000320,2026-06-18 12:51:16.706660,3,2,55
A000320,2026-07-18 12:51:16.706660,3,2,57
A000321,2026-06-17 21:06:55.709198,2,2,34
A000321,2026-07-17 21:06:55.709198,1,1,10
A000322,2026-08-05 18:26:49.275841,2,3,32
A000323,2024-03-27 04:50:10.909400,10,3,186
A000323,2024-04-26 04:50:10.909400,10,3,173
A000323,2024-05-26 04:50:10.909400,9,3,169
A000323,2024-07-25 04:50:10.909400,5,2,56
A000323,2024-08-24 04:50:10.909400,5,2,99
A000323,2024-09-23 04:50:10.909400,4,2,72
A000324,2023-06-14 05:45:26.990948,11,4,206
A000324,2023-07-14 05:45:26.990948,13,4,186
A000324,2023-08-13 05:45:26.990948,12,4,205
A000324,2023-09-12 05:45:26.990948,12,4,153
A000324,2023-10-12 05:45:26.990948,12,4,154
A000324,2023-11-11 05:45:26.990948,12,4,248
A000324,2023-12-11 05:45:26.990948,13,4,137
A000324,2024-01-10 05:45:26.990948,12,4,100
A000324,2024-02-09 05:45:26.990948,12,4,124
A000324,2024-03-10 05:45:26.990948,12,4,239
A000324,2024-04-09 05:45:26.990948,11,4,168
A000324,2024-05-09 05:45:26.990948,12,4,183
A000324,2024-06-08 05:45:26.990948,13,4,138
A000324,2024-07-08 05:45:26.990948,11,4,138
A000324,2024-08-07 05:45:26.990948,12,4,126
A000324,2024-09-06 05:45:26.990948,11,4,215
A000324,2024-10-06 05:45:26.990948,12,4,207
A000324,2024-11-05 05:45:26.990948,11,4,228
A000324,2024-12-05 05:45:26.990948,11,4,116
A000324,2025-01-04 05:45:26.990948,13,4,220
A000324,2025-02-03 05:45:26.990948,11,4,157
A000324,2025-03-05 05:45:26.990948,12,4,185
A000324,2025-04-04 05:45:26.990948,11,4,152
A000324,2025-05-04 05:45:26.990948,12,4,144
A000324,2025-06-03 05:45:26.990948,11,4,105
A000324,2025-07-03 05:45:26.990948,12,4,198
A000324,2025-08-02 05:45:26.990948,11,4,88
A000324,2025-09-01 05:45:26.990948,11,4,101
A000324,2025-10-01 05:45:26.990948,11,4,181
A000324,2025-10-31 05:45:26.990948,12,4,176
A000324,2025-11-30 05:45:26.990948,13,4,172
A000324,2025-12-30 05:45:26.990948,12,4,99
A000324,2026-01-29 05:45:26.990948,12,4,126
A000324,2026-02-28 05:45:26.990948,13,4,192
A000324,2026-03-30 05:45:26.990948,12,4,114
A000324,2026-04-29 05:45:26.990948,12,4,117
A000324,2026-05-29 05:45:26.990948,12,4,194
A000324,2026-06-28 05:45:26.990948,11,4,173
A000324,2026-07-28 05:45:26.990948,13,4,219
A000325,2025-04-28 00:02:07.398818,14,2,112
A000325,2025-05-28 00:02:07.398818,12,2,218
A000325,2025-06-27 00:02:07.398818,12,2,179
A000325,2025-07-27 00:02:07.398818,12,2,138
A000325,2025-08-26 00:02:07.398818,12,2,230
A000325,2025-09-25 00:02:07.398818,13,2,223
A000325,2025-10-25 00:02:07.398818,13,2,141
A000325,2025-11-24 00:02:07.398818,13,2,216
A000325,2025-12-24 00:02:07.398818,14,2,249
A000325,2026-01-23 00:02:07.398818,12,2,114
A000325,2026-02-22 00:02:07.398818,13,2,223
A000325,2026-03-24 00:02:07.398818,12,2,107
A000325,2026-04-23 00:02:07.398818,13,2,169
A000325,2026-05-23 00:02:07.398818,14,2,229
A000325,2026-06-22 00:02:07.398818,14,2,205
A000325,2026-07-22 00:02:07.398818,14,2,134
A000326,2025-11-03 19:42:18.184777,2,3,27
A000326,2025-12-03 19:42:18.184777,2,3,32
A000326,2026-01-02 19:42:18.184777,2,3,19
A000326,2026-02-01 19:42:18.184777,2,3,19
A000326,2026-03-03 19:42:18.184777,2,3,29
A000326,2026-04-02 19:42:18.184777,2,3,40
A000326,2026-05-02 19:42:18.184777,2,3,37
A000326,2026-06-01 19:42:18.184777,2,3,20
A000326,2026-07-01 19:42:18.184777,2,3,19
A000326,2026-07-31 19:42:18.184777,2,3,34
A000327,2025-07-01 05:29:40.326934,2,3,24
A000327,2025-07-31 05:29:40.326934,2,3,35
A000327,2025-08-30 05:29:40.326934,3,4,25
A000327,2025-09-29 05:29:40.326934,2,4,28
A000327,2025-10-29 05:29:40.326934,3,5,31
A000327,2025-11-28 05:29:40.326934,3,5,41
A000327,2025-12-28 05:29:40.326934,3,5,54
A000327,2026-01-27 05:29:40.326934,3,6,45
A000327,2026-02-26 05:29:40.326934,3,6,57
A000327,2026-03-28 05:29:40.326934,3,6,47
A000327,2026-04-27 05:29:40.326934,3,7,57
A000327,2026-05-27 05:29:40.326934,3,7,52
A000327,2026-06-26 05:29:40.326934,4,8,72
A000327,2026-07-26 05:29:40.326934,3,8,50
A000328,2026-06-22 21:47:40.982032,10,2,116
A000328,2026-07-22 21:47:40.982032,11,2,210
A000329,2023-09-27 18:52:38.846093,10,3,125
A000329,2023-10-27 18:52:38.846093,11,3,107
A000329,2023-11-26 18:52:38.846093,12,3,147
A000329,2023-12-26 18:52:38.846093,11,3,102
A000329,2024-02-24 18:52:38.846093,11,3,215
A000329,2024-03-25 18:52:38.846093,10,3,104
A000329,2024-04-24 18:52:38.846093,11,3,169
A000329,2024-05-24 18:52:38.846093,12,3,140
A000329,2024-06-23 18:52:38.846093,10,3,179
A000329,2024-07-23 18:52:38.846093,10,3,133
A000329,2024-08-22 18:52:38.846093,11,3,176
A000329,2024-09-21 18:52:38.846093,11,3,88
A000329,2024-10-21 18:52:38.846093,10,3,130
A000329,2024-11-20 18:52:38.846093,10,3,110
A000329,2024-12-20 18:52:38.846093,10,3,138
A000329,2025-01-19 18:52:38.846093,12,3,122
A000329,2025-02-18 18:52:38.846093,10,3,134
A000329,2025-03-20 18:52:38.846093,11,3,93
A000329,2025-04-19 18:52:38.846093,12,3,204
A000329,2025-05-19 18:52:38.846093,11,3,158
A000329,2025-06-18 18:52:38.846093,11,3,158
A000329,2025-07-18 18:52:38.846093,11,3,94
A000329,2025-08-17 18:52:38.846093,11,3,96
A000329,2025-09-16 18:52:38.846093,10,3,116
A000329,2025-10-16 18:52:38.846093,10,3,194
A000329,2025-11-15 18:52:38.846093,10,3,189
A000329,2025-12-15 18:52:38.846093,12,3,225
A000329,2026-01-14 18:52:38.846093,11,3,103
A000329,2026-02-13 18:52:38.846093,11,3,224
A000329,2026-03-15 18:52:38.846093,10,3,193
A000329,2026-04-14 18:52:38.846093,11,3,136
A000329,2026-05-14 18:52:38.846093,10,3,148
A000329,2026-06-13 18:52:38.846093,12,3,162
A000329,2026-07-13 18:52:38.846093,10,3,164
A000330,2026-07-11 19:31:18.297216,14,4,223
A000331,2025-11-28 16:46:12.130187,3,2,41
A000331,2025-12-28 16:46:12.130187,3,2,55
A000331,2026-01-27 16:46:12.130187,3,2,31
A000331,2026-02-26 16:46:12.130187,3,2,44
A000331,2026-03-28 16:46:12.130187,3,2,32
A000331,2026-04-27 16:46:12.130187,3,2,27
A000331,2026-05-27 16:46:12.130187,3,2,40
A000331,2026-06-26 16:46:12.130187,3,2,34
A000331,2026-07-26 16:46:12.130187,3,2,45
A000332,2025-06-14 03:34:08.851583,2,3,33
A000332,2025-07-14 03:34:08.851583,2,3,29
A000332,2025-08-13 03:34:08.851583,2,3,38
A000332,2025-09-12 03:34:08.851583,2,3,23
A000332,2025-10-12 03:34:08.851583,2,3,22
A000332,2025-11-11 03:34:08.851583,2,3,27
A000332,2025-12-11 03:34:08.851583,2,3,26
A000332,2026-02-09 03:34:08.851583,2,3,20
A000332,2026-03-11 03:34:08.851583,2,3,28
A000332,2026-04-10 03:34:08.851583,2,3,20
A000332,2026-05-10 03:34:08.851583,2,3,25
A000332,2026-06-09 03:34:08.851583,2,3,35
A000332,2026-07-09 03:34:08.851583,2,3,32
A000333,2023-10-09 14:43:27.808925,2,2,34
A000333,2023-11-08 14:43:27.808925,2,2,25
A000333,2023-12-08 14:43:27.808925,2,2,28
A000333,2024-01-07 14:43:27.808925,2,2,39
A000333,2024-02-06 14:43:27.808925,2,2,22
A000333,2024-03-07 14:43:27.808925,2,2,32
A000333,2024-04-06 14:43:27.808925,2,2,34
A000333,2024-05-06 14:43:27.808925,2,2,19
A000333,2024-06-05 14:43:27.808925,2,2,27
A000333,2024-07-05 14:43:27.808925,2,2,28
A000333,2024-08-04 14:43:27.808925,2,2,17
A000333,2024-09-03 14:43:27.808925,2,2,39
A000333,2024-11-02 14:43:27.808925,2,2,21
A000333,2024-12-02 14:43:27.808925,2,2,35
A000333,2025-01-01 14:43:27.808925,2,2,36
A000333,2025-01-31 14:43:27.808925,2,2,26
A000333,2025-03-02 14:43:27.808925,2,2,22
A000333,2025-04-01 14:43:27.808925,2,2,31
A000333,2025-05-01 14:43:27.808925,2,2,27
A000333,2025-05-31 14:43:27.808925,2,2,33
A000333,2025-06-30 14:43:27.808925,2,2,22
A000333,2025-07-30 14:43:27.808925,2,2,21
A000333,2025-08-29 14:43:27.808925,2,2,18
A000333,2025-10-28 14:43:27.808925,2,2,30
A000333,2025-11-27 14:43:27.808925,2,2,36
A000333,2025-12-27 14:43:27.808925,2,2,23
A000333,2026-01-26 14:43:27.808925,2,2,30
A000333,2026-02-25 14:43:27.808925,2,2,18
A000333,2026-03-27 14:43:27.808925,2,2,23
A000333,2026-04-26 14:43:27.808925,2,2,31
A000333,2026-05-26 14:43:27.808925,2,2,32
A000333,2026-06-25 14:43:27.808925,2,2,33
A000333,2026-07-25 14:43:27.808925,2,2,20
A000334,2023-09-01 16:40:29.430653,11,4,98
A000334,2023-10-01 16:40:29.430653,11,4,139
A000334,2023-10-31 16:40:29.430653,12,4,160
A000334,2023-11-30 16:40:29.430653,13,4,206
A000334,2023-12-30 16:40:29.430653,13,5,138
A000334,2024-01-29 16:40:29.430653,13,5,120
A000334,2024-02-28 16:40:29.430653,13,5,160
A000334,2024-03-29 16:40:29.430653,12,5,191
A000334,2024-04-28 16:40:29.430653,11,5,220
A000334,2024-05-28 16:40:29.430653,12,5,216
A000334,2024-06-27 16:40:29.430653,14,5,183
A000334,2024-07-27 16:40:29.430653,15,6,180
A000334,2024-08-26 16:40:29.430653,15,6,118
A000334,2024-09-25 16:40:29.430653,16,6,158
A000334,2024-10-25 16:40:29.430653,15,6,162
A000334,2024-11-24 16:40:29.430653,14,6,170
A000334,2024-12-24 16:40:29.430653,17,6,164
A000334,2025-02-22 16:40:29.430653,14,7,124
A000334,2025-03-24 16:40:29.430653,16,7,165
A000334,2025-04-23 16:40:29.430653,15,7,261
A000334,2025-05-23 16:40:29.430653,15,7,178
A000334,2025-06-22 16:40:29.430653,17,7,344
A000334,2025-07-22 16:40:29.430653,17,7,266
A000334,2025-08-21 16:40:29.430653,17,7,173
A000334,2025-09-20 16:40:29.430653,17,8,264
A000334,2025-10-20 16:40:29.430653,15,8,152
A000334,2025-11-19 16:40:29.430653,19,8,174
A000334,2025-12-19 16:40:29.430653,16,8,179
A000334,2026-01-18 16:40:29.430653,16,8,277
A000334,2026-02-17 16:40:29.430653,19,8,195
A000334,2026-03-19 16:40:29.430653,17,8,245
A000334,2026-04-18 16:40:29.430653,20,9,318
A000334,2026-05-18 16:40:29.430653,21,9,410
A000334,2026-06-17 16:40:29.430653,22,9,233
A000334,2026-07-17 16:40:29.430653,17,9,158
A000335,2025-10-06 11:40:46.930084,2,3,36
A000335,2025-11-05 11:40:46.930084,2,3,22
A000335,2025-12-05 11:40:46.930084,2,2,28
A000335,2026-01-04 11:40:46.930084,1,2,18
A000335,2026-02-03 11:40:46.930084,1,2,11
A000336,2025-11-17 13:45:26.655073,3,3,29
A000336,2025-12-17 13:45:26.655073,2,3,29
A000336,2026-01-16 13:45:26.655073,2,2,47
A000336,2026-02-15 13:45:26.655073,2,2,19
A000336,2026-03-17 13:45:26.655073,1,2,20
A000337,2025-12-07 06:06:59.751687,3,3,47
A000337,2026-01-06 06:06:59.751687,3,3,26
A000337,2026-02-05 06:06:59.751687,3,3,58
A000337,2026-04-06 06:06:59.751687,3,3,28
A000337,2026-05-06 06:06:59.751687,3,3,26
A000337,2026-06-05 06:06:59.751687,3,3,52
A000337,2026-07-05 06:06:59.751687,3,3,37
A000338,2025-08-27 22:04:54.122865,12,2,228
A000338,2025-09-26 22:04:54.122865,12,2,200
A000338,2025-10-26 22:04:54.122865,11,2,84
A000338,2025-11-25 22:04:54.122865,11,2,104
A000338,2025-12-25 22:04:54.122865,11,2,223
A000338,2026-01-24 22:04:54.122865,10,2,180
A000338,2026-02-23 22:04:54.122865,12,2,211
A000338,2026-03-25 22:04:54.122865,12,2,107
A000338,2026-04-24 22:04:54.122865,12,2,217
A000338,2026-05-24 22:04:54.122865,11,2,126
A000338,2026-06-23 22:04:54.122865,12,2,101
A000338,2026-07-23 22:04:54.122865,12,2,167
A000339,2025-10-25 03:41:33.427293,21,2,263
A000339,2025-11-24 03:41:33.427293,25,2,270
A000339,2025-12-24 03:41:33.427293,24,2,394
A000339,2026-01-23 03:41:33.427293,23,2,301
A000339,2026-02-22 03:41:33.427293,24,2,419
A000339,2026-03-24 03:41:33.427293,23,2,352
A000339,2026-04-23 03:41:33.427293,23,2,351
A000339,2026-05-23 03:41:33.427293,23,2,222
A000339,2026-06-22 03:41:33.427293,21,2,397
A000339,2026-07-22 03:41:33.427293,25,2,282
A000340,2025-01-06 09:49:22.429417,3,2,22
A000340,2025-02-05 09:49:22.429417,3,2,31
A000340,2025-03-07 09:49:22.429417,3,2,53
A000340,2025-04-06 09:49:22.429417,3,2,25
A000340,2025-05-06 09:49:22.429417,3,2,28
A000340,2025-06-05 09:49:22.429417,3,2,51
A000340,2025-07-05 09:49:22.429417,3,2,45
A000340,2025-08-04 09:49:22.429417,3,2,47
A000340,2025-09-03 09:49:22.429417,3,2,33
A000340,2025-10-03 09:49:22.429417,3,2,46
A000340,2025-11-02 09:49:22.429417,3,2,34
A000340,2025-12-02 09:49:22.429417,3,2,43
A000340,2026-01-01 09:49:22.429417,3,2,49
A000340,2026-01-31 09:49:22.429417,3,2,33
A000340,2026-03-02 09:49:22.429417,3,2,28
A000340,2026-04-01 09:49:22.429417,3,2,52
A000340,2026-05-01 09:49:22.429417,3,2,46
A000340,2026-05-31 09:49:22.429417,3,2,37
A000340,2026-06-30 09:49:22.429417,3,2,31
A000340,2026-07-30 09:49:22.429417,3,2,52
A000341,2025-09-02 01:54:37.043099,2,4,27
A000341,2025-10-02 01:54:37.043099,2,4,29
A000341,2025-11-01 01:54:37.043099,2,4,25
A000341,2025-12-01 01:54:37.043099,2,4,21
A000341,2025-12-31 01:54:37.043099,2,4,23
A000341,2026-01-30 01:54:37.043099,2,4,20
A000341,2026-03-01 01:54:37.043099,2,4,20
A000341,2026-03-31 01:54:37.043099,2,4,20
A000341,2026-04-30 01:54:37.043099,2,4,39
A000341,2026-05-30 01:54:37.043099,2,4,34
A000341,2026-06-29 01:54:37.043099,2,4,36
A000341,2026-07-29 01:54:37.043099,2,4,38
A000342,2024-03-14 03:26:31.410064,10,2,171
A000342,2024-04-13 03:26:31.410064,9,2,85
A000342,2024-05-13 03:26:31.410064,9,2,82
A000342,2024-06-12 03:26:31.410064,9,3,188
A000342,2024-07-12 03:26:31.410064,9,3,126
A000342,2024-08-11 03:26:31.410064,9,3,164
A000342,2024-09-10 03:26:31.410064,12,3,94
A000342,2024-10-10 03:26:31.410064,10,3,139
A000342,2024-12-09 03:26:31.410064,11,4,96
A000342,2025-01-08 03:26:31.410064,12,4,213
A000342,2025-02-07 03:26:31.410064,11,4,105
A000342,2025-03-09 03:26:31.410064,11,4,199
A000342,2025-04-08 03:26:31.410064,13,4,141
A000342,2025-05-08 03:26:31.410064,11,4,198
A000342,2025-06-07 03:26:31.410064,12,5,154
A000342,2025-07-07 03:26:31.410064,13,5,187
A000342,2025-08-06 03:26:31.410064,13,5,234
A000342,2025-09-05 03:26:31.410064,13,5,212
A000342,2025-10-05 03:26:31.410064,12,5,122
A000342,2025-11-04 03:26:31.410064,14,5,131
A000342,2025-12-04 03:26:31.410064,14,6,258
A000342,2026-01-03 03:26:31.410064,13,6,167
A000342,2026-02-02 03:26:31.410064,14,6,178
A000342,2026-03-04 03:26:31.410064,17,6,158
A000342,2026-04-03 03:26:31.410064,13,6,116
A000342,2026-05-03 03:26:31.410064,18,6,306
A000342,2026-06-02 03:26:31.410064,17,7,282
A000342,2026-07-02 03:26:31.410064,14,7,168
A000342,2026-08-01 03:26:31.410064,16,7,212
A000343,2026-03-11 09:33:17.094044,5,2,45
A000343,2026-04-10 09:33:17.094044,6,3,99
A000343,2026-05-10 09:33:17.094044,7,4,90
A000343,2026-06-09 09:33:17.094044,8,6,153
A000343,2026-07-09 09:33:17.094044,10,7,195
A000344,2023-09-12 19:00:13.025530,3,2,24
A000344,2023-10-12 19:00:13.025530,3,2,50
A000344,2023-11-11 19:00:13.025530,3,2,34
A000344,2023-12-11 19:00:13.025530,3,2,24
A000344,2024-01-10 19:00:13.025530,3,2,41
A000344,2024-02-09 19:00:13.025530,3,2,26
A000344,2024-03-10 19:00:13.025530,3,2,41
A000344,2024-04-09 19:00:13.025530,3,2,62
A000344,2024-05-09 19:00:13.025530,3,2,47
A000344,2024-06-08 19:00:13.025530,3,2,32
A000344,2024-07-08 19:00:13.025530,3,2,56
A000344,2024-08-07 19:00:13.025530,3,2,42
A000344,2024-09-06 19:00:13.025530,3,2,29
A000344,2024-10-06 19:00:13.025530,3,2,29
A000344,2024-11-05 19:00:13.025530,3,2,27
A000344,2024-12-05 19:00:13.025530,3,2,27
A000344,2025-01-04 19:00:13.025530,3,2,48
A000344,2025-02-03 19:00:13.025530,3,2,25
A000344,2025-03-05 19:00:13.025530,3,2,28
A000344,2025-04-04 19:00:13.025530,3,2,41
A000344,2025-05-04 19:00:13.025530,3,2,40
A000344,2025-06-03 19:00:13.025530,3,2,54
A000344,2025-07-03 19:00:13.025530,3,2,64
A000344,2025-08-02 19:00:13.025530,3,2,56
A000344,2025-09-01 19:00:13.025530,3,2,36
A000344,2025-10-01 19:00:13.025530,3,2,52
A000344,2025-11-30 19:00:13.025530,3,2,24
A000344,2025-12-30 19:00:13.025530,3,2,58
A000344,2026-01-29 19:00:13.025530,3,2,34
A000344,2026-02-28 19:00:13.025530,3,2,50
A000344,2026-03-30 19:00:13.025530,3,2,43
A000344,2026-04-29 19:00:13.025530,3,2,27
A000344,2026-05-29 19:00:13.025530,3,2,55
A000344,2026-06-28 19:00:13.025530,3,2,55
A000344,2026-07-28 19:00:13.025530,3,2,59
A000345,2024-07-24 22:07:40.292710,18,4,352
A000345,2024-08-23 22:07:40.292710,15,4,147
A000345,2024-09-22 22:07:40.292710,15,3,186
A000345,2024-10-22 22:07:40.292710,13,3,237
A000345,2024-11-21 22:07:40.292710,10,3,136
A000345,2024-12-21 22:07:40.292710,8,3,115
A000345,2025-01-20 22:07:40.292710,8,2,129
A000346,2025-02-16 20:35:11.180501,2,2,36
A000346,2025-03-18 20:35:11.180501,2,2,19
A000346,2025-05-17 20:35:11.180501,1,1,12
A000347,2025-02-12 09:14:51.921177,2,2,43
A000347,2025-03-14 09:14:51.921177,2,2,30
A000347,2025-04-13 09:14:51.921177,2,2,17
A000347,2025-05-13 09:14:51.921177,2,2,33
A000347,2025-06-12 09:14:51.921177,2,2,30
A000347,2025-07-12 09:14:51.921177,1,2,21
A000347,2025-09-10 09:14:51.921177,1,1,16
A000347,2025-10-10 09:14:51.921177,1,1,13
A000347,2025-11-09 09:14:51.921177,1,1,15
A000347,2025-12-09 09:14:51.921177,1,1,8
A000347,2026-01-08 09:14:51.921177,1,1,12
A000348,2023-11-06 14:08:35.820766,3,4,26
A000348,2023-12-06 14:08:35.820766,3,4,26
A000348,2024-01-05 14:08:35.820766,3,4,44
A000348,2024-02-04 14:08:35.820766,3,4,50
A000348,2024-03-05 14:08:35.820766,3,4,42
A000348,2024-05-04 14:08:35.820766,3,4,37
A000348,2024-06-03 14:08:35.820766,3,4,54
A000348,2024-07-03 14:08:35.820766,3,4,27
A000348,2024-08-02 14:08:35.820766,3,4,29
A000348,2024-09-01 14:08:35.820766,3,4,48
A000348,2024-10-01 14:08:35.820766,3,4,58
A000348,2024-10-31 14:08:35.820766,3,4,26
A000348,2024-11-30 14:08:35.820766,3,4,61
A000348,2024-12-30 14:08:35.820766,3,4,42
A000348,2025-01-29 14:08:35.820766,3,4,49
A000348,2025-02-28 14:08:35.820766,3,4,49
A000348,2025-03-30 14:08:35.820766,3,4,35
A000348,2025-04-29 14:08:35.820766,3,4,56
A000348,2025-05-29 14:08:35.820766,3,4,23
A000348,2025-06-28 14:08:35.820766,3,4,32
A000348,2025-07-28 14:08:35.820766,3,4,31
A000348,2025-08-27 14:08:35.820766,3,4,40
A000348,2025-09-26 14:08:35.820766,3,4,34
A000348,2025-10-26 14:08:35.820766,3,4,28
A000348,2025-11-25 14:08:35.820766,3,4,44
A000348,2025-12-25 14:08:35.820766,3,4,48
A000348,2026-01-24 14:08:35.820766,3,4,34
A000348,2026-03-25 14:08:35.820766,3,4,56
A000348,2026-04-24 14:08:35.820766,3,4,41
A000348,2026-05-24 14:08:35.820766,3,4,32
A000348,2026-06-23 14:08:35.820766,3,4,61
A000348,2026-07-23 14:08:35.820766,3,4,51
A000349,2025-08-21 10:23:15.492341,3,4,41
A000349,2025-09-20 10:23:15.492341,4,4,47
A000349,2025-10-20 10:23:15.492341,4,5,29
A000349,2025-11-19 10:23:15.492341,4,5,51
A000349,2025-12-19 10:23:15.492341,4,6,40
A000349,2026-02-17 10:23:15.492341,4,7,49
A000349,2026-03-19 10:23:15.492341,5,7,54
A000349,2026-04-18 10:23:15.492341,5,8,75
A000349,2026-05-18 10:23:15.492341,5,8,63
A000349,2026-06-17 10:23:15.492341,6,9,48
A000349,2026-07-17 10:23:15.492341,5,9,74
A000350,2024-07-19 21:48:29.692046,4,3,70
A000350,2024-08-18 21:48:29.692046,4,3,36
A000350,2024-09-17 21:48:29.692046,4,3,35
A000350,2024-10-17 21:48:29.692046,4,3,31
A000350,2024-11-16 21:48:29.692046,3,2,31
A000350,2024-12-16 21:48:29.692046,3,2,42
A000350,2025-01-15 21:48:29.692046,2,2,41
A000350,2025-02-14 21:48:29.692046,2,2,27
A000350,2025-03-16 21:48:29.692046,1,2,21
A000351,2026-03-21 05:49:24.956840,18,3,327
A000351,2026-04-20 05:49:24.956840,22,4,200
A000351,2026-05-20 05:49:24.956840,27,6,364
A000351,2026-06-19 05:49:24.956840,25,7,474
A000351,2026-07-19 05:49:24.956840,30,8,579
A000352,2023-07-05 11:17:09.680446,2,4,31
A000352,2023-08-04 11:17:09.680446,2,4,25
A000352,2023-09-03 11:17:09.680446,2,4,23
A000352,2023-10-03 11:17:09.680446,2,4,18
A000352,2023-11-02 11:17:09.680446,2,3,23
A000352,2023-12-02 11:17:09.680446,1,3,13
A000352,2024-01-01 11:17:09.680446,1,3,14
A000352,2024-01-31 11:17:09.680446,1,3,13
A000352,2024-03-01 11:17:09.680446,1,3,15
A000352,2024-03-31 11:17:09.680446,1,3,15
A000352,2024-04-30 11:17:09.680446,1,2,11
A000353,2025-01-18 23:02:12.979700,6,3,124
A000353,2025-02-17 23:02:12.979700,6,3,111
A000353,2025-03-19 23:02:12.979700,6,3,63
A000353,2025-04-18 23:02:12.979700,6,3,72
A000353,2025-05-18 23:02:12.979700,6,3,89
A000353,2025-06-17 23:02:12.979700,6,3,82
A000353,2025-07-17 23:02:12.979700,6,3,121
A000353,2025-08-16 23:02:12.979700,6,3,83
A000353,2025-09-15 23:02:12.979700,6,3,100
A000353,2025-10-15 23:02:12.979700,6,3,86
A000353,2025-11-14 23:02:12.979700,6,3,73
A000353,2026-01-13 23:02:12.979700,6,3,113
A000353,2026-02-12 23:02:12.979700,6,3,81
A000353,2026-03-14 23:02:12.979700,6,3,59
A000353,2026-04-13 23:02:12.979700,6,3,48
A000353,2026-05-13 23:02:12.979700,7,3,69
A000353,2026-06-12 23:02:12.979700,6,3,60
A000353,2026-07-12 23:02:12.979700,6,3,112
A000355,2026-06-18 06:23:33.310374,2,4,16
A000355,2026-07-18 06:23:33.310374,2,4,21
A000356,2025-08-28 00:45:03.306014,8,3,119
A000356,2025-09-27 00:45:03.306014,7,3,64
A000356,2025-10-27 00:45:03.306014,8,3,137
A000356,2025-11-26 00:45:03.306014,8,3,81
A000356,2025-12-26 00:45:03.306014,8,3,148
A000356,2026-01-25 00:45:03.306014,8,3,102
A000356,2026-02-24 00:45:03.306014,8,3,88
A000356,2026-03-26 00:45:03.306014,8,3,68
A000356,2026-04-25 00:45:03.306014,8,3,127
A000356,2026-05-25 00:45:03.306014,8,3,100
A000356,2026-06-24 00:45:03.306014,8,3,157
A000356,2026-07-24 00:45:03.306014,9,3,132
A000357,2023-09-02 15:06:22.543536,18,3,289
A000357,2023-10-02 15:06:22.543536,21,3,323
A000357,2023-11-01 15:06:22.543536,20,3,363
A000357,2023-12-01 15:06:22.543536,20,3,171
A000357,2023-12-31 15:06:22.543536,21,3,219
A000357,2024-01-30 15:06:22.543536,19,3,169
A000357,2024-02-29 15:06:22.543536,19,3,339
A000357,2024-03-30 15:06:22.543536,21,3,233
A000357,2024-04-29 15:06:22.543536,20,3,180
A000357,2024-05-29 15:06:22.543536,20,3,356
A000357,2024-06-28 15:06:22.543536,20,3,318
A000357,2024-07-28 15:06:22.543536,19,3,161
A000357,2024-08-27 15:06:22.543536,20,3,342
A000357,2024-09-26 15:06:22.543536,19,3,341
A000357,2024-10-26 15:06:22.543536,19,3,260
A000357,2024-11-25 15:06:22.543536,20,3,348
A000357,2024-12-25 15:06:22.543536,19,3,180
A000357,2025-01-24 15:06:22.543536,18,3,172
A000357,2025-02-23 15:06:22.543536,21,3,355
A000357,2025-03-25 15:06:22.543536,19,3,317
A000357,2025-04-24 15:06:22.543536,20,3,253
A000357,2025-05-24 15:06:22.543536,19,3,164
A000357,2025-06-23 15:06:22.543536,18,3,226
A000357,2025-07-23 15:06:22.543536,17,3,259
A000357,2025-08-22 15:06:22.543536,21,3,367
A000357,2025-09-21 15:06:22.543536,20,3,360
A000357,2025-10-21 15:06:22.543536,21,3,386
A000357,2025-11-20 15:06:22.543536,18,3,220
A000357,2025-12-20 15:06:22.543536,17,3,343
A000357,2026-01-19 15:06:22.543536,20,3,287
A000357,2026-02-18 15:06:22.543536,18,3,256
A000357,2026-03-20 15:06:22.543536,20,3,265
A000357,2026-04-19 15:06:22.543536,17,3,245
A000357,2026-05-19 15:06:22.543536,18,3,296
A000357,2026-06-18 15:06:22.543536,21,3,183
A000357,2026-07-18 15:06:22.543536,21,3,411
A000358,2025-06-06 22:40:21.422068,4,2,71
A000358,2025-07-06 22:40:21.422068,4,2,69
A000358,2025-08-05 22:40:21.422068,3,1,38
A000358,2025-09-04 22:40:21.422068,2,1,30
A000359,2024-04-15 03:19:50.626620,5,3,82
A000359,2024-05-15 03:19:50.626620,5,3,105
A000359,2024-06-14 03:19:50.626620,5,3,55
A000359,2024-07-14 03:19:50.626620,5,3,87
A000359,2024-08-13 03:19:50.626620,5,3,79
A000359,2024-09-12 03:19:50.626620,5,3,72
A000359,2024-10-12 03:19:50.626620,5,3,72
A000359,2024-11-11 03:19:50.626620,5,3,45
A000359,2024-12-11 03:19:50.626620,5,3,102
A000359,2025-01-10 03:19:50.626620,5,3,63
A000359,2025-02-09 03:19:50.626620,5,3,64
A000359,2025-03-11 03:19:50.626620,5,3,64
A000359,2025-04-10 03:19:50.626620,5,3,91
A000359,2025-05-10 03:19:50.626620,5,3,98
A000359,2025-06-09 03:19:50.626620,5,3,39
A000359,2025-07-09 03:19:50.626620,5,3,52
A000359,2025-08-08 03:19:50.626620,5,3,59
A000359,2025-09-07 03:19:50.626620,5,3,48
A000359,2025-10-07 03:19:50.626620,5,3,77
A000359,2025-11-06 03:19:50.626620,5,3,88
A000359,2025-12-06 03:19:50.626620,5,3,56
A000359,2026-01-05 03:19:50.626620,5,3,85
A000359,2026-02-04 03:19:50.626620,5,3,61
A000359,2026-03-06 03:19:50.626620,5,3,73
A000359,2026-04-05 03:19:50.626620,5,3,49
A000359,2026-05-05 03:19:50.626620,5,3,40
A000359,2026-06-04 03:19:50.626620,5,3,82
A000359,2026-07-04 03:19:50.626620,5,3,66
A000360,2025-02-27 10:21:31.320096,9,4,132
A000360,2025-03-29 10:21:31.320096,7,4,136
A000360,2025-04-28 10:21:31.320096,8,4,90
A000360,2025-05-28 10:21:31.320096,8,4,88
A000360,2025-06-27 10:21:31.320096,8,4,91
A000360,2025-07-27 10:21:31.320096,8,4,101
A000360,2025-08-26 10:21:31.320096,7,4,143
A000360,2025-09-25 10:21:31.320096,7,4,131
A000360,2025-10-25 10:21:31.320096,9,4,70
A000360,2025-11-24 10:21:31.320096,8,4,121
A000360,2025-12-24 10:21:31.320096,9,4,88
A000360,2026-01-23 10:21:31.320096,8,4,81
A000360,2026-02-22 10:21:31.320096,8,4,72
A000360,2026-03-24 10:21:31.320096,7,4,134
A000360,2026-04-23 10:21:31.320096,8,4,77
A000360,2026-05-23 10:21:31.320096,8,4,96
A000360,2026-06-22 10:21:31.320096,8,4,93
A000361,2024-05-31 10:35:37.276726,7,3,108
A000361,2024-06-30 10:35:37.276726,9,3,152
A000361,2024-07-30 10:35:37.276726,9,3,100
A000361,2024-08-29 10:35:37.276726,10,4,112
A000361,2024-09-28 10:35:37.276726,9,4,123
A000361,2024-10-28 10:35:37.276726,9,4,163
A000361,2024-11-27 10:35:37.276726,9,4,166
A000361,2024-12-27 10:35:37.276726,11,4,201
A000361,2025-01-26 10:35:37.276726,11,5,117
A000361,2025-02-25 10:35:37.276726,11,5,147
A000361,2025-03-27 10:35:37.276726,11,5,144
A000361,2025-04-26 10:35:37.276726,11,5,103
A000361,2025-05-26 10:35:37.276726,11,5,125
A000361,2025-06-25 10:35:37.276726,11,6,194
A000361,2025-07-25 10:35:37.276726,11,6,188
A000361,2025-08-24 10:35:37.276726,13,6,234
A000361,2025-09-23 10:35:37.276726,10,6,84
A000361,2025-10-23 10:35:37.276726,13,6,109
A000361,2025-11-22 10:35:37.276726,12,6,227
A000361,2026-01-21 10:35:37.276726,13,7,262
A000361,2026-02-20 10:35:37.276726,12,7,226
A000361,2026-03-22 10:35:37.276726,14,7,238
A000361,2026-04-21 10:35:37.276726,12,7,187
A000361,2026-05-21 10:35:37.276726,12,8,172
A000361,2026-06-20 10:35:37.276726,14,8,235
A000361,2026-07-20 10:35:37.276726,14,8,123
A000362,2025-10-29 22:13:57.653023,2,4,22
A000362,2025-11-28 22:13:57.653023,2,4,35
A000362,2025-12-28 22:13:57.653023,2,4,24
A000362,2026-01-27 22:13:57.653023,2,3,27
A000362,2026-02-26 22:13:57.653023,2,3,17
A000362,2026-03-28 22:13:57.653023,1,3,19
A000362,2026-04-27 22:13:57.653023,1,3,22
A000362,2026-05-27 22:13:57.653023,1,3,11
A000362,2026-06-26 22:13:57.653023,1,3,13
A000362,2026-07-26 22:13:57.653023,1,2,14
A000363,2025-08-27 23:42:19.119285,24,3,474
A000363,2025-09-26 23:42:19.119285,22,3,275
A000363,2025-10-26 23:42:19.119285,24,3,355
A000363,2025-11-25 23:42:19.119285,21,3,236
A000363,2025-12-25 23:42:19.119285,24,3,435
A000363,2026-01-24 23:42:19.119285,22,3,416
A000363,2026-02-23 23:42:19.119285,22,3,393
A000363,2026-03-25 23:42:19.119285,22,3,195
A000363,2026-04-24 23:42:19.119285,22,3,219
A000363,2026-05-24 23:42:19.119285,22,3,405
A000363,2026-06-23 23:42:19.119285,24,3,376
A000363,2026-07-23 23:42:19.119285,24,3,399
A000364,2023-10-09 07:36:12.627463,3,4,52
A000364,2023-11-08 07:36:12.627463,3,4,43
A000364,2023-12-08 07:36:12.627463,3,4,59
A000364,2024-01-07 07:36:12.627463,3,4,46
A000364,2024-02-06 07:36:12.627463,3,4,35
A000364,2024-03-07 07:36:12.627463,3,4,29
A000364,2024-04-06 07:36:12.627463,3,4,54
A000364,2024-05-06 07:36:12.627463,3,4,27
A000364,2024-06-05 07:36:12.627463,3,4,27
A000364,2024-07-05 07:36:12.627463,3,4,41
A000364,2024-08-04 07:36:12.627463,3,4,42
A000364,2024-09-03 07:36:12.627463,3,4,38
A000364,2024-10-03 07:36:12.627463,3,4,33
A000364,2024-11-02 07:36:12.627463,3,4,39
A000364,2024-12-02 07:36:12.627463,3,4,42
A000364,2025-01-01 07:36:12.627463,3,4,54
A000364,2025-01-31 07:36:12.627463,3,4,41
A000364,2025-03-02 07:36:12.627463,3,4,45
A000364,2025-04-01 07:36:12.627463,3,4,55
A000364,2025-05-01 07:36:12.627463,3,4,48
A000364,2025-05-31 07:36:12.627463,3,4,41
A000364,2025-06-30 07:36:12.627463,3,4,34
A000364,2025-07-30 07:36:12.627463,3,4,49
A000364,2025-08-29 07:36:12.627463,3,4,53
A000364,2025-09-28 07:36:12.627463,3,4,28
A000364,2025-10-28 07:36:12.627463,3,4,40
A000364,2025-11-27 07:36:12.627463,3,4,49
A000364,2025-12-27 07:36:12.627463,3,4,47
A000364,2026-01-26 07:36:12.627463,3,4,45
A000364,2026-02-25 07:36:12.627463,3,4,33
A000364,2026-03-27 07:36:12.627463,3,4,29
A000364,2026-04-26 07:36:12.627463,3,4,32
A000364,2026-05-26 07:36:12.627463,3,4,43
A000364,2026-06-25 07:36:12.627463,3,4,61
A000364,2026-07-25 07:36:12.627463,3,4,49
A000365,2023-09-11 17:44:51.325884,4,2,51
A000365,2023-10-11 17:44:51.325884,4,2,63
A000365,2023-11-10 17:44:51.325884,4,2,72
A000365,2023-12-10 17:44:51.325884,4,2,49
A000365,2024-01-09 17:44:51.325884,4,2,55
A000365,2024-02-08 17:44:51.325884,4,2,37
A000365,2024-03-09 17:44:51.325884,4,2,34
A000365,2024-04-08 17:44:51.325884,4,2,40
A000365,2024-05-08 17:44:51.325884,4,2,55
A000365,2024-06-07 17:44:51.325884,4,2,69
A000365,2024-07-07 17:44:51.325884,4,2,73
A000365,2024-08-06 17:44:51.325884,4,2,34
A000365,2024-09-05 17:44:51.325884,4,2,37
A000365,2024-10-05 17:44:51.325884,4,2,63
A000365,2024-11-04 17:44:51.325884,4,2,60
A000365,2024-12-04 17:44:51.325884,4,2,73
A000365,2025-01-03 17:44:51.325884,4,2,72
A000365,2025-02-02 17:44:51.325884,4,2,57
A000365,2025-03-04 17:44:51.325884,4,2,77
A000365,2025-04-03 17:44:51.325884,4,2,48
A000365,2025-05-03 17:44:51.325884,4,2,39
A000365,2025-06-02 17:44:51.325884,4,2,35
A000365,2025-07-02 17:44:51.325884,4,2,56
A000365,2025-08-31 17:44:51.325884,4,2,76
A000365,2025-09-30 17:44:51.325884,4,2,55
A000365,2025-10-30 17:44:51.325884,4,2,43
A000365,2025-11-29 17:44:51.325884,4,2,53
A000365,2025-12-29 17:44:51.325884,4,2,34
A000365,2026-01-28 17:44:51.325884,4,2,50
A000365,2026-02-27 17:44:51.325884,4,2,58
A000365,2026-03-29 17:44:51.325884,4,2,81
A000365,2026-04-28 17:44:51.325884,4,2,68
A000365,2026-05-28 17:44:51.325884,4,2,79
A000365,2026-06-27 17:44:51.325884,4,2,47
A000365,2026-07-27 17:44:51.325884,4,2,68
A000366,2023-11-17 18:57:38.292183,16,4,295
A000366,2023-12-17 18:57:38.292183,14,4,235
A000366,2024-01-16 18:57:38.292183,15,4,205
A000366,2024-02-15 18:57:38.292183,16,4,205
A000366,2024-03-16 18:57:38.292183,14,4,185
A000366,2024-04-15 18:57:38.292183,15,4,194
A000366,2024-05-15 18:57:38.292183,15,4,251
A000366,2024-06-14 18:57:38.292183,16,4,264
A000366,2024-07-14 18:57:38.292183,16,4,241
A000366,2024-08-13 18:57:38.292183,14,4,222
A000366,2024-09-12 18:57:38.292183,15,4,175
A000366,2024-10-12 18:57:38.292183,16,4,258
A000366,2024-11-11 18:57:38.292183,15,4,147
A000366,2024-12-11 18:57:38.292183,14,4,173
A000366,2025-01-10 18:57:38.292183,14,4,132
A000366,2025-02-09 18:57:38.292183,16,4,234
A000366,2025-03-11 18:57:38.292183,14,4,141
A000366,2025-05-10 18:57:38.292183,14,4,231
A000366,2025-06-09 18:57:38.292183,15,4,156
A000366,2025-07-09 18:57:38.292183,14,4,165
A000366,2025-08-08 18:57:38.292183,14,4,149
A000366,2025-09-07 18:57:38.292183,14,4,179
A000366,2025-10-07 18:57:38.292183,16,4,134
A000366,2025-11-06 18:57:38.292183,16,4,230
A000366,2025-12-06 18:57:38.292183,15,4,226
A000366,2026-01-05 18:57:38.292183,15,4,152
A000366,2026-02-04 18:57:38.292183,15,4,139
A000366,2026-03-06 18:57:38.292183,16,4,146
A000366,2026-04-05 18:57:38.292183,15,4,145
A000366,2026-05-05 18:57:38.292183,14,4,150
A000366,2026-06-04 18:57:38.292183,16,4,127
A000366,2026-07-04 18:57:38.292183,14,4,205
A000367,2024-05-24 02:43:36.175362,2,3,37
A000367,2024-06-23 02:43:36.175362,2,3,26
A000367,2024-07-23 02:43:36.175362,1,2,20
A000367,2024-08-22 02:43:36.175362,1,2,23
A000367,2024-09-21 02:43:36.175362,1,2,9
A000368,2025-05-13 12:06:09.618924,3,4,35
A000368,2025-06-12 12:06:09.618924,3,4,51
A000368,2025-07-12 12:06:09.618924,3,4,60
A000368,2025-08-11 12:06:09.618924,3,4,49
A000368,2025-09-10 12:06:09.618924,3,4,44
A000368,2025-10-10 12:06:09.618924,3,4,49
A000368,2025-11-09 12:06:09.618924,3,4,50
A000368,2025-12-09 12:06:09.618924,3,4,35
A000368,2026-01-08 12:06:09.618924,3,4,27
A000368,2026-02-07 12:06:09.618924,3,4,30
A000368,2026-03-09 12:06:09.618924,3,4,51
A000368,2026-04-08 12:06:09.618924,3,4,43
A000368,2026-05-08 12:06:09.618924,3,4,31
A000368,2026-06-07 12:06:09.618924,3,4,36
A000368,2026-07-07 12:06:09.618924,3,4,49
A000369,2025-09-15 17:03:19.293985,12,2,127
A000369,2025-10-15 17:03:19.293985,11,2,113
A000369,2025-11-14 17:03:19.293985,11,2,102
A000369,2025-12-14 17:03:19.293985,12,2,206
A000369,2026-01-13 17:03:19.293985,12,2,103
A000369,2026-03-14 17:03:19.293985,11,2,201
A000369,2026-04-13 17:03:19.293985,11,2,215
A000369,2026-05-13 17:03:19.293985,12,2,127
A000369,2026-06-12 17:03:19.293985,12,2,109
A000369,2026-07-12 17:03:19.293985,12,2,178
A000370,2023-08-01 20:14:59.007459,10,3,129
A000370,2023-08-31 20:14:59.007459,9,3,119
A000370,2023-09-30 20:14:59.007459,11,3,205
A000370,2023-10-30 20:14:59.007459,10,3,114
A000370,2023-11-29 20:14:59.007459,10,4,111
A000370,2023-12-29 20:14:59.007459,10,4,129
A000370,2024-01-28 20:14:59.007459,11,4,206
A000370,2024-02-27 20:14:59.007459,9,4,168
A000370,2024-03-28 20:14:59.007459,10,4,164
A000370,2024-04-27 20:14:59.007459,10,4,120
A000370,2024-05-27 20:14:59.007459,11,4,112
A000370,2024-06-26 20:14:59.007459,10,5,141
A000370,2024-07-26 20:14:59.007459,10,5,97
A000370,2024-08-25 20:14:59.007459,12,5,243
A000370,2024-09-24 20:14:59.007459,14,5,189
A000370,2024-10-24 20:14:59.007459,13,5,200
A000370,2024-11-23 20:14:59.007459,10,5,195
A000370,2024-12-23 20:14:59.007459,13,5,144
A000370,2025-01-22 20:14:59.007459,14,6,180
A000370,2025-02-21 20:14:59.007459,12,6,198
A000370,2025-03-23 20:14:59.007459,14,6,218
A000370,2025-04-22 20:14:59.007459,11,6,135
A000370,2025-05-22 20:14:59.007459,11,6,138
A000370,2025-06-21 20:14:59.007459,15,6,167
A000370,2025-08-20 20:14:59.007459,13,6,176
A000370,2025-09-19 20:14:59.007459,14,7,121
A000370,2025-11-18 20:14:59.007459,13,7,108
A000370,2025-12-18 20:14:59.007459,13,7,152
A000370,2026-01-17 20:14:59.007459,16,7,220
A000370,2026-02-16 20:14:59.007459,15,7,189
A000370,2026-03-18 20:14:59.007459,17,7,142
A000370,2026-04-17 20:14:59.007459,16,8,312
A000370,2026-06-16 20:14:59.007459,14,8,213
A000370,2026-07-16 20:14:59.007459,15,8,252
A000371,2026-03-03 21:04:12.532059,6,4,102
A000371,2026-04-02 21:04:12.532059,6,4,104
A000371,2026-05-02 21:04:12.532059,6,4,72
A000371,2026-06-01 21:04:12.532059,6,4,89
A000371,2026-07-01 21:04:12.532059,6,4,45
A000371,2026-07-31 21:04:12.532059,6,4,54
A000372,2024-09-07 10:34:43.825824,8,3,94
A000372,2024-10-07 10:34:43.825824,7,3,110
A000372,2024-11-06 10:34:43.825824,7,3,113
A000372,2025-01-05 10:34:43.825824,6,3,110
A000372,2025-02-04 10:34:43.825824,8,3,125
A000372,2025-03-06 10:34:43.825824,6,3,89
A000372,2025-04-05 10:34:43.825824,8,3,105
A000372,2025-05-05 10:34:43.825824,7,3,105
A000372,2025-06-04 10:34:43.825824,7,3,124
A000372,2025-07-04 10:34:43.825824,8,3,104
A000372,2025-08-03 10:34:43.825824,8,3,66
A000372,2025-09-02 10:34:43.825824,8,3,75
A000372,2025-10-02 10:34:43.825824,7,3,131
A000372,2025-11-01 10:34:43.825824,7,3,53
A000372,2025-12-01 10:34:43.825824,8,3,145
A000372,2025-12-31 10:34:43.825824,7,3,120
A000372,2026-01-30 10:34:43.825824,7,3,114
A000372,2026-03-01 10:34:43.825824,7,3,93
A000372,2026-03-31 10:34:43.825824,7,3,98
A000372,2026-04-30 10:34:43.825824,7,3,121
A000372,2026-05-30 10:34:43.825824,7,3,60
A000372,2026-06-29 10:34:43.825824,7,3,93
A000372,2026-07-29 10:34:43.825824,7,3,82
A000373,2023-08-14 20:00:58.695614,10,3,182
A000373,2023-09-13 20:00:58.695614,11,3,144
A000373,2023-10-13 20:00:58.695614,10,3,155
A000373,2023-11-12 20:00:58.695614,11,3,186
A000373,2023-12-12 20:00:58.695614,10,3,135
A000373,2024-01-11 20:00:58.695614,10,3,171
A000373,2024-02-10 20:00:58.695614,10,3,173
A000373,2024-03-11 20:00:58.695614,10,3,123
A000373,2024-04-10 20:00:58.695614,10,3,154
A000373,2024-05-10 20:00:58.695614,10,3,88
A000373,2024-06-09 20:00:58.695614,11,3,94
A000373,2024-07-09 20:00:58.695614,10,3,128
A000373,2024-08-08 20:00:58.695614,10,3,104
A000373,2024-09-07 20:00:58.695614,9,3,111
A000373,2024-10-07 20:00:58.695614,11,3,91
A000373,2024-11-06 20:00:58.695614,10,3,114
A000373,2024-12-06 20:00:58.695614,10,3,138
A000373,2025-01-05 20:00:58.695614,10,3,90
A000373,2025-02-04 20:00:58.695614,9,3,75
A000373,2025-03-06 20:00:58.695614,10,3,189
A000373,2025-04-05 20:00:58.695614,10,3,162
A000373,2025-05-05 20:00:58.695614,11,3,194
A000373,2025-06-04 20:00:58.695614,10,3,125
A000373,2025-07-04 20:00:58.695614,9,3,126
A000373,2025-08-03 20:00:58.695614,9,3,185
A000373,2025-09-02 20:00:58.695614,10,3,105
A000373,2025-10-02 20:00:58.695614,10,3,137
A000373,2025-11-01 20:00:58.695614,10,3,173
A000373,2025-12-01 20:00:58.695614,9,3,160
A000373,2025-12-31 20:00:58.695614,9,3,114
A000373,2026-01-30 20:00:58.695614,10,3,106
A000373,2026-03-01 20:00:58.695614,10,3,118
A000373,2026-03-31 20:00:58.695614,10,3,190
A000373,2026-04-30 20:00:58.695614,9,3,170
A000373,2026-05-30 20:00:58.695614,9,3,134
A000373,2026-06-29 20:00:58.695614,11,3,158
A000373,2026-07-29 20:00:58.695614,10,3,149
A000374,2024-07-04 18:51:39.316565,13,4,170
A000374,2024-08-03 18:51:39.316565,11,4,206
A000374,2024-09-02 18:51:39.316565,11,4,104
A000374,2024-10-02 18:51:39.316565,12,4,190
A000374,2024-11-01 18:51:39.316565,9,3,78
A000374,2024-12-01 18:51:39.316565,11,3,198
A000374,2024-12-31 18:51:39.316565,10,3,89
A000374,2025-01-30 18:51:39.316565,7,3,141
A000374,2025-03-01 18:51:39.316565,8,3,114
A000374,2025-03-31 18:51:39.316565,7,3,119
A000374,2025-04-30 18:51:39.316565,7,3,117
A000374,2025-05-30 18:51:39.316565,5,2,78
A000375,2026-03-10 16:55:16.721676,11,2,151
A000375,2026-04-09 16:55:16.721676,12,3,183
A000375,2026-05-09 16:55:16.721676,17,4,309
A000375,2026-06-08 16:55:16.721676,17,6,336
A000375,2026-07-08 16:55:16.721676,18,7,233
A000376,2025-06-28 12:50:17.762631,2,2,23
A000376,2025-07-28 12:50:17.762631,2,2,15
A000376,2025-08-27 12:50:17.762631,2,2,26
A000376,2025-09-26 12:50:17.762631,2,2,23
A000376,2025-10-26 12:50:17.762631,2,2,22
A000376,2025-11-25 12:50:17.762631,1,2,16
A000376,2025-12-25 12:50:17.762631,1,1,11
A000376,2026-01-24 12:50:17.762631,1,1,20
A000376,2026-02-23 12:50:17.762631,1,1,7
A000376,2026-03-25 12:50:17.762631,1,1,15
A000377,2025-11-07 15:21:43.712303,8,2,136
A000377,2025-12-07 15:21:43.712303,10,3,146
A000377,2026-01-06 15:21:43.712303,9,3,123
A000377,2026-02-05 15:21:43.712303,11,4,155
A000377,2026-03-07 15:21:43.712303,13,4,179
A000377,2026-04-06 15:21:43.712303,12,5,229
A000377,2026-05-06 15:21:43.712303,15,6,170
A000377,2026-06-05 15:21:43.712303,16,6,277
A000377,2026-07-05 15:21:43.712303,17,7,190
A000378,2025-07-16 12:35:00.190559,2,3,15
A000378,2025-08-15 12:35:00.190559,2,3,29
A000378,2025-09-14 12:35:00.190559,2,3,22
A000378,2025-10-14 12:35:00.190559,2,3,40
A000378,2025-11-13 12:35:00.190559,2,3,42
A000378,2025-12-13 12:35:00.190559,2,3,27
A000378,2026-01-12 12:35:00.190559,2,3,23
A000378,2026-02-11 12:35:00.190559,2,3,32
A000378,2026-03-13 12:35:00.190559,2,3,25
A000378,2026-04-12 12:35:00.190559,2,3,22
A000378,2026-05-12 12:35:00.190559,2,3,32
A000378,2026-06-11 12:35:00.190559,2,3,16
A000378,2026-07-11 12:35:00.190559,2,3,17
A000379,2026-07-06 04:32:10.649802,4,4,32
A000380,2025-07-29 04:09:59.421125,2,2,20
A000380,2025-09-27 04:09:59.421125,1,1,7
A000381,2024-07-09 05:19:34.807911,2,2,27
A000381,2024-08-08 05:19:34.807911,2,2,19
A000381,2024-09-07 05:19:34.807911,2,2,40
A000381,2024-10-07 05:19:34.807911,2,3,31
A000381,2024-11-06 05:19:34.807911,2,3,21
A000381,2024-12-06 05:19:34.807911,2,3,27
A000381,2025-02-04 05:19:34.807911,3,3,48
A000381,2025-03-06 05:19:34.807911,2,4,19
A000381,2025-04-05 05:19:34.807911,2,4,25
A000381,2025-05-05 05:19:34.807911,3,4,41
A000381,2025-06-04 05:19:34.807911,3,4,48
A000381,2025-07-04 05:19:34.807911,3,4,45
A000381,2025-08-03 05:19:34.807911,3,5,46
A000381,2025-09-02 05:19:34.807911,3,5,56
A000381,2025-10-02 05:19:34.807911,3,5,29
A000381,2025-11-01 05:19:34.807911,3,5,47
A000381,2025-12-01 05:19:34.807911,3,5,55
A000381,2025-12-31 05:19:34.807911,3,6,30
A000381,2026-01-30 05:19:34.807911,3,6,23
A000381,2026-03-01 05:19:34.807911,3,6,58
A000381,2026-03-31 05:19:34.807911,4,6,42
A000381,2026-05-30 05:19:34.807911,4,7,66
A000381,2026-06-29 05:19:34.807911,4,7,32
A000381,2026-07-29 05:19:34.807911,4,7,44
A000382,2023-06-29 15:34:46.529813,17,4,258
A000382,2023-07-29 15:34:46.529813,17,4,322
A000382,2023-08-28 15:34:46.529813,16,4,229
A000382,2023-09-27 15:34:46.529813,17,4,337
A000382,2023-10-27 15:34:46.529813,18,4,299
A000382,2023-11-26 15:34:46.529813,16,4,156
A000382,2023-12-26 15:34:46.529813,16,4,182
A000382,2024-01-25 15:34:46.529813,17,4,182
A000382,2024-02-24 15:34:46.529813,16,4,154
A000382,2024-03-25 15:34:46.529813,19,4,289
A000382,2024-04-24 15:34:46.529813,18,4,178
A000382,2024-05-24 15:34:46.529813,16,4,136
A000382,2024-06-23 15:34:46.529813,15,4,141
A000382,2024-08-22 15:34:46.529813,18,4,152
A000382,2024-09-21 15:34:46.529813,17,4,345
A000382,2024-10-21 15:34:46.529813,16,4,151
A000382,2024-11-20 15:34:46.529813,17,4,196
A000382,2024-12-20 15:34:46.529813,17,4,250
A000382,2025-01-19 15:34:46.529813,16,4,307
A000382,2025-02-18 15:34:46.529813,16,4,288
A000382,2025-03-20 15:34:46.529813,18,4,322
A000382,2025-04-19 15:34:46.529813,18,4,333
A000382,2025-05-19 15:34:46.529813,17,4,274
A000382,2025-06-18 15:34:46.529813,17,4,275
A000382,2025-07-18 15:34:46.529813,17,4,263
A000382,2025-08-17 15:34:46.529813,18,4,302
A000382,2025-09-16 15:34:46.529813,16,4,253
A000382,2025-10-16 15:34:46.529813,17,4,271
A000382,2025-11-15 15:34:46.529813,17,4,150
A000382,2025-12-15 15:34:46.529813,17,4,234
A000382,2026-01-14 15:34:46.529813,17,4,217
A000382,2026-02-13 15:34:46.529813,16,4,145
A000382,2026-03-15 15:34:46.529813,16,4,192
A000382,2026-04-14 15:34:46.529813,16,4,297
A000382,2026-05-14 15:34:46.529813,18,4,151
A000382,2026-06-13 15:34:46.529813,18,4,342
A000382,2026-07-13 15:34:46.529813,16,4,215
A000383,2025-01-05 12:51:27.458638,3,2,53
A000383,2025-02-04 12:51:27.458638,3,2,59
A000383,2025-04-05 12:51:27.458638,3,2,47
A000383,2025-05-05 12:51:27.458638,3,2,50
A000383,2025-06-04 12:51:27.458638,3,2,44
A000383,2025-07-04 12:51:27.458638,3,2,46
A000383,2025-08-03 12:51:27.458638,3,2,26
A000383,2025-09-02 12:51:27.458638,3,2,50
A000383,2025-11-01 12:51:27.458638,3,2,40
A000383,2025-12-01 12:51:27.458638,3,2,48
A000383,2025-12-31 12:51:27.458638,3,2,56
A000383,2026-01-30 12:51:27.458638,3,2,32
A000383,2026-03-01 12:51:27.458638,3,2,43
A000383,2026-03-31 12:51:27.458638,3,2,24
A000383,2026-04-30 12:51:27.458638,3,2,37
A000383,2026-05-30 12:51:27.458638,3,2,22
A000383,2026-06-29 12:51:27.458638,3,2,25
A000383,2026-07-29 12:51:27.458638,3,2,47
A000384,2024-02-27 11:08:13.358699,2,3,36
A000384,2024-03-28 11:08:13.358699,2,3,15
A000384,2024-05-27 11:08:13.358699,2,3,26
A000384,2024-06-26 11:08:13.358699,2,3,32
A000384,2024-08-25 11:08:13.358699,2,3,22
A000384,2024-09-24 11:08:13.358699,2,3,39
A000384,2024-10-24 11:08:13.358699,2,3,21
A000384,2024-11-23 11:08:13.358699,2,3,20
A000384,2024-12-23 11:08:13.358699,2,3,20
A000384,2025-01-22 11:08:13.358699,2,3,15
A000384,2025-02-21 11:08:13.358699,2,3,26
A000384,2025-03-23 11:08:13.358699,2,3,38
A000384,2025-04-22 11:08:13.358699,2,3,27
A000384,2025-05-22 11:08:13.358699,2,3,36
A000384,2025-06-21 11:08:13.358699,2,3,31
A000384,2025-07-21 11:08:13.358699,2,3,42
A000384,2025-08-20 11:08:13.358699,2,3,17
A000384,2025-09-19 11:08:13.358699,2,3,16
A000384,2025-10-19 11:08:13.358699,2,3,33
A000384,2025-12-18 11:08:13.358699,2,3,20
A000384,2026-01-17 11:08:13.358699,2,3,27
A000384,2026-02-16 11:08:13.358699,2,3,34
A000384,2026-03-18 11:08:13.358699,2,3,35
A000384,2026-04-17 11:08:13.358699,2,3,21
A000384,2026-05-17 11:08:13.358699,2,3,30
A000384,2026-06-16 11:08:13.358699,2,3,17
A000384,2026-07-16 11:08:13.358699,2,3,37
A000386,2024-11-13 09:44:06.884110,2,4,28
A000386,2024-12-13 09:44:06.884110,2,3,23
A000386,2025-01-12 09:44:06.884110,1,3,9
A000386,2025-02-11 09:44:06.884110,1,2,8
A000387,2024-07-24 06:17:50.827341,7,3,115
A000387,2024-08-23 06:17:50.827341,7,3,136
A000387,2024-09-22 06:17:50.827341,7,3,70
A000387,2024-10-22 06:17:50.827341,7,3,81
A000387,2024-11-21 06:17:50.827341,7,3,128
A000387,2024-12-21 06:17:50.827341,7,3,71
A000387,2025-01-20 06:17:50.827341,7,3,83
A000387,2025-02-19 06:17:50.827341,6,3,102
A000387,2025-03-21 06:17:50.827341,7,3,108
A000387,2025-04-20 06:17:50.827341,6,3,59
A000387,2025-05-20 06:17:50.827341,7,3,133
A000387,2025-06-19 06:17:50.827341,7,3,101
A000387,2025-07-19 06:17:50.827341,8,3,80
A000387,2025-08-18 06:17:50.827341,7,3,120
A000387,2025-09-17 06:17:50.827341,7,3,137
A000387,2025-10-17 06:17:50.827341,8,3,94
A000387,2025-11-16 06:17:50.827341,7,3,57
A000387,2025-12-16 06:17:50.827341,7,3,108
A000387,2026-01-15 06:17:50.827341,7,3,62
A000387,2026-02-14 06:17:50.827341,8,3,128
A000387,2026-03-16 06:17:50.827341,7,3,129
A000387,2026-04-15 06:17:50.827341,8,3,131
A000387,2026-05-15 06:17:50.827341,6,3,87
A000387,2026-06-14 06:17:50.827341,7,3,121
A000387,2026-07-14 06:17:50.827341,7,3,79
A000388,2024-07-15 07:21:15.952279,5,2,64
A000388,2024-08-14 07:21:15.952279,5,2,95
A000388,2024-09-13 07:21:15.952279,5,2,63
A000388,2024-10-13 07:21:15.952279,5,2,40
A000388,2024-11-12 07:21:15.952279,5,2,43
A000388,2024-12-12 07:21:15.952279,5,2,96
A000388,2025-01-11 07:21:15.952279,5,2,89
A000388,2025-02-10 07:21:15.952279,5,2,75
A000388,2025-03-12 07:21:15.952279,5,2,72
A000388,2025-04-11 07:21:15.952279,5,2,62
A000388,2025-05-11 07:21:15.952279,5,2,50
A000388,2025-06-10 07:21:15.952279,5,2,48
A000388,2025-07-10 07:21:15.952279,5,2,92
A000388,2025-08-09 07:21:15.952279,5,2,48
A000388,2025-09-08 07:21:15.952279,5,2,90
A000388,2025-10-08 07:21:15.952279,5,2,86
A000388,2025-11-07 07:21:15.952279,5,2,83
A000388,2025-12-07 07:21:15.952279,5,2,71
A000388,2026-01-06 07:21:15.952279,5,2,59
A000388,2026-02-05 07:21:15.952279,5,2,52
A000388,2026-03-07 07:21:15.952279,5,2,69
A000388,2026-04-06 07:21:15.952279,5,2,71
A000388,2026-05-06 07:21:15.952279,5,2,95
A000388,2026-06-05 07:21:15.952279,5,2,46
A000388,2026-07-05 07:21:15.952279,5,2,98
A000389,2024-11-19 13:32:05.391303,11,2,170
A000389,2024-12-19 13:32:05.391303,11,2,192
A000389,2025-01-18 13:32:05.391303,11,2,133
A000389,2025-02-17 13:32:05.391303,13,2,224
A000389,2025-03-19 13:32:05.391303,11,2,135
A000389,2025-04-18 13:32:05.391303,13,2,205
A000389,2025-05-18 13:32:05.391303,12,2,118
A000389,2025-06-17 13:32:05.391303,12,2,171
A000389,2025-07-17 13:32:05.391303,12,2,132
A000389,2025-08-16 13:32:05.391303,12,2,202
A000389,2025-09-15 13:32:05.391303,13,2,189
A000389,2025-10-15 13:32:05.391303,12,2,207
A000389,2025-11-14 13:32:05.391303,13,2,261
A000389,2025-12-14 13:32:05.391303,11,2,137
A000389,2026-01-13 13:32:05.391303,12,2,144
A000389,2026-02-12 13:32:05.391303,11,2,153
A000389,2026-03-14 13:32:05.391303,12,2,157
A000389,2026-04-13 13:32:05.391303,11,2,216
A000389,2026-05-13 13:32:05.391303,11,2,109
A000389,2026-06-12 13:32:05.391303,13,2,223
A000389,2026-07-12 13:32:05.391303,12,2,228
A000390,2024-01-21 03:51:45.792369,4,2,82
A000390,2024-02-20 03:51:45.792369,4,2,55
A000390,2024-03-21 03:51:45.792369,4,2,45
A000390,2024-04-20 03:51:45.792369,4,2,34
A000390,2024-05-20 03:51:45.792369,4,2,38
A000390,2024-06-19 03:51:45.792369,4,2,40
A000390,2024-07-19 03:51:45.792369,4,2,74
A000390,2024-08-18 03:51:45.792369,4,2,65
A000390,2024-09-17 03:51:45.792369,4,2,80
A000390,2024-10-17 03:51:45.792369,4,2,37
A000390,2024-11-16 03:51:45.792369,4,2,39
A000390,2024-12-16 03:51:45.792369,4,2,82
A000390,2025-01-15 03:51:45.792369,4,2,54
A000390,2025-02-14 03:51:45.792369,4,2,46
A000390,2025-03-16 03:51:45.792369,4,2,44
A000390,2025-04-15 03:51:45.792369,4,2,45
A000390,2025-05-15 03:51:45.792369,4,2,49
A000390,2025-06-14 03:51:45.792369,4,2,57
A000390,2025-07-14 03:51:45.792369,4,2,68
A000390,2025-08-13 03:51:45.792369,4,2,56
A000390,2025-09-12 03:51:45.792369,4,2,61
A000390,2025-10-12 03:51:45.792369,4,2,53
A000390,2025-11-11 03:51:45.792369,4,2,41
A000390,2025-12-11 03:51:45.792369,4,2,68
A000390,2026-01-10 03:51:45.792369,4,2,49
A000390,2026-02-09 03:51:45.792369,4,2,36
A000390,2026-03-11 03:51:45.792369,4,2,40
A000390,2026-04-10 03:51:45.792369,4,2,70
A000390,2026-05-10 03:51:45.792369,4,2,76
A000390,2026-06-09 03:51:45.792369,4,2,74
A000390,2026-07-09 03:51:45.792369,4,2,61
A000391,2026-05-16 22:54:24.815982,2,3,17
A000391,2026-06-15 22:54:24.815982,1,2,14
A000391,2026-07-15 22:54:24.815982,1,2,10
A000392,2025-04-22 20:33:25.972152,3,4,43
A000392,2025-05-22 20:33:25.972152,3,4,44
A000392,2025-06-21 20:33:25.972152,3,4,36
A000392,2025-07-21 20:33:25.972152,2,3,39
A000392,2025-08-20 20:33:25.972152,2,3,21
A000392,2025-09-19 20:33:25.972152,2,3,41
A000392,2025-10-19 20:33:25.972152,1,3,13
A000392,2025-11-18 20:33:25.972152,2,3,23
A000392,2025-12-18 20:33:25.972152,1,2,15
A000393,2023-06-10 16:37:36.257747,15,4,230
A000393,2023-07-10 16:37:36.257747,14,4,276
A000393,2023-08-09 16:37:36.257747,14,4,125
A000393,2023-09-08 16:37:36.257747,15,4,131
A000393,2023-10-08 16:37:36.257747,13,4,130
A000393,2023-11-07 16:37:36.257747,13,4,166
A000393,2023-12-07 16:37:36.257747,14,4,210
A000393,2024-02-05 16:37:36.257747,15,4,192
A000393,2024-03-06 16:37:36.257747,13,4,240
A000393,2024-04-05 16:37:36.257747,13,4,116
A000393,2024-05-05 16:37:36.257747,15,4,256
A000393,2024-06-04 16:37:36.257747,13,4,234
A000393,2024-07-04 16:37:36.257747,15,4,193
A000393,2024-08-03 16:37:36.257747,14,4,172
A000393,2024-09-02 16:37:36.257747,15,4,193
A000393,2024-10-02 16:37:36.257747,15,4,260
A000393,2024-11-01 16:37:36.257747,13,4,147
A000393,2024-12-01 16:37:36.257747,15,4,153
A000393,2024-12-31 16:37:36.257747,15,4,200
A000393,2025-01-30 16:37:36.257747,13,4,113
A000393,2025-03-01 16:37:36.257747,14,4,135
A000393,2025-03-31 16:37:36.257747,15,4,172
A000393,2025-04-30 16:37:36.257747,13,4,180
A000393,2025-05-30 16:37:36.257747,15,4,190
A000393,2025-06-29 16:37:36.257747,14,4,175
A000393,2025-07-29 16:37:36.257747,14,4,276
A000393,2025-08-28 16:37:36.257747,14,4,199
A000393,2025-09-27 16:37:36.257747,14,4,162
A000393,2025-10-27 16:37:36.257747,15,4,247
A000393,2025-11-26 16:37:36.257747,13,4,251
A000393,2025-12-26 16:37:36.257747,15,4,201
A000393,2026-01-25 16:37:36.257747,13,4,189
A000393,2026-02-24 16:37:36.257747,15,4,181
A000393,2026-03-26 16:37:36.257747,15,4,267
A000393,2026-04-25 16:37:36.257747,13,4,253
A000393,2026-05-25 16:37:36.257747,15,4,140
A000393,2026-06-24 16:37:36.257747,13,4,165
A000393,2026-07-24 16:37:36.257747,13,4,152
A000394,2026-06-15 03:09:26.646359,2,3,36
A000394,2026-07-15 03:09:26.646359,2,3,19
A000395,2023-05-17 20:20:40.521093,2,4,27
A000395,2023-06-16 20:20:40.521093,2,4,25
A000395,2023-07-16 20:20:40.521093,2,4,25
A000395,2023-08-15 20:20:40.521093,2,4,20
A000395,2023-09-14 20:20:40.521093,2,4,16
A000395,2023-10-14 20:20:40.521093,2,4,33
A000395,2023-11-13 20:20:40.521093,2,4,26
A000395,2023-12-13 20:20:40.521093,2,4,32
A000395,2024-01-12 20:20:40.521093,2,4,30
A000395,2024-03-12 20:20:40.521093,2,4,16
A000395,2024-04-11 20:20:40.521093,2,4,32
A000395,2024-05-11 20:20:40.521093,2,4,23
A000395,2024-06-10 20:20:40.521093,2,4,23
A000395,2024-07-10 20:20:40.521093,2,4,38
A000395,2024-08-09 20:20:40.521093,2,4,25
A000395,2024-09-08 20:20:40.521093,2,4,20
A000395,2024-10-08 20:20:40.521093,2,4,30
A000395,2024-11-07 20:20:40.521093,2,4,42
A000395,2024-12-07 20:20:40.521093,2,4,36
A000395,2025-01-06 20:20:40.521093,2,4,22
A000395,2025-02-05 20:20:40.521093,2,4,34
A000395,2025-03-07 20:20:40.521093,2,4,17
A000395,2025-04-06 20:20:40.521093,2,4,30
A000395,2025-05-06 20:20:40.521093,2,4,34
A000395,2025-06-05 20:20:40.521093,2,4,37
A000395,2025-07-05 20:20:40.521093,2,4,23
A000395,2025-08-04 20:20:40.521093,2,4,35
A000395,2025-09-03 20:20:40.521093,2,4,20
A000395,2025-10-03 20:20:40.521093,2,4,24
A000395,2025-11-02 20:20:40.521093,2,4,33
A000395,2025-12-02 20:20:40.521093,2,4,18
A000395,2026-01-01 20:20:40.521093,2,4,28
A000395,2026-01-31 20:20:40.521093,2,4,31
A000395,2026-03-02 20:20:40.521093,2,4,33
A000395,2026-04-01 20:20:40.521093,2,4,40
A000395,2026-05-01 20:20:40.521093,2,4,36
A000395,2026-05-31 20:20:40.521093,2,4,16
A000395,2026-06-30 20:20:40.521093,2,4,36
A000395,2026-07-30 20:20:40.521093,2,4,35
A000396,2025-01-04 07:53:19.605250,10,3,187
A000396,2025-02-03 07:53:19.605250,9,3,120
A000396,2025-03-05 07:53:19.605250,6,2,47
A000396,2025-04-04 07:53:19.605250,4,2,46
A000397,2023-04-30 11:22:40.937644,2,2,34
A000397,2023-05-30 11:22:40.937644,2,2,39
A000397,2023-06-29 11:22:40.937644,2,2,25
A000397,2023-07-29 11:22:40.937644,2,2,35
A000397,2023-08-28 11:22:40.937644,2,3,30
A000397,2023-09-27 11:22:40.937644,2,3,35
A000397,2023-10-27 11:22:40.937644,2,3,35
A000397,2023-11-26 11:22:40.937644,2,3,18
A000397,2023-12-26 11:22:40.937644,2,3,22
A000397,2024-01-25 11:22:40.937644,2,3,34
A000397,2024-02-24 11:22:40.937644,3,3,36
A000397,2024-03-25 11:22:40.937644,2,3,26
A000397,2024-04-24 11:22:40.937644,3,4,27
A000397,2024-05-24 11:22:40.937644,2,4,49
A000397,2024-06-23 11:22:40.937644,3,4,26
A000397,2024-07-23 11:22:40.937644,2,4,39
A000397,2024-08-22 11:22:40.937644,2,4,21
A000397,2024-09-21 11:22:40.937644,3,4,31
A000397,2024-10-21 11:22:40.937644,3,4,29
A000397,2024-12-20 11:22:40.937644,2,5,43
A000397,2025-01-19 11:22:40.937644,3,5,45
A000397,2025-02-18 11:22:40.937644,3,5,25
A000397,2025-03-20 11:22:40.937644,3,5,26
A000397,2025-04-19 11:22:40.937644,3,5,54
A000397,2025-05-19 11:22:40.937644,3,5,25
A000397,2025-06-18 11:22:40.937644,3,5,42
A000397,2025-07-18 11:22:40.937644,3,5,40
A000397,2025-08-17 11:22:40.937644,3,6,32
A000397,2025-09-16 11:22:40.937644,3,6,49
A000397,2025-10-16 11:22:40.937644,3,6,57
A000397,2025-11-15 11:22:40.937644,3,6,57
A000397,2026-01-14 11:22:40.937644,3,6,32
A000397,2026-02-13 11:22:40.937644,3,6,64
A000397,2026-03-15 11:22:40.937644,3,6,55
A000397,2026-04-14 11:22:40.937644,4,7,52
A000397,2026-05-14 11:22:40.937644,4,7,46
A000397,2026-06-13 11:22:40.937644,3,7,68
A000397,2026-07-13 11:22:40.937644,3,7,64
A000398,2026-08-21 17:08:39.014009,6,3,53
A000399,2024-01-23 06:14:29.313286,2,2,37
A000399,2024-03-23 06:14:29.313286,2,2,41
A000399,2024-04-22 06:14:29.313286,2,2,16
A000399,2024-06-21 06:14:29.313286,2,2,39
A000399,2024-07-21 06:14:29.313286,2,2,34
A000399,2024-08-20 06:14:29.313286,2,2,38
A000399,2024-09-19 06:14:29.313286,2,2,31
A000399,2024-10-19 06:14:29.313286,2,2,26
A000399,2024-11-18 06:14:29.313286,2,2,27
A000399,2024-12-18 06:14:29.313286,2,2,24
A000399,2025-01-17 06:14:29.313286,2,2,35
A000399,2025-02-16 06:14:29.313286,2,2,24
A000399,2025-03-18 06:14:29.313286,2,2,35
A000399,2025-04-17 06:14:29.313286,2,2,36
A000399,2025-05-17 06:14:29.313286,2,2,35
A000399,2025-06-16 06:14:29.313286,2,2,40
A000399,2025-07-16 06:14:29.313286,2,2,28
A000399,2025-08-15 06:14:29.313286,2,2,26
A000399,2025-09-14 06:14:29.313286,2,2,34
A000399,2025-10-14 06:14:29.313286,2,2,20
A000399,2025-11-13 06:14:29.313286,2,2,22
A000399,2025-12-13 06:14:29.313286,2,2,26
A000399,2026-01-12 06:14:29.313286,2,2,19
A000399,2026-02-11 06:14:29.313286,2,2,33
A000399,2026-03-13 06:14:29.313286,2,2,35
A000399,2026-04-12 06:14:29.313286,2,2,32
A000399,2026-05-12 06:14:29.313286,2,2,22
A000399,2026-06-11 06:14:29.313286,2,2,22
A000399,2026-07-11 06:14:29.313286,2,2,23
A000400,2025-05-07 06:22:33.687845,10,2,110
A000400,2025-06-06 06:22:33.687845,9,2,135
A000400,2025-07-06 06:22:33.687845,10,2,101
A000400,2025-08-05 06:22:33.687845,10,2,190
A000400,2025-09-04 06:22:33.687845,10,2,82
A000400,2025-10-04 06:22:33.687845,11,2,150
A000400,2025-11-03 06:22:33.687845,11,2,141
A000400,2025-12-03 06:22:33.687845,9,2,146
A000400,2026-01-02 06:22:33.687845,11,2,134
A000400,2026-02-01 06:22:33.687845,11,2,161
A000400,2026-03-03 06:22:33.687845,10,2,106
A000400,2026-04-02 06:22:33.687845,9,2,111
A000400,2026-05-02 06:22:33.687845,10,2,133
A000400,2026-06-01 06:22:33.687845,10,2,83
A000400,2026-07-01 06:22:33.687845,9,2,122
A000400,2026-07-31 06:22:33.687845,9,2,119
A000401,2025-02-04 22:12:34.474151,6,3,108
A000401,2025-03-06 22:12:34.474151,4,2,51
A000401,2025-04-05 22:12:34.474151,3,2,21
A000402,2025-03-14 05:08:56.129871,2,2,18
A000402,2025-04-13 05:08:56.129871,2,2,36
A000402,2025-05-13 05:08:56.129871,2,2,35
A000402,2025-06-12 05:08:56.129871,2,2,38
A000402,2025-07-12 05:08:56.129871,2,2,29
A000402,2025-08-11 05:08:56.129871,2,2,31
A000402,2025-09-10 05:08:56.129871,2,2,22
A000402,2025-10-10 05:08:56.129871,2,2,20
A000402,2025-11-09 05:08:56.129871,2,2,21
A000402,2025-12-09 05:08:56.129871,2,2,36
A000402,2026-01-08 05:08:56.129871,2,2,36
A000402,2026-02-07 05:08:56.129871,2,2,14
A000402,2026-03-09 05:08:56.129871,2,2,27
A000402,2026-04-08 05:08:56.129871,2,2,40
A000402,2026-05-08 05:08:56.129871,2,2,20
A000402,2026-06-07 05:08:56.129871,2,2,37
A000402,2026-07-07 05:08:56.129871,2,2,36
A000403,2024-07-05 13:06:51.136484,3,2,55
A000403,2024-08-04 13:06:51.136484,3,2,60
A000403,2024-09-03 13:06:51.136484,3,2,60
A000403,2024-10-03 13:06:51.136484,3,2,43
A000403,2024-11-02 13:06:51.136484,3,2,34
A000403,2024-12-02 13:06:51.136484,3,2,31
A000403,2025-01-01 13:06:51.136484,3,2,39
A000403,2025-01-31 13:06:51.136484,3,2,30
A000403,2025-03-02 13:06:51.136484,3,2,38
A000403,2025-04-01 13:06:51.136484,3,2,40
A000403,2025-05-01 13:06:51.136484,3,2,59
A000403,2025-05-31 13:06:51.136484,3,2,26
A000403,2025-06-30 13:06:51.136484,3,2,63
A000403,2025-08-29 13:06:51.136484,3,2,36
A000403,2025-09-28 13:06:51.136484,3,2,44
A000403,2025-10-28 13:06:51.136484,3,2,29
A000403,2025-11-27 13:06:51.136484,3,2,42
A000403,2026-01-26 13:06:51.136484,3,2,53
A000403,2026-02-25 13:06:51.136484,3,2,29
A000403,2026-03-27 13:06:51.136484,3,2,41
A000403,2026-04-26 13:06:51.136484,3,2,25
A000403,2026-05-26 13:06:51.136484,3,2,30
A000403,2026-06-25 13:06:51.136484,3,2,60
A000403,2026-07-25 13:06:51.136484,3,2,45
A000404,2026-04-13 20:08:53.831013,6,4,73
A000404,2026-05-13 20:08:53.831013,6,4,75
A000404,2026-06-12 20:08:53.831013,6,4,102
A000404,2026-07-12 20:08:53.831013,6,4,80
A000405,2024-05-11 08:18:03.941291,3,4,42
A000405,2024-06-10 08:18:03.941291,3,4,41
A000405,2024-07-10 08:18:03.941291,3,4,40
A000405,2024-08-09 08:18:03.941291,3,4,33
A000405,2024-09-08 08:18:03.941291,3,4,58
A000405,2024-10-08 08:18:03.941291,3,4,26
A000405,2024-11-07 08:18:03.941291,3,4,62
A000405,2024-12-07 08:18:03.941291,3,4,43
A000405,2025-01-06 08:18:03.941291,3,4,62
A000405,2025-02-05 08:18:03.941291,3,4,23
A000405,2025-03-07 08:18:03.941291,3,4,45
A000405,2025-04-06 08:18:03.941291,3,4,27
A000405,2025-05-06 08:18:03.941291,3,4,53
A000405,2025-06-05 08:18:03.941291,3,4,36
A000405,2025-07-05 08:18:03.941291,3,4,52
A000405,2025-08-04 08:18:03.941291,3,4,48
A000405,2025-09-03 08:18:03.941291,3,4,40
A000405,2025-10-03 08:18:03.941291,3,4,28
A000405,2025-11-02 08:18:03.941291,3,4,26
A000405,2025-12-02 08:18:03.941291,3,4,24
A000405,2026-01-01 08:18:03.941291,3,4,50
A000405,2026-01-31 08:18:03.941291,3,4,36
A000405,2026-03-02 08:18:03.941291,3,4,21
A000405,2026-04-01 08:18:03.941291,3,4,53
A000405,2026-05-01 08:18:03.941291,3,4,53
A000405,2026-05-31 08:18:03.941291,3,4,53
A000405,2026-06-30 08:18:03.941291,3,4,48
A000405,2026-07-30 08:18:03.941291,3,4,25
A000406,2024-08-30 22:58:27.768821,2,4,27
A000406,2024-09-29 22:58:27.768821,2,4,35
A000406,2024-10-29 22:58:27.768821,2,4,22
A000406,2024-11-28 22:58:27.768821,2,4,29
A000406,2024-12-28 22:58:27.768821,2,3,22
A000406,2025-01-27 22:58:27.768821,1,3,15
A000406,2025-02-26 22:58:27.768821,1,3,19
A000406,2025-03-28 22:58:27.768821,1,3,9
A000406,2025-04-27 22:58:27.768821,1,3,14
A000406,2025-06-26 22:58:27.768821,1,3,8
A000406,2025-07-26 22:58:27.768821,1,3,12
A000406,2025-08-25 22:58:27.768821,1,2,12
A000407,2024-12-19 21:02:10.397444,2,2,31
A000407,2025-01-18 21:02:10.397444,2,2,24
A000407,2025-02-17 21:02:10.397444,2,2,38
A000407,2025-03-19 21:02:10.397444,2,2,36
A000407,2025-04-18 21:02:10.397444,2,2,22
A000407,2025-05-18 21:02:10.397444,2,2,25
A000407,2025-06-17 21:02:10.397444,2,2,25
A000407,2025-07-17 21:02:10.397444,2,2,29
A000407,2025-08-16 21:02:10.397444,2,2,35
A000407,2025-09-15 21:02:10.397444,2,2,41
A000407,2025-10-15 21:02:10.397444,2,2,24
A000407,2025-11-14 21:02:10.397444,2,2,28
A000407,2025-12-14 21:02:10.397444,2,2,34
A000407,2026-01-13 21:02:10.397444,2,2,19
A000407,2026-02-12 21:02:10.397444,2,2,39
A000407,2026-04-13 21:02:10.397444,2,2,20
A000407,2026-05-13 21:02:10.397444,2,2,31
A000407,2026-06-12 21:02:10.397444,2,2,33
A000407,2026-07-12 21:02:10.397444,2,2,36
A000408,2025-08-19 22:37:56.742664,2,4,32
A000408,2025-09-18 22:37:56.742664,2,4,18
A000408,2025-10-18 22:37:56.742664,2,4,39
A000408,2025-11-17 22:37:56.742664,2,4,35
A000408,2025-12-17 22:37:56.742664,2,4,17
A000408,2026-01-16 22:37:56.742664,2,4,33
A000408,2026-02-15 22:37:56.742664,2,4,18
A000408,2026-03-17 22:37:56.742664,2,4,31
A000408,2026-04-16 22:37:56.742664,2,4,19
A000408,2026-05-16 22:37:56.742664,2,4,22
A000408,2026-06-15 22:37:56.742664,2,4,22
A000408,2026-07-15 22:37:56.742664,2,4,34
A000409,2026-02-08 21:19:46.022460,2,4,17
A000409,2026-03-10 21:19:46.022460,2,4,22
A000409,2026-04-09 21:19:46.022460,2,4,28
A000409,2026-05-09 21:19:46.022460,2,4,35
A000409,2026-06-08 21:19:46.022460,2,4,20
A000409,2026-07-08 21:19:46.022460,2,4,17
A000410,2024-01-18 10:01:37.585535,2,3,21
A000410,2024-02-17 10:01:37.585535,2,3,21
A000410,2024-03-18 10:01:37.585535,2,3,31
A000410,2024-04-17 10:01:37.585535,2,3,20
A000410,2024-05-17 10:01:37.585535,2,3,18
A000410,2024-06-16 10:01:37.585535,2,3,26
A000410,2024-07-16 10:01:37.585535,2,3,24
A000410,2024-08-15 10:01:37.585535,2,3,36
A000410,2024-09-14 10:01:37.585535,2,3,29
A000410,2024-10-14 10:01:37.585535,2,3,33
A000410,2024-11-13 10:01:37.585535,2,3,24
A000410,2024-12-13 10:01:37.585535,2,3,22
A000410,2025-01-12 10:01:37.585535,2,3,31
A000410,2025-02-11 10:01:37.585535,2,3,15
A000410,2025-03-13 10:01:37.585535,2,3,16
A000410,2025-04-12 10:01:37.585535,2,3,33
A000410,2025-05-12 10:01:37.585535,2,3,39
A000410,2025-06-11 10:01:37.585535,2,3,16
A000410,2025-07-11 10:01:37.585535,2,3,20
A000410,2025-08-10 10:01:37.585535,2,3,32
A000410,2025-09-09 10:01:37.585535,2,3,37
A000410,2025-10-09 10:01:37.585535,2,3,29
A000410,2025-11-08 10:01:37.585535,2,3,35
A000410,2025-12-08 10:01:37.585535,2,3,36
A000410,2026-01-07 10:01:37.585535,2,3,29
A000410,2026-02-06 10:01:37.585535,2,3,23
A000410,2026-03-08 10:01:37.585535,2,3,21
A000410,2026-04-07 10:01:37.585535,2,3,36
A000410,2026-05-07 10:01:37.585535,2,3,19
A000410,2026-06-06 10:01:37.585535,2,3,34
A000410,2026-07-06 10:01:37.585535,2,3,37
A000411,2026-01-22 09:02:29.169172,8,2,147
A000411,2026-02-21 09:02:29.169172,8,3,73
A000411,2026-03-23 09:02:29.169172,11,4,212
A000411,2026-04-22 09:02:29.169172,10,4,121
A000411,2026-05-22 09:02:29.169172,14,5,241
A000411,2026-06-21 09:02:29.169172,12,6,184
A000411,2026-07-21 09:02:29.169172,14,7,180
A000412,2025-05-14 16:26:42.689779,6,2,57
A000412,2025-06-13 16:26:42.689779,8,2,111
A000412,2025-07-13 16:26:42.689779,8,3,166
A000412,2025-08-12 16:26:42.689779,7,3,94
A000412,2025-09-11 16:26:42.689779,7,3,116
A000412,2025-10-11 16:26:42.689779,8,4,156
A000412,2025-11-10 16:26:42.689779,10,4,165
A000412,2025-12-10 16:26:42.689779,9,4,106
A000412,2026-01-09 16:26:42.689779,12,5,137
A000412,2026-02-08 16:26:42.689779,12,5,217
A000412,2026-03-10 16:26:42.689779,11,6,202
A000412,2026-04-09 16:26:42.689779,13,6,149
A000412,2026-05-09 16:26:42.689779,10,6,93
A000412,2026-06-08 16:26:42.689779,13,7,150
A000412,2026-07-08 16:26:42.689779,12,7,120
A000413,2025-12-26 19:38:11.090122,2,3,40
A000413,2026-01-25 19:38:11.090122,2,3,31
A000413,2026-02-24 19:38:11.090122,2,3,36
A000413,2026-03-26 19:38:11.090122,2,3,16
A000413,2026-04-25 19:38:11.090122,2,3,20
A000413,2026-05-25 19:38:11.090122,2,3,16
A000413,2026-06-24 19:38:11.090122,2,3,21
A000413,2026-07-24 19:38:11.090122,2,3,24
A000414,2025-08-15 07:17:19.987888,2,3,17
A000414,2025-09-14 07:17:19.987888,2,3,18
A000414,2025-10-14 07:17:19.987888,2,4,26
A000414,2025-12-13 07:17:19.987888,2,5,37
A000414,2026-01-12 07:17:19.987888,3,5,55
A000414,2026-02-11 07:17:19.987888,3,6,53
A000414,2026-03-13 07:17:19.987888,3,6,48
A000414,2026-04-12 07:17:19.987888,3,7,24
A000414,2026-05-12 07:17:19.987888,3,7,37
A000414,2026-06-11 07:17:19.987888,3,8,30
A000414,2026-07-11 07:17:19.987888,4,8,61
A000415,2024-09-24 13:51:24.883938,6,2,69
A000415,2024-10-24 13:51:24.883938,8,2,169
A000415,2024-11-23 13:51:24.883938,8,3,105
A000415,2024-12-23 13:51:24.883938,7,3,112
A000415,2025-01-22 13:51:24.883938,8,3,117
A000415,2025-02-21 13:51:24.883938,10,3,182
A000415,2025-04-22 13:51:24.883938,9,4,137
A000415,2025-05-22 13:51:24.883938,8,4,157
A000415,2025-06-21 13:51:24.883938,10,4,146
A000415,2025-07-21 13:51:24.883938,9,4,70
A000415,2025-08-20 13:51:24.883938,10,5,109
A000415,2025-09-19 13:51:24.883938,11,5,95
A000415,2025-10-19 13:51:24.883938,9,5,162
A000415,2025-11-18 13:51:24.883938,9,5,99
A000415,2025-12-18 13:51:24.883938,12,5,190
A000415,2026-01-17 13:51:24.883938,10,6,177
A000415,2026-02-16 13:51:24.883938,11,6,182
A000415,2026-03-18 13:51:24.883938,12,6,93
A000415,2026-04-17 13:51:24.883938,10,6,200
A000415,2026-05-17 13:51:24.883938,11,7,201
A000415,2026-06-16 13:51:24.883938,11,7,152
A000415,2026-07-16 13:51:24.883938,14,7,138
A000416,2025-01-29 07:17:02.100596,2,3,20
A000416,2025-02-28 07:17:02.100596,2,3,18
A000416,2025-03-30 07:17:02.100596,2,4,40
A000416,2025-04-29 07:17:02.100596,2,4,38
A000416,2025-05-29 07:17:02.100596,2,4,35
A000416,2025-06-28 07:17:02.100596,2,4,28
A000416,2025-07-28 07:17:02.100596,3,5,29
A000416,2025-08-27 07:17:02.100596,3,5,25
A000416,2025-09-26 07:17:02.100596,2,5,39
A000416,2025-10-26 07:17:02.100596,3,6,31
A000416,2025-11-25 07:17:02.100596,3,6,50
A000416,2025-12-25 07:17:02.100596,3,6,37
A000416,2026-01-24 07:17:02.100596,3,6,42
A000416,2026-02-23 07:17:02.100596,3,7,51
A000416,2026-03-25 07:17:02.100596,3,7,42
A000416,2026-04-24 07:17:02.100596,3,7,40
A000416,2026-05-24 07:17:02.100596,4,7,43
A000416,2026-06-23 07:17:02.100596,4,8,58
A000416,2026-07-23 07:17:02.100596,4,8,50
A000417,2024-05-16 20:16:04.272448,2,3,36
A000417,2024-06-15 20:16:04.272448,2,3,18
A000417,2024-07-15 20:16:04.272448,2,3,25
A000417,2024-08-14 20:16:04.272448,2,3,26
A000417,2024-09-13 20:16:04.272448,2,3,24
A000417,2024-10-13 20:16:04.272448,2,3,23
A000417,2024-11-12 20:16:04.272448,2,3,19
A000417,2024-12-12 20:16:04.272448,2,3,18
A000417,2025-01-11 20:16:04.272448,2,3,25
A000417,2025-02-10 20:16:04.272448,2,3,16
A000417,2025-03-12 20:16:04.272448,2,3,30
A000417,2025-04-11 20:16:04.272448,2,3,36
A000417,2025-05-11 20:16:04.272448,2,3,31
A000417,2025-06-10 20:16:04.272448,2,3,36
A000417,2025-07-10 20:16:04.272448,2,3,27
A000417,2025-08-09 20:16:04.272448,2,3,32
A000417,2025-10-08 20:16:04.272448,2,3,32
A000417,2025-11-07 20:16:04.272448,2,3,20
A000417,2025-12-07 20:16:04.272448,2,3,38
A000417,2026-01-06 20:16:04.272448,2,3,37
A000417,2026-02-05 20:16:04.272448,2,3,26
A000417,2026-03-07 20:16:04.272448,2,3,27
A000417,2026-04-06 20:16:04.272448,2,3,39
A000417,2026-05-06 20:16:04.272448,2,3,26
A000417,2026-06-05 20:16:04.272448,2,3,16
A000417,2026-07-05 20:16:04.272448,2,3,33
A000418,2026-01-22 04:07:38.949416,13,3,246
A000418,2026-02-21 04:07:38.949416,14,3,272
A000418,2026-03-23 04:07:38.949416,12,3,220
A000418,2026-04-22 04:07:38.949416,14,3,123
A000418,2026-05-22 04:07:38.949416,12,3,123
A000418,2026-06-21 04:07:38.949416,12,3,196
A000418,2026-07-21 04:07:38.949416,12,3,212
A000419,2024-04-07 14:31:57.317492,6,3,59
A000419,2024-05-07 14:31:57.317492,5,3,105
A000419,2024-06-06 14:31:57.317492,6,3,90
A000419,2024-07-06 14:31:57.317492,6,3,65
A000419,2024-08-05 14:31:57.317492,6,3,87
A000419,2024-09-04 14:31:57.317492,7,3,86
A000419,2024-10-04 14:31:57.317492,6,3,111
A000419,2024-11-03 14:31:57.317492,6,3,57
A000419,2024-12-03 14:31:57.317492,6,3,87
A000419,2025-01-02 14:31:57.317492,6,3,113
A000419,2025-02-01 14:31:57.317492,6,3,61
A000419,2025-03-03 14:31:57.317492,6,3,76
A000419,2025-04-02 14:31:57.317492,6,3,49
A000419,2025-05-02 14:31:57.317492,6,3,60
A000419,2025-06-01 14:31:57.317492,6,3,74
A000419,2025-07-01 14:31:57.317492,6,3,86
A000419,2025-07-31 14:31:57.317492,6,3,82
A000419,2025-08-30 14:31:57.317492,6,3,52
A000419,2025-09-29 14:31:57.317492,6,3,115
A000419,2025-10-29 14:31:57.317492,7,3,81
A000419,2025-11-28 14:31:57.317492,6,3,112
A000419,2025-12-28 14:31:57.317492,7,3,120
A000419,2026-01-27 14:31:57.317492,6,3,87
A000419,2026-02-26 14:31:57.317492,6,3,78
A000419,2026-03-28 14:31:57.317492,6,3,58
A000419,2026-04-27 14:31:57.317492,6,3,90
A000419,2026-06-26 14:31:57.317492,6,3,114
A000419,2026-07-26 14:31:57.317492,6,3,96
A000420,2024-10-30 15:13:55.659760,6,3,86
A000420,2024-11-29 15:13:55.659760,7,3,105
A000420,2024-12-29 15:13:55.659760,7,3,115
A000420,2025-01-28 15:13:55.659760,6,4,51
A000420,2025-02-27 15:13:55.659760,7,4,108
A000420,2025-03-29 15:13:55.659760,7,4,73
A000420,2025-04-28 15:13:55.659760,7,4,102
A000420,2025-05-28 15:13:55.659760,9,5,170
A000420,2025-06-27 15:13:55.659760,8,5,129
A000420,2025-07-27 15:13:55.659760,7,5,88
A000420,2025-08-26 15:13:55.659760,9,5,89
A000420,2025-09-25 15:13:55.659760,9,6,81
A000420,2025-10-25 15:13:55.659760,8,6,92
A000420,2025-11-24 15:13:55.659760,9,6,98
A000420,2025-12-24 15:13:55.659760,8,6,128
A000420,2026-01-23 15:13:55.659760,11,7,85
A000420,2026-02-22 15:13:55.659760,11,7,130
A000420,2026-03-24 15:13:55.659760,9,7,118
A000420,2026-04-23 15:13:55.659760,12,7,172
A000420,2026-05-23 15:13:55.659760,12,8,189
A000420,2026-06-22 15:13:55.659760,11,8,107
A000420,2026-07-22 15:13:55.659760,11,8,150
A000422,2023-12-21 15:25:47.125286,2,3,37
A000422,2024-01-20 15:25:47.125286,2,3,21
A000422,2024-02-19 15:25:47.125286,2,3,17
A000422,2024-03-20 15:25:47.125286,2,3,25
A000422,2024-04-19 15:25:47.125286,2,3,18
A000422,2024-05-19 15:25:47.125286,2,3,38
A000422,2024-06-18 15:25:47.125286,2,3,32
A000422,2024-07-18 15:25:47.125286,2,3,34
A000422,2024-08-17 15:25:47.125286,2,3,32
A000422,2024-09-16 15:25:47.125286,2,3,22
A000422,2024-10-16 15:25:47.125286,2,3,18
A000422,2024-11-15 15:25:47.125286,2,3,33
A000422,2024-12-15 15:25:47.125286,2,3,18
A000422,2025-01-14 15:25:47.125286,2,3,19
A000422,2025-02-13 15:25:47.125286,2,3,19
A000422,2025-03-15 15:25:47.125286,2,3,19
A000422,2025-04-14 15:25:47.125286,2,3,15
A000422,2025-05-14 15:25:47.125286,2,3,26
A000422,2025-06-13 15:25:47.125286,2,3,24
A000422,2025-07-13 15:25:47.125286,2,3,20
A000422,2025-08-12 15:25:47.125286,2,3,18
A000422,2025-09-11 15:25:47.125286,2,3,40
A000422,2025-10-11 15:25:47.125286,2,3,30
A000422,2025-11-10 15:25:47.125286,2,3,18
A000422,2025-12-10 15:25:47.125286,2,3,19
A000422,2026-01-09 15:25:47.125286,2,3,36
A000422,2026-02-08 15:25:47.125286,2,3,35
A000422,2026-03-10 15:25:47.125286,2,3,32
A000422,2026-04-09 15:25:47.125286,2,3,18
A000422,2026-05-09 15:25:47.125286,2,3,22
A000422,2026-07-08 15:25:47.125286,2,3,29
A000423,2025-08-19 11:07:16.620298,2,4,26
A000423,2025-09-18 11:07:16.620298,2,4,18
A000423,2025-10-18 11:07:16.620298,2,5,39
A000423,2025-11-17 11:07:16.620298,2,5,35
A000423,2025-12-17 11:07:16.620298,3,6,41
A000423,2026-01-16 11:07:16.620298,3,6,36
A000423,2026-02-15 11:07:16.620298,3,7,29
A000423,2026-03-17 11:07:16.620298,3,7,57
A000423,2026-04-16 11:07:16.620298,3,8,33
A000423,2026-05-16 11:07:16.620298,4,8,48
A000423,2026-06-15 11:07:16.620298,3,9,42
A000423,2026-07-15 11:07:16.620298,4,9,43
A000424,2023-06-29 04:17:47.737255,5,4,82
A000424,2023-07-29 04:17:47.737255,5,4,64
A000424,2023-08-28 04:17:47.737255,4,3,70
A000424,2023-09-27 04:17:47.737255,3,3,61
A000424,2023-10-27 04:17:47.737255,3,3,38
A000424,2023-11-26 04:17:47.737255,2,2,39
A000425,2026-05-17 15:43:07.022200,9,2,71
A000425,2026-06-16 15:43:07.022200,9,2,158
A000425,2026-07-16 15:43:07.022200,9,2,78
A000426,2024-07-17 13:23:10.401553,2,3,22
A000426,2024-08-16 13:23:10.401553,2,3,28
A000426,2024-09-15 13:23:10.401553,2,3,41
A000426,2024-10-15 13:23:10.401553,2,3,42
A000426,2024-11-14 13:23:10.401553,2,3,20
A000426,2025-01-13 13:23:10.401553,2,3,22
A000426,2025-02-12 13:23:10.401553,2,3,35
A000426,2025-03-14 13:23:10.401553,2,3,42
A000426,2025-04-13 13:23:10.401553,2,3,29
A000426,2025-05-13 13:23:10.401553,2,3,22
A000426,2025-06-12 13:23:10.401553,2,3,20
A000426,2025-07-12 13:23:10.401553,2,3,26
A000426,2025-09-10 13:23:10.401553,2,3,22
A000426,2025-10-10 13:23:10.401553,2,3,28
A000426,2025-11-09 13:23:10.401553,2,3,25
A000426,2025-12-09 13:23:10.401553,2,3,25
A000426,2026-02-07 13:23:10.401553,2,3,20
A000426,2026-03-09 13:23:10.401553,2,3,26
A000426,2026-04-08 13:23:10.401553,2,3,32
A000426,2026-05-08 13:23:10.401553,2,3,24
A000426,2026-07-07 13:23:10.401553,2,3,25
A000427,2026-01-14 07:40:13.539851,9,2,174
A000427,2026-02-13 07:40:13.539851,7,2,87
A000427,2026-04-14 07:40:13.539851,6,2,62
A000427,2026-05-14 07:40:13.539851,5,1,74
A000427,2026-06-13 07:40:13.539851,4,1,56
A000428,2026-04-30 16:02:51.435050,6,4,87
A000428,2026-05-30 16:02:51.435050,6,4,116
A000428,2026-06-29 16:02:51.435050,6,4,87
A000428,2026-07-29 16:02:51.435050,5,4,49
A000429,2023-04-22 01:34:14.813344,2,2,29
A000429,2023-05-22 01:34:14.813344,2,2,35
A000429,2023-06-21 01:34:14.813344,2,2,38
A000429,2023-07-21 01:34:14.813344,2,2,21
A000429,2023-08-20 01:34:14.813344,2,2,22
A000429,2023-09-19 01:34:14.813344,2,2,34
A000429,2023-10-19 01:34:14.813344,2,2,28
A000429,2023-11-18 01:34:14.813344,2,2,31
A000429,2023-12-18 01:34:14.813344,2,2,22
A000429,2024-01-17 01:34:14.813344,2,2,34
A000429,2024-02-16 01:34:14.813344,2,2,31
A000429,2024-03-17 01:34:14.813344,2,2,34
A000429,2024-04-16 01:34:14.813344,2,2,33
A000429,2024-05-16 01:34:14.813344,2,2,17
A000429,2024-06-15 01:34:14.813344,2,2,33
A000429,2024-07-15 01:34:14.813344,2,2,18
A000429,2024-08-14 01:34:14.813344,2,2,20
A000429,2024-09-13 01:34:14.813344,2,2,18
A000429,2024-10-13 01:34:14.813344,2,2,22
A000429,2024-11-12 01:34:14.813344,2,2,21
A000429,2024-12-12 01:34:14.813344,2,2,36
A000429,2025-01-11 01:34:14.813344,2,2,27
A000429,2025-02-10 01:34:14.813344,2,2,19
A000429,2025-03-12 01:34:14.813344,2,2,27
A000429,2025-04-11 01:34:14.813344,2,2,37
A000429,2025-05-11 01:34:14.813344,2,2,38
A000429,2025-06-10 01:34:14.813344,2,2,18
A000429,2025-07-10 01:34:14.813344,2,2,20
A000429,2025-08-09 01:34:14.813344,2,2,24
A000429,2025-09-08 01:34:14.813344,2,2,28
A000429,2025-10-08 01:34:14.813344,2,2,27
A000429,2025-11-07 01:34:14.813344,2,2,37
A000429,2025-12-07 01:34:14.813344,2,2,34
A000429,2026-01-06 01:34:14.813344,2,2,20
A000429,2026-02-05 01:34:14.813344,2,2,27
A000429,2026-03-07 01:34:14.813344,2,2,27
A000429,2026-04-06 01:34:14.813344,2,2,26
A000429,2026-05-06 01:34:14.813344,2,2,25
A000429,2026-06-05 01:34:14.813344,2,2,34
A000429,2026-07-05 01:34:14.813344,2,2,23
A000430,2026-05-11 13:11:05.345103,2,3,18
A000430,2026-06-10 13:11:05.345103,1,2,15
A000430,2026-07-10 13:11:05.345103,1,2,7
A000431,2026-06-28 15:03:37.299939,16,2,170
A000431,2026-07-28 15:03:37.299939,26,7,226
A000432,2023-05-05 16:53:12.534833,10,2,172
A000432,2023-06-04 16:53:12.534833,11,2,207
A000432,2023-07-04 16:53:12.534833,11,2,129
A000432,2023-08-03 16:53:12.534833,10,2,117
A000432,2023-09-02 16:53:12.534833,10,2,152
A000432,2023-10-02 16:53:12.534833,10,2,100
A000432,2023-11-01 16:53:12.534833,10,2,139
A000432,2023-12-01 16:53:12.534833,9,2,85
A000432,2023-12-31 16:53:12.534833,11,2,206
A000432,2024-01-30 16:53:12.534833,10,2,196
A000432,2024-02-29 16:53:12.534833,10,2,159
A000432,2024-03-30 16:53:12.534833,9,2,156
A000432,2024-04-29 16:53:12.534833,9,2,111
A000432,2024-05-29 16:53:12.534833,10,2,114
A000432,2024-06-28 16:53:12.534833,9,2,169
A000432,2024-07-28 16:53:12.534833,10,2,194
A000432,2024-08-27 16:53:12.534833,10,2,104
A000432,2024-09-26 16:53:12.534833,10,2,144
A000432,2024-10-26 16:53:12.534833,9,2,152
A000432,2024-11-25 16:53:12.534833,10,2,85
A000432,2024-12-25 16:53:12.534833,10,2,177
A000432,2025-01-24 16:53:12.534833,10,2,151
A000432,2025-03-25 16:53:12.534833,10,2,137
A000432,2025-04-24 16:53:12.534833,9,2,82
A000432,2025-05-24 16:53:12.534833,10,2,174
A000432,2025-06-23 16:53:12.534833,11,2,209
A000432,2025-07-23 16:53:12.534833,10,2,141
A000432,2025-08-22 16:53:12.534833,11,2,159
A000432,2025-09-21 16:53:12.534833,9,2,141
A000432,2025-10-21 16:53:12.534833,11,2,176
A000432,2025-11-20 16:53:12.534833,11,2,115
A000432,2025-12-20 16:53:12.534833,11,2,126
A000432,2026-01-19 16:53:12.534833,10,2,92
A000432,2026-03-20 16:53:12.534833,11,2,123
A000432,2026-04-19 16:53:12.534833,9,2,83
A000432,2026-05-19 16:53:12.534833,10,2,86
A000432,2026-06-18 16:53:12.534833,11,2,173
A000432,2026-07-18 16:53:12.534833,10,2,131
A000433,2025-12-08 21:16:21.373659,4,3,52
A000433,2026-01-07 21:16:21.373659,4,4,65
A000433,2026-02-06 21:16:21.373659,4,4,50
A000433,2026-03-08 21:16:21.373659,5,5,53
A000433,2026-04-07 21:16:21.373659,5,6,93
A000433,2026-05-07 21:16:21.373659,7,7,59
A000433,2026-06-06 21:16:21.373659,7,7,80
A000434,2024-09-03 06:27:17.943815,2,3,35
A000434,2024-10-03 06:27:17.943815,2,3,34
A000434,2024-11-02 06:27:17.943815,2,3,20
A000434,2024-12-02 06:27:17.943815,2,3,25
A000434,2025-01-01 06:27:17.943815,2,3,33
A000434,2025-01-31 06:27:17.943815,2,3,26
A000434,2025-03-02 06:27:17.943815,2,3,30
A000434,2025-04-01 06:27:17.943815,2,3,19
A000434,2025-05-01 06:27:17.943815,2,3,27
A000434,2025-06-30 06:27:17.943815,2,3,25
A000434,2025-08-29 06:27:17.943815,2,3,29
A000434,2025-09-28 06:27:17.943815,2,3,26
A000434,2025-10-28 06:27:17.943815,2,3,35
A000434,2025-11-27 06:27:17.943815,2,3,37
A000434,2025-12-27 06:27:17.943815,2,3,26
A000434,2026-01-26 06:27:17.943815,2,3,35
A000434,2026-02-25 06:27:17.943815,2,3,34
A000434,2026-03-27 06:27:17.943815,2,3,37
A000434,2026-04-26 06:27:17.943815,2,3,37
A000434,2026-05-26 06:27:17.943815,2,3,35
A000434,2026-06-25 06:27:17.943815,2,3,26
A000434,2026-07-25 06:27:17.943815,2,3,19
A000435,2024-07-28 14:36:28.989045,8,3,101
A000435,2024-08-27 14:36:28.989045,8,3,121
A000435,2024-09-26 14:36:28.989045,8,3,144
A000435,2024-10-26 14:36:28.989045,8,3,68
A000435,2024-11-25 14:36:28.989045,7,3,109
A000435,2024-12-25 14:36:28.989045,8,3,68
A000435,2025-01-24 14:36:28.989045,8,3,125
A000435,2025-02-23 14:36:28.989045,9,3,155
A000435,2025-03-25 14:36:28.989045,8,3,134
A000435,2025-04-24 14:36:28.989045,8,3,112
A000435,2025-05-24 14:36:28.989045,8,3,160
A000435,2025-06-23 14:36:28.989045,8,3,145
A000435,2025-07-23 14:36:28.989045,8,3,128
A000435,2025-08-22 14:36:28.989045,8,3,73
A000435,2025-09-21 14:36:28.989045,7,3,83
A000435,2025-10-21 14:36:28.989045,9,3,86
A000435,2025-11-20 14:36:28.989045,8,3,132
A000435,2025-12-20 14:36:28.989045,9,3,154
A000435,2026-01-19 14:36:28.989045,8,3,92
A000435,2026-02-18 14:36:28.989045,9,3,79
A000435,2026-03-20 14:36:28.989045,8,3,66
A000435,2026-04-19 14:36:28.989045,9,3,70
A000435,2026-05-19 14:36:28.989045,7,3,70
A000435,2026-06-18 14:36:28.989045,8,3,153
A000435,2026-07-18 14:36:28.989045,8,3,116
A000436,2026-05-01 16:50:37.816954,2,2,27
A000436,2026-05-31 16:50:37.816954,2,2,38
A000436,2026-06-30 16:50:37.816954,2,2,39
A000436,2026-07-30 16:50:37.816954,2,2,38
A000437,2025-07-13 05:49:45.934541,5,2,54
A000437,2025-08-12 05:49:45.934541,5,2,76
A000437,2025-09-11 05:49:45.934541,5,2,79
A000437,2025-10-11 05:49:45.934541,5,2,40
A000437,2025-11-10 05:49:45.934541,5,2,85
A000437,2025-12-10 05:49:45.934541,5,2,55
A000437,2026-01-09 05:49:45.934541,5,2,46
A000437,2026-02-08 05:49:45.934541,5,2,59
A000437,2026-03-10 05:49:45.934541,5,2,67
A000437,2026-04-09 05:49:45.934541,5,2,91
A000437,2026-05-09 05:49:45.934541,5,2,63
A000437,2026-06-08 05:49:45.934541,5,2,60
A000437,2026-07-08 05:49:45.934541,5,2,85
A000438,2024-05-24 17:50:23.529608,4,4,67
A000438,2024-06-23 17:50:23.529608,4,4,79
A000438,2024-07-23 17:50:23.529608,4,3,48
A000438,2024-08-22 17:50:23.529608,4,3,50
A000438,2024-09-21 17:50:23.529608,3,3,45
A000438,2024-10-21 17:50:23.529608,2,3,38
A000438,2024-11-20 17:50:23.529608,2,2,32
A000439,2024-01-26 02:31:07.409545,10,3,151
A000439,2024-02-25 02:31:07.409545,10,3,137
A000439,2024-04-25 02:31:07.409545,11,3,193
A000439,2024-05-25 02:31:07.409545,11,3,111
A000439,2024-06-24 02:31:07.409545,11,3,186
A000439,2024-07-24 02:31:07.409545,9,3,118
A000439,2024-08-23 02:31:07.409545,10,3,181
A000439,2024-09-22 02:31:07.409545,10,3,84
A000439,2024-10-22 02:31:07.409545,11,3,204
A000439,2024-11-21 02:31:07.409545,10,3,143
A000439,2024-12-21 02:31:07.409545,10,3,188
A000439,2025-01-20 02:31:07.409545,11,3,166
A000439,2025-02-19 02:31:07.409545,11,3,195
A000439,2025-03-21 02:31:07.409545,11,3,95
A000439,2025-04-20 02:31:07.409545,10,3,118
A000439,2025-05-20 02:31:07.409545,10,3,201
A000439,2025-06-19 02:31:07.409545,10,3,116
A000439,2025-07-19 02:31:07.409545,11,3,129
A000439,2025-08-18 02:31:07.409545,10,3,156
A000439,2025-09-17 02:31:07.409545,10,3,204
A000439,2025-10-17 02:31:07.409545,10,3,85
A000439,2025-12-16 02:31:07.409545,9,3,91
A000439,2026-01-15 02:31:07.409545,10,3,156
A000439,2026-02-14 02:31:07.409545,9,3,165
A000439,2026-03-16 02:31:07.409545,11,3,138
A000439,2026-04-15 02:31:07.409545,11,3,130
A000439,2026-05-15 02:31:07.409545,10,3,138
A000439,2026-06-14 02:31:07.409545,10,3,161
A000439,2026-07-14 02:31:07.409545,9,3,79
A000440,2026-05-01 01:48:11.728874,8,3,69
A000440,2026-05-31 01:48:11.728874,6,3,66
A000440,2026-06-30 01:48:11.728874,5,2,51
A000440,2026-07-30 01:48:11.728874,3,2,33
A000441,2024-07-23 06:55:27.373886,16,4,192
A000441,2024-08-22 06:55:27.373886,16,4,198
A000441,2024-09-21 06:55:27.373886,17,4,287
A000441,2024-10-21 06:55:27.373886,19,4,213
A000441,2024-11-20 06:55:27.373886,16,4,228
A000441,2024-12-20 06:55:27.373886,18,4,303
A000441,2025-01-19 06:55:27.373886,17,4,343
A000441,2025-02-18 06:55:27.373886,18,4,262
A000441,2025-03-20 06:55:27.373886,17,4,153
A000441,2025-04-19 06:55:27.373886,16,4,287
A000441,2025-05-19 06:55:27.373886,17,4,264
A000441,2025-06-18 06:55:27.373886,16,4,257
A000441,2025-07-18 06:55:27.373886,16,4,288
A000441,2025-08-17 06:55:27.373886,16,4,193
A000441,2025-09-16 06:55:27.373886,16,4,259
A000441,2025-10-16 06:55:27.373886,16,4,202
A000441,2025-11-15 06:55:27.373886,17,4,312
A000441,2025-12-15 06:55:27.373886,18,4,189
A000441,2026-01-14 06:55:27.373886,17,4,240
A000441,2026-02-13 06:55:27.373886,18,4,306
A000441,2026-03-15 06:55:27.373886,16,4,213
A000441,2026-04-14 06:55:27.373886,16,4,169
A000441,2026-05-14 06:55:27.373886,15,4,182
A000441,2026-06-13 06:55:27.373886,17,4,326
A000441,2026-07-13 06:55:27.373886,16,4,264
A000442,2024-01-22 04:44:27.482120,9,2,130
A000442,2024-02-21 04:44:27.482120,8,2,82
A000442,2024-03-22 04:44:27.482120,9,2,163
A000442,2024-04-21 04:44:27.482120,9,2,153
A000442,2024-05-21 04:44:27.482120,9,2,79
A000442,2024-06-20 04:44:27.482120,8,2,155
A000442,2024-07-20 04:44:27.482120,8,2,147
A000442,2024-08-19 04:44:27.482120,9,2,129
A000442,2024-09-18 04:44:27.482120,8,2,90
A000442,2024-10-18 04:44:27.482120,8,2,93
A000442,2024-11-17 04:44:27.482120,9,2,103
A000442,2024-12-17 04:44:27.482120,10,2,80
A000442,2025-01-16 04:44:27.482120,8,2,101
A000442,2025-02-15 04:44:27.482120,8,2,139
A000442,2025-03-17 04:44:27.482120,10,2,109
A000442,2025-04-16 04:44:27.482120,10,2,122
A000442,2025-05-16 04:44:27.482120,9,2,82
A000442,2025-06-15 04:44:27.482120,9,2,123
A000442,2025-07-15 04:44:27.482120,8,2,158
A000442,2025-08-14 04:44:27.482120,9,2,169
A000442,2025-09-13 04:44:27.482120,8,2,136
A000442,2025-10-13 04:44:27.482120,8,2,131
A000442,2025-11-12 04:44:27.482120,9,2,106
A000442,2025-12-12 04:44:27.482120,10,2,82
A000442,2026-01-11 04:44:27.482120,9,2,162
A000442,2026-02-10 04:44:27.482120,9,2,80
A000442,2026-03-12 04:44:27.482120,9,2,107
A000442,2026-05-11 04:44:27.482120,9,2,94
A000442,2026-06-10 04:44:27.482120,9,2,145
A000442,2026-07-10 04:44:27.482120,9,2,107
A000443,2023-11-27 04:13:34.192741,2,4,27
A000443,2023-12-27 04:13:34.192741,2,4,19
A000443,2024-01-26 04:13:34.192741,2,4,36
A000443,2024-02-25 04:13:34.192741,2,4,38
A000443,2024-04-25 04:13:34.192741,2,4,25
A000443,2024-05-25 04:13:34.192741,2,4,20
A000443,2024-06-24 04:13:34.192741,2,4,30
A000443,2024-07-24 04:13:34.192741,2,4,38
A000443,2024-08-23 04:13:34.192741,2,4,19
A000443,2024-09-22 04:13:34.192741,2,4,38
A000443,2024-10-22 04:13:34.192741,2,4,30
A000443,2024-11-21 04:13:34.192741,2,4,17
A000443,2024-12-21 04:13:34.192741,2,4,19
A000443,2025-01-20 04:13:34.192741,2,4,18
A000443,2025-02-19 04:13:34.192741,2,4,18
A000443,2025-03-21 04:13:34.192741,2,4,20
A000443,2025-05-20 04:13:34.192741,2,4,19
A000443,2025-06-19 04:13:34.192741,2,4,39
A000443,2025-07-19 04:13:34.192741,2,4,36
A000443,2025-08-18 04:13:34.192741,2,4,40
A000443,2025-09-17 04:13:34.192741,2,4,42
A000443,2025-10-17 04:13:34.192741,2,4,24
A000443,2025-11-16 04:13:34.192741,2,4,28
A000443,2026-01-15 04:13:34.192741,2,4,20
A000443,2026-02-14 04:13:34.192741,2,4,26
A000443,2026-03-16 04:13:34.192741,2,4,36
A000443,2026-04-15 04:13:34.192741,2,4,30
A000443,2026-05-15 04:13:34.192741,2,4,25
A000443,2026-06-14 04:13:34.192741,2,4,30
A000443,2026-07-14 04:13:34.192741,2,4,25
A000444,2026-01-05 16:54:11.878225,8,4,67
A000444,2026-02-04 16:54:11.878225,9,4,81
A000444,2026-03-06 16:54:11.878225,6,3,126
A000444,2026-04-05 16:54:11.878225,6,3,89
A000444,2026-05-05 16:54:11.878225,4,3,79
A000444,2026-06-04 16:54:11.878225,3,2,59
A000445,2024-03-16 05:55:24.361741,30,4,538
A000445,2024-04-15 05:55:24.361741,32,4,560
A000445,2024-05-15 05:55:24.361741,32,4,301
A000445,2024-06-14 05:55:24.361741,31,4,522
A000445,2024-07-14 05:55:24.361741,32,4,362
A000445,2024-08-13 05:55:24.361741,30,4,372
A000445,2024-09-12 05:55:24.361741,32,4,592
A000445,2024-10-12 05:55:24.361741,33,4,571
A000445,2024-11-11 05:55:24.361741,32,4,627
A000445,2024-12-11 05:55:24.361741,30,4,499
A000445,2025-01-10 05:55:24.361741,30,4,400
A000445,2025-02-09 05:55:24.361741,30,4,504
A000445,2025-03-11 05:55:24.361741,35,4,661
A000445,2025-04-10 05:55:24.361741,29,4,360
A000445,2025-05-10 05:55:24.361741,33,4,277
A000445,2025-06-09 05:55:24.361741,29,4,387
A000445,2025-07-09 05:55:24.361741,32,4,637
A000445,2025-08-08 05:55:24.361741,33,4,403
A000445,2025-09-07 05:55:24.361741,32,4,305
A000445,2025-10-07 05:55:24.361741,32,4,352
A000445,2025-11-06 05:55:24.361741,34,4,568
A000445,2025-12-06 05:55:24.361741,35,4,380
A000445,2026-01-05 05:55:24.361741,34,4,590
A000445,2026-02-04 05:55:24.361741,30,4,496
A000445,2026-03-06 05:55:24.361741,30,4,571
A000445,2026-04-05 05:55:24.361741,30,4,435
A000445,2026-05-05 05:55:24.361741,34,4,278
A000445,2026-06-04 05:55:24.361741,34,4,524
A000445,2026-07-04 05:55:24.361741,31,4,541
A000446,2026-03-11 03:50:02.412211,2,3,31
A000446,2026-04-10 03:50:02.412211,2,3,25
A000446,2026-05-10 03:50:02.412211,1,2,27
A000446,2026-06-09 03:50:02.412211,1,2,8
A000446,2026-07-09 03:50:02.412211,1,2,13
A000447,2025-07-20 02:27:05.953551,24,4,398
A000447,2025-08-19 02:27:05.953551,34,4,349
A000447,2025-09-18 02:27:05.953551,29,5,272
A000447,2025-10-18 02:27:05.953551,33,5,570
A000447,2025-11-17 02:27:05.953551,36,6,453
A000447,2025-12-17 02:27:05.953551,38,6,465
A000447,2026-01-16 02:27:05.953551,39,6,536
A000447,2026-02-15 02:27:05.953551,46,7,665
A000447,2026-03-17 02:27:05.953551,45,7,519
A000447,2026-04-16 02:27:05.953551,43,8,847
A000447,2026-06-15 02:27:05.953551,42,9,646
A000447,2026-07-15 02:27:05.953551,44,9,438
A000448,2025-06-23 15:13:18.757849,20,3,266
A000448,2025-07-23 15:13:18.757849,21,3,253
A000448,2025-08-22 15:13:18.757849,22,3,320
A000448,2025-09-21 15:13:18.757849,21,3,192
A000448,2025-11-20 15:13:18.757849,20,3,244
A000448,2025-12-20 15:13:18.757849,22,3,313
A000448,2026-01-19 15:13:18.757849,22,3,199
A000448,2026-02-18 15:13:18.757849,23,3,211
A000448,2026-03-20 15:13:18.757849,21,3,214
A000448,2026-04-19 15:13:18.757849,20,3,267
A000448,2026-06-18 15:13:18.757849,21,3,262
A000448,2026-07-18 15:13:18.757849,19,3,155
A000449,2026-01-17 08:00:39.894467,2,2,17
A000449,2026-02-16 08:00:39.894467,2,2,22
A000449,2026-03-18 08:00:39.894467,1,1,12
A000450,2026-04-25 06:14:37.805626,31,4,576
A000450,2026-05-25 06:14:37.805626,31,4,427
A000450,2026-06-24 06:14:37.805626,28,4,316
A000450,2026-07-24 06:14:37.805626,29,4,545
A000451,2023-12-23 08:00:35.492154,15,3,215
A000451,2024-01-22 08:00:35.492154,13,3,244
A000451,2024-02-21 08:00:35.492154,17,3,152
A000451,2024-03-22 08:00:35.492154,17,3,158
A000451,2024-04-21 08:00:35.492154,17,4,180
A000451,2024-05-21 08:00:35.492154,16,4,282
A000451,2024-06-20 08:00:35.492154,16,4,294
A000451,2024-07-20 08:00:35.492154,19,4,225
A000451,2024-08-19 08:00:35.492154,19,4,154
A000451,2024-09-18 08:00:35.492154,19,4,338
A000451,2024-10-18 08:00:35.492154,21,5,321
A000451,2024-11-17 08:00:35.492154,18,5,361
A000451,2024-12-17 08:00:35.492154,23,5,186
A000451,2025-01-16 08:00:35.492154,18,5,354
A000451,2025-02-15 08:00:35.492154,23,5,453
A000451,2025-03-17 08:00:35.492154,18,5,288
A000451,2025-04-16 08:00:35.492154,18,6,252
A000451,2025-05-16 08:00:35.492154,25,6,453
A000451,2025-06-15 08:00:35.492154,20,6,283
A000451,2025-07-15 08:00:35.492154,20,6,195
A000451,2025-08-14 08:00:35.492154,20,6,185
A000451,2025-09-13 08:00:35.492154,21,6,400
A000451,2025-10-13 08:00:35.492154,23,7,410
A000451,2025-11-12 08:00:35.492154,21,7,309
A000451,2025-12-12 08:00:35.492154,25,7,473
A000451,2026-01-11 08:00:35.492154,22,7,375
A000451,2026-02-10 08:00:35.492154,27,7,389
A000451,2026-03-12 08:00:35.492154,23,7,283
A000451,2026-04-11 08:00:35.492154,26,8,362
A000451,2026-05-11 08:00:35.492154,28,8,307
A000451,2026-06-10 08:00:35.492154,25,8,471
A000451,2026-07-10 08:00:35.492154,29,8,355
A000452,2024-08-22 17:44:14.406576,9,4,87
A000452,2024-09-21 17:44:14.406576,10,4,150
A000452,2024-10-21 17:44:14.406576,11,4,126
A000452,2024-11-20 17:44:14.406576,11,4,99
A000452,2024-12-20 17:44:14.406576,10,4,85
A000452,2025-01-19 17:44:14.406576,9,4,123
A000452,2025-02-18 17:44:14.406576,11,4,128
A000452,2025-03-20 17:44:14.406576,11,4,197
A000452,2025-04-19 17:44:14.406576,11,4,196
A000452,2025-05-19 17:44:14.406576,11,4,198
A000452,2025-06-18 17:44:14.406576,9,4,86
A000452,2025-07-18 17:44:14.406576,10,4,174
A000452,2025-08-17 17:44:14.406576,10,4,186
A000452,2025-09-16 17:44:14.406576,10,4,121
A000452,2025-10-16 17:44:14.406576,9,4,149
A000452,2025-11-15 17:44:14.406576,9,4,160
A000452,2025-12-15 17:44:14.406576,11,4,210
A000452,2026-01-14 17:44:14.406576,10,4,151
A000452,2026-02-13 17:44:14.406576,10,4,180
A000452,2026-03-15 17:44:14.406576,10,4,153
A000452,2026-04-14 17:44:14.406576,11,4,177
A000452,2026-05-14 17:44:14.406576,11,4,100
A000452,2026-06-13 17:44:14.406576,10,4,103
A000452,2026-07-13 17:44:14.406576,10,4,104
A000453,2025-11-11 03:22:38.887137,6,4,95
A000453,2025-12-11 03:22:38.887137,6,5,89
A000453,2026-01-10 03:22:38.887137,8,5,103
A000453,2026-02-09 03:22:38.887137,8,6,134
A000453,2026-03-11 03:22:38.887137,9,6,159
A000453,2026-04-10 03:22:38.887137,8,7,141
A000453,2026-05-10 03:22:38.887137,11,8,147
A000453,2026-06-09 03:22:38.887137,11,8,156
A000453,2026-07-09 03:22:38.887137,11,9,175
A000454,2024-09-11 09:37:26.843865,8,2,78
A000454,2024-10-11 09:37:26.843865,9,2,147
A000454,2024-11-10 09:37:26.843865,7,2,111
A000454,2024-12-10 09:37:26.843865,8,2,108
A000454,2025-01-09 09:37:26.843865,7,2,118
A000454,2025-02-08 09:37:26.843865,8,2,138
A000454,2025-03-10 09:37:26.843865,7,2,122
A000454,2025-05-09 09:37:26.843865,6,1,111
A000454,2025-06-08 09:37:26.843865,5,1,78
A000454,2025-07-08 09:37:26.843865,4,1,73
A000454,2025-08-07 09:37:26.843865,4,1,75
A000454,2025-09-06 09:37:26.843865,3,1,58
A000455,2026-06-28 00:19:32.298665,2,3,36
A000455,2026-07-28 00:19:32.298665,3,8,43
A000456,2025-12-09 10:02:59.182824,6,3,85
A000456,2026-01-08 10:02:59.182824,5,3,69
A000456,2026-02-07 10:02:59.182824,6,3,60
A000456,2026-03-09 10:02:59.182824,6,3,62
A000456,2026-04-08 10:02:59.182824,6,3,82
A000456,2026-05-08 10:02:59.182824,6,3,55
A000456,2026-06-07 10:02:59.182824,7,3,125
A000456,2026-07-07 10:02:59.182824,6,3,72
A000457,2023-09-03 11:28:31.113104,2,4,17
A000457,2023-11-02 11:28:31.113104,2,4,21
A000457,2023-12-02 11:28:31.113104,2,4,30
A000457,2024-01-01 11:28:31.113104,1,3,22
A000457,2024-01-31 11:28:31.113104,1,3,21
A000457,2024-03-01 11:28:31.113104,1,3,13
A000457,2024-03-31 11:28:31.113104,1,3,12
A000457,2024-04-30 11:28:31.113104,1,3,9
A000457,2024-05-30 11:28:31.113104,1,3,6
A000457,2024-06-29 11:28:31.113104,1,2,11
A000458,2023-06-27 18:00:54.305359,5,2,63
A000458,2023-07-27 18:00:54.305359,6,2,109
A000458,2023-08-26 18:00:54.305359,7,2,93
A000458,2023-09-25 18:00:54.305359,7,2,63
A000458,2023-10-25 18:00:54.305359,7,3,89
A000458,2023-11-24 18:00:54.305359,7,3,101
A000458,2023-12-24 18:00:54.305359,7,3,145
A000458,2024-01-23 18:00:54.305359,7,3,78
A000458,2024-02-22 18:00:54.305359,6,3,108
A000458,2024-03-23 18:00:54.305359,7,3,90
A000458,2024-04-22 18:00:54.305359,8,3,160
A000458,2024-05-22 18:00:54.305359,8,3,72
A000458,2024-06-21 18:00:54.305359,7,4,140
A000458,2024-07-21 18:00:54.305359,8,4,152
A000458,2024-08-20 18:00:54.305359,7,4,107
A000458,2024-09-19 18:00:54.305359,7,4,126
A000458,2024-10-19 18:00:54.305359,9,4,79
A000458,2024-11-18 18:00:54.305359,8,4,67
A000458,2024-12-18 18:00:54.305359,7,4,90
A000458,2025-01-17 18:00:54.305359,9,5,158
A000458,2025-02-16 18:00:54.305359,10,5,109
A000458,2025-03-18 18:00:54.305359,8,5,79
A000458,2025-04-17 18:00:54.305359,8,5,109
A000458,2025-05-17 18:00:54.305359,9,5,81
A000458,2025-06-16 18:00:54.305359,8,5,98
A000458,2025-07-16 18:00:54.305359,8,5,70
A000458,2025-08-15 18:00:54.305359,9,6,166
A000458,2025-10-14 18:00:54.305359,10,6,123
A000458,2025-11-13 18:00:54.305359,9,6,106
A000458,2025-12-13 18:00:54.305359,11,6,114
A000458,2026-01-12 18:00:54.305359,10,6,121
A000458,2026-02-11 18:00:54.305359,11,6,168
A000458,2026-03-13 18:00:54.305359,10,6,132
A000458,2026-04-12 18:00:54.305359,12,7,128
A000458,2026-05-12 18:00:54.305359,9,7,168
A000458,2026-06-11 18:00:54.305359,11,7,90
A000458,2026-07-11 18:00:54.305359,12,7,188
A000459,2026-02-05 21:43:22.396258,2,3,26
A000459,2026-03-07 21:43:22.396258,2,3,18
A000459,2026-04-06 21:43:22.396258,2,3,35
A000459,2026-05-06 21:43:22.396258,2,3,20
A000459,2026-06-05 21:43:22.396258,2,3,36
A000459,2026-07-05 21:43:22.396258,2,3,27
A000460,2025-05-16 00:00:00.000000,3,3,52
A000460,2025-06-15 00:00:00.000000,3,3,40
A000460,2025-07-15 00:00:00.000000,3,3,37
A000460,2025-08-14 00:00:00.000000,3,3,57
A000460,2025-09-13 00:00:00.000000,3,3,52
A000460,2025-10-13 00:00:00.000000,3,3,41
A000460,2025-11-12 00:00:00.000000,3,3,36
A000460,2025-12-12 00:00:00.000000,3,3,56
A000460,2026-01-11 00:00:00.000000,3,3,41
A000460,2026-02-10 00:00:00.000000,3,3,32
A000460,2026-03-12 00:00:00.000000,3,3,31
A000460,2026-04-11 00:00:00.000000,3,3,47
A000460,2026-05-11 00:00:00.000000,3,3,26
A000460,2026-06-10 00:00:00.000000,3,3,28
A000460,2026-07-10 00:00:00.000000,3,3,56
A000461,2025-02-02 00:00:00.000000,2,2,33
A000461,2025-04-03 00:00:00.000000,2,2,40
A000461,2025-05-03 00:00:00.000000,2,2,32
A000461,2025-06-02 00:00:00.000000,2,2,30
A000461,2025-07-02 00:00:00.000000,2,2,33
A000461,2025-08-01 00:00:00.000000,2,2,32
A000461,2025-08-31 00:00:00.000000,2,2,35
A000461,2025-09-30 00:00:00.000000,2,2,33
A000461,2025-10-30 00:00:00.000000,2,2,27
A000461,2025-11-29 00:00:00.000000,2,2,20
A000461,2025-12-29 00:00:00.000000,2,2,34
A000461,2026-01-28 00:00:00.000000,2,2,18
A000461,2026-02-27 00:00:00.000000,2,2,20
A000461,2026-03-29 00:00:00.000000,2,2,40
A000461,2026-05-28 00:00:00.000000,2,2,15
A000461,2026-06-27 00:00:00.000000,2,2,17
A000461,2026-07-27 00:00:00.000000,2,2,26
A000462,2023-06-05 00:00:00.000000,2,3,19
A000462,2023-07-05 00:00:00.000000,2,3,25
A000462,2023-08-04 00:00:00.000000,2,3,18
A000462,2023-10-03 00:00:00.000000,1,2,25
A000462,2023-11-02 00:00:00.000000,1,2,12
A000462,2023-12-02 00:00:00.000000,1,2,14
A000463,2024-07-27 00:00:00.000000,12,3,109
A000463,2024-08-26 00:00:00.000000,10,3,190
A000463,2024-09-25 00:00:00.000000,11,3,132
A000463,2024-10-25 00:00:00.000000,11,3,143
A000463,2024-11-24 00:00:00.000000,10,3,188
A000463,2024-12-24 00:00:00.000000,11,3,164
A000463,2025-01-23 00:00:00.000000,11,3,148
A000463,2025-02-22 00:00:00.000000,11,3,186
A000463,2025-03-24 00:00:00.000000,11,3,96
A000463,2025-04-23 00:00:00.000000,12,3,120
A000463,2025-05-23 00:00:00.000000,10,3,197
A000463,2025-06-22 00:00:00.000000,12,3,169
A000463,2025-07-22 00:00:00.000000,11,3,133
A000463,2025-08-21 00:00:00.000000,11,3,217
A000463,2025-09-20 00:00:00.000000,11,3,101
A000463,2025-10-20 00:00:00.000000,10,3,195
A000463,2025-11-19 00:00:00.000000,10,3,140
A000463,2025-12-19 00:00:00.000000,12,3,193
A000463,2026-01-18 00:00:00.000000,12,3,144
A000463,2026-02-17 00:00:00.000000,10,3,125
A000463,2026-03-19 00:00:00.000000,11,3,220
A000463,2026-05-18 00:00:00.000000,10,3,198
A000463,2026-07-17 00:00:00.000000,12,3,118
A000464,2025-05-05 00:00:00.000000,2,4,22
A000464,2025-06-04 00:00:00.000000,2,4,18
A000464,2025-07-04 00:00:00.000000,2,4,27
A000464,2025-08-03 00:00:00.000000,2,4,31
A000464,2025-09-02 00:00:00.000000,2,4,25
A000464,2025-10-02 00:00:00.000000,2,4,23
A000464,2025-11-01 00:00:00.000000,2,4,36
A000464,2025-12-01 00:00:00.000000,2,4,31
A000464,2025-12-31 00:00:00.000000,2,4,40
A000464,2026-01-30 00:00:00.000000,2,4,17
A000464,2026-03-01 00:00:00.000000,2,4,22
A000464,2026-03-31 00:00:00.000000,2,4,17
A000464,2026-04-30 00:00:00.000000,2,4,34
A000464,2026-05-30 00:00:00.000000,2,4,33
A000464,2026-06-29 00:00:00.000000,2,4,24
A000464,2026-07-29 00:00:00.000000,2,4,27
A000465,2026-08-31 00:00:00.000000,5,3,81
A000466,2023-02-15 00:00:00.000000,5,4,54
A000466,2023-03-17 00:00:00.000000,5,4,74
A000466,2023-04-16 00:00:00.000000,5,4,72
A000466,2023-05-16 00:00:00.000000,5,4,72
A000466,2023-07-15 00:00:00.000000,5,4,63
A000466,2023-08-14 00:00:00.000000,5,4,85
A000466,2023-09-13 00:00:00.000000,5,4,65
A000466,2023-10-13 00:00:00.000000,5,4,62
A000466,2023-11-12 00:00:00.000000,5,4,60
A000466,2023-12-12 00:00:00.000000,5,4,44
A000466,2024-01-11 00:00:00.000000,5,4,54
A000466,2024-02-10 00:00:00.000000,5,4,52
A000466,2024-03-11 00:00:00.000000,5,4,70
A000466,2024-04-10 00:00:00.000000,5,4,85
A000466,2024-05-10 00:00:00.000000,5,4,100
A000466,2024-06-09 00:00:00.000000,5,4,69
A000466,2024-07-09 00:00:00.000000,5,4,71
A000466,2024-08-08 00:00:00.000000,5,4,63
A000466,2024-09-07 00:00:00.000000,5,4,81
A000466,2024-10-07 00:00:00.000000,5,4,90
A000466,2024-11-06 00:00:00.000000,5,4,85
A000466,2024-12-06 00:00:00.000000,5,4,90
A000466,2025-01-05 00:00:00.000000,5,4,63
A000466,2025-02-04 00:00:00.000000,5,4,41
A000466,2025-03-06 00:00:00.000000,5,4,54
A000466,2025-04-05 00:00:00.000000,5,4,44
A000466,2025-05-05 00:00:00.000000,5,4,70
A000466,2025-06-04 00:00:00.000000,5,4,63
A000466,2025-07-04 00:00:00.000000,5,4,90
A000466,2025-08-03 00:00:00.000000,5,4,84
A000466,2025-09-02 00:00:00.000000,5,4,82
A000466,2025-10-02 00:00:00.000000,5,4,60
A000466,2025-11-01 00:00:00.000000,5,4,81
A000466,2025-12-01 00:00:00.000000,5,4,43
A000466,2026-01-30 00:00:00.000000,5,4,43
A000466,2026-03-01 00:00:00.000000,5,4,92
A000466,2026-03-31 00:00:00.000000,5,4,58
A000466,2026-04-30 00:00:00.000000,5,4,45
A000466,2026-05-30 00:00:00.000000,5,4,103
A000466,2026-06-29 00:00:00.000000,5,4,98
A000466,2026-07-29 00:00:00.000000,5,4,81
A000467,2024-09-01 00:00:00.000000,2,2,16
A000467,2024-10-01 00:00:00.000000,2,2,24
A000467,2024-10-31 00:00:00.000000,2,2,40
A000467,2024-11-30 00:00:00.000000,2,3,39
A000467,2024-12-30 00:00:00.000000,3,3,37
A000467,2025-01-29 00:00:00.000000,2,3,31
A000467,2025-02-28 00:00:00.000000,3,3,37
A000467,2025-03-30 00:00:00.000000,3,4,47
A000467,2025-04-29 00:00:00.000000,3,4,48
A000467,2025-05-29 00:00:00.000000,2,4,22
A000467,2025-06-28 00:00:00.000000,3,4,49
A000467,2025-07-28 00:00:00.000000,3,4,48
A000467,2025-08-27 00:00:00.000000,3,5,47
A000467,2025-09-26 00:00:00.000000,3,5,53
A000467,2025-10-26 00:00:00.000000,3,5,56
A000467,2025-11-25 00:00:00.000000,3,5,31
A000467,2025-12-25 00:00:00.000000,3,5,47
A000467,2026-01-24 00:00:00.000000,3,6,51
A000467,2026-02-23 00:00:00.000000,3,6,35
A000467,2026-03-25 00:00:00.000000,4,6,39
A000467,2026-04-24 00:00:00.000000,4,6,70
A000467,2026-05-24 00:00:00.000000,3,7,48
A000467,2026-06-23 00:00:00.000000,4,7,69
A000467,2026-07-23 00:00:00.000000,4,7,70
A000468,2023-03-13 00:00:00.000000,2,3,27
A000468,2023-04-12 00:00:00.000000,2,3,18
A000468,2023-05-12 00:00:00.000000,2,3,38
A000468,2023-06-11 00:00:00.000000,2,3,29
A000468,2023-07-11 00:00:00.000000,2,3,20
A000468,2023-08-10 00:00:00.000000,2,3,39
A000468,2023-10-09 00:00:00.000000,2,3,39
A000468,2023-11-08 00:00:00.000000,2,3,20
A000468,2023-12-08 00:00:00.000000,2,3,34
A000468,2024-01-07 00:00:00.000000,2,3,26
A000468,2024-02-06 00:00:00.000000,2,3,16
A000468,2024-03-07 00:00:00.000000,2,3,25
A000468,2024-04-06 00:00:00.000000,2,3,37
A000468,2024-05-06 00:00:00.000000,2,3,26
A000468,2024-06-05 00:00:00.000000,2,3,19
A000468,2024-07-05 00:00:00.000000,2,3,22
A000468,2024-08-04 00:00:00.000000,2,3,34
A000468,2024-09-03 00:00:00.000000,2,3,19
A000468,2024-10-03 00:00:00.000000,2,3,23
A000468,2024-11-02 00:00:00.000000,2,3,21
A000468,2024-12-02 00:00:00.000000,2,3,23
A000468,2025-01-01 00:00:00.000000,2,3,29
A000468,2025-01-31 00:00:00.000000,2,3,20
A000468,2025-03-02 00:00:00.000000,2,3,26
A000468,2025-04-01 00:00:00.000000,2,3,36
A000468,2025-05-01 00:00:00.000000,2,3,39
A000468,2025-05-31 00:00:00.000000,2,3,33
A000468,2025-06-30 00:00:00.000000,2,3,20
A000468,2025-07-30 00:00:00.000000,2,3,29
A000468,2025-08-29 00:00:00.000000,2,3,30
A000468,2025-09-28 00:00:00.000000,2,3,31
A000468,2025-10-28 00:00:00.000000,2,3,34
A000468,2025-11-27 00:00:00.000000,2,3,32
A000468,2025-12-27 00:00:00.000000,2,3,30
A000468,2026-01-26 00:00:00.000000,2,3,26
A000468,2026-02-25 00:00:00.000000,2,3,31
A000468,2026-03-27 00:00:00.000000,2,3,29
A000468,2026-04-26 00:00:00.000000,2,3,25
A000468,2026-05-26 00:00:00.000000,2,3,19
A000468,2026-06-25 00:00:00.000000,2,3,21
A000468,2026-07-25 00:00:00.000000,2,3,17
A000469,2023-09-03 00:00:00.000000,3,3,21
A000469,2023-10-03 00:00:00.000000,3,3,46
A000469,2023-11-02 00:00:00.000000,3,3,31
A000469,2023-12-02 00:00:00.000000,3,3,51
A000469,2024-01-01 00:00:00.000000,4,4,59
A000469,2024-01-31 00:00:00.000000,3,4,51
A000469,2024-03-01 00:00:00.000000,4,4,70
A000469,2024-03-31 00:00:00.000000,3,4,43
A000469,2024-04-30 00:00:00.000000,4,4,61
A000469,2024-06-29 00:00:00.000000,4,4,39
A000469,2024-07-29 00:00:00.000000,3,5,63
A000469,2024-08-28 00:00:00.000000,3,5,63
A000469,2024-09-27 00:00:00.000000,4,5,51
A000469,2024-10-27 00:00:00.000000,4,5,67
A000469,2024-11-26 00:00:00.000000,4,5,49
A000469,2024-12-26 00:00:00.000000,4,5,41
A000469,2025-01-25 00:00:00.000000,4,5,43
A000469,2025-02-24 00:00:00.000000,5,6,63
A000469,2025-03-26 00:00:00.000000,4,6,37
A000469,2025-04-25 00:00:00.000000,4,6,78
A000469,2025-05-25 00:00:00.000000,5,6,45
A000469,2025-06-24 00:00:00.000000,4,6,58
A000469,2025-07-24 00:00:00.000000,5,6,59
A000469,2025-08-23 00:00:00.000000,4,6,79
A000469,2025-10-22 00:00:00.000000,4,7,66
A000469,2025-11-21 00:00:00.000000,4,7,51
A000469,2025-12-21 00:00:00.000000,4,7,36
A000469,2026-02-19 00:00:00.000000,5,7,42
A000469,2026-03-21 00:00:00.000000,4,7,57
A000469,2026-04-20 00:00:00.000000,5,8,56
A000469,2026-05-20 00:00:00.000000,6,8,48
A000469,2026-06-19 00:00:00.000000,5,8,81
A000469,2026-07-19 00:00:00.000000,5,8,78
A000470,2024-09-10 00:00:00.000000,2,3,24
A000470,2024-10-10 00:00:00.000000,2,3,38
A000470,2024-11-09 00:00:00.000000,2,3,19
A000470,2024-12-09 00:00:00.000000,2,3,34
A000470,2025-01-08 00:00:00.000000,2,3,42
A000470,2025-02-07 00:00:00.000000,2,3,24
A000470,2025-03-09 00:00:00.000000,2,3,34
A000470,2025-04-08 00:00:00.000000,2,3,27
A000470,2025-05-08 00:00:00.000000,2,3,29
A000470,2025-06-07 00:00:00.000000,2,3,30
A000470,2025-07-07 00:00:00.000000,2,3,32
A000470,2025-08-06 00:00:00.000000,2,3,23
A000470,2025-09-05 00:00:00.000000,2,3,34
A000470,2025-10-05 00:00:00.000000,2,3,22
A000470,2025-11-04 00:00:00.000000,2,3,18
A000470,2025-12-04 00:00:00.000000,2,3,25
A000470,2026-01-03 00:00:00.000000,2,3,31
A000470,2026-02-02 00:00:00.000000,2,3,22
A000470,2026-03-04 00:00:00.000000,2,3,31
A000470,2026-04-03 00:00:00.000000,2,3,19
A000470,2026-05-03 00:00:00.000000,2,3,30
A000470,2026-06-02 00:00:00.000000,2,3,33
A000470,2026-07-02 00:00:00.000000,2,3,18
A000470,2026-08-01 00:00:00.000000,2,3,33
A000471,2023-10-18 00:00:00.000000,8,2,77
A000471,2023-11-17 00:00:00.000000,8,2,99
A000471,2023-12-17 00:00:00.000000,9,2,94
A000471,2024-01-16 00:00:00.000000,9,2,114
A000471,2024-02-15 00:00:00.000000,9,3,81
A000471,2024-03-16 00:00:00.000000,11,3,209
A000471,2024-04-15 00:00:00.000000,9,3,93
A000471,2024-05-15 00:00:00.000000,11,3,98
A000471,2024-06-14 00:00:00.000000,12,3,98
A000471,2024-07-14 00:00:00.000000,11,3,142
A000471,2024-08-13 00:00:00.000000,11,4,185
A000471,2024-09-12 00:00:00.000000,10,4,151
A000471,2024-10-12 00:00:00.000000,13,4,210
A000471,2024-11-11 00:00:00.000000,11,4,116
A000471,2024-12-11 00:00:00.000000,13,4,158
A000471,2025-01-10 00:00:00.000000,13,4,111
A000471,2025-02-09 00:00:00.000000,11,4,148
A000471,2025-03-11 00:00:00.000000,11,5,201
A000471,2025-04-10 00:00:00.000000,11,5,219
A000471,2025-05-10 00:00:00.000000,12,5,227
A000471,2025-06-09 00:00:00.000000,12,5,160
A000471,2025-07-09 00:00:00.000000,12,5,106
A000471,2025-08-08 00:00:00.000000,14,5,250
A000471,2025-09-07 00:00:00.000000,15,5,294
A000471,2025-10-07 00:00:00.000000,16,6,154
A000471,2025-11-06 00:00:00.000000,15,6,205
A000471,2025-12-06 00:00:00.000000,13,6,226
A000471,2026-01-05 00:00:00.000000,15,6,242
A000471,2026-02-04 00:00:00.000000,13,6,122
A000471,2026-03-06 00:00:00.000000,15,6,123
A000471,2026-04-05 00:00:00.000000,14,7,254
A000471,2026-05-05 00:00:00.000000,16,7,259
A000471,2026-06-04 00:00:00.000000,14,7,180
A000471,2026-07-04 00:00:00.000000,18,7,151
A000472,2024-06-22 00:00:00.000000,2,3,19
A000472,2024-07-22 00:00:00.000000,2,3,19
A000472,2024-08-21 00:00:00.000000,2,3,37
A000472,2024-09-20 00:00:00.000000,2,3,30
A000472,2024-10-20 00:00:00.000000,2,3,24
A000472,2024-11-19 00:00:00.000000,2,3,21
A000472,2024-12-19 00:00:00.000000,2,3,18
A000472,2025-01-18 00:00:00.000000,2,3,26
A000472,2025-02-17 00:00:00.000000,2,3,37
A000472,2025-03-19 00:00:00.000000,2,3,15
A000472,2025-04-18 00:00:00.000000,2,3,30
A000472,2025-05-18 00:00:00.000000,2,3,42
A000472,2025-06-17 00:00:00.000000,2,3,31
A000472,2025-07-17 00:00:00.000000,2,3,33
A000472,2025-08-16 00:00:00.000000,2,3,19
A000472,2025-09-15 00:00:00.000000,2,3,20
A000472,2025-10-15 00:00:00.000000,2,3,33
A000472,2025-11-14 00:00:00.000000,2,3,38
A000472,2025-12-14 00:00:00.000000,2,3,35
A000472,2026-01-13 00:00:00.000000,2,3,21
A000472,2026-02-12 00:00:00.000000,2,3,17
A000472,2026-03-14 00:00:00.000000,2,3,28
A000472,2026-04-13 00:00:00.000000,2,3,20
A000472,2026-05-13 00:00:00.000000,2,3,34
A000472,2026-06-12 00:00:00.000000,2,3,18
A000472,2026-07-12 00:00:00.000000,2,3,28
